elf_va,ghidra_va,name,body_bytes,is_thunk,calling_function_count,called_function_count
"0x0001e3a4","0002e3a4","_init",48,false,0,3
"0x0001e3d4","0002e3d4","FUN_0002e3d4",12,false,0,0
"0x0001e3e4","0002e3e4","getpagesize",6,true,1,1
"0x0001e3f4","0002e3f4","fputs",6,true,2,1
"0x0001e404","0002e404","abort",6,true,24,1
"0x0001e414","0002e414","__errno_location",6,true,4,1
"0x0001e424","0002e424","open",6,true,1,1
"0x0001e434","0002e434","mmap",6,true,1,1
"0x0001e444","0002e444","ffs",6,true,3,1
"0x0001e454","0002e454","drmBOUnmap",6,true,2,1
"0x0001e464","0002e464","strerror",6,true,4,1
"0x0001e474","0002e474","XML_ParserCreate",6,true,2,1
"0x0001e484","0002e484","bsearch",6,true,2,1
"0x0001e494","0002e494","drmFenceSignaled",6,true,1,1
"0x0001e4a4","0002e4a4","__fprintf_chk",6,true,20,1
"0x0001e4b4","0002e4b4","__gmon_start__",6,true,1,1
"0x0001e4c4","0002e4c4","sched_yield",6,true,2,1
"0x0001e4d4","0002e4d4","__printf_chk",6,true,2,1
"0x0001e4e4","0002e4e4","strtod",6,true,1,1
"0x0001e4f4","0002e4f4","strchr",6,true,2,1
"0x0001e504","0002e504","getenv",6,true,6,1
"0x0001e514","0002e514","calloc",6,true,8,1
"0x0001e524","0002e524","strncpy",6,true,2,1
"0x0001e534","0002e534","putchar",6,true,1,1
"0x0001e544","0002e544","pow",6,true,2,1
"0x0001e554","0002e554","dlclose",6,true,1,1
"0x0001e564","0002e564","drmFreeVersion",6,true,1,1
"0x0001e574","0002e574","XML_GetErrorCode",6,true,2,1
"0x0001e584","0002e584","XML_SetUserData",6,true,2,1
"0x0001e594","0002e594","memset",6,true,20,1
"0x0001e5a4","0002e5a4","__memcpy_chk",6,true,1,1
"0x0001e5b4","0002e5b4","drmBOMap",6,true,2,1
"0x0001e5c4","0002e5c4","_glapi_get_dispatch_table_size",6,true,1,1
"0x0001e5e4","0002e5e4","__assert_fail",6,true,402,1
"0x0001e5f4","0002e5f4","__vsnprintf_chk",6,true,6,1
"0x0001e604","0002e604","XML_GetCurrentColumnNumber",6,true,4,1
"0x0001e614","0002e614","read",6,true,1,1
"0x0001e624","0002e624","usleep",6,true,1,1
"0x0001e634","0002e634","strtol",6,true,1,1
"0x0001e644","0002e644","free",6,true,37,1
"0x0001e654","0002e654","drmUnlock",6,true,3,1
"0x0001e664","0002e664","dlsym",6,true,2,1
"0x0001e674","0002e674","__vfprintf_chk",6,true,1,1
"0x0001e684","0002e684","drmBOUnreference",6,true,4,1
"0x0001e694","0002e694","pthread_mutex_unlock",6,true,85,1
"0x0001e6a4","0002e6a4","drmBOWaitIdle",6,true,1,1
"0x0001e6b4","0002e6b4","__vsprintf_chk",6,true,2,1
"0x0001e6c4","0002e6c4","fclose",6,true,1,1
"0x0001e6d4","0002e6d4","_setjmp",6,true,2,1
"0x0001e6e4","0002e6e4","XML_ParseBuffer",6,true,1,1
"0x0001e6f4","0002e6f4","_glapi_get_dispatch",6,true,388,1
"0x0001e704","0002e704","memcpy",6,true,45,1
"0x0001e714","0002e714","fopen",6,true,1,1
"0x0001e724","0002e724","pthread_mutex_destroy",6,true,4,1
"0x0001e734","0002e734","drmCloseOnce",6,true,1,1
"0x0001e744","0002e744","strcpy",6,true,1,1
"0x0001e754","0002e754","dlopen",6,true,1,1
"0x0001e764","0002e764","longjmp",6,true,2,1
"0x0001e774","0002e774","XML_GetCurrentLineNumber",6,true,4,1
"0x0001e784","0002e784","pthread_mutex_init",6,true,9,1
"0x0001e794","0002e794","drmCommandWriteRead",6,true,1,1
"0x0001e7a4","0002e7a4","drmFenceWait",6,true,1,1
"0x0001e7b4","0002e7b4","close",6,true,1,1
"0x0001e7c4","0002e7c4","fwrite",6,true,9,1
"0x0001e7d4","0002e7d4","_glapi_get_context",6,true,892,1
"0x0001e7e4","0002e7e4","strstr",6,true,2,1
"0x0001e7f4","0002e7f4","strncat",6,true,1,1
"0x0001e804","0002e804","malloc",6,true,23,1
"0x0001e814","0002e814","drmBOSetStatus",6,true,1,1
"0x0001e824","0002e824","pthread_mutex_lock",6,true,84,1
"0x0001e834","0002e834","_glapi_add_dispatch",6,true,1,1
"0x0001e844","0002e844","XML_ErrorString",6,true,2,1
"0x0001e854","0002e854","__stack_chk_fail",6,true,1,1
"0x0001e864","0002e864","fputc",6,true,1,1
"0x0001e874","0002e874","memmove",6,true,5,1
"0x0001e884","0002e884","XML_ParserFree",6,true,2,1
"0x0001e894","0002e894","drmFenceUnreference",6,true,1,1
"0x0001e8a4","0002e8a4","drmBOReference",6,true,1,1
"0x0001e8b4","0002e8b4","XML_SetElementHandler",6,true,2,1
"0x0001e8d4","0002e8d4","drmGetVersion",6,true,1,1
"0x0001e8e4","0002e8e4","_glapi_set_warning_func",6,true,1,1
"0x0001e8f4","0002e8f4","XML_Parse",6,true,1,1
"0x0001e904","0002e904","_glapi_set_context",6,true,1,1
"0x0001e914","0002e914","XML_GetBuffer",6,true,1,1
"0x0001e924","0002e924","strspn",6,true,1,1
"0x0001e934","0002e934","_glapi_noop_enable_warnings",6,true,1,1
"0x0001e944","0002e944","__sprintf_chk",6,true,6,1
"0x0001e954","0002e954","strncmp",6,true,1,1
"0x0001e964","0002e964","drmBOCreate",6,true,2,1
"0x0001e974","0002e974","posix_memalign",6,true,1,1
"0x0001e984","0002e984","drmUnmap",6,true,1,1
"0x0001e994","0002e994","strcmp",6,true,9,1
"0x0001e9a4","0002e9a4","__cxa_finalize",6,true,1,1
"0x0001e9b4","0002e9b4","drmGetLock",6,true,3,1
"0x0001e9c4","0002e9c4","exit",6,true,2,1
"0x0001e9d4","0002e9d4","drmWaitVBlank",6,true,3,1
"0x0001e9e4","0002e9e4","drmCommandWrite",6,true,1,1
"0x0001e9f4","0002e9f4","_glapi_set_dispatch",6,true,6,1
"0x0001ea20","0002ea20","entry",128,false,1,2
"0x0001eaa0","0002eaa0","FUN_0002eaa0",55,false,1,2
"0x0001ead7","0002ead7","__i686.get_pc_thunk.bx",4,false,3744,0
"0x0001eae0","0002eae0","FUN_0002eae0",154,false,0,0
"0x0001eb7a","0002eb7a","FUN_0002eb7a",163,false,2,1
"0x0001ec1d","0002ec1d","FUN_0002ec1d",74,false,0,2
"0x0001ec67","0002ec67","FUN_0002ec67",65,false,0,2
"0x0001eca8","0002eca8","FUN_0002eca8",185,false,0,3
"0x0001ed61","0002ed61","FUN_0002ed61",403,false,1,2
"0x0001eef4","0002eef4","FUN_0002eef4",84,false,1,1
"0x0001ef48","0002ef48","FUN_0002ef48",1033,false,1,4
"0x0001f351","0002f351","FUN_0002f351",356,false,1,4
"0x0001f4b5","0002f4b5","FUN_0002f4b5",165,false,4,4
"0x0001f55a","0002f55a","FUN_0002f55a",369,false,1,3
"0x0001f6cb","0002f6cb","FUN_0002f6cb",127,false,0,2
"0x0001f750","0002f750","FUN_0002f750",33,false,0,0
"0x0001f771","0002f771","FUN_0002f771",225,false,0,0
"0x0001f852","0002f852","FUN_0002f852",35,false,1,1
"0x0001f875","0002f875","FUN_0002f875",53,false,1,0
"0x0001f8aa","0002f8aa","FUN_0002f8aa",648,false,0,0
"0x0001fb32","0002fb32","FUN_0002fb32",266,false,0,1
"0x0001fc3c","0002fc3c","FUN_0002fc3c",178,false,0,1
"0x0001fcee","0002fcee","FUN_0002fcee",683,false,0,2
"0x0001ff99","0002ff99","FUN_0002ff99",794,false,0,1
"0x000202b3","000302b3","FUN_000302b3",271,false,0,5
"0x000203c2","000303c2","FUN_000303c2",151,false,3,3
"0x00020459","00030459","FUN_00030459",134,false,0,4
"0x000204df","000304df","FUN_000304df",167,false,2,2
"0x00020586","00030586","FUN_00030586",774,false,0,6
"0x0002088c","0003088c","FUN_0003088c",303,false,1,8
"0x000209bb","000309bb","FUN_000309bb",376,false,0,1
"0x00020b33","00030b33","__i686.get_pc_thunk.cx",4,false,58,0
"0x00020b40","00030b40","FUN_00030b40",16,false,1,0
"0x00020b50","00030b50","FUN_00030b50",49,false,2,0
"0x00020b81","00030b81","FUN_00030b81",15,false,2,0
"0x00020b90","00030b90","FUN_00030b90",508,false,0,5
"0x00020d8c","00030d8c","FUN_00030d8c",155,false,0,3
"0x00020e27","00030e27","FUN_00030e27",150,false,3,3
"0x00020ebd","00030ebd","FUN_00030ebd",58,false,0,1
"0x00020ef7","00030ef7","FUN_00030ef7",98,false,1,2
"0x00020f59","00030f59","FUN_00030f59",88,false,1,3
"0x00020fb1","00030fb1","FUN_00030fb1",271,false,0,2
"0x000210c0","000310c0","FUN_000310c0",116,false,0,3
"0x00021140","00031140","FUN_00031140",145,false,0,0
"0x000211d1","000311d1","FUN_000311d1",91,false,0,0
"0x0002122c","0003122c","FUN_0003122c",76,false,2,0
"0x00021278","00031278","FUN_00031278",31,false,0,0
"0x00021297","00031297","FUN_00031297",120,false,0,0
"0x0002130f","0003130f","FUN_0003130f",110,false,0,1
"0x0002137d","0003137d","FUN_0003137d",14,false,0,0
"0x0002138b","0003138b","FUN_0003138b",11,false,0,0
"0x00021396","00031396","FUN_00031396",10,false,0,0
"0x000213a0","000313a0","FUN_000313a0",11,false,0,0
"0x000213ab","000313ab","FUN_000313ab",10,false,0,0
"0x000213b5","000313b5","FUN_000313b5",161,false,2,1
"0x00021456","00031456","FUN_00031456",147,false,0,1
"0x000214e9","000314e9","FUN_000314e9",193,false,1,3
"0x000215aa","000315aa","FUN_000315aa",56,false,0,1
"0x000215e2","000315e2","FUN_000315e2",260,false,1,3
"0x000216e6","000316e6","FUN_000316e6",113,false,0,3
"0x00021757","00031757","FUN_00031757",57,false,0,2
"0x00021790","00031790","FUN_00031790",182,false,0,4
"0x00021846","00031846","FUN_00031846",101,false,0,2
"0x000218ab","000318ab","FUN_000318ab",335,false,2,2
"0x000219fa","000319fa","FUN_000319fa",368,false,0,1
"0x00021b6a","00031b6a","FUN_00031b6a",287,false,2,1
"0x00021c89","00031c89","FUN_00031c89",389,false,0,6
"0x00021e0e","00031e0e","FUN_00031e0e",383,false,0,5
"0x00021f8d","00031f8d","FUN_00031f8d",117,false,0,4
"0x00022002","00032002","FUN_00032002",136,false,2,5
"0x00022090","00032090","FUN_00032090",342,false,1,2
"0x000221e6","000321e6","FUN_000321e6",243,false,1,2
"0x000222d9","000322d9","FUN_000322d9",290,false,6,3
"0x000223fb","000323fb","FUN_000323fb",154,false,0,3
"0x00022495","00032495","FUN_00032495",159,false,2,3
"0x00022534","00032534","FUN_00032534",155,false,1,3
"0x000225cf","000325cf","FUN_000325cf",55,false,1,1
"0x00022606","00032606","FUN_00032606",46,false,0,2
"0x00022634","00032634","FUN_00032634",42,false,1,2
"0x0002265e","0003265e","FUN_0003265e",136,false,0,3
"0x000226e6","000326e6","FUN_000326e6",846,false,1,23
"0x00022a34","00032a34","FUN_00032a34",97,false,4,2
"0x00022a95","00032a95","FUN_00032a95",157,false,0,2
"0x00022b32","00032b32","FUN_00032b32",156,false,0,3
"0x00022bce","00032bce","FUN_00032bce",639,false,2,5
"0x00022e4d","00032e4d","FUN_00032e4d",2105,false,0,10
"0x00023686","00033686","FUN_00033686",538,false,1,13
"0x000238a0","000338a0","FUN_000338a0",5056,false,0,15
"0x00024c60","00034c60","FUN_00034c60",31,false,0,0
"0x00024c7f","00034c7f","FUN_00034c7f",256,false,0,0
"0x00024d7f","00034d7f","FUN_00034d7f",212,false,3,2
"0x00024e53","00034e53","FUN_00034e53",635,false,0,4
"0x000250ce","000350ce","FUN_000350ce",35,false,0,2
"0x000250f4","000350f4","FUN_000350f4",5,false,4,0
"0x000250f9","000350f9","FUN_000350f9",91,false,1,1
"0x00025154","00035154","FUN_00035154",83,false,1,3
"0x000251a7","000351a7","FUN_000351a7",26,false,0,1
"0x000251c1","000351c1","FUN_000351c1",110,false,0,4
"0x0002522f","0003522f","FUN_0003522f",58,false,0,3
"0x00025269","00035269","FUN_00035269",43,false,0,3
"0x00025294","00035294","FUN_00035294",88,false,0,3
"0x000252f0","000352f0","FUN_000352f0",52,false,1,0
"0x00025324","00035324","FUN_00035324",15,false,1,0
"0x00025333","00035333","FUN_00035333",154,false,2,3
"0x000253cd","000353cd","FUN_000353cd",36,false,1,1
"0x000253f1","000353f1","FUN_000353f1",55,false,1,2
"0x00025428","00035428","FUN_00035428",41,false,1,2
"0x00025451","00035451","FUN_00035451",296,false,2,7
"0x00025579","00035579","FUN_00035579",84,false,0,3
"0x000255cd","000355cd","FUN_000355cd",168,false,1,6
"0x00025680","00035680","FUN_00035680",179,false,1,4
"0x00025733","00035733","FUN_00035733",105,false,1,3
"0x0002579c","0003579c","FUN_0003579c",101,false,3,4
"0x00025801","00035801","FUN_00035801",364,false,1,6
"0x00025970","00035970","FUN_00035970",2754,false,1,6
"0x00026434","00036434","FUN_00036434",131,false,1,3
"0x000264b7","000364b7","FUN_000364b7",448,false,1,4
"0x00026678","00036678","FUN_00036678",197,false,1,3
"0x0002673d","0003673d","FUN_0003673d",165,false,0,7
"0x000267e2","000367e2","FUN_000367e2",180,false,0,3
"0x00026896","00036896","FUN_00036896",377,false,1,6
"0x00026a0f","00036a0f","FUN_00036a0f",146,false,0,4
"0x00026aa1","00036aa1","FUN_00036aa1",187,false,0,3
"0x00026b5c","00036b5c","FUN_00036b5c",323,false,1,5
"0x00026c9f","00036c9f","FUN_00036c9f",286,false,0,4
"0x00026dbd","00036dbd","FUN_00036dbd",546,false,0,10
"0x00026fdf","00036fdf","FUN_00036fdf",114,false,0,5
"0x00027060","00037060","FUN_00037060",1591,false,1,13
"0x000276a0","000376a0","FUN_000376a0",5,false,2,0
"0x000276a5","000376a5","FUN_000376a5",144,false,1,0
"0x00027735","00037735","FUN_00037735",256,false,1,8
"0x00027835","00037835","FUN_00037835",91,false,1,2
"0x00027890","00037890","FUN_00037890",91,false,3,2
"0x000278eb","000378eb","FUN_000378eb",96,false,1,4
"0x0002794b","0003794b","FUN_0003794b",211,false,3,3
"0x00027a1e","00037a1e","FUN_00037a1e",1002,false,1,6
"0x00027e08","00037e08","FUN_00037e08",47,false,0,0
"0x00027e37","00037e37","FUN_00037e37",123,false,0,0
"0x00027eb2","00037eb2","FUN_00037eb2",81,false,1,0
"0x00027f03","00037f03","FUN_00037f03",157,false,10,2
"0x00027fa0","00037fa0","FUN_00037fa0",769,false,1,9
"0x000282b0","000382b0","FUN_000382b0",81,false,1,2
"0x00028301","00038301","FUN_00038301",212,false,3,4
"0x000283d8","000383d8","FUN_000383d8",385,false,1,5
"0x00028559","00038559","FUN_00038559",193,false,1,4
"0x00028620","00038620","FUN_00038620",113,false,1,2
"0x00028691","00038691","FUN_00038691",60,false,1,2
"0x000286cd","000386cd","FUN_000386cd",69,false,1,2
"0x00028712","00038712","FUN_00038712",133,false,1,2
"0x00028797","00038797","FUN_00038797",104,false,1,2
"0x000287ff","000387ff","FUN_000387ff",2048,false,2,12
"0x00028fff","00038fff","FUN_00038fff",594,false,3,4
"0x00029251","00039251","FUN_00039251",308,false,1,3
"0x00029385","00039385","FUN_00039385",2556,false,1,12
"0x00029d84","00039d84","FUN_00039d84",85,false,1,2
"0x00029dd9","00039dd9","FUN_00039dd9",349,false,2,4
"0x00029f38","00039f38","FUN_00039f38",133,false,1,0
"0x00029fbd","00039fbd","FUN_00039fbd",825,false,1,8
"0x0002a2f6","0003a2f6","FUN_0003a2f6",151,false,1,1
"0x0002a390","0003a390","FUN_0003a390",10,false,0,0
"0x0002a39a","0003a39a","FUN_0003a39a",481,false,1,14
"0x0002a57b","0003a57b","FUN_0003a57b",536,false,1,7
"0x0002a794","0003a794","FUN_0003a794",975,false,1,9
"0x0002ab70","0003ab70","FUN_0003ab70",1488,false,1,4
"0x0002b140","0003b140","FUN_0003b140",280,false,1,4
"0x0002b258","0003b258","FUN_0003b258",313,false,1,4
"0x0002b394","0003b394","FUN_0003b394",64,false,0,2
"0x0002b3d4","0003b3d4","FUN_0003b3d4",267,false,1,3
"0x0002b4e0","0003b4e0","FUN_0003b4e0",148,false,0,2
"0x0002b574","0003b574","FUN_0003b574",115,false,1,2
"0x0002b5e7","0003b5e7","FUN_0003b5e7",107,false,1,2
"0x0002b652","0003b652","FUN_0003b652",1165,false,0,4
"0x0002bae0","0003bae0","FUN_0003bae0",246,false,0,3
"0x0002bbe0","0003bbe0","FUN_0003bbe0",39,false,1,0
"0x0002bc07","0003bc07","FUN_0003bc07",226,false,0,3
"0x0002bce9","0003bce9","FUN_0003bce9",150,false,1,2
"0x0002bd7f","0003bd7f","FUN_0003bd7f",218,false,1,2
"0x0002be59","0003be59","FUN_0003be59",390,false,0,3
"0x0002bfdf","0003bfdf","FUN_0003bfdf",1576,false,0,6
"0x0002c610","0003c610","FUN_0003c610",578,false,0,3
"0x0002c852","0003c852","FUN_0003c852",943,false,0,5
"0x0002cc10","0003cc10","FUN_0003cc10",147,false,0,2
"0x0002cca3","0003cca3","FUN_0003cca3",882,false,0,2
"0x0002d015","0003d015","FUN_0003d015",270,false,0,2
"0x0002d124","0003d124","FUN_0003d124",131,false,0,2
"0x0002d1a8","0003d1a8","FUN_0003d1a8",211,false,0,2
"0x0002d280","0003d280","FUN_0003d280",121,false,1,0
"0x0002d2f9","0003d2f9","FUN_0003d2f9",1603,false,0,5
"0x0002d940","0003d940","FUN_0003d940",365,false,0,3
"0x0002daad","0003daad","FUN_0003daad",3198,false,0,5
"0x0002e72c","0003e72c","FUN_0003e72c",198,false,1,4
"0x0002e7f2","0003e7f2","FUN_0003e7f2",114,false,1,3
"0x0002e864","0003e864","FUN_0003e864",1215,false,1,11
"0x0002ed23","0003ed23","FUN_0003ed23",54,false,1,2
"0x0002ed5c","0003ed5c","FUN_0003ed5c",214,false,0,3
"0x0002ee34","0003ee34","FUN_0003ee34",526,false,3,4
"0x0002f042","0003f042","FUN_0003f042",113,false,1,1
"0x0002f0b3","0003f0b3","FUN_0003f0b3",612,false,1,1
"0x0002f317","0003f317","FUN_0003f317",454,false,1,3
"0x0002f4e0","0003f4e0","FUN_0003f4e0",5,false,0,0
"0x0002f4e5","0003f4e5","FUN_0003f4e5",41,false,5,0
"0x0002f50e","0003f50e","FUN_0003f50e",183,false,2,1
"0x0002f5c5","0003f5c5","FUN_0003f5c5",207,false,2,1
"0x0002f694","0003f694","FUN_0003f694",139,false,3,1
"0x0002f71f","0003f71f","FUN_0003f71f",178,false,2,1
"0x0002f7d1","0003f7d1","FUN_0003f7d1",192,false,1,1
"0x0002f891","0003f891","FUN_0003f891",213,false,1,1
"0x0002f966","0003f966","FUN_0003f966",34,false,1,0
"0x0002f988","0003f988","FUN_0003f988",212,false,1,1
"0x0002fa5c","0003fa5c","FUN_0003fa5c",71,false,1,0
"0x0002faa3","0003faa3","FUN_0003faa3",26,false,1,0
"0x0002fabd","0003fabd","FUN_0003fabd",105,false,30,2
"0x0002fb26","0003fb26","FUN_0003fb26",31,false,1,2
"0x0002fb45","0003fb45","FUN_0003fb45",80,false,3,2
"0x0002fb95","0003fb95","FUN_0003fb95",108,false,1,2
"0x0002fc01","0003fc01","FUN_0003fc01",38,false,0,2
"0x0002fc27","0003fc27","FUN_0003fc27",136,false,1,2
"0x0002fcaf","0003fcaf","FUN_0003fcaf",115,false,0,2
"0x0002fd22","0003fd22","FUN_0003fd22",126,false,1,2
"0x0002fda0","0003fda0","FUN_0003fda0",148,false,4,2
"0x0002fe34","0003fe34","FUN_0003fe34",207,false,2,2
"0x0002ff03","0003ff03","FUN_0003ff03",39,false,2,1
"0x0002ff2a","0003ff2a","FUN_0003ff2a",102,false,1,2
"0x0002ff90","0003ff90","FUN_0003ff90",102,false,2,2
"0x0002fff6","0003fff6","FUN_0003fff6",181,false,0,2
"0x000300ab","000400ab","FUN_000400ab",81,false,1,2
"0x000300fc","000400fc","FUN_000400fc",81,false,1,2
"0x0003014d","0004014d","FUN_0004014d",81,false,1,2
"0x0003019e","0004019e","FUN_0004019e",123,false,2,2
"0x00030219","00040219","FUN_00040219",123,false,1,2
"0x00030294","00040294","FUN_00040294",148,false,2,2
"0x00030328","00040328","FUN_00040328",148,false,2,2
"0x000303bc","000403bc","FUN_000403bc",40,false,3,1
"0x000303e4","000403e4","FUN_000403e4",27,false,1,1
"0x000303ff","000403ff","FUN_000403ff",35,false,1,1
"0x00030422","00040422","FUN_00040422",68,false,1,1
"0x00030466","00040466","FUN_00040466",115,false,5,2
"0x000304d9","000404d9","FUN_000404d9",112,false,3,2
"0x00030549","00040549","FUN_00040549",88,false,4,2
"0x000305a1","000405a1","FUN_000405a1",131,false,2,2
"0x00030624","00040624","FUN_00040624",115,false,4,2
"0x00030697","00040697","FUN_00040697",506,false,0,7
"0x00030891","00040891","FUN_00040891",376,false,0,6
"0x00030a09","00040a09","FUN_00040a09",365,false,3,5
"0x00030b76","00040b76","FUN_00040b76",315,false,0,7
"0x00030cb1","00040cb1","FUN_00040cb1",100,false,2,2
"0x00030d15","00040d15","FUN_00040d15",269,false,1,3
"0x00030e22","00040e22","FUN_00040e22",303,false,3,5
"0x00030f51","00040f51","FUN_00040f51",102,false,0,3
"0x00030fb7","00040fb7","FUN_00040fb7",70,false,7,2
"0x00030ffd","00040ffd","FUN_00040ffd",215,false,7,3
"0x000310e0","000410e0","FUN_000410e0",101,false,2,0
"0x00031145","00041145","FUN_00041145",113,false,1,2
"0x000311b6","000411b6","FUN_000411b6",234,false,3,2
"0x000312a0","000412a0","FUN_000412a0",106,false,1,3
"0x0003130a","0004130a","FUN_0004130a",119,false,1,3
"0x00031381","00041381","FUN_00041381",7545,false,2,12
"0x00033100","00043100","FUN_00043100",220,false,1,0
"0x000331dc","000431dc","FUN_000431dc",123,false,2,2
"0x00033257","00043257","FUN_00043257",569,false,2,3
"0x00033490","00043490","FUN_00043490",1862,false,1,9
"0x00033bd6","00043bd6","FUN_00043bd6",993,false,1,3
"0x00033fc0","00043fc0","FUN_00043fc0",199,false,1,1
"0x00034087","00044087","FUN_00044087",299,false,1,0
"0x000341b2","000441b2","FUN_000441b2",148,false,0,4
"0x00034246","00044246","FUN_00044246",35,false,1,2
"0x00034269","00044269","FUN_00044269",244,false,1,2
"0x0003435d","0004435d","FUN_0004435d",193,false,1,2
"0x0003441e","0004441e","FUN_0004441e",501,false,1,6
"0x00034613","00044613","FUN_00044613",307,false,1,3
"0x00034746","00044746","FUN_00044746",339,false,1,8
"0x000348a0","000448a0","FUN_000448a0",5,false,0,0
"0x000348a5","000448a5","FUN_000448a5",1087,false,2,2
"0x00034ce4","00044ce4","FUN_00044ce4",857,false,1,6
"0x0003503d","0004503d","FUN_0004503d",1511,false,1,6
"0x00035624","00045624","FUN_00045624",41,false,1,2
"0x0003564d","0004564d","FUN_0004564d",107,false,1,2
"0x000356b8","000456b8","FUN_000456b8",5,false,0,0
"0x000356c0","000456c0","FUN_000456c0",97,false,4,0
"0x00035721","00045721","FUN_00045721",58,false,4,0
"0x0003575b","0004575b","FUN_0004575b",19,false,1,0
"0x0003576e","0004576e","FUN_0004576e",179,false,1,0
"0x00035821","00045821","FUN_00045821",218,false,1,0
"0x000358fb","000458fb","FUN_000458fb",208,false,1,0
"0x000359cb","000459cb","FUN_000459cb",182,false,1,0
"0x00035a81","00045a81","FUN_00045a81",184,false,1,0
"0x00035b39","00045b39","FUN_00045b39",210,false,1,0
"0x00035c0b","00045c0b","FUN_00045c0b",208,false,1,0
"0x00035cdb","00045cdb","FUN_00045cdb",241,false,2,0
"0x00035dcc","00045dcc","FUN_00045dcc",253,false,2,0
"0x00035ec9","00045ec9","FUN_00045ec9",104,false,3,1
"0x00035f31","00045f31","FUN_00045f31",209,false,1,5
"0x00036002","00046002","FUN_00046002",100,false,2,2
"0x00036066","00046066","FUN_00046066",693,false,2,5
"0x0003631b","0004631b","FUN_0004631b",116,false,2,2
"0x0003638f","0004638f","FUN_0004638f",248,false,1,6
"0x00036487","00046487","FUN_00046487",102,false,1,2
"0x000364ed","000464ed","FUN_000464ed",2590,false,1,19
"0x00036f0c","00046f0c","FUN_00046f0c",38,false,1,0
"0x00036f32","00046f32","FUN_00046f32",421,false,1,3
"0x000370d8","000470d8","FUN_000470d8",280,false,1,3
"0x000371f0","000471f0","FUN_000471f0",428,false,1,16
"0x0003739c","0004739c","FUN_0004739c",35,false,0,2
"0x000373c0","000473c0","FUN_000473c0",73,false,1,0
"0x00037409","00047409","FUN_00047409",217,false,3,4
"0x000374f0","000474f0","FUN_000474f0",5,false,0,0
"0x000374f5","000474f5","FUN_000474f5",63,false,1,2
"0x00037534","00047534","FUN_00047534",237,false,3,5
"0x00037621","00047621","FUN_00047621",282,false,1,5
"0x0003773b","0004773b","FUN_0004773b",281,false,1,5
"0x00037854","00047854","FUN_00047854",551,false,18,5
"0x00037a7b","00047a7b","FUN_00047a7b",149,false,1,4
"0x00037b10","00047b10","FUN_00047b10",65,false,1,4
"0x00037b51","00047b51","FUN_00047b51",1607,false,3,14
"0x000381a0","000481a0","FUN_000481a0",270,false,5,0
"0x000382b0","000482b0","FUN_000482b0",15,false,1,0
"0x000382bf","000482bf","FUN_000482bf",15,false,0,0
"0x000382ce","000482ce","FUN_000482ce",189,false,1,2
"0x0003838b","0004838b","FUN_0004838b",288,false,1,2
"0x000384ab","000484ab","FUN_000484ab",181,false,28,2
"0x00038560","00048560","FUN_00048560",79,false,0,2
"0x000385af","000485af","FUN_000485af",62,false,2,3
"0x000385ed","000485ed","FUN_000485ed",114,false,2,3
"0x0003865f","0004865f","FUN_0004865f",259,false,2,4
"0x00038762","00048762","FUN_00048762",825,false,28,7
"0x00038a9b","00048a9b","FUN_00048a9b",193,false,1,4
"0x00038b5c","00048b5c","FUN_00048b5c",555,false,0,4
"0x00038d87","00048d87","FUN_00048d87",1112,false,0,4
"0x000391e0","000491e0","FUN_000491e0",203,false,1,3
"0x000392ab","000492ab","FUN_000492ab",1209,false,2,10
"0x00039770","00049770","FUN_00049770",54,false,0,0
"0x000397a6","000497a6","FUN_000497a6",10,false,0,0
"0x000397b0","000497b0","FUN_000497b0",49,false,0,0
"0x000397e1","000497e1","FUN_000497e1",167,false,1,2
"0x00039888","00049888","FUN_00049888",52,false,0,2
"0x000398bc","000498bc","FUN_000498bc",215,false,0,4
"0x00039993","00049993","FUN_00049993",68,false,0,3
"0x000399d7","000499d7","FUN_000499d7",237,false,0,5
"0x00039ac4","00049ac4","FUN_00049ac4",406,false,2,9
"0x00039c5c","00049c5c","FUN_00049c5c",570,false,2,11
"0x00039ea0","00049ea0","FUN_00049ea0",2443,false,1,8
"0x0003a82c","0004a82c","FUN_0004a82c",332,false,9,3
"0x0003a978","0004a978","FUN_0004a978",178,false,2,2
"0x0003aa2a","0004aa2a","FUN_0004aa2a",1787,false,3,19
"0x0003b125","0004b125","FUN_0004b125",770,false,1,5
"0x0003b430","0004b430","FUN_0004b430",470,false,1,2
"0x0003b606","0004b606","FUN_0004b606",309,false,1,5
"0x0003b73b","0004b73b","FUN_0004b73b",341,false,2,5
"0x0003b890","0004b890","FUN_0004b890",533,false,3,6
"0x0003bab0","0004bab0","FUN_0004bab0",28,false,1,1
"0x0003bacc","0004bacc","FUN_0004bacc",1225,false,1,3
"0x0003bfa0","0004bfa0","FUN_0004bfa0",14,false,1,0
"0x0003bfae","0004bfae","FUN_0004bfae",1386,false,1,6
"0x0003c518","0004c518","FUN_0004c518",134,false,1,0
"0x0003c59e","0004c59e","FUN_0004c59e",499,false,1,0
"0x0003c791","0004c791","FUN_0004c791",283,false,1,1
"0x0003c8ac","0004c8ac","FUN_0004c8ac",465,false,1,1
"0x0003ca7d","0004ca7d","FUN_0004ca7d",779,false,1,1
"0x0003cd88","0004cd88","FUN_0004cd88",260,false,1,2
"0x0003ce8c","0004ce8c","FUN_0004ce8c",270,false,1,1
"0x0003cf9a","0004cf9a","FUN_0004cf9a",311,false,1,1
"0x0003d0d1","0004d0d1","FUN_0004d0d1",420,false,1,1
"0x0003d275","0004d275","FUN_0004d275",779,false,1,1
"0x0003d580","0004d580","FUN_0004d580",1005,false,1,0
"0x0003d96d","0004d96d","FUN_0004d96d",6646,false,1,17
"0x0003f364","0004f364","FUN_0004f364",15,false,1,0
"0x0003f373","0004f373","FUN_0004f373",15,false,0,0
"0x0003f382","0004f382","FUN_0004f382",210,false,2,3
"0x0003f454","0004f454","FUN_0004f454",62,false,1,3
"0x0003f492","0004f492","FUN_0004f492",115,false,3,3
"0x0003f505","0004f505","FUN_0004f505",267,false,2,4
"0x0003f610","0004f610","FUN_0004f610",618,false,1,7
"0x0003f87a","0004f87a","FUN_0004f87a",210,false,1,4
"0x0003f94c","0004f94c","FUN_0004f94c",168,false,2,4
"0x0003fa00","0004fa00","FUN_0004fa00",97,false,2,0
"0x0003fa61","0004fa61","FUN_0004fa61",48,false,2,0
"0x0003fa91","0004fa91","FUN_0004fa91",18,false,2,0
"0x0003faa3","0004faa3","FUN_0004faa3",149,false,5,3
"0x0003fb38","0004fb38","FUN_0004fb38",478,false,1,3
"0x0003fd16","0004fd16","FUN_0004fd16",641,false,1,1
"0x0003ff97","0004ff97","FUN_0004ff97",398,false,1,4
"0x00040125","00050125","FUN_00050125",560,false,1,4
"0x00040355","00050355","FUN_00050355",1094,false,3,17
"0x0004079b","0005079b","FUN_0005079b",2881,false,1,10
"0x000412dc","000512dc","FUN_000512dc",1226,false,0,5
"0x000417a6","000517a6","FUN_000517a6",3463,false,1,12
"0x0004252d","0005252d","FUN_0005252d",1034,false,1,17
"0x00042940","00052940","FUN_00052940",20,false,0,0
"0x00042954","00052954","FUN_00052954",11,false,0,0
"0x0004295f","0005295f","FUN_0005295f",14,false,0,0
"0x0004296d","0005296d","FUN_0005296d",14,false,0,0
"0x0004297b","0005297b","FUN_0005297b",659,false,1,8
"0x00042c0e","00052c0e","FUN_00052c0e",73,false,0,3
"0x00042c57","00052c57","FUN_00052c57",65,false,0,3
"0x00042c98","00052c98","FUN_00052c98",234,false,3,4
"0x00042d82","00052d82","FUN_00052d82",181,false,0,9
"0x00042e37","00052e37","FUN_00052e37",156,false,0,4
"0x00042ed3","00052ed3","FUN_00052ed3",90,false,1,3
"0x00042f2d","00052f2d","FUN_00052f2d",102,false,0,5
"0x00042f93","00052f93","FUN_00052f93",191,false,0,5
"0x00043052","00053052","FUN_00053052",113,false,0,4
"0x000430c3","000530c3","FUN_000530c3",176,false,0,5
"0x00043174","00053174","FUN_00053174",10,false,0,0
"0x0004317e","0005317e","FUN_0005317e",21,false,0,0
"0x00043193","00053193","FUN_00053193",10,false,0,0
"0x0004319d","0005319d","FUN_0005319d",15,false,0,0
"0x000431ac","000531ac","FUN_000531ac",10,false,0,0
"0x000431b6","000531b6","FUN_000531b6",178,false,1,2
"0x00043268","00053268","FUN_00053268",35,false,0,2
"0x0004328b","0005328b","FUN_0005328b",40,false,0,2
"0x000432b3","000532b3","FUN_000532b3",23,false,0,2
"0x000432ca","000532ca","FUN_000532ca",23,false,0,2
"0x000432e1","000532e1","FUN_000532e1",23,false,0,2
"0x000432f8","000532f8","FUN_000532f8",77,false,0,3
"0x00043345","00053345","FUN_00053345",23,false,0,2
"0x0004335c","0005335c","FUN_0005335c",23,false,0,2
"0x00043374","00053374","FUN_00053374",10,false,0,0
"0x0004337e","0005337e","FUN_0005337e",10,false,0,0
"0x00043388","00053388","FUN_00053388",8,false,0,0
"0x00043390","00053390","FUN_00053390",202,false,1,2
"0x0004345a","0005345a","FUN_0005345a",142,false,0,4
"0x000434e8","000534e8","FUN_000534e8",40,false,0,3
"0x00043510","00053510","FUN_00053510",62,false,0,3
"0x0004354e","0005354e","FUN_0005354e",81,false,0,5
"0x0004359f","0005359f","FUN_0005359f",35,false,0,2
"0x000435c2","000535c2","FUN_000535c2",81,false,0,5
"0x00043613","00053613","FUN_00053613",101,false,0,4
"0x00043678","00053678","FUN_00053678",84,false,0,4
"0x000436cc","000536cc","FUN_000536cc",206,false,0,5
"0x0004379a","0005379a","FUN_0005379a",97,false,0,4
"0x000437fb","000537fb","FUN_000537fb",67,false,0,4
"0x0004383e","0005383e","FUN_0005383e",88,false,0,4
"0x000438a0","000538a0","FUN_000538a0",8,false,3,0
"0x000438a8","000538a8","FUN_000538a8",26,false,3,0
"0x000438c2","000538c2","FUN_000538c2",26,false,3,0
"0x000438dc","000538dc","FUN_000538dc",5,false,0,0
"0x000438e1","000538e1","FUN_000538e1",17,false,3,0
"0x000438f2","000538f2","FUN_000538f2",8,false,1,0
"0x000438fa","000538fa","FUN_000538fa",11,false,2,0
"0x00043905","00053905","FUN_00053905",80,false,3,3
"0x00043955","00053955","FUN_00053955",67,false,2,3
"0x00043998","00053998","FUN_00053998",66,false,0,3
"0x000439da","000539da","FUN_000539da",62,false,12,3
"0x00043a18","00053a18","FUN_00053a18",62,false,12,3
"0x00043a56","00053a56","FUN_00053a56",38,false,1,2
"0x00043a7c","00053a7c","FUN_00053a7c",13,false,2,1
"0x00043a89","00053a89","FUN_00053a89",118,false,1,2
"0x00043aff","00053aff","FUN_00053aff",59,false,1,3
"0x00043b3a","00053b3a","FUN_00053b3a",161,false,2,3
"0x00043bdb","00053bdb","FUN_00053bdb",90,false,1,1
"0x00043c35","00053c35","FUN_00053c35",35,false,2,1
"0x00043c58","00053c58","FUN_00053c58",49,false,1,1
"0x00043c89","00053c89","FUN_00053c89",140,false,15,4
"0x00043d15","00053d15","FUN_00053d15",64,false,1,4
"0x00043d55","00053d55","FUN_00053d55",55,false,1,1
"0x00043d8c","00053d8c","FUN_00053d8c",232,false,11,5
"0x00043e74","00053e74","FUN_00053e74",138,false,0,4
"0x00043efe","00053efe","FUN_00053efe",128,false,5,4
"0x00043f7e","00053f7e","FUN_00053f7e",128,false,0,4
"0x00043ffe","00053ffe","FUN_00053ffe",153,false,6,4
"0x00044097","00054097","FUN_00054097",112,false,4,4
"0x00044107","00054107","FUN_00054107",113,false,10,5
"0x00044178","00054178","FUN_00054178",23,false,15,2
"0x0004418f","0005418f","FUN_0005418f",171,false,1,7
"0x0004423a","0005423a","FUN_0005423a",131,false,2,4
"0x000442bd","000542bd","FUN_000542bd",276,false,1,10
"0x000443d1","000543d1","FUN_000543d1",1237,false,4,5
"0x000448a6","000548a6","FUN_000548a6",169,false,1,4
"0x0004494f","0005494f","FUN_0005494f",341,false,2,5
"0x00044aa4","00054aa4","FUN_00054aa4",246,false,1,5
"0x00044b9a","00054b9a","FUN_00054b9a",246,false,1,5
"0x00044c90","00054c90","FUN_00054c90",1047,false,7,7
"0x000450a7","000550a7","FUN_000550a7",125,false,2,4
"0x00045124","00055124","FUN_00055124",124,false,8,4
"0x000451a0","000551a0","FUN_000551a0",125,false,1,4
"0x0004521d","0005521d","FUN_0005521d",170,false,5,5
"0x000452c7","000552c7","FUN_000552c7",146,false,3,5
"0x00045359","00055359","FUN_00055359",64,false,1,4
"0x00045399","00055399","FUN_00055399",16,false,2,1
"0x000453b0","000553b0","FUN_000553b0",5,false,2,0
"0x000453b5","000553b5","FUN_000553b5",26,false,2,0
"0x000453cf","000553cf","FUN_000553cf",26,false,2,0
"0x000453e9","000553e9","FUN_000553e9",108,false,1,5
"0x00045455","00055455","FUN_00055455",180,false,1,2
"0x00045509","00055509","FUN_00055509",202,false,1,2
"0x000455d3","000555d3","FUN_000555d3",154,false,1,7
"0x0004566d","0005566d","FUN_0005566d",115,false,1,7
"0x000456e0","000556e0","FUN_000556e0",2837,false,0,23
"0x000461f8","000561f8","FUN_000561f8",114,false,1,2
"0x0004626c","0005626c","FUN_0005626c",566,false,1,5
"0x000464a4","000564a4","FUN_000564a4",60,false,0,2
"0x000464e0","000564e0","FUN_000564e0",1092,false,2,11
"0x00046924","00056924","FUN_00056924",1089,false,2,13
"0x00046d68","00056d68","FUN_00056d68",174,false,2,1
"0x00046e16","00056e16","FUN_00056e16",11,false,0,0
"0x00046e21","00056e21","FUN_00056e21",103,false,1,1
"0x00046e88","00056e88","FUN_00056e88",159,false,0,3
"0x00046f27","00056f27","FUN_00056f27",140,false,0,3
"0x00046fb3","00056fb3","FUN_00056fb3",111,false,0,3
"0x00047022","00057022","FUN_00057022",111,false,0,3
"0x00047091","00057091","FUN_00057091",158,false,0,4
"0x0004712f","0005712f","FUN_0005712f",123,false,0,4
"0x000471aa","000571aa","FUN_000571aa",173,false,0,5
"0x00047258","00057258","FUN_00057258",183,false,0,0
"0x0004730f","0005730f","FUN_0005730f",52,false,1,1
"0x00047343","00057343","FUN_00057343",61,false,1,2
"0x00047380","00057380","FUN_00057380",61,false,0,2
"0x000473bd","000573bd","FUN_000573bd",791,false,7,7
"0x000476d4","000576d4","FUN_000576d4",37,false,0,1
"0x000476f9","000576f9","FUN_000576f9",29,false,0,1
"0x00047716","00057716","FUN_00057716",157,false,0,4
"0x000477b3","000577b3","FUN_000577b3",228,false,0,8
"0x00047897","00057897","FUN_00057897",232,false,2,4
"0x00047980","00057980","FUN_00057980",146,false,1,1
"0x00047a12","00057a12","FUN_00057a12",310,false,1,4
"0x00047b48","00057b48","FUN_00057b48",1033,false,2,14
"0x00047f51","00057f51","FUN_00057f51",479,false,0,8
"0x00048130","00058130","FUN_00058130",26,false,0,0
"0x0004814a","0005814a","FUN_0005814a",80,false,3,0
"0x0004819a","0005819a","FUN_0005819a",192,false,0,2
"0x0004825a","0005825a","FUN_0005825a",329,false,0,6
"0x000483a3","000583a3","FUN_000583a3",49,false,7,2
"0x000483d4","000583d4","FUN_000583d4",27,false,0,1
"0x000483ef","000583ef","FUN_000583ef",366,false,0,10
"0x0004855d","0005855d","FUN_0005855d",53,false,1,2
"0x00048592","00058592","FUN_00058592",2238,false,1,33
"0x00048e50","00058e50","FUN_00058e50",104,false,0,3
"0x00048eb8","00058eb8","FUN_00058eb8",77,false,0,5
"0x00048f05","00058f05","FUN_00058f05",294,false,0,4
"0x0004902b","0005902b","FUN_0005902b",165,false,1,5
"0x000490d0","000590d0","FUN_000590d0",145,false,0,5
"0x00049161","00059161","FUN_00059161",188,false,0,3
"0x0004921d","0005921d","FUN_0005921d",80,false,2,3
"0x0004926d","0005926d","FUN_0005926d",268,false,5,6
"0x00049379","00059379","FUN_00059379",88,false,0,4
"0x000493d1","000593d1","FUN_000593d1",73,false,0,5
"0x00049420","00059420","FUN_00059420",111,false,2,2
"0x0004948f","0005948f","FUN_0005948f",116,false,2,2
"0x00049503","00059503","FUN_00059503",275,false,2,7
"0x00049616","00059616","FUN_00059616",408,false,1,9
"0x000497b0","000597b0","FUN_000597b0",32,false,45,0
"0x000497d0","000597d0","FUN_000597d0",29,false,3,1
"0x000497ed","000597ed","FUN_000597ed",40,false,5,1
"0x00049815","00059815","FUN_00059815",10,false,0,0
"0x0004981f","0005981f","FUN_0005981f",79,false,2,1
"0x0004986e","0005986e","FUN_0005986e",103,false,1,1
"0x000498d5","000598d5","FUN_000598d5",179,false,0,2
"0x00049988","00059988","FUN_00059988",105,false,0,4
"0x000499f1","000599f1","FUN_000599f1",259,false,0,2
"0x00049af4","00059af4","FUN_00059af4",69,false,0,2
"0x00049b39","00059b39","FUN_00059b39",138,false,0,4
"0x00049bc3","00059bc3","FUN_00059bc3",680,false,0,16
"0x00049e6b","00059e6b","FUN_00059e6b",50,false,0,2
"0x00049e9d","00059e9d","FUN_00059e9d",131,false,0,6
"0x00049f20","00059f20","FUN_00059f20",91,false,0,4
"0x00049f7b","00059f7b","FUN_00059f7b",943,false,0,10
"0x0004a32a","0005a32a","FUN_0005a32a",42,false,0,2
"0x0004a354","0005a354","FUN_0005a354",290,false,1,5
"0x0004a480","0005a480","FUN_0005a480",25,false,2,0
"0x0004a499","0005a499","FUN_0005a499",20,false,2,0
"0x0004a4ad","0005a4ad","FUN_0005a4ad",106,false,1,0
"0x0004a517","0005a517","FUN_0005a517",58,false,4,1
"0x0004a551","0005a551","FUN_0005a551",58,false,6,0
"0x0004a58b","0005a58b","FUN_0005a58b",17,false,1,0
"0x0004a59c","0005a59c","FUN_0005a59c",55,false,1,0
"0x0004a5d3","0005a5d3","FUN_0005a5d3",274,false,1,4
"0x0004a6e5","0005a6e5","FUN_0005a6e5",353,false,1,6
"0x0004a846","0005a846","FUN_0005a846",41,false,5,2
"0x0004a86f","0005a86f","FUN_0005a86f",186,false,5,4
"0x0004a929","0005a929","FUN_0005a929",68,false,0,2
"0x0004a96d","0005a96d","FUN_0005a96d",180,false,1,2
"0x0004aa21","0005aa21","FUN_0005aa21",213,false,2,4
"0x0004aaf6","0005aaf6","FUN_0005aaf6",155,false,5,3
"0x0004ab91","0005ab91","FUN_0005ab91",276,false,0,6
"0x0004aca5","0005aca5","FUN_0005aca5",365,false,2,7
"0x0004ae20","0005ae20","FUN_0005ae20",97,false,0,0
"0x0004ae81","0005ae81","FUN_0005ae81",64,false,1,1
"0x0004aec1","0005aec1","FUN_0005aec1",100,false,0,2
"0x0004af25","0005af25","FUN_0005af25",172,false,0,2
"0x0004afd4","0005afd4","FUN_0005afd4",84,false,0,2
"0x0004b028","0005b028","FUN_0005b028",91,false,0,2
"0x0004b084","0005b084","FUN_0005b084",102,false,0,2
"0x0004b0f0","0005b0f0","FUN_0005b0f0",20,false,1,0
"0x0004b104","0005b104","FUN_0005b104",87,false,2,2
"0x0004b15b","0005b15b","FUN_0005b15b",58,false,1,2
"0x0004b195","0005b195","FUN_0005b195",129,false,8,4
"0x0004b216","0005b216","FUN_0005b216",107,false,1,3
"0x0004b281","0005b281","FUN_0005b281",250,false,5,6
"0x0004b37b","0005b37b","FUN_0005b37b",204,false,0,4
"0x0004b447","0005b447","FUN_0005b447",250,false,1,6
"0x0004b541","0005b541","FUN_0005b541",113,false,5,3
"0x0004b5b2","0005b5b2","FUN_0005b5b2",82,false,5,2
"0x0004b604","0005b604","FUN_0005b604",212,false,3,4
"0x0004b6d8","0005b6d8","FUN_0005b6d8",54,false,2,2
"0x0004b710","0005b710","FUN_0005b710",95,false,2,0
"0x0004b76f","0005b76f","FUN_0005b76f",66,false,0,1
"0x0004b7b1","0005b7b1","FUN_0005b7b1",66,false,5,2
"0x0004b7f3","0005b7f3","FUN_0005b7f3",37,false,2,2
"0x0004b818","0005b818","FUN_0005b818",49,false,2,2
"0x0004b849","0005b849","FUN_0005b849",107,false,1,2
"0x0004b8b4","0005b8b4","FUN_0005b8b4",52,false,9,3
"0x0004b8e8","0005b8e8","FUN_0005b8e8",95,false,6,3
"0x0004b947","0005b947","FUN_0005b947",201,false,0,5
"0x0004ba10","0005ba10","FUN_0005ba10",144,false,2,4
"0x0004baa0","0005baa0","FUN_0005baa0",197,false,0,2
"0x0004bb65","0005bb65","FUN_0005bb65",38,false,0,2
"0x0004bb8b","0005bb8b","FUN_0005bb8b",519,false,0,7
"0x0004bd92","0005bd92","FUN_0005bd92",117,false,0,3
"0x0004be07","0005be07","FUN_0005be07",139,false,0,6
"0x0004be92","0005be92","FUN_0005be92",583,false,1,8
"0x0004c0d9","0005c0d9","FUN_0005c0d9",90,false,1,3
"0x0004c133","0005c133","FUN_0005c133",137,false,1,4
"0x0004c1bc","0005c1bc","FUN_0005c1bc",322,false,4,6
"0x0004c300","0005c300","FUN_0005c300",507,false,2,2
"0x0004c4fb","0005c4fb","FUN_0005c4fb",301,false,0,2
"0x0004c628","0005c628","FUN_0005c628",285,false,0,2
"0x0004c745","0005c745","FUN_0005c745",330,false,0,2
"0x0004c88f","0005c88f","FUN_0005c88f",182,false,0,2
"0x0004c945","0005c945","FUN_0005c945",214,false,0,2
"0x0004ca1b","0005ca1b","FUN_0005ca1b",308,false,0,2
"0x0004cb4f","0005cb4f","FUN_0005cb4f",288,false,0,2
"0x0004cc6f","0005cc6f","FUN_0005cc6f",330,false,0,2
"0x0004cdb9","0005cdb9","FUN_0005cdb9",183,false,0,2
"0x0004ce70","0005ce70","FUN_0005ce70",215,false,0,2
"0x0004cf47","0005cf47","FUN_0005cf47",218,false,0,2
"0x0004d021","0005d021","FUN_0005d021",314,false,0,2
"0x0004d15b","0005d15b","FUN_0005d15b",355,false,0,2
"0x0004d2be","0005d2be","FUN_0005d2be",182,false,0,2
"0x0004d374","0005d374","FUN_0005d374",209,false,0,2
"0x0004d445","0005d445","FUN_0005d445",432,false,0,3
"0x0004d5f5","0005d5f5","FUN_0005d5f5",432,false,0,3
"0x0004d7a5","0005d7a5","FUN_0005d7a5",426,false,0,3
"0x0004d94f","0005d94f","FUN_0005d94f",475,false,0,3
"0x0004db2a","0005db2a","FUN_0005db2a",420,false,0,3
"0x0004dcce","0005dcce","FUN_0005dcce",491,false,0,3
"0x0004deb9","0005deb9","FUN_0005deb9",483,false,0,3
"0x0004e09c","0005e09c","FUN_0005e09c",284,false,0,3
"0x0004e1b8","0005e1b8","FUN_0005e1b8",275,false,0,3
"0x0004e2cb","0005e2cb","FUN_0005e2cb",416,false,0,3
"0x0004e46b","0005e46b","FUN_0005e46b",461,false,0,3
"0x0004e638","0005e638","FUN_0005e638",406,false,0,3
"0x0004e7ce","0005e7ce","FUN_0005e7ce",470,false,0,3
"0x0004e9a4","0005e9a4","FUN_0005e9a4",470,false,0,3
"0x0004eb7a","0005eb7a","FUN_0005eb7a",277,false,0,4
"0x0004ec8f","0005ec8f","FUN_0005ec8f",273,false,0,4
"0x0004eda0","0005eda0","FUN_0005eda0",277,false,0,4
"0x0004eeb5","0005eeb5","FUN_0005eeb5",273,false,0,4
"0x0004efc6","0005efc6","FUN_0005efc6",52,false,1,2
"0x0004effa","0005effa","FUN_0005effa",138,false,1,3
"0x0004f084","0005f084","FUN_0005f084",341,false,2,5
"0x0004f1d9","0005f1d9","FUN_0005f1d9",121,false,3,4
"0x0004f252","0005f252","FUN_0005f252",19,false,0,1
"0x0004f265","0005f265","FUN_0005f265",110,false,3,3
"0x0004f2d3","0005f2d3","FUN_0005f2d3",74,false,0,4
"0x0004f320","0005f320","FUN_0005f320",207,false,1,0
"0x0004f3ef","0005f3ef","FUN_0005f3ef",165,false,8,0
"0x0004f494","0005f494","FUN_0005f494",10,false,0,0
"0x0004f49e","0005f49e","FUN_0005f49e",254,false,1,1
"0x0004f59c","0005f59c","FUN_0005f59c",104,false,0,2
"0x0004f604","0005f604","FUN_0005f604",84,false,0,3
"0x0004f658","0005f658","FUN_0005f658",42,false,0,2
"0x0004f682","0005f682","FUN_0005f682",42,false,0,2
"0x0004f6ac","0005f6ac","FUN_0005f6ac",85,false,0,3
"0x0004f701","0005f701","FUN_0005f701",36,false,0,2
"0x0004f725","0005f725","FUN_0005f725",71,false,0,3
"0x0004f770","0005f770","FUN_0005f770",860,false,4,12
"0x0004facc","0005facc","FUN_0005facc",224,false,0,5
"0x0004fbac","0005fbac","FUN_0005fbac",223,false,0,5
"0x0004fc8b","0005fc8b","FUN_0005fc8b",334,false,0,5
"0x0004fdd9","0005fdd9","FUN_0005fdd9",321,false,0,5
"0x0004ff1c","0005ff1c","FUN_0005ff1c",35,false,2,0
"0x0004ff40","0005ff40","FUN_0005ff40",281,false,0,5
"0x00050059","00060059","FUN_00060059",307,false,2,6
"0x0005018c","0006018c","FUN_0006018c",70,false,0,1
"0x000501d2","000601d2","FUN_000601d2",68,false,0,1
"0x00050216","00060216","FUN_00060216",1812,false,4,25
"0x0005092a","0006092a","FUN_0006092a",132,false,0,1
"0x000509ae","000609ae","FUN_000609ae",129,false,0,1
"0x00050a2f","00060a2f","FUN_00060a2f",128,false,0,1
"0x00050aaf","00060aaf","FUN_00060aaf",127,false,0,1
"0x00050b30","00060b30","FUN_00060b30",182,false,4,2
"0x00050be6","00060be6","FUN_00060be6",88,false,0,4
"0x00050c40","00060c40","FUN_00060c40",524,false,3,12
"0x00050e4c","00060e4c","FUN_00060e4c",122,false,0,1
"0x00050ec6","00060ec6","FUN_00060ec6",120,false,0,1
"0x00050f3e","00060f3e","FUN_00060f3e",118,false,0,1
"0x00050fc0","00060fc0","FUN_00060fc0",157,false,4,2
"0x0005105d","0006105d","FUN_0006105d",217,false,4,2
"0x00051136","00061136","FUN_00061136",1704,false,1,13
"0x000517e0","000617e0","FUN_000617e0",12,false,1,0
"0x000517ec","000617ec","FUN_000617ec",13,false,1,0
"0x000517f9","000617f9","FUN_000617f9",9,false,1,0
"0x00051802","00061802","FUN_00061802",11,false,0,0
"0x0005180d","0006180d","FUN_0006180d",35,false,0,2
"0x00051830","00061830","FUN_00061830",48,false,1,2
"0x00051860","00061860","FUN_00061860",447,false,13,7
"0x00051a1f","00061a1f","FUN_00061a1f",56,false,3,1
"0x00051a58","00061a58","FUN_00061a58",120,false,4,3
"0x00051ad0","00061ad0","FUN_00061ad0",178,false,4,4
"0x00051b82","00061b82","FUN_00061b82",165,false,1,4
"0x00051c28","00061c28","FUN_00061c28",41,false,0,0
"0x00051c51","00061c51","FUN_00061c51",34,false,1,0
"0x00051c73","00061c73","FUN_00061c73",42,false,1,0
"0x00051c9d","00061c9d","FUN_00061c9d",68,false,1,0
"0x00051ce1","00061ce1","FUN_00061ce1",208,false,1,0
"0x00051db1","00061db1","FUN_00061db1",134,false,1,0
"0x00051e37","00061e37","FUN_00061e37",114,false,1,0
"0x00051ea9","00061ea9","FUN_00061ea9",147,false,0,0
"0x00051f3c","00061f3c","FUN_00061f3c",76,false,1,0
"0x00051f88","00061f88","FUN_00061f88",618,false,1,0
"0x000521f2","000621f2","FUN_000621f2",54,false,0,0
"0x00052228","00062228","FUN_00062228",1096,false,1,4
"0x00052670","00062670","FUN_00062670",585,false,1,3
"0x000528b9","000628b9","FUN_000628b9",274,false,0,2
"0x000529cb","000629cb","FUN_000629cb",350,false,1,2
"0x00052b29","00062b29","FUN_00062b29",302,false,0,2
"0x00052c57","00062c57","FUN_00062c57",326,false,0,3
"0x00052da0","00062da0","FUN_00062da0",556,false,0,5
"0x00052fcc","00062fcc","FUN_00062fcc",371,false,0,2
"0x00053140","00063140","FUN_00063140",14,false,2,0
"0x0005314e","0006314e","FUN_0006314e",14,false,0,0
"0x0005315c","0006315c","FUN_0006315c",5,false,0,0
"0x00053161","00063161","FUN_00063161",5,false,0,0
"0x00053166","00063166","FUN_00063166",136,false,1,2
"0x000531ee","000631ee","FUN_000631ee",35,false,0,2
"0x00053211","00063211","FUN_00063211",65,false,0,2
"0x00053252","00063252","FUN_00063252",1083,false,3,2
"0x0005368d","0006368d","FUN_0006368d",71,false,2,3
"0x000536d4","000636d4","FUN_000636d4",122,false,2,3
"0x0005374e","0006374e","FUN_0006374e",157,false,2,3
"0x000537eb","000637eb","FUN_000637eb",1006,false,0,10
"0x00053bd9","00063bd9","FUN_00063bd9",905,false,0,9
"0x00053f62","00063f62","FUN_00063f62",142,false,0,4
"0x00053ff0","00063ff0","_mesa_buffer_map",25,false,0,0
"0x00054009","00064009","_mesa_buffer_unmap",20,false,0,0
"0x0005401d","0006401d","_mesa_map_bitmap_pbo",62,false,1,0
"0x0005405b","0006405b","_mesa_unmap_bitmap_pbo",44,false,1,0
"0x00054087","00064087","_mesa_map_drawpix_pbo",62,false,1,0
"0x000540c5","000640c5","_mesa_unmap_drapix_pbo",44,false,1,0
"0x000540f1","000640f1","_mesa_map_readpix_pbo",62,false,1,0
"0x0005412f","0006412f","_mesa_unmap_readpix_pbo",44,false,1,0
"0x0005415b","0006415b","_mesa_GetBufferPointervARB",309,false,0,3
"0x00054290","00064290","_mesa_GetBufferParameterivARB",408,false,0,3
"0x00054428","00064428","_mesa_UnmapBufferARB",343,false,0,3
"0x0005457f","0006457f","_mesa_MapBufferARB",457,false,0,3
"0x00054748","00064748","FUN_00064748",410,false,2,2
"0x000548e2","000648e2","_mesa_GetBufferSubDataARB",167,false,0,4
"0x00054989","00064989","_mesa_BufferSubDataARB",167,false,0,4
"0x00054a30","00064a30","_mesa_BufferDataARB",456,false,0,3
"0x00054bf8","00064bf8","_mesa_GenBuffersARB",326,false,0,7
"0x00054d3e","00064d3e","_mesa_lookup_bufferobj",56,false,3,2
"0x00054d76","00064d76","_mesa_IsBufferARB",142,false,0,6
"0x00054e04","00064e04","_mesa_validate_pbo_access",228,false,23,2
"0x00054ee8","00064ee8","_mesa_buffer_get_subdata",85,false,0,2
"0x00054f3d","00064f3d","_mesa_buffer_subdata",59,false,0,2
"0x00054f78","00064f78","_mesa_buffer_data",117,false,0,3
"0x00054fed","00064fed","_mesa_initialize_buffer_object",78,false,2,2
"0x0005503b","0006503b","_mesa_reference_buffer_object",135,false,12,2
"0x000550c2","000650c2","FUN_000650c2",55,false,1,2
"0x000550f9","000650f9","FUN_000650f9",397,false,2,5
"0x00055286","00065286","_mesa_BindBufferARB",96,false,2,4
"0x000552e6","000652e6","_mesa_update_default_objects_buffer_objects",92,false,1,1
"0x00055342","00065342","_mesa_DeleteBuffersARB",684,false,0,10
"0x000555ee","000655ee","_mesa_delete_buffer_object",72,false,1,2
"0x00055636","00065636","_mesa_new_buffer_object",71,false,1,3
"0x0005567d","0006567d","_mesa_init_buffer_objects",94,false,1,2
"0x000556e0","000656e0","_mesa_notifySwapBuffers",37,false,2,0
"0x00055705","00065705","FUN_00065705",27,false,0,0
"0x00055720","00065720","FUN_00065720",34,false,0,0
"0x00055742","00065742","FUN_00065742",27,false,0,0
"0x0005575d","0006575d","FUN_0006575d",33,false,0,0
"0x0005577e","0006577e","FUN_0006577e",30,false,0,0
"0x0005579c","0006579c","FUN_0006579c",52,false,1,0
"0x000557d0","000657d0","FUN_000657d0",177,false,1,0
"0x00055881","00065881","FUN_00065881",95,false,1,0
"0x000558e0","000658e0","_mesa_get_dispatch",11,false,0,0
"0x000558eb","000658eb","_mesa_record_error",48,false,1,0
"0x0005591b","0006591b","_mesa_get_current_context",29,false,1,2
"0x00055938","00065938","_mesa_Flush",130,false,0,3
"0x000559ba","000659ba","_mesa_Finish",130,false,0,3
"0x00055a3c","00065a3c","_mesa_initialize_visual",489,false,1,2
"0x00055c25","00065c25","FUN_00065c25",42,false,0,2
"0x00055c4f","00065c4f","_mesa_destroy_visual",35,false,0,2
"0x00055c72","00065c72","FUN_00065c72",534,false,3,8
"0x00055e88","00065e88","_mesa_share_state",182,false,0,6
"0x00055f3e","00065f3e","FUN_00065f3e",42,false,0,2
"0x00055f68","00065f68","FUN_00065f68",77,false,0,3
"0x00055fb5","00065fb5","FUN_00065fb5",50,false,0,2
"0x00055fe7","00065fe7","FUN_00065fe7",42,false,0,2
"0x00056011","00066011","FUN_00066011",51,false,0,2
"0x00056044","00066044","_mesa_make_current",1172,false,2,13
"0x000564d8","000664d8","_mesa_copy_context",1479,false,0,4
"0x00056a9f","00066a9f","_mesa_free_context_data",559,false,2,22
"0x00056cce","00066cce","_mesa_destroy_context",56,false,0,3
"0x00056d06","00066d06","_mesa_create_visual",215,false,0,4
"0x00056ddd","00066ddd","FUN_00066ddd",100,false,1,3
"0x00056e41","00066e41","_mesa_initialize_context",2503,false,2,59
"0x00057808","00067808","_mesa_create_context",106,false,0,4
"0x00057880","00067880","FUN_00067880",313,false,5,0
"0x000579b9","000679b9","_mesa_convolve_1d_image",883,false,1,0
"0x00057d2c","00067d2c","_mesa_convolve_2d_image",1743,false,4,0
"0x000583fb","000683fb","_mesa_convolve_sep_image",1768,false,4,0
"0x00058ae3","00068ae3","_mesa_adjust_image_for_convolution",220,false,32,0
"0x00058bbf","00068bbf","_mesa_GetConvolutionParameteriv",756,false,0,3
"0x00058eb3","00068eb3","_mesa_GetConvolutionParameterfv",718,false,0,3
"0x00059181","00069181","_mesa_CopyConvolutionFilter2D",324,false,0,4
"0x000592c5","000692c5","_mesa_CopyConvolutionFilter1D",290,false,0,4
"0x000593e7","000693e7","_mesa_ConvolutionParameteriv",607,false,0,3
"0x00059646","00069646","_mesa_ConvolutionParameteri",327,false,0,3
"0x0005978d","0006978d","_mesa_ConvolutionParameterfv",601,false,0,3
"0x000599e6","000699e6","_mesa_ConvolutionParameterf",354,false,0,3
"0x00059b48","00069b48","_mesa_SeparableFilter2D",1152,false,0,8
"0x00059fc8","00069fc8","_mesa_ConvolutionFilter1D",829,false,1,8
"0x0005a305","0006a305","_mesa_GetSeparableFilter",841,false,0,8
"0x0005a64e","0006a64e","_mesa_GetConvolutionFilter",718,false,0,8
"0x0005a91c","0006a91c","_mesa_ConvolutionFilter2D",1046,false,1,11
"0x0005ad34","0006ad34","FUN_0006ad34",5,false,0,0
"0x0005ad39","0006ad39","_mesa_init_debug",136,false,1,3
"0x0005adc1","0006adc1","_mesa_print_tri_caps",479,false,0,2
"0x0005afa0","0006afa0","_mesa_print_state",771,false,0,2
"0x0005b2a3","0006b2a3","_mesa_print_info",242,false,1,3
"0x0005b3a0","0006b3a0","_mesa_init_depth",40,false,1,0
"0x0005b3c8","0006b3c8","_mesa_DepthBoundsEXT",296,false,0,3
"0x0005b4f0","0006b4f0","_mesa_DepthMask",172,false,1,3
"0x0005b59c","0006b59c","_mesa_DepthFunc",203,false,1,3
"0x0005b667","0006b667","_mesa_ClearDepth",215,false,1,3
"0x0005b740","0006b740","FUN_0006b740",10,false,0,0
"0x0005b74a","0006b74a","FUN_0006b74a",75,false,0,0
"0x0005b795","0006b795","FUN_0006b795",144,false,0,0
"0x0005b825","0006b825","FUN_0006b825",105,false,0,0
"0x0005b88e","0006b88e","FUN_0006b88e",302,false,0,0
"0x0005b9bc","0006b9bc","FUN_0006b9bc",288,false,0,0
"0x0005badc","0006badc","FUN_0006badc",324,false,0,0
"0x0005bc20","0006bc20","FUN_0006bc20",208,false,0,0
"0x0005bcf0","0006bcf0","FUN_0006bcf0",141,false,0,0
"0x0005bd7d","0006bd7d","FUN_0006bd7d",102,false,0,0
"0x0005bde3","0006bde3","FUN_0006bde3",291,false,0,0
"0x0005bf06","0006bf06","FUN_0006bf06",298,false,0,0
"0x0005c030","0006c030","FUN_0006c030",318,false,0,0
"0x0005c16e","0006c16e","FUN_0006c16e",219,false,0,0
"0x0005c249","0006c249","_mesa_extract_stencil",384,false,1,1
"0x0005c3c9","0006c3c9","_mesa_insert_stencil",472,false,1,1
"0x0005c5a1","0006c5a1","_mesa_promote_stencil",320,false,1,2
"0x0005c6e1","0006c6e1","FUN_0006c6e1",66,false,0,2
"0x0005c723","0006c723","_mesa_new_s8_renderbuffer_wrapper",215,false,1,2
"0x0005c7fa","0006c7fa","_mesa_new_z24_renderbuffer_wrapper",215,false,1,2
"0x0005c8e0","0006c8e0","_mesa_alloc_opcode",84,false,1,0
"0x0005c934","0006c934","_mesa_save_vtxfmt_init",714,false,1,1
"0x0005cbfe","0006cbfe","_mesa_init_display_list",162,false,1,3
"0x0005cca0","0006cca0","FUN_0006cca0",113,false,0,2
"0x0005cd11","0006cd11","FUN_0006cd11",120,false,0,2
"0x0005cd89","0006cd89","FUN_0006cd89",120,false,0,2
"0x0005ce01","0006ce01","FUN_0006ce01",93,false,0,2
"0x0005ce5e","0006ce5e","FUN_0006ce5e",141,false,0,2
"0x0005ceeb","0006ceeb","FUN_0006ceeb",134,false,0,2
"0x0005cf71","0006cf71","FUN_0006cf71",120,false,0,2
"0x0005cfe9","0006cfe9","FUN_0006cfe9",134,false,0,2
"0x0005d06f","0006d06f","FUN_0006d06f",127,false,0,2
"0x0005d0ee","0006d0ee","FUN_0006d0ee",127,false,0,2
"0x0005d16d","0006d16d","FUN_0006d16d",107,false,0,2
"0x0005d1d8","0006d1d8","FUN_0006d1d8",120,false,0,2
"0x0005d250","0006d250","FUN_0006d250",134,false,0,2
"0x0005d2d6","0006d2d6","FUN_0006d2d6",134,false,0,2
"0x0005d35c","0006d35c","FUN_0006d35c",127,false,0,2
"0x0005d3db","0006d3db","FUN_0006d3db",127,false,0,2
"0x0005d45a","0006d45a","FUN_0006d45a",120,false,0,2
"0x0005d4d2","0006d4d2","FUN_0006d4d2",134,false,0,2
"0x0005d558","0006d558","FUN_0006d558",135,false,0,2
"0x0005d5df","0006d5df","FUN_0006d5df",121,false,0,2
"0x0005d658","0006d658","FUN_0006d658",107,false,0,2
"0x0005d6c3","0006d6c3","FUN_0006d6c3",107,false,0,2
"0x0005d72e","0006d72e","FUN_0006d72e",133,false,0,2
"0x0005d7b3","0006d7b3","FUN_0006d7b3",107,false,0,2
"0x0005d81e","0006d81e","FUN_0006d81e",107,false,0,2
"0x0005d889","0006d889","FUN_0006d889",133,false,0,2
"0x0005d90e","0006d90e","FUN_0006d90e",107,false,0,2
"0x0005d979","0006d979","FUN_0006d979",107,false,0,2
"0x0005d9e4","0006d9e4","FUN_0006d9e4",114,false,0,2
"0x0005da56","0006da56","FUN_0006da56",107,false,0,2
"0x0005dac1","0006dac1","FUN_0006dac1",107,false,0,2
"0x0005db2c","0006db2c","FUN_0006db2c",114,false,0,2
"0x0005db9e","0006db9e","FUN_0006db9e",121,false,0,2
"0x0005dc17","0006dc17","FUN_0006dc17",114,false,0,2
"0x0005dc89","0006dc89","FUN_0006dc89",114,false,0,2
"0x0005dcfb","0006dcfb","FUN_0006dcfb",114,false,0,2
"0x0005dd6d","0006dd6d","FUN_0006dd6d",93,false,0,2
"0x0005ddca","0006ddca","FUN_0006ddca",87,false,0,2
"0x0005de21","0006de21","FUN_0006de21",107,false,0,2
"0x0005de8c","0006de8c","FUN_0006de8c",93,false,0,2
"0x0005dee9","0006dee9","FUN_0006dee9",107,false,0,2
"0x0005df54","0006df54","FUN_0006df54",107,false,0,2
"0x0005dfbf","0006dfbf","FUN_0006dfbf",100,false,0,2
"0x0005e023","0006e023","FUN_0006e023",100,false,0,2
"0x0005e087","0006e087","FUN_0006e087",93,false,0,2
"0x0005e0e4","0006e0e4","FUN_0006e0e4",100,false,0,2
"0x0005e148","0006e148","FUN_0006e148",93,false,0,2
"0x0005e1a5","0006e1a5","FUN_0006e1a5",100,false,0,2
"0x0005e209","0006e209","FUN_0006e209",114,false,0,2
"0x0005e27b","0006e27b","FUN_0006e27b",107,false,0,2
"0x0005e2e6","0006e2e6","FUN_0006e2e6",100,false,0,2
"0x0005e34a","0006e34a","FUN_0006e34a",107,false,0,2
"0x0005e3b5","0006e3b5","FUN_0006e3b5",93,false,0,2
"0x0005e412","0006e412","FUN_0006e412",128,false,0,2
"0x0005e492","0006e492","FUN_0006e492",100,false,0,2
"0x0005e4f6","0006e4f6","FUN_0006e4f6",100,false,0,2
"0x0005e55a","0006e55a","FUN_0006e55a",93,false,0,2
"0x0005e5b7","0006e5b7","FUN_0006e5b7",107,false,0,2
"0x0005e622","0006e622","FUN_0006e622",107,false,0,2
"0x0005e68d","0006e68d","FUN_0006e68d",114,false,0,2
"0x0005e6ff","0006e6ff","FUN_0006e6ff",114,false,0,2
"0x0005e771","0006e771","FUN_0006e771",114,false,0,2
"0x0005e7e3","0006e7e3","FUN_0006e7e3",107,false,0,2
"0x0005e84e","0006e84e","FUN_0006e84e",107,false,0,2
"0x0005e8b9","0006e8b9","FUN_0006e8b9",107,false,0,2
"0x0005e924","0006e924","FUN_0006e924",107,false,0,2
"0x0005e98f","0006e98f","FUN_0006e98f",107,false,0,2
"0x0005e9fa","0006e9fa","FUN_0006e9fa",93,false,0,2
"0x0005ea57","0006ea57","FUN_0006ea57",93,false,0,2
"0x0005eab4","0006eab4","FUN_0006eab4",100,false,0,2
"0x0005eb18","0006eb18","FUN_0006eb18",100,false,0,2
"0x0005eb7c","0006eb7c","FUN_0006eb7c",100,false,0,2
"0x0005ebe0","0006ebe0","FUN_0006ebe0",107,false,0,2
"0x0005ec4b","0006ec4b","FUN_0006ec4b",107,false,0,2
"0x0005ecb6","0006ecb6","FUN_0006ecb6",107,false,0,2
"0x0005ed21","0006ed21","FUN_0006ed21",107,false,0,2
"0x0005ed8c","0006ed8c","FUN_0006ed8c",107,false,0,2
"0x0005edf7","0006edf7","FUN_0006edf7",107,false,0,2
"0x0005ee62","0006ee62","FUN_0006ee62",107,false,0,2
"0x0005eecd","0006eecd","FUN_0006eecd",100,false,0,2
"0x0005ef31","0006ef31","FUN_0006ef31",100,false,0,2
"0x0005ef95","0006ef95","FUN_0006ef95",87,false,0,2
"0x0005efec","0006efec","FUN_0006efec",100,false,0,2
"0x0005f050","0006f050","FUN_0006f050",100,false,0,2
"0x0005f0b4","0006f0b4","FUN_0006f0b4",100,false,0,2
"0x0005f118","0006f118","FUN_0006f118",87,false,0,2
"0x0005f16f","0006f16f","FUN_0006f16f",87,false,0,2
"0x0005f1c6","0006f1c6","FUN_0006f1c6",69,false,16,3
"0x0005f20b","0006f20b","FUN_0006f20b",69,false,0,3
"0x0005f250","0006f250","_mesa_ListBase",124,false,0,3
"0x0005f2cc","0006f2cc","FUN_0006f2cc",32,false,0,2
"0x0005f2ec","0006f2ec","FUN_0006f2ec",57,false,3,2
"0x0005f325","0006f325","_mesa_IsList",130,false,0,4
"0x0005f3a7","0006f3a7","mesa_print_display_list",439,false,0,5
"0x0005ff0c","0006ff0c","_mesa_init_dlist_table",6779,false,1,2
"0x00061987","00071987","_mesa_alloc_instruction",229,false,165,3
"0x00061a6c","00071a6c","FUN_00071a6c",172,false,0,3
"0x00061b18","00071b18","FUN_00071b18",251,false,2,3
"0x00061c13","00071c13","FUN_00071c13",62,false,0,2
"0x00061c51","00071c51","FUN_00071c51",56,false,0,2
"0x00061c89","00071c89","FUN_00071c89",250,false,2,3
"0x00061d83","00071d83","FUN_00071d83",54,false,0,2
"0x00061db9","00071db9","FUN_00071db9",48,false,0,2
"0x00061de9","00071de9","FUN_00071de9",238,false,2,3
"0x00061ed7","00071ed7","FUN_00071ed7",50,false,0,2
"0x00061f09","00071f09","FUN_00071f09",48,false,0,2
"0x00061f39","00071f39","FUN_00071f39",223,false,2,3
"0x00062018","00072018","FUN_00072018",41,false,0,2
"0x00062041","00072041","FUN_00072041",40,false,0,2
"0x00062069","00072069","FUN_00072069",251,false,10,3
"0x00062164","00072164","FUN_00072164",61,false,0,2
"0x000621a1","000721a1","FUN_000721a1",56,false,0,2
"0x000621d9","000721d9","FUN_000721d9",47,false,0,1
"0x00062208","00072208","FUN_00072208",45,false,0,1
"0x00062235","00072235","FUN_00072235",47,false,0,1
"0x00062264","00072264","FUN_00072264",45,false,0,1
"0x00062291","00072291","FUN_00072291",53,false,0,1
"0x000622c6","000722c6","FUN_000722c6",51,false,0,1
"0x000622f9","000722f9","FUN_000722f9",47,false,0,1
"0x00062328","00072328","FUN_00072328",45,false,0,1
"0x00062355","00072355","FUN_00072355",250,false,14,3
"0x0006244f","0007244f","FUN_0007244f",58,false,0,2
"0x00062489","00072489","FUN_00072489",48,false,0,2
"0x000624b9","000724b9","FUN_000724b9",40,false,0,1
"0x000624e1","000724e1","FUN_000724e1",38,false,0,1
"0x00062507","00072507","FUN_00072507",40,false,0,1
"0x0006252f","0007252f","FUN_0007252f",38,false,0,1
"0x00062555","00072555","FUN_00072555",40,false,0,1
"0x0006257d","0007257d","FUN_0007257d",38,false,0,1
"0x000625a3","000725a3","FUN_000725a3",40,false,0,1
"0x000625cb","000725cb","FUN_000725cb",38,false,0,1
"0x000625f1","000725f1","FUN_000725f1",46,false,0,1
"0x0006261f","0007261f","FUN_0007261f",44,false,0,1
"0x0006264b","0007264b","FUN_0007264b",40,false,0,1
"0x00062673","00072673","FUN_00072673",38,false,0,1
"0x00062699","00072699","FUN_00072699",238,false,8,3
"0x00062787","00072787","FUN_00072787",50,false,0,2
"0x000627b9","000727b9","FUN_000727b9",48,false,0,2
"0x000627e9","000727e9","FUN_000727e9",33,false,0,1
"0x0006280a","0007280a","FUN_0007280a",31,false,0,1
"0x00062829","00072829","FUN_00072829",33,false,0,1
"0x0006284a","0007284a","FUN_0007284a",31,false,0,1
"0x00062869","00072869","FUN_00072869",39,false,0,1
"0x00062890","00072890","FUN_00072890",37,false,0,1
"0x000628b5","000728b5","FUN_000728b5",223,false,11,3
"0x00062994","00072994","FUN_00072994",45,false,0,2
"0x000629c1","000729c1","FUN_000729c1",40,false,0,2
"0x000629e9","000729e9","FUN_000729e9",26,false,0,1
"0x00062a03","00072a03","FUN_00072a03",24,false,0,1
"0x00062a1b","00072a1b","FUN_00072a1b",32,false,0,1
"0x00062a3b","00072a3b","FUN_00072a3b",30,false,0,1
"0x00062a59","00072a59","FUN_00072a59",26,false,0,1
"0x00062a73","00072a73","FUN_00072a73",24,false,0,1
"0x00062a8b","00072a8b","FUN_00072a8b",26,false,0,1
"0x00062aa5","00072aa5","FUN_00072aa5",24,false,0,1
"0x00062abd","00072abd","FUN_00072abd",42,false,0,1
"0x00062ae7","00072ae7","FUN_00072ae7",146,false,0,3
"0x00062b79","00072b79","FUN_00072b79",131,false,0,3
"0x00062bfc","00072bfc","FUN_00072bfc",146,false,1,3
"0x00062c8e","00072c8e","FUN_00072c8e",28,false,0,1
"0x00062caa","00072caa","FUN_00072caa",131,false,1,3
"0x00062d2d","00072d2d","FUN_00072d2d",21,false,0,1
"0x00062d42","00072d42","FUN_00072d42",122,false,0,3
"0x00062dbc","00072dbc","FUN_00072dbc",168,false,0,3
"0x00062e64","00072e64","FUN_00072e64",133,false,0,3
"0x00062ee9","00072ee9","_mesa_compile_error",118,false,160,3
"0x00062f5f","00072f5f","FUN_00072f5f",222,false,0,4
"0x0006303d","0007303d","FUN_0007303d",193,false,0,4
"0x000630fe","000730fe","FUN_000730fe",516,false,0,5
"0x00063302","00073302","FUN_00073302",244,false,0,4
"0x000633f6","000733f6","FUN_000733f6",283,false,0,4
"0x00063511","00073511","FUN_00073511",283,false,0,4
"0x0006362c","0007362c","FUN_0007362c",210,false,0,4
"0x000636fe","000736fe","FUN_000736fe",306,false,0,4
"0x00063830","00073830","FUN_00073830",248,false,0,4
"0x00063928","00073928","FUN_00073928",195,false,0,4
"0x000639eb","000739eb","FUN_000739eb",210,false,0,4
"0x00063abd","00073abd","FUN_00073abd",215,false,0,4
"0x00063b94","00073b94","FUN_00073b94",165,false,0,4
"0x00063c39","00073c39","FUN_00073c39",212,false,0,4
"0x00063d0d","00073d0d","FUN_00073d0d",195,false,0,4
"0x00063dd0","00073dd0","FUN_00073dd0",246,false,0,4
"0x00063ec6","00073ec6","FUN_00073ec6",265,false,0,4
"0x00063fcf","00073fcf","FUN_00073fcf",246,false,0,4
"0x000640c5","000740c5","FUN_000740c5",289,false,0,4
"0x000641e6","000741e6","FUN_000741e6",239,false,0,4
"0x000642d5","000742d5","FUN_000742d5",265,false,3,4
"0x000643de","000743de","FUN_000743de",56,false,1,1
"0x00064416","00074416","FUN_00074416",65,false,0,1
"0x00064457","00074457","FUN_00074457",56,false,1,1
"0x0006448f","0007448f","FUN_0007448f",65,false,0,1
"0x000644d0","000744d0","FUN_000744d0",54,false,0,1
"0x00064506","00074506","FUN_00074506",246,false,0,4
"0x000645fc","000745fc","FUN_000745fc",210,false,0,4
"0x000646ce","000746ce","FUN_000746ce",239,false,23,4
"0x000647bd","000747bd","FUN_000747bd",42,false,0,1
"0x000647e7","000747e7","FUN_000747e7",40,false,0,1
"0x0006480f","0007480f","FUN_0007480f",42,false,0,1
"0x00064839","00074839","FUN_00074839",40,false,0,1
"0x00064861","00074861","FUN_00074861",42,false,0,1
"0x0006488b","0007488b","FUN_0007488b",42,false,0,1
"0x000648b5","000748b5","FUN_000748b5",40,false,0,1
"0x000648dd","000748dd","FUN_000748dd",48,false,0,1
"0x0006490d","0007490d","FUN_0007490d",46,false,0,1
"0x0006493b","0007493b","FUN_0007493b",48,false,0,1
"0x0006496b","0007496b","FUN_0007496b",46,false,0,1
"0x00064999","00074999","FUN_00074999",48,false,0,1
"0x000649c9","000749c9","FUN_000749c9",46,false,0,1
"0x000649f7","000749f7","FUN_000749f7",48,false,0,1
"0x00064a27","00074a27","FUN_00074a27",46,false,0,1
"0x00064a55","00074a55","FUN_00074a55",49,false,0,1
"0x00064a86","00074a86","FUN_00074a86",47,false,0,1
"0x00064ab5","00074ab5","FUN_00074ab5",49,false,0,1
"0x00064ae6","00074ae6","FUN_00074ae6",47,false,0,1
"0x00064b15","00074b15","FUN_00074b15",49,false,0,1
"0x00064b46","00074b46","FUN_00074b46",47,false,0,1
"0x00064b75","00074b75","FUN_00074b75",49,false,0,1
"0x00064ba6","00074ba6","FUN_00074ba6",47,false,0,1
"0x00064bd5","00074bd5","FUN_00074bd5",239,false,1,4
"0x00064cc4","00074cc4","FUN_00074cc4",34,false,0,1
"0x00064ce6","00074ce6","FUN_00074ce6",224,false,3,4
"0x00064dc6","00074dc6","FUN_00074dc6",34,false,0,1
"0x00064de8","00074de8","FUN_00074de8",32,false,0,1
"0x00064e08","00074e08","FUN_00074e08",26,false,0,1
"0x00064e22","00074e22","FUN_00074e22",165,false,0,4
"0x00064ec7","00074ec7","FUN_00074ec7",165,false,0,4
"0x00064f6c","00074f6c","FUN_00074f6c",211,false,0,4
"0x0006503f","0007503f","FUN_0007503f",224,false,0,4
"0x0006511f","0007511f","FUN_0007511f",222,false,0,4
"0x000651fd","000751fd","FUN_000751fd",222,false,0,4
"0x000652db","000752db","FUN_000752db",276,false,0,4
"0x000653ef","000753ef","FUN_000753ef",193,false,0,4
"0x000654b0","000754b0","FUN_000754b0",269,false,0,4
"0x000655bd","000755bd","FUN_000755bd",193,false,0,4
"0x0006567e","0007567e","FUN_0007567e",248,false,0,4
"0x00065776","00075776","FUN_00075776",248,false,0,4
"0x0006586e","0007586e","FUN_0007586e",165,false,0,4
"0x00065913","00075913","FUN_00075913",206,false,0,4
"0x000659e1","000759e1","FUN_000759e1",330,false,0,4
"0x00065b2b","00075b2b","FUN_00075b2b",236,false,0,4
"0x00065c17","00075c17","FUN_00075c17",207,false,0,4
"0x00065ce6","00075ce6","FUN_00075ce6",236,false,0,4
"0x00065dd2","00075dd2","FUN_00075dd2",274,false,0,4
"0x00065ee4","00075ee4","FUN_00075ee4",232,false,0,4
"0x00065fcc","00075fcc","FUN_00075fcc",261,false,0,4
"0x000660d1","000760d1","FUN_000760d1",235,false,0,4
"0x000661bc","000761bc","FUN_000761bc",261,false,0,4
"0x000662c1","000762c1","FUN_000762c1",248,false,0,4
"0x000663b9","000763b9","FUN_000763b9",180,false,0,4
"0x0006646d","0007646d","FUN_0007646d",206,false,0,4
"0x0006653b","0007653b","FUN_0007653b",193,false,1,4
"0x000665fc","000765fc","FUN_000765fc",33,false,0,1
"0x0006661d","0007661d","FUN_0007661d",223,false,3,4
"0x000666fc","000766fc","FUN_000766fc",60,false,0,1
"0x00066738","00076738","FUN_00076738",58,false,0,1
"0x00066772","00076772","FUN_00076772",33,false,0,1
"0x00066793","00076793","FUN_00076793",223,false,4,4
"0x00066872","00076872","FUN_00076872",59,false,1,1
"0x000668ad","000768ad","FUN_000768ad",33,false,0,1
"0x000668ce","000768ce","FUN_000768ce",33,false,0,1
"0x000668ef","000768ef","FUN_000768ef",59,false,0,1
"0x0006692a","0007692a","FUN_0007692a",39,false,0,1
"0x00066951","00076951","FUN_00076951",254,false,3,4
"0x00066a4f","00076a4f","FUN_00076a4f",138,false,0,2
"0x00066ad9","00076ad9","FUN_00076ad9",58,false,0,1
"0x00066b13","00076b13","FUN_00076b13",33,false,0,1
"0x00066b34","00076b34","FUN_00076b34",193,false,0,4
"0x00066bf5","00076bf5","FUN_00076bf5",165,false,0,4
"0x00066c9a","00076c9a","FUN_00076c9a",193,false,0,4
"0x00066d5b","00076d5b","FUN_00076d5b",165,false,0,4
"0x00066e00","00076e00","FUN_00076e00",206,false,0,4
"0x00066ece","00076ece","FUN_00076ece",193,false,1,4
"0x00066f8f","00076f8f","FUN_00076f8f",33,false,0,1
"0x00066fb0","00076fb0","FUN_00076fb0",206,false,1,4
"0x0006707e","0007707e","FUN_0007707e",40,false,0,1
"0x000670a6","000770a6","FUN_000770a6",165,false,0,4
"0x0006714b","0007714b","FUN_0007714b",206,false,23,4
"0x00067219","00077219","FUN_00077219",42,false,0,1
"0x00067243","00077243","FUN_00077243",40,false,0,1
"0x0006726b","0007726b","FUN_0007726b",42,false,0,1
"0x00067295","00077295","FUN_00077295",40,false,0,1
"0x000672bd","000772bd","FUN_000772bd",42,false,0,1
"0x000672e7","000772e7","FUN_000772e7",42,false,0,1
"0x00067311","00077311","FUN_00077311",40,false,0,1
"0x00067339","00077339","FUN_00077339",48,false,0,1
"0x00067369","00077369","FUN_00077369",46,false,0,1
"0x00067397","00077397","FUN_00077397",48,false,0,1
"0x000673c7","000773c7","FUN_000773c7",46,false,0,1
"0x000673f5","000773f5","FUN_000773f5",48,false,0,1
"0x00067425","00077425","FUN_00077425",46,false,0,1
"0x00067453","00077453","FUN_00077453",48,false,0,1
"0x00067483","00077483","FUN_00077483",46,false,0,1
"0x000674b1","000774b1","FUN_000774b1",49,false,0,1
"0x000674e2","000774e2","FUN_000774e2",47,false,0,1
"0x00067511","00077511","FUN_00077511",49,false,0,1
"0x00067542","00077542","FUN_00077542",47,false,0,1
"0x00067571","00077571","FUN_00077571",49,false,0,1
"0x000675a2","000775a2","FUN_000775a2",47,false,0,1
"0x000675d1","000775d1","FUN_000775d1",49,false,0,1
"0x00067602","00077602","FUN_00077602",47,false,0,1
"0x00067631","00077631","FUN_00077631",165,false,0,4
"0x000676d6","000776d6","FUN_000776d6",156,false,0,4
"0x00067772","00077772","FUN_00077772",165,false,0,4
"0x00067817","00077817","FUN_00077817",156,false,0,4
"0x000678b3","000778b3","FUN_000778b3",156,false,0,4
"0x0006794f","0007794f","FUN_0007794f",156,false,0,4
"0x000679eb","000779eb","FUN_000779eb",180,false,1,4
"0x00067a9f","00077a9f","FUN_00077a9f",71,false,0,3
"0x00067ae6","00077ae6","FUN_00077ae6",180,false,0,4
"0x00067b9a","00077b9a","FUN_00077b9a",165,false,0,4
"0x00067c3f","00077c3f","FUN_00077c3f",180,false,0,4
"0x00067cf3","00077cf3","FUN_00077cf3",180,false,1,4
"0x00067da7","00077da7","FUN_00077da7",26,false,0,1
"0x00067dc1","00077dc1","FUN_00077dc1",165,false,0,4
"0x00067e66","00077e66","FUN_00077e66",271,false,0,4
"0x00067f75","00077f75","FUN_00077f75",185,false,3,4
"0x0006802e","0007802e","FUN_0007802e",49,false,0,1
"0x0006805f","0007805f","FUN_0007805f",165,false,0,4
"0x00068104","00078104","FUN_00078104",235,false,1,4
"0x000681ef","000781ef","FUN_000781ef",54,false,0,1
"0x00068225","00078225","FUN_00078225",193,false,1,4
"0x000682e6","000782e6","FUN_000782e6",33,false,0,1
"0x00068307","00078307","FUN_00078307",165,false,0,4
"0x000683ac","000783ac","FUN_000783ac",165,false,0,4
"0x00068451","00078451","FUN_00078451",185,false,3,4
"0x0006850a","0007850a","FUN_0007850a",49,false,0,1
"0x0006853b","0007853b","FUN_0007853b",156,false,0,4
"0x000685d7","000785d7","FUN_000785d7",162,false,0,4
"0x00068679","00078679","FUN_00078679",165,false,0,4
"0x0006871e","0007871e","FUN_0007871e",195,false,0,4
"0x000687e1","000787e1","FUN_000787e1",280,false,2,4
"0x000688f9","000788f9","FUN_000788f9",182,false,1,2
"0x000689af","000789af","FUN_000789af",33,false,0,1
"0x000689d0","000789d0","FUN_000789d0",33,false,0,1
"0x000689f1","000789f1","FUN_000789f1",210,false,2,4
"0x00068ac3","00078ac3","FUN_00078ac3",156,false,1,2
"0x00068b5f","00078b5f","FUN_00078b5f",26,false,0,1
"0x00068b79","00078b79","FUN_00078b79",26,false,0,1
"0x00068b93","00078b93","FUN_00078b93",156,false,0,4
"0x00068c2f","00078c2f","FUN_00078c2f",165,false,0,4
"0x00068cd4","00078cd4","FUN_00078cd4",180,false,0,4
"0x00068d88","00078d88","FUN_00078d88",271,false,0,4
"0x00068e97","00078e97","FUN_00078e97",165,false,0,4
"0x00068f3c","00078f3c","FUN_00078f3c",210,false,2,4
"0x0006900e","0007900e","FUN_0007900e",138,false,1,2
"0x00069098","00079098","FUN_00079098",26,false,0,1
"0x000690b2","000790b2","FUN_000790b2",26,false,0,1
"0x000690cc","000790cc","FUN_000790cc",165,false,0,4
"0x00069171","00079171","FUN_00079171",165,false,0,4
"0x00069216","00079216","FUN_00079216",165,false,0,4
"0x000692bb","000792bb","FUN_000792bb",192,false,0,4
"0x0006937b","0007937b","FUN_0007937b",183,false,0,4
"0x00069432","00079432","FUN_00079432",165,false,0,4
"0x000694d7","000794d7","FUN_000794d7",165,false,0,4
"0x0006957c","0007957c","FUN_0007957c",222,false,0,4
"0x0006965a","0007965a","FUN_0007965a",180,false,0,4
"0x0006970e","0007970e","FUN_0007970e",251,false,0,4
"0x00069809","00079809","FUN_00079809",210,false,0,4
"0x000698db","000798db","FUN_000798db",165,false,0,4
"0x00069980","00079980","FUN_00079980",165,false,0,4
"0x00069a25","00079a25","FUN_00079a25",171,false,0,4
"0x00069ad0","00079ad0","FUN_00079ad0",206,false,0,4
"0x00069b9e","00079b9e","FUN_00079b9e",206,false,0,4
"0x00069c6c","00079c6c","FUN_00079c6c",165,false,0,4
"0x00069d11","00079d11","FUN_00079d11",180,false,0,4
"0x00069dc5","00079dc5","FUN_00079dc5",180,false,0,4
"0x00069e79","00079e79","_mesa_save_CallList",138,false,0,3
"0x00069f03","00079f03","FUN_00079f03",313,false,0,7
"0x0006a03c","0007a03c","FUN_0007a03c",341,false,3,7
"0x0006a191","0007a191","FUN_0007a191",63,false,0,1
"0x0006a1d0","0007a1d0","FUN_0007a1d0",63,false,0,1
"0x0006a20f","0007a20f","FUN_0007a20f",61,false,0,1
"0x0006a24c","0007a24c","FUN_0007a24c",313,false,0,7
"0x0006a385","0007a385","FUN_0007a385",287,false,0,7
"0x0006a4a4","0007a4a4","FUN_0007a4a4",247,false,2,6
"0x0006a59b","0007a59b","FUN_0007a59b",162,false,0,2
"0x0006a63d","0007a63d","FUN_0007a63d",206,false,0,2
"0x0006a70b","0007a70b","FUN_0007a70b",347,false,0,8
"0x0006a866","0007a866","FUN_0007a866",373,false,0,8
"0x0006a9db","0007a9db","FUN_0007a9db",402,false,0,8
"0x0006ab6d","0007ab6d","FUN_0007ab6d",454,false,0,8
"0x0006ad33","0007ad33","FUN_0007ad33",456,false,0,8
"0x0006aefb","0007aefb","FUN_0007aefb",477,false,0,8
"0x0006b0d8","0007b0d8","_mesa_delete_list",152,false,2,2
"0x0006b44c","0007b44c","FUN_0007b44c",59,false,0,3
"0x0006b487","0007b487","FUN_0007b487",59,false,0,3
"0x0006b4c2","0007b4c2","FUN_0007b4c2",59,false,0,3
"0x0006b4fd","0007b4fd","FUN_0007b4fd",59,false,0,3
"0x0006b538","0007b538","FUN_0007b538",241,false,12,3
"0x0006b629","0007b629","FUN_0007b629",321,false,0,6
"0x0006b76a","0007b76a","FUN_0007b76a",309,false,0,6
"0x0006b89f","0007b89f","FUN_0007b89f",309,false,0,6
"0x0006b9d4","0007b9d4","FUN_0007b9d4",372,false,0,6
"0x0006bb48","0007bb48","FUN_0007bb48",452,false,0,6
"0x0006bd0c","0007bd0c","FUN_0007bd0c",347,false,0,6
"0x0006be67","0007be67","FUN_0007be67",322,false,0,6
"0x0006bfa9","0007bfa9","FUN_0007bfa9",433,false,0,6
"0x0006c15a","0007c15a","FUN_0007c15a",414,false,0,6
"0x0006c2f8","0007c2f8","FUN_0007c2f8",258,false,0,6
"0x0006c3fa","0007c3fa","FUN_0007c3fa",295,false,0,6
"0x0006c521","0007c521","FUN_0007c521",390,false,0,7
"0x0006c6a7","0007c6a7","FUN_0007c6a7",370,false,0,6
"0x0006c819","0007c819","FUN_0007c819",394,false,0,6
"0x0006c9a3","0007c9a3","FUN_0007c9a3",297,false,0,6
"0x0006cacc","0007cacc","FUN_0007cacc",309,false,0,6
"0x0006cc01","0007cc01","FUN_0007cc01",295,false,0,6
"0x0006cd28","0007cd28","FUN_0007cd28",57,false,2,1
"0x0006ce1d","0007ce1d","_mesa_save_CallLists",209,false,0,4
"0x0006ceee","0007ceee","FUN_0007ceee",414,false,2,6
"0x0006fe1b","0007fe1b","_mesa_CallLists",204,false,0,6
"0x0006fee7","0007fee7","_mesa_CallList",189,false,0,5
"0x0006ffa4","0007ffa4","FUN_0007ffa4",97,false,2,4
"0x00070005","00080005","_mesa_EndList",306,false,0,7
"0x00070137","00080137","_mesa_DeleteLists",179,false,0,4
"0x000701ea","000801ea","FUN_000801ea",85,false,2,3
"0x0007023f","0008023f","_mesa_NewList",391,false,0,5
"0x000703c6","000803c6","_mesa_GenLists",296,false,0,8
"0x000704f0","000804f0","FUN_000804f0",33,false,0,1
"0x00070511","00080511","_mesa_lookup_enum_by_name",96,false,0,2
"0x00070571","00080571","FUN_00080571",50,false,0,2
"0x000705a3","000805a3","_mesa_lookup_enum_by_nr",134,false,7,3
"0x00070630","00080630","_mesa_evaluator_components",78,false,13,1
"0x00070691","00080691","FUN_00080691",251,false,4,0
"0x0007078c","0008078c","FUN_0008078c",256,false,4,0
"0x0007088c","0008088c","_mesa_free_eval_data",445,false,1,2
"0x00070a49","00080a49","FUN_00080a49",104,false,1,2
"0x00070ab1","00080ab1","FUN_00080ab1",120,false,1,2
"0x00070b29","00080b29","_mesa_init_eval",798,false,1,4
"0x00070e47","00080e47","_mesa_copy_map_points2d",325,false,2,3
"0x00070f8c","00080f8c","_mesa_copy_map_points2f",339,false,2,3
"0x000710df","000810df","_mesa_copy_map_points1d",161,false,2,3
"0x00071180","00081180","_mesa_copy_map_points1f",167,false,2,3
"0x00071227","00081227","_mesa_MapGrid2f",296,false,1,3
"0x0007134f","0008134f","_mesa_MapGrid2d",70,false,0,2
"0x00071395","00081395","_mesa_MapGrid1f",212,false,1,3
"0x00071469","00081469","_mesa_MapGrid1d",49,false,0,2
"0x0007149a","0008149a","_mesa_GetMapiv",426,false,0,6
"0x00071644","00081644","_mesa_GetMapfv",426,false,0,6
"0x000717ee","000817ee","_mesa_GetMapdv",457,false,0,6
"0x000719b7","000819b7","FUN_000819b7",707,false,2,8
"0x00071c7a","00081c7a","_mesa_Map2d",82,false,0,1
"0x00071ccc","00081ccc","_mesa_Map2f",82,false,0,1
"0x00071d1e","00081d1e","FUN_00081d1e",564,false,2,8
"0x00071f52","00081f52","_mesa_Map1d",54,false,0,1
"0x00071f88","00081f88","_mesa_Map1f",54,false,0,1
"0x00071fc0","00081fc0","_mesa_enable_imaging_extensions",71,false,1,0
"0x00072007","00082007","_mesa_enable_1_3_extensions",64,false,0,0
"0x00072047","00082047","_mesa_enable_1_4_extensions",120,false,0,0
"0x000720bf","000820bf","_mesa_enable_1_5_extensions",29,false,0,0
"0x000720dc","000820dc","_mesa_enable_2_0_extensions",64,false,0,0
"0x0007211c","0008211c","_mesa_enable_2_1_extensions",29,false,0,0
"0x00072139","00082139","_mesa_init_extensions",64,false,1,1
"0x00072179","00082179","_mesa_make_extension_string",221,false,1,4
"0x00072256","00082256","_mesa_extension_is_enabled",108,false,0,2
"0x000722c2","000822c2","FUN_000822c2",181,false,2,3
"0x00072377","00082377","_mesa_disable_extension",26,false,0,1
"0x00072391","00082391","_mesa_enable_extension",26,false,3,1
"0x000723ab","000823ab","_mesa_enable_sw_extensions",631,false,0,2
"0x00072630","00082630","FUN_00082630",5,false,0,0
"0x00072635","00082635","FUN_00082635",5,false,0,0
"0x0007263a","0008263a","_mesa_init_fbobjects",40,false,1,1
"0x00072662","00082662","_mesa_get_attachment",115,false,5,0
"0x000726d5","000826d5","FUN_000826d5",5,false,0,0
"0x000726da","000826da","_mesa_base_fbo_format",280,false,1,0
"0x000727f2","000827f2","_mesa_GetFramebufferAttachmentParameterivEXT",481,false,0,4
"0x00072b1a","00082b1a","_mesa_GetRenderbufferParameterivEXT",262,false,0,3
"0x00072cbf","00082cbf","_mesa_BlitFramebufferEXT",578,false,0,4
"0x00072f01","00082f01","_mesa_GenerateMipmapEXT",338,false,0,6
"0x00073053","00083053","_mesa_RenderbufferStorageEXT",764,false,0,5
"0x0007334f","0008334f","FUN_0008334f",571,false,1,2
"0x0007358a","0008358a","_mesa_test_framebuffer_completeness",959,false,4,4
"0x00073949","00083949","_mesa_CheckFramebufferStatusEXT",366,false,0,4
"0x00073ab7","00083ab7","_mesa_GenFramebuffersEXT",253,false,0,7
"0x00073bb4","00083bb4","_mesa_GenRenderbuffersEXT",253,false,0,7
"0x00073cb1","00083cb1","_mesa_remove_attachment",130,false,5,3
"0x00073d33","00083d33","_mesa_set_renderbuffer_attachment",86,false,1,3
"0x00073d89","00083d89","_mesa_framebuffer_renderbuffer",119,false,1,6
"0x00073e00","00083e00","_mesa_set_texture_attachment",208,false,1,4
"0x00073ed0","00083ed0","FUN_00083ed0",750,false,4,9
"0x000741be","000841be","_mesa_FramebufferTextureLayerEXT",98,false,0,3
"0x00074220","00084220","_mesa_FramebufferTexture3DEXT",147,false,0,4
"0x000742b3","000842b3","_mesa_FramebufferTexture2DEXT",172,false,0,4
"0x0007435f","0008435f","_mesa_FramebufferTexture1DEXT",149,false,0,4
"0x000743f4","000843f4","_mesa_lookup_framebuffer",56,false,3,2
"0x0007442c","0008442c","_mesa_BindFramebufferEXT",872,false,1,6
"0x00074794","00084794","_mesa_DeleteFramebuffersEXT",271,false,0,7
"0x000748a3","000848a3","_mesa_IsFramebufferEXT",130,false,0,4
"0x00074925","00084925","_mesa_lookup_renderbuffer",56,false,5,2
"0x0007495d","0008495d","_mesa_FramebufferRenderbufferEXT",619,false,0,7
"0x00074bc8","00084bc8","_mesa_BindRenderbufferEXT",330,false,1,6
"0x00074d12","00084d12","_mesa_DeleteRenderbuffersEXT",268,false,0,7
"0x00074e1e","00084e1e","_mesa_IsRenderbufferEXT",130,false,0,4
"0x00074ea0","00084ea0","_mesa_feedback_vertex",534,false,4,0
"0x000750b6","000850b6","_mesa_update_hitflag",56,false,5,0
"0x000750ee","000850ee","_mesa_init_feedback",108,false,1,0
"0x0007515a","0008515a","_mesa_SelectBuffer",223,false,0,3
"0x00075239","00085239","_mesa_PassThrough",196,false,0,3
"0x000752fd","000852fd","_mesa_FeedbackBuffer",264,false,0,3
"0x000754a2","000854a2","FUN_000854a2",356,false,5,2
"0x00075606","00085606","_mesa_RenderMode",516,false,0,4
"0x0007580a","0008580a","_mesa_PopName",200,false,0,4
"0x000758d2","000858d2","_mesa_PushName",211,false,0,4
"0x000759a5","000859a5","_mesa_LoadName",225,false,0,4
"0x00075a86","00085a86","_mesa_InitNames",190,false,0,4
"0x00075b50","00085b50","FUN_00085b50",89,false,1,0
"0x00075ba9","00085ba9","FUN_00085ba9",104,false,1,0
"0x00075c11","00085c11","FUN_00085c11",74,false,5,0
"0x00075c5b","00085c5b","FUN_00085c5b",76,false,3,0
"0x00075ca7","00085ca7","FUN_00085ca7",163,false,3,0
"0x00075d4a","00085d4a","FUN_00085d4a",42,false,7,1
"0x00075d74","00085d74","FUN_00085d74",62,false,6,0
"0x00075db2","00085db2","FUN_00085db2",11,false,2,0
"0x00075dbd","00085dbd","FUN_00085dbd",48,false,8,1
"0x00075ded","00085ded","FUN_00085ded",48,false,5,1
"0x00075e1d","00085e1d","FUN_00085e1d",13,false,7,0
"0x00075e2a","00085e2a","FUN_00085e2a",138,false,1,0
"0x00075eb4","00085eb4","FUN_00085eb4",12,false,2,0
"0x00075ec0","00085ec0","FUN_00085ec0",99,false,8,3
"0x00075f23","00085f23","FUN_00085f23",101,false,5,1
"0x00075f88","00085f88","FUN_00085f88",132,false,3,3
"0x0007600c","0008600c","FUN_0008600c",158,false,9,5
"0x000760aa","000860aa","FUN_000860aa",75,false,4,1
"0x000760f5","000860f5","FUN_000860f5",108,false,2,3
"0x00076161","00086161","FUN_00086161",91,false,4,2
"0x000761bc","000861bc","FUN_000861bc",424,false,13,7
"0x00076364","00086364","FUN_00086364",711,false,3,5
"0x0007662b","0008662b","FUN_0008662b",152,false,2,5
"0x000766c3","000866c3","FUN_000866c3",276,false,2,3
"0x000767d7","000867d7","FUN_000867d7",340,false,1,5
"0x0007692b","0008692b","FUN_0008692b",255,false,3,5
"0x00076a2a","00086a2a","FUN_00086a2a",93,false,2,4
"0x00076a87","00086a87","FUN_00086a87",639,false,2,9
"0x00076d06","00086d06","FUN_00086d06",289,false,1,6
"0x00076e27","00086e27","FUN_00086e27",210,false,1,4
"0x00076ef9","00086ef9","FUN_00086ef9",148,false,2,4
"0x00076f8d","00086f8d","FUN_00086f8d",261,false,2,7
"0x00077092","00087092","FUN_00087092",1096,false,1,11
"0x000774da","000874da","FUN_000874da",1784,false,1,17
"0x00077d3d","00087d3d","FUN_00087d3d",780,false,1,8
"0x00078049","00088049","FUN_00088049",7084,false,1,31
"0x00079bf5","00089bf5","_mesa_get_fixed_func_vertex_program",1105,false,3,7
"0x0007a050","0008a050","_mesa_init_fog",108,false,1,0
"0x0007a0bc","0008a0bc","_mesa_Fogfv",1256,false,4,3
"0x0007a5a4","0008a5a4","_mesa_Fogiv",148,false,0,2
"0x0007a638","0008a638","_mesa_Fogi",48,false,1,2
"0x0007a668","0008a668","_mesa_Fogf",42,false,1,2
"0x0007a6a0","0008a6a0","FUN_0008a6a0",129,false,3,1
"0x0007a721","0008a721","_mesa_dest_buffer_exists",397,false,2,2
"0x0007a8ae","0008a8ae","_mesa_source_buffer_exists",396,false,4,2
"0x0007aa3a","0008aa3a","_mesa_update_stencil_buffer",137,false,2,3
"0x0007aac3","0008aac3","_mesa_update_depth_buffer",137,false,2,3
"0x0007ab4c","0008ab4c","_mesa_update_framebuffer_visual",264,false,2,3
"0x0007ac54","0008ac54","FUN_0008ac54",296,false,1,7
"0x0007ad7c","0008ad7c","_mesa_update_framebuffer",64,false,2,1
"0x0007adbc","0008adbc","_mesa_update_draw_buffer_bounds",346,false,3,0
"0x0007af16","0008af16","_mesa_resizebuffers",406,false,2,3
"0x0007b0ac","0008b0ac","_mesa_ResizeBuffersMESA",58,false,0,3
"0x0007b0e6","0008b0e6","_mesa_resize_framebuffer",442,false,1,4
"0x0007b2a0","0008b2a0","_mesa_unreference_framebuffer",142,false,4,4
"0x0007b32e","0008b32e","_mesa_reference_framebuffer",231,false,2,5
"0x0007b415","0008b415","_mesa_free_framebuffer_data",291,false,1,5
"0x0007b538","0008b538","_mesa_destroy_framebuffer",56,false,0,3
"0x0007b570","0008b570","_mesa_initialize_framebuffer",347,false,2,5
"0x0007b6cb","0008b6cb","_mesa_new_framebuffer",196,false,1,4
"0x0007b78f","0008b78f","_mesa_create_framebuffer",120,false,0,4
"0x0007b810","0008b810","_mesa_GetError",101,false,0,3
"0x0007b875","0008b875","_mesa_GetPointerv",850,false,0,3
"0x0007bbc7","0008bbc7","_mesa_GetString",1087,false,1,5
"0x0007c010","0008c010","_mesa_HashWalk",194,false,1,4
"0x0007c0d2","0008c0d2","_mesa_HashNextEntry",264,false,0,2
"0x0007c1da","0008c1da","_mesa_HashFirstEntry",150,false,0,4
"0x0007c270","0008c270","_mesa_HashLookup",198,false,20,2
"0x0007c336","0008c336","_mesa_HashFindFreeKeyBlock",190,false,11,4
"0x0007c3f4","0008c3f4","_mesa_HashPrint",151,false,0,3
"0x0007c48b","0008c48b","_mesa_HashDeleteAll",163,false,2,4
"0x0007c52e","0008c52e","_mesa_HashRemove",299,false,12,6
"0x0007c659","0008c659","_mesa_HashInsert",291,false,20,5
"0x0007c77c","0008c77c","_mesa_DeleteHashTable",193,false,3,5
"0x0007c83d","0008c83d","_mesa_NewHashTable",75,false,2,3
"0x0007c890","0008c890","_mesa_init_hint",98,false,1,0
"0x0007c8f2","0008c8f2","_mesa_Hint",1057,false,1,3
"0x0007cd20","0008cd20","FUN_0008cd20",201,false,2,0
"0x0007cde9","0008cde9","_mesa_init_histogram",206,false,1,0
"0x0007ceb7","0008ceb7","_mesa_ResetMinmax",269,false,1,3
"0x0007cfc4","0008cfc4","_mesa_ResetHistogram",263,false,0,3
"0x0007d0cb","0008d0cb","_mesa_Minmax",286,false,0,4
"0x0007d1e9","0008d1e9","_mesa_Histogram",641,false,0,4
"0x0007d46a","0008d46a","_mesa_GetMinmaxParameteriv",237,false,0,3
"0x0007d557","0008d557","_mesa_GetMinmaxParameterfv",262,false,0,3
"0x0007d65d","0008d65d","_mesa_GetHistogramParameteriv",226,false,0,3
"0x0007d7ad","0008d7ad","_mesa_GetHistogramParameterfv",230,false,0,3
"0x0007d948","0008d948","FUN_0008d948",11926,false,1,6
"0x000807de","000907de","_mesa_GetHistogram",708,false,0,6
"0x00080aa2","00090aa2","_mesa_GetMinmax",959,false,0,7
"0x00080e70","00090e70","_mesa_type_is_packed",81,false,2,0
"0x00080ec1","00090ec1","FUN_00090ec1",117,false,3,0
"0x00080f36","00090f36","_mesa_swap2",32,false,6,0
"0x00080f56","00090f56","_mesa_swap4",72,false,6,0
"0x00080f9e","00090f9e","_mesa_sizeof_type",123,false,0,0
"0x00081019","00091019","_mesa_sizeof_packed_type",264,false,4,0
"0x00081121","00091121","_mesa_components_in_format",200,false,18,0
"0x000811e9","000911e9","_mesa_bytes_per_pixel",603,false,6,2
"0x00081444","00091444","_mesa_is_legal_format_and_type",662,false,12,0
"0x000816da","000916da","_mesa_image_row_stride",197,false,21,2
"0x0008179f","0009179f","_mesa_image_image_stride",144,false,2,2
"0x0008182f","0009182f","_mesa_scale_and_bias_rgba",342,false,4,1
"0x00081985","00091985","_mesa_map_rgba",352,false,1,1
"0x00081ae5","00091ae5","_mesa_transform_rgba",276,false,1,0
"0x00081bf9","00091bf9","_mesa_map_ci_to_rgba",157,false,3,0
"0x00081c96","00091c96","_mesa_map_ci8_to_rgba8",166,false,1,0
"0x00081d3c","00091d3c","_mesa_scale_and_bias_depth",92,false,3,0
"0x00081d98","00091d98","_mesa_scale_and_bias_depth_uint",162,false,0,1
"0x00081e3a","00091e3a","FUN_00091e3a",178,false,4,0
"0x00081eec","00091eec","_mesa_apply_ci_transfer_ops",102,false,6,1
"0x00081f52","00091f52","_mesa_apply_stencil_transfer_ops",243,false,4,0
"0x00082045","00092045","_mesa_clip_drawpixels",334,false,2,0
"0x00082193","00092193","_mesa_clip_readpixels",180,false,1,0
"0x00082247","00092247","_mesa_clip_to_region",109,false,2,0
"0x000822b4","000922b4","_mesa_clip_copytexsubimage",162,false,3,2
"0x00082356","00092356","_mesa_pack_depth_stencil_span",424,false,1,6
"0x000824fe","000924fe","_mesa_convert_colors",1529,false,3,3
"0x00082af7","00092af7","_mesa_lookup_rgba_ubyte",1479,false,1,2
"0x000830be","000930be","_mesa_lookup_rgba_float",988,false,1,2
"0x0008349a","0009349a","_mesa_apply_rgba_transfer_ops",1125,false,5,6
"0x000838ff","000938ff","_mesa_image_address",440,false,20,5
"0x00083ab7","00093ab7","_mesa_image_address3d",99,false,0,2
"0x00083b1a","00093b1a","_mesa_image_address2d",100,false,16,2
"0x00083b7e","00093b7e","_mesa_pack_bitmap",438,false,1,4
"0x00083d34","00093d34","_mesa_pack_polygon_stipple",185,false,1,3
"0x00083ded","00093ded","_mesa_image_address1d",102,false,1,2
"0x00083e53","00093e53","_mesa_unpack_image",836,false,1,11
"0x00084197","00094197","_mesa_pack_depth_span",170,false,2,4
"0x00084554","00094554","_mesa_pack_stencil_span",1125,false,1,8
"0x000849b9","000949b9","_mesa_pack_index_span",162,false,2,4
"0x00084c4e","00094c4e","_mesa_pack_rgba_span_float",20408,false,7,8
"0x00089c06","00099c06","_mesa_unpack_depth_span",2211,false,6,3
"0x0008a4a9","0009a4a9","FUN_0009a4a9",1628,false,4,3
"0x0008ab05","0009ab05","_mesa_unpack_stencil_span",569,false,4,6
"0x0008ad3e","0009ad3e","_mesa_unpack_index_span",460,false,2,6
"0x0008af0a","0009af0a","FUN_0009af0a",16243,false,2,3
"0x0008ee7d","0009ee7d","_mesa_unpack_color_span_float",1284,false,6,10
"0x0008f381","0009f381","_mesa_unpack_color_span_chan",1808,false,1,11
"0x0008fa91","0009fa91","_mesa_unpack_bitmap",522,false,2,6
"0x0008fc9b","0009fc9b","_mesa_unpack_polygon_stipple",135,false,1,3
"0x0008fd30","0009fd30","_mesa_memset16",30,false,1,0
"0x0008fd4e","0009fd4e","_mesa_sqrtf",108,false,0,1
"0x0008fdba","0009fdba","_mesa_inv_sqrtf",77,false,3,1
"0x0008fe07","0009fe07","_mesa_bitcount",30,false,2,0
"0x0008fe25","0009fe25","_mesa_half_to_float",215,false,23,1
"0x0008fefc","0009fefc","_mesa_debug",5,false,14,0
"0x0008ff01","0009ff01","_mesa_exit",29,false,4,2
"0x0008ff1e","0009ff1e","_mesa_snprintf",72,false,3,2
"0x0008ff66","0009ff66","_mesa_problem",203,false,166,5
"0x00090031","000a0031","_mesa_vsprintf",65,false,3,2
"0x00090072","000a0072","_mesa_sprintf",65,false,19,2
"0x000900b3","000a00b3","_mesa_fprintf",137,false,0,4
"0x0009013c","000a013c","_mesa_printf",136,false,24,4
"0x000901c4","000a01c4","_mesa_strtod",42,false,1,2
"0x000901ee","000a01ee","_mesa_atoi",51,false,10,2
"0x00090221","000a0221","_mesa_strncmp",49,false,5,2
"0x00090252","000a0252","_mesa_strcmp",42,false,24,2
"0x0009027c","000a027c","_mesa_strlen",27,false,27,0
"0x00090297","000a0297","_mesa_strncpy",49,false,1,2
"0x000902c8","000a02c8","_mesa_strcpy",42,false,4,2
"0x000902f2","000a02f2","_mesa_strncat",49,false,0,2
"0x00090323","000a0323","_mesa_strstr",42,false,0,2
"0x0009034d","000a034d","_mesa_getenv",35,false,8,2
"0x00090370","000a0370","_mesa_error",364,false,465,6
"0x000904dc","000a04dc","_mesa_warning",173,false,14,5
"0x00090589","000a0589","_mesa_float_to_half",230,false,12,1
"0x00090739","000a0739","_mesa_bsearch",63,false,2,2
"0x00090778","000a0778","_mesa_ffs",35,false,5,2
"0x0009079b","000a079b","_mesa_ffsll",79,false,0,2
"0x000907ea","000a07ea","_mesa_pow",42,false,36,2
"0x00090814","000a0814","_mesa_sqrtd",10,false,1,0
"0x0009081e","000a081e","_mesa_init_sqrt_table",144,false,1,2
"0x000908ae","000a08ae","_mesa_atanf",14,false,0,0
"0x000908bc","000a08bc","_mesa_asinf",33,false,0,1
"0x000908dd","000a08dd","_mesa_cos",10,false,1,0
"0x000908e7","000a08e7","_mesa_sinf",10,false,0,0
"0x000908f1","000a08f1","_mesa_sin",10,false,1,0
"0x000908fb","000a08fb","_mesa_memcmp",50,false,1,0
"0x0009092d","000a092d","_mesa_bzero",50,false,23,2
"0x0009095f","000a095f","_mesa_memset",49,false,19,2
"0x00090990","000a0990","_mesa_memcpy",49,false,107,2
"0x000909c1","000a09c1","_mesa_align_free",35,false,13,2
"0x000909e4","000a09e4","_mesa_free",35,false,211,2
"0x00090a07","000a0a07","_mesa_align_malloc",52,false,10,2
"0x00090a3b","000a0a3b","_mesa_align_realloc",129,false,1,4
"0x00090abc","000a0abc","_mesa_align_calloc",85,false,1,3
"0x00090b11","000a0b11","_mesa_calloc",43,false,90,2
"0x00090b3c","000a0b3c","_mesa_malloc",35,false,96,2
"0x00090b5f","000a0b5f","_mesa_strdup",90,false,11,4
"0x00090bb9","000a0bb9","_mesa_realloc",122,false,11,4
"0x00090c40","000a0c40","_mesa_copy_materials",78,false,0,0
"0x00090c8e","000a0c8e","_mesa_invalidate_spot_exp_table",18,false,1,0
"0x00090ca0","000a0ca0","_mesa_invalidate_shine_table",40,false,1,0
"0x00090cc8","000a0cc8","_mesa_update_material",682,false,5,2
"0x00090f72","000a0f72","_mesa_update_color_material",112,false,4,2
"0x00090fe2","000a0fe2","_mesa_update_lighting",329,false,1,2
"0x0009112b","000a112b","_mesa_allow_light_in_model",29,false,0,0
"0x00091148","000a1148","_mesa_free_lighting_data",79,false,1,2
"0x00091197","000a1197","FUN_000a1197",143,false,1,2
"0x00091226","000a1226","FUN_000a1226",1214,false,1,1
"0x000916e4","000a16e4","_mesa_update_tnl_spaces",217,false,1,4
"0x000917bd","000a17bd","FUN_000a17bd",367,false,1,2
"0x0009192c","000a192c","_mesa_validate_all_lighting_tables",374,false,3,3
"0x00091aa2","000a1aa2","_mesa_GetMaterialiv",863,false,0,3
"0x00091e01","000a1e01","_mesa_GetMaterialfv",567,false,0,3
"0x00092038","000a2038","_mesa_material_bitmask",321,false,4,2
"0x00092179","000a2179","_mesa_init_lighting",994,false,1,4
"0x0009255b","000a255b","_mesa_ColorMaterial",316,false,1,5
"0x00092697","000a2697","_mesa_LightModelfv",730,false,3,3
"0x00092971","000a2971","_mesa_LightModelf",42,false,1,2
"0x0009299b","000a299b","_mesa_LightModeliv",156,false,1,2
"0x00092a37","000a2a37","_mesa_LightModeli",42,false,0,2
"0x00092a61","000a2a61","_mesa_GetLightiv",200,false,0,3
"0x00092dce","000a2dce","_mesa_GetLightfv",206,false,0,3
"0x00092fff","000a2fff","_mesa_ShadeModel",233,false,1,3
"0x000930e8","000a30e8","_mesa_light",93,false,1,2
"0x0009371c","000a371c","_mesa_Lightfv",220,false,2,3
"0x00093aa8","000a3aa8","_mesa_Lightiv",74,false,1,2
"0x00093b5e","000a3b5e","_mesa_Lighti",49,false,0,2
"0x00093b8f","000a3b8f","_mesa_Lightf",49,false,0,2
"0x00093bc0","000a3bc0","_mesa_init_line",51,false,1,0
"0x00093bf3","000a3bf3","_mesa_LineStipple",238,false,1,3
"0x00093ce1","000a3ce1","_mesa_LineWidth",246,false,1,3
"0x00093de0","000a3de0","_mesa_init_transform",164,false,1,0
"0x00093e84","000a3e84","_mesa_free_viewport_data",40,false,1,2
"0x00093eac","000a3eac","_mesa_init_viewport",177,false,1,3
"0x00093f5d","000a3f5d","FUN_000a3f5d",89,false,1,3
"0x00093fb6","000a3fb6","_mesa_free_matrix_data",133,false,1,3
"0x0009403b","000a403b","FUN_000a403b",135,false,1,4
"0x000940c2","000a40c2","_mesa_init_matrix",205,false,1,3
"0x0009418f","000a418f","_mesa_update_modelview_project",440,false,1,4
"0x00094347","000a4347","_mesa_DepthRange",332,false,1,4
"0x00094493","000a4493","_mesa_set_viewport",314,false,2,3
"0x000945cd","000a45cd","_mesa_Viewport",151,false,1,4
"0x00094664","000a4664","_mesa_MatrixMode",592,false,1,3
"0x000948b4","000a48b4","_mesa_Translatef",167,false,1,4
"0x0009495b","000a495b","_mesa_Translated",49,false,0,2
"0x0009498c","000a498c","_mesa_Scalef",167,false,1,4
"0x00094a33","000a4a33","_mesa_Scaled",49,false,0,2
"0x00094a64","000a4a64","_mesa_Rotatef",186,false,1,4
"0x00094b1e","000a4b1e","_mesa_Rotated",56,false,0,2
"0x00094b56","000a4b56","_mesa_MultMatrixf",163,false,3,4
"0x00094bf9","000a4bf9","_mesa_MultTransposeMatrixdARB",63,false,0,3
"0x00094c38","000a4c38","_mesa_MultTransposeMatrixfARB",63,false,0,3
"0x00094c77","000a4c77","_mesa_MultMatrixd",66,false,0,2
"0x00094cb9","000a4cb9","_mesa_LoadMatrixf",163,false,3,4
"0x00094d5c","000a4d5c","_mesa_LoadTransposeMatrixdARB",63,false,0,3
"0x00094d9b","000a4d9b","_mesa_LoadTransposeMatrixfARB",63,false,0,3
"0x00094dda","000a4dda","_mesa_LoadMatrixd",66,false,0,2
"0x00094e1c","000a4e1c","_mesa_LoadIdentity",146,false,0,4
"0x00094eae","000a4eae","_mesa_PopMatrix",251,false,0,4
"0x00094fa9","000a4fa9","_mesa_PushMatrix",260,false,0,5
"0x000950ad","000a50ad","_mesa_Ortho",281,false,0,4
"0x000951c6","000a51c6","_mesa_Frustum",305,false,0,4
"0x00095300","000a5300","_mesa_upscale_teximage2d",178,false,1,0
"0x000953b2","000a53b2","_mesa_rescale_teximage2d",1786,false,0,2
"0x00095aac","000a5aac","FUN_000a5aac",118,false,3,4
"0x00095b22","000a5b22","FUN_000a5b22",6474,false,3,4
"0x0009746c","000a746c","FUN_000a746c",981,false,2,4
"0x00097841","000a7841","FUN_000a7841",13858,false,1,8
"0x0009ae63","000aae63","_mesa_generate_mipmap_level",2034,false,1,7
"0x0009b655","000ab655","_mesa_generate_mipmap",1532,false,1,15
"0x0009bc60","000abc60","mmFindBlock",49,false,1,0
"0x0009bc91","000abc91","mmDestroy",68,false,1,2
"0x0009bcd5","000abcd5","mmAllocMem",501,false,3,3
"0x0009beca","000abeca","mmInit",141,false,2,3
"0x0009bf57","000abf57","mmDumpMemInfo",420,false,1,3
"0x0009c0fb","000ac0fb","mmFreeMem",416,false,3,4
"0x0009c29c","000ac29c","_mesa_init_multisample",53,false,1,0
"0x0009c2d1","000ac2d1","_mesa_SampleCoverageARB",215,false,1,3
"0x0009c3b0","000ac3b0","FUN_000ac3b0",47,false,4,1
"0x0009c42d","000ac42d","FUN_000ac42d",25,false,1,0
"0x0009c446","000ac446","_mesa_init_pixel",727,false,1,1
"0x0009c71d","000ac71d","_mesa_update_pixel",580,false,1,2
"0x0009c961","000ac961","_mesa_PixelZoom",134,false,0,2
"0x0009c9e7","000ac9e7","_mesa_PixelTransferf",2795,false,1,3
"0x0009d4d2","000ad4d2","_mesa_PixelTransferi",42,false,0,2
"0x0009d4fc","000ad4fc","FUN_000ad4fc",287,false,3,3
"0x0009d61b","000ad61b","_mesa_GetPixelMapusv",737,false,0,5
"0x0009d8fc","000ad8fc","_mesa_PixelMapusv",663,false,0,5
"0x0009db93","000adb93","_mesa_PixelMapuiv",691,false,0,5
"0x0009de46","000ade46","_mesa_PixelMapfv",494,false,0,5
"0x0009e034","000ae034","_mesa_GetPixelMapuiv",546,false,0,6
"0x0009e256","000ae256","_mesa_GetPixelMapfv",469,false,0,6
"0x0009e430","000ae430","_mesa_init_pixelstore",296,false,1,0
"0x0009e558","000ae558","_mesa_PixelStorei",2172,false,1,3
"0x0009edd4","000aedd4","_mesa_PixelStoref",61,false,0,2
"0x0009ee20","000aee20","_mesa_init_point",151,false,2,0
"0x0009eeb7","000aeeb7","_mesa_PointParameterfv",1356,false,4,3
"0x0009f403","000af403","_mesa_PointParameterf",42,false,1,2
"0x0009f42d","000af42d","_mesa_PointParameteriv",70,false,0,2
"0x0009f473","000af473","_mesa_PointParameteri",48,false,1,2
"0x0009f4a3","000af4a3","_mesa_PointSize",211,false,1,3
"0x0009f580","000af580","_mesa_init_polygon",162,false,1,2
"0x0009f622","000af622","_mesa_PolygonOffset",201,false,2,3
"0x0009f6eb","000af6eb","_mesa_PolygonOffsetEXT",71,false,0,3
"0x0009f732","000af732","_mesa_PolygonMode",470,false,1,3
"0x0009f908","000af908","_mesa_FrontFace",219,false,1,3
"0x0009f9e3","000af9e3","_mesa_CullFace",221,false,1,3
"0x0009fac0","000afac0","_mesa_GetPolygonStipple",370,false,0,5
"0x0009fc32","000afc32","_mesa_polygon_stipple",319,false,1,4
"0x0009fd71","000afd71","_mesa_PolygonStipple",162,false,0,4
"0x0009fe20","000afe20","_mesa_begin_query",5,false,0,0
"0x0009fe25","000afe25","_mesa_end_query",12,false,0,0
"0x0009fe31","000afe31","FUN_000afe31",27,false,0,0
"0x0009fe4c","000afe4c","_mesa_free_query_data",78,false,1,3
"0x0009fe9a","000afe9a","_mesa_init_query",59,false,1,2
"0x0009fed5","000afed5","_mesa_GetQueryivARB",335,false,0,3
"0x000a0024","000b0024","_mesa_EndQueryARB",338,false,0,3
"0x000a0176","000b0176","FUN_000b0176",42,false,7,2
"0x000a01a0","000b01a0","_mesa_GetQueryObjectui64vEXT",291,false,0,4
"0x000a02c3","000b02c3","_mesa_GetQueryObjecti64vEXT",296,false,0,4
"0x000a03eb","000b03eb","_mesa_GetQueryObjectuivARB",293,false,0,4
"0x000a0510","000b0510","_mesa_GetQueryObjectivARB",302,false,0,4
"0x000a063e","000b063e","_mesa_IsQueryARB",111,false,0,4
"0x000a06ad","000b06ad","_mesa_BeginQueryARB",585,false,0,5
"0x000a08f6","000b08f6","_mesa_DeleteQueriesARB",275,false,0,5
"0x000a0a09","000b0a09","_mesa_GenQueriesARB",324,false,0,5
"0x000a0b4d","000b0b4d","_mesa_delete_query",35,false,0,2
"0x000a0b70","000b0b70","_mesa_wait_query",75,false,0,2
"0x000a0bbb","000b0bbb","_mesa_new_query_object",68,false,0,2
"0x000a0c00","000b0c00","_mesa_init_rastpos",158,false,1,0
"0x000a0c9e","000b0c9e","FUN_000b0c9e",816,false,24,4
"0x000a0fce","000b0fce","_mesa_WindowPos4svMESA",42,false,0,1
"0x000a0ff8","000b0ff8","_mesa_WindowPos4ivMESA",42,false,0,1
"0x000a1022","000b1022","_mesa_WindowPos4fvMESA",42,false,0,1
"0x000a104c","000b104c","_mesa_WindowPos4dvMESA",42,false,0,1
"0x000a1076","000b1076","_mesa_WindowPos3svMESA",48,false,0,1
"0x000a10a6","000b10a6","_mesa_WindowPos3ivMESA",48,false,0,1
"0x000a10d6","000b10d6","_mesa_WindowPos3fvMESA",48,false,0,1
"0x000a1106","000b1106","_mesa_WindowPos3dvMESA",48,false,0,1
"0x000a1136","000b1136","_mesa_WindowPos2svMESA",49,false,0,1
"0x000a1167","000b1167","_mesa_WindowPos2ivMESA",49,false,0,1
"0x000a1198","000b1198","_mesa_WindowPos2fvMESA",49,false,0,1
"0x000a11c9","000b11c9","_mesa_WindowPos2dvMESA",49,false,0,1
"0x000a11fa","000b11fa","_mesa_WindowPos4sMESA",40,false,0,1
"0x000a1222","000b1222","_mesa_WindowPos4iMESA",40,false,0,1
"0x000a124a","000b124a","_mesa_WindowPos4fMESA",40,false,0,1
"0x000a1272","000b1272","_mesa_WindowPos4dMESA",40,false,0,1
"0x000a129a","000b129a","_mesa_WindowPos3sMESA",46,false,0,1
"0x000a12c8","000b12c8","_mesa_WindowPos3iMESA",46,false,0,1
"0x000a12f6","000b12f6","_mesa_WindowPos3fMESA",46,false,0,1
"0x000a1324","000b1324","_mesa_WindowPos3dMESA",46,false,0,1
"0x000a1352","000b1352","_mesa_WindowPos2sMESA",47,false,0,1
"0x000a1381","000b1381","_mesa_WindowPos2iMESA",47,false,0,1
"0x000a13b0","000b13b0","_mesa_WindowPos2fMESA",47,false,0,1
"0x000a13df","000b13df","_mesa_WindowPos2dMESA",47,false,0,1
"0x000a140e","000b140e","FUN_000b140e",192,false,24,4
"0x000a14ce","000b14ce","_mesa_RasterPos4sv",42,false,0,1
"0x000a14f8","000b14f8","_mesa_RasterPos4iv",42,false,0,1
"0x000a1522","000b1522","_mesa_RasterPos4fv",42,false,0,1
"0x000a154c","000b154c","_mesa_RasterPos4dv",42,false,0,1
"0x000a1576","000b1576","_mesa_RasterPos3sv",48,false,0,1
"0x000a15a6","000b15a6","_mesa_RasterPos3iv",48,false,0,1
"0x000a15d6","000b15d6","_mesa_RasterPos3fv",48,false,0,1
"0x000a1606","000b1606","_mesa_RasterPos3dv",48,false,0,1
"0x000a1636","000b1636","_mesa_RasterPos2sv",49,false,0,1
"0x000a1667","000b1667","_mesa_RasterPos2iv",49,false,0,1
"0x000a1698","000b1698","_mesa_RasterPos2fv",49,false,0,1
"0x000a16c9","000b16c9","_mesa_RasterPos2dv",49,false,0,1
"0x000a16fa","000b16fa","_mesa_RasterPos4s",40,false,0,1
"0x000a1722","000b1722","_mesa_RasterPos4i",40,false,0,1
"0x000a174a","000b174a","_mesa_RasterPos4f",40,false,0,1
"0x000a1772","000b1772","_mesa_RasterPos4d",40,false,0,1
"0x000a179a","000b179a","_mesa_RasterPos3s",46,false,0,1
"0x000a17c8","000b17c8","_mesa_RasterPos3i",46,false,0,1
"0x000a17f6","000b17f6","_mesa_RasterPos3f",46,false,0,1
"0x000a1824","000b1824","_mesa_RasterPos3d",46,false,0,1
"0x000a1852","000b1852","_mesa_RasterPos2s",47,false,0,1
"0x000a1881","000b1881","_mesa_RasterPos2i",47,false,0,1
"0x000a18b0","000b18b0","_mesa_RasterPos2f",47,false,0,1
"0x000a18df","000b18df","_mesa_RasterPos2d",47,false,0,1
"0x000a1910","000b1910","FUN_000b1910",33,false,0,0
"0x000a1931","000b1931","FUN_000b1931",60,false,0,0
"0x000a196d","000b196d","FUN_000b196d",120,false,0,0
"0x000a19e5","000b19e5","FUN_000b19e5",88,false,0,0
"0x000a1a3d","000b1a3d","FUN_000b1a3d",90,false,0,0
"0x000a1a97","000b1a97","FUN_000b1a97",33,false,0,0
"0x000a1ab8","000b1ab8","FUN_000b1ab8",61,false,0,0
"0x000a1af5","000b1af5","FUN_000b1af5",108,false,0,0
"0x000a1b61","000b1b61","FUN_000b1b61",89,false,0,0
"0x000a1bba","000b1bba","FUN_000b1bba",143,false,0,0
"0x000a1c49","000b1c49","FUN_000b1c49",33,false,0,0
"0x000a1c6a","000b1c6a","FUN_000b1c6a",59,false,0,0
"0x000a1ca5","000b1ca5","FUN_000b1ca5",108,false,0,0
"0x000a1d11","000b1d11","FUN_000b1d11",87,false,0,0
"0x000a1d68","000b1d68","FUN_000b1d68",83,false,0,0
"0x000a1dbb","000b1dbb","FUN_000b1dbb",10,false,0,0
"0x000a1dc5","000b1dc5","FUN_000b1dc5",82,false,0,0
"0x000a1e17","000b1e17","FUN_000b1e17",83,false,0,0
"0x000a1e6a","000b1e6a","FUN_000b1e6a",90,false,0,0
"0x000a1ec4","000b1ec4","FUN_000b1ec4",100,false,0,0
"0x000a1f28","000b1f28","FUN_000b1f28",94,false,0,0
"0x000a1f86","000b1f86","FUN_000b1f86",112,false,0,0
"0x000a1ff6","000b1ff6","FUN_000b1ff6",33,false,0,0
"0x000a2017","000b2017","FUN_000b2017",59,false,0,0
"0x000a2052","000b2052","FUN_000b2052",95,false,0,0
"0x000a20b1","000b20b1","FUN_000b20b1",87,false,0,0
"0x000a2108","000b2108","FUN_000b2108",83,false,0,0
"0x000a215b","000b215b","FUN_000b215b",33,false,0,0
"0x000a217c","000b217c","FUN_000b217c",61,false,0,0
"0x000a21b9","000b21b9","FUN_000b21b9",106,false,0,0
"0x000a2223","000b2223","FUN_000b2223",132,false,0,0
"0x000a22a7","000b22a7","FUN_000b22a7",10,false,0,0
"0x000a22b1","000b22b1","FUN_000b22b1",103,false,0,0
"0x000a2318","000b2318","FUN_000b2318",109,false,0,0
"0x000a2385","000b2385","FUN_000b2385",129,false,0,0
"0x000a2406","000b2406","FUN_000b2406",128,false,0,0
"0x000a2486","000b2486","FUN_000b2486",141,false,0,0
"0x000a2513","000b2513","FUN_000b2513",139,false,0,0
"0x000a259e","000b259e","FUN_000b259e",10,false,0,0
"0x000a25a8","000b25a8","_mesa_reference_renderbuffer",364,false,12,4
"0x000a2714","000b2714","_mesa_remove_renderbuffer",142,false,0,3
"0x000a27a2","000b27a2","_mesa_add_renderbuffer",378,false,8,3
"0x000a291c","000b291c","FUN_000b291c",53,false,1,2
"0x000a2951","000b2951","_mesa_copy_soft_alpha_renderbuffers",66,false,0,1
"0x000a2993","000b2993","FUN_000b2993",131,false,0,2
"0x000a2a16","000b2a16","FUN_000b2a16",79,false,0,2
"0x000a2a65","000b2a65","FUN_000b2a65",128,false,0,2
"0x000a2ae5","000b2ae5","FUN_000b2ae5",78,false,0,2
"0x000a2b33","000b2b33","FUN_000b2b33",116,false,0,2
"0x000a2ba7","000b2ba7","FUN_000b2ba7",62,false,0,2
"0x000a2be5","000b2be5","FUN_000b2be5",152,false,0,2
"0x000a2c7d","000b2c7d","FUN_000b2c7d",155,false,0,2
"0x000a2d18","000b2d18","FUN_000b2d18",68,false,0,2
"0x000a2d5c","000b2d5c","FUN_000b2d5c",131,false,0,2
"0x000a2ddf","000b2ddf","FUN_000b2ddf",68,false,0,2
"0x000a2e23","000b2e23","FUN_000b2e23",169,false,0,2
"0x000a2ecc","000b2ecc","FUN_000b2ecc",187,false,0,2
"0x000a2f87","000b2f87","FUN_000b2f87",75,false,0,2
"0x000a2fd2","000b2fd2","_mesa_delete_renderbuffer",59,false,0,2
"0x000a300d","000b300d","FUN_000b300d",190,false,0,4
"0x000a30cb","000b30cb","_mesa_soft_renderbuffer_storage",1836,false,1,5
"0x000a37f7","000b37f7","_mesa_init_renderbuffer",228,false,6,2
"0x000a38db","000b38db","_mesa_new_renderbuffer",68,false,11,3
"0x000a391f","000b391f","_mesa_new_depthstencil_renderbuffer",73,false,0,2
"0x000a3968","000b3968","_mesa_add_aux_renderbuffers",318,false,1,6
"0x000a3aa6","000b3aa6","_mesa_add_accum_renderbuffer",250,false,1,6
"0x000a3ba0","000b3ba0","_mesa_add_stencil_renderbuffer",240,false,1,6
"0x000a3c90","000b3c90","_mesa_add_depth_renderbuffer",263,false,1,6
"0x000a3d97","000b3d97","_mesa_add_alpha_renderbuffers",599,false,1,6
"0x000a3fee","000b3fee","_mesa_add_color_index_renderbuffers",367,false,1,6
"0x000a415d","000b415d","_mesa_add_color_renderbuffers",453,false,1,6
"0x000a4322","000b4322","_mesa_add_soft_renderbuffers",1014,false,1,9
"0x000a4718","000b4718","_mesa_new_soft_renderbuffer",59,false,0,2
"0x000a4753","000b4753","FUN_000b4753",209,false,0,2
"0x000a4824","000b4824","FUN_000b4824",156,false,0,2
"0x000a48c0","000b48c0","_mesa_set_scissor",168,false,2,0
"0x000a4968","000b4968","_mesa_init_scissor",55,false,1,0
"0x000a499f","000b499f","_mesa_Scissor",161,false,1,4
"0x000a4a40","000b4a40","_mesa_update_state_locked",1997,false,2,13
"0x000a520d","000b520d","_mesa_update_state",60,false,40,4
"0x000a5250","000b5250","FUN_000b5250",94,false,2,0
"0x000a52ae","000b52ae","FUN_000b52ae",17,false,3,0
"0x000a52bf","000b52bf","_mesa_update_stencil",137,false,1,0
"0x000a5348","000b5348","_mesa_init_stencil",256,false,1,0
"0x000a5448","000b5448","_mesa_StencilMaskSeparate",251,false,1,3
"0x000a5543","000b5543","_mesa_StencilFuncSeparate",387,false,1,4
"0x000a56c6","000b56c6","_mesa_StencilOpSeparate",556,false,1,4
"0x000a58f2","000b58f2","_mesa_ActiveStencilFaceEXT",224,false,1,3
"0x000a59d2","000b59d2","_mesa_StencilOp",623,false,0,4
"0x000a5c41","000b5c41","_mesa_StencilMask",330,false,0,3
"0x000a5d8b","000b5d8b","_mesa_StencilFunc",578,false,0,4
"0x000a5fcd","000b5fcd","_mesa_StencilFuncSeparateATI",455,false,0,4
"0x000a6194","000b6194","_mesa_ClearStencil",173,false,1,3
"0x000a6250","000b6250","_mesa_get_compressed_formats",264,false,4,0
"0x000a6358","000b6358","_mesa_compressed_image_address",295,false,7,2
"0x000a647f","000b647f","_mesa_compressed_row_stride",153,false,8,2
"0x000a6518","000b6518","_mesa_compressed_texture_size",153,false,3,2
"0x000a65b1","000b65b1","_mesa_compressed_texture_size_glenum",248,false,2,2
"0x000a66ac","000b66ac","FUN_000b66ac",99,false,1,2
"0x000a670f","000b670f","FUN_000b670f",113,false,0,2
"0x000a6780","000b6780","FUN_000b6780",99,false,1,2
"0x000a67e3","000b67e3","FUN_000b67e3",113,false,0,2
"0x000a6854","000b6854","FUN_000b6854",99,false,1,2
"0x000a68b7","000b68b7","FUN_000b68b7",113,false,0,2
"0x000a6928","000b6928","FUN_000b6928",99,false,1,2
"0x000a698b","000b698b","FUN_000b698b",113,false,0,2
"0x000a69fc","000b69fc","FUN_000b69fc",390,false,0,7
"0x000a6b82","000b6b82","FUN_000b6b82",390,false,0,7
"0x000a6d08","000b6d08","FUN_000b6d08",390,false,0,7
"0x000a6e8e","000b6e8e","FUN_000b6e8e",390,false,0,7
"0x000a7014","000b7014","_mesa_init_texture_s3tc",451,false,1,5
"0x000a71e0","000b71e0","_mesa_init_texture_fxt1",5,false,1,0
"0x000a71e5","000b71e5","FUN_000b71e5",220,false,1,1
"0x000a72c1","000b72c1","FUN_000b72c1",456,false,0,1
"0x000a7489","000b7489","FUN_000b7489",159,false,0,1
"0x000a7528","000b7528","FUN_000b7528",820,false,0,1
"0x000a785c","000b785c","FUN_000b785c",758,false,0,1
"0x000a7b52","000b7b52","fxt1_decode_1",150,false,4,1
"0x000a7be8","000b7be8","FUN_000b7be8",116,false,0,2
"0x000a7c5c","000b7c5c","FUN_000b7c5c",66,false,0,2
"0x000a7c9e","000b7c9e","FUN_000b7c9e",113,false,0,2
"0x000a7d0f","000b7d0f","FUN_000b7d0f",79,false,0,2
"0x000a7d5e","000b7d5e","FUN_000b7d5e",5003,false,1,3
"0x000a90e9","000b90e9","FUN_000b90e9",539,false,2,8
"0x000a9304","000b9304","FUN_000b9304",449,false,0,7
"0x000a94c5","000b94c5","FUN_000b94c5",449,false,0,7
"0x000a9690","000b9690","FUN_000b9690",92,false,1,0
"0x000a96ec","000b96ec","FUN_000b96ec",88,false,1,0
"0x000a9744","000b9744","FUN_000b9744",224,false,1,0
"0x000a9824","000b9824","FUN_000b9824",67,false,5,0
"0x000a9867","000b9867","FUN_000b9867",125,false,0,0
"0x000a98e4","000b98e4","FUN_000b98e4",13,false,6,0
"0x000a98f1","000b98f1","FUN_000b98f1",37,false,1,0
"0x000a9916","000b9916","FUN_000b9916",47,false,3,1
"0x000a9945","000b9945","FUN_000b9945",153,false,1,0
"0x000a99de","000b99de","FUN_000b99de",55,false,2,2
"0x000a9a15","000b9a15","FUN_000b9a15",179,false,1,5
"0x000a9ac8","000b9ac8","FUN_000b9ac8",322,false,2,4
"0x000a9c0a","000b9c0a","FUN_000b9c0a",265,false,1,2
"0x000a9d13","000b9d13","FUN_000b9d13",107,false,4,3
"0x000a9d7e","000b9d7e","FUN_000b9d7e",87,false,1,2
"0x000a9dd5","000b9dd5","FUN_000b9dd5",741,false,1,11
"0x000aa0ba","000ba0ba","FUN_000ba0ba",47,false,1,1
"0x000aa0e9","000ba0e9","FUN_000ba0e9",87,false,0,2
"0x000aa140","000ba140","FUN_000ba140",87,false,0,2
"0x000aa197","000ba197","FUN_000ba197",107,false,2,3
"0x000aa2f8","000ba2f8","FUN_000ba2f8",209,false,1,2
"0x000aa97c","000ba97c","FUN_000ba97c",3035,false,1,18
"0x000ab557","000bb557","_mesa_get_fixed_func_fragment_program",1069,false,2,7
"0x000ab9af","000bb9af","_mesa_UpdateTexEnvProgram",168,false,0,3
"0x000aba60","000bba60","FUN_000bba60",22,false,0,0
"0x000aba76","000bba76","FUN_000bba76",96,false,0,1
"0x000abad6","000bbad6","FUN_000bbad6",43,false,0,0
"0x000abb01","000bbb01","FUN_000bbb01",91,false,0,1
"0x000abb5c","000bbb5c","FUN_000bbb5c",34,false,0,0
"0x000abb7e","000bbb7e","FUN_000bbb7e",33,false,0,0
"0x000abb9f","000bbb9f","FUN_000bbb9f",43,false,0,0
"0x000abbca","000bbbca","FUN_000bbbca",40,false,0,0
"0x000abbf2","000bbbf2","FUN_000bbbf2",53,false,0,1
"0x000abc27","000bbc27","FUN_000bbc27",48,false,0,1
"0x000abc57","000bbc57","FUN_000bbc57",42,false,0,0
"0x000abc81","000bbc81","FUN_000bbc81",48,false,0,0
"0x000abcb1","000bbcb1","FUN_000bbcb1",40,false,0,0
"0x000abcd9","000bbcd9","FUN_000bbcd9",37,false,0,0
"0x000abcfe","000bbcfe","FUN_000bbcfe",36,false,0,0
"0x000abd22","000bbd22","FUN_000bbd22",31,false,0,0
"0x000abd41","000bbd41","FUN_000bbd41",46,false,0,0
"0x000abd6f","000bbd6f","FUN_000bbd6f",44,false,0,0
"0x000abd9b","000bbd9b","FUN_000bbd9b",44,false,0,0
"0x000abdc7","000bbdc7","FUN_000bbdc7",46,false,0,0
"0x000abdf5","000bbdf5","FUN_000bbdf5",43,false,0,0
"0x000abe20","000bbe20","FUN_000bbe20",43,false,0,0
"0x000abe4b","000bbe4b","FUN_000bbe4b",86,false,0,0
"0x000abea1","000bbea1","FUN_000bbea1",86,false,0,0
"0x000abef7","000bbef7","FUN_000bbef7",91,false,0,0
"0x000abf52","000bbf52","FUN_000bbf52",106,false,0,0
"0x000abfbc","000bbfbc","FUN_000bbfbc",94,false,0,0
"0x000ac01a","000bc01a","FUN_000bc01a",94,false,0,0
"0x000ac078","000bc078","FUN_000bc078",100,false,0,0
"0x000ac0dc","000bc0dc","FUN_000bc0dc",104,false,0,0
"0x000ac144","000bc144","FUN_000bc144",36,false,0,0
"0x000ac168","000bc168","FUN_000bc168",38,false,0,0
"0x000ac18e","000bc18e","FUN_000bc18e",89,false,0,1
"0x000ac1e7","000bc1e7","FUN_000bc1e7",34,false,0,0
"0x000ac209","000bc209","FUN_000bc209",33,false,0,0
"0x000ac22a","000bc22a","FUN_000bc22a",32,false,0,0
"0x000ac24a","000bc24a","FUN_000bc24a",425,false,0,1
"0x000ac3f3","000bc3f3","FUN_000bc3f3",442,false,0,1
"0x000ac5ad","000bc5ad","FUN_000bc5ad",56,false,0,1
"0x000ac5e5","000bc5e5","FUN_000bc5e5",58,false,0,1
"0x000ac61f","000bc61f","FUN_000bc61f",29,false,0,0
"0x000ac63c","000bc63c","FUN_000bc63c",101,false,0,1
"0x000ac6a1","000bc6a1","FUN_000bc6a1",50,false,0,0
"0x000ac6d3","000bc6d3","FUN_000bc6d3",98,false,0,1
"0x000ac735","000bc735","FUN_000bc735",41,false,0,0
"0x000ac75e","000bc75e","FUN_000bc75e",40,false,0,0
"0x000ac786","000bc786","FUN_000bc786",50,false,0,0
"0x000ac7b8","000bc7b8","FUN_000bc7b8",47,false,0,0
"0x000ac7e7","000bc7e7","FUN_000bc7e7",60,false,0,1
"0x000ac823","000bc823","FUN_000bc823",55,false,0,1
"0x000ac85a","000bc85a","FUN_000bc85a",49,false,0,0
"0x000ac88b","000bc88b","FUN_000bc88b",55,false,0,0
"0x000ac8c2","000bc8c2","FUN_000bc8c2",47,false,0,0
"0x000ac8f1","000bc8f1","FUN_000bc8f1",44,false,0,0
"0x000ac91d","000bc91d","FUN_000bc91d",43,false,0,0
"0x000ac948","000bc948","FUN_000bc948",38,false,0,0
"0x000ac96e","000bc96e","FUN_000bc96e",53,false,0,0
"0x000ac9a3","000bc9a3","FUN_000bc9a3",51,false,0,0
"0x000ac9d6","000bc9d6","FUN_000bc9d6",51,false,0,0
"0x000aca09","000bca09","FUN_000bca09",53,false,0,0
"0x000aca3e","000bca3e","FUN_000bca3e",50,false,0,0
"0x000aca70","000bca70","FUN_000bca70",50,false,0,0
"0x000acaa2","000bcaa2","FUN_000bcaa2",93,false,0,0
"0x000acaff","000bcaff","FUN_000bcaff",93,false,0,0
"0x000acb5c","000bcb5c","FUN_000bcb5c",98,false,0,0
"0x000acbbe","000bcbbe","FUN_000bcbbe",113,false,0,0
"0x000acc2f","000bcc2f","FUN_000bcc2f",101,false,0,0
"0x000acc94","000bcc94","FUN_000bcc94",101,false,0,0
"0x000accf9","000bccf9","FUN_000bccf9",107,false,0,0
"0x000acd64","000bcd64","FUN_000bcd64",111,false,0,0
"0x000acdd3","000bcdd3","FUN_000bcdd3",43,false,0,0
"0x000acdfe","000bcdfe","FUN_000bcdfe",45,false,0,0
"0x000ace2b","000bce2b","FUN_000bce2b",96,false,0,1
"0x000ace8b","000bce8b","FUN_000bce8b",41,false,0,0
"0x000aceb4","000bceb4","FUN_000bceb4",40,false,0,0
"0x000acedc","000bcedc","FUN_000bcedc",39,false,0,0
"0x000acf03","000bcf03","FUN_000bcf03",440,false,0,1
"0x000ad0bb","000bd0bb","FUN_000bd0bb",452,false,0,1
"0x000ad27f","000bd27f","FUN_000bd27f",63,false,0,1
"0x000ad2be","000bd2be","FUN_000bd2be",65,false,0,1
"0x000ad2ff","000bd2ff","FUN_000bd2ff",40,false,0,0
"0x000ad327","000bd327","FUN_000bd327",118,false,0,1
"0x000ad39d","000bd39d","FUN_000bd39d",81,false,0,0
"0x000ad3ee","000bd3ee","FUN_000bd3ee",78,false,0,0
"0x000ad43c","000bd43c","FUN_000bd43c",115,false,0,1
"0x000ad4af","000bd4af","FUN_000bd4af",74,false,0,0
"0x000ad4f9","000bd4f9","FUN_000bd4f9",69,false,0,0
"0x000ad53e","000bd53e","FUN_000bd53e",42,false,0,0
"0x000ad568","000bd568","FUN_000bd568",68,false,0,0
"0x000ad5ac","000bd5ac","FUN_000bd5ac",41,false,0,0
"0x000ad5d5","000bd5d5","FUN_000bd5d5",78,false,0,0
"0x000ad623","000bd623","FUN_000bd623",66,false,0,0
"0x000ad665","000bd665","FUN_000bd665",75,false,0,0
"0x000ad6b0","000bd6b0","FUN_000bd6b0",41,false,0,0
"0x000ad6d9","000bd6d9","FUN_000bd6d9",88,false,0,1
"0x000ad731","000bd731","FUN_000bd731",40,false,0,0
"0x000ad759","000bd759","FUN_000bd759",83,false,0,1
"0x000ad7ac","000bd7ac","FUN_000bd7ac",42,false,0,0
"0x000ad7d6","000bd7d6","FUN_000bd7d6",77,false,0,0
"0x000ad823","000bd823","FUN_000bd823",77,false,0,0
"0x000ad870","000bd870","FUN_000bd870",89,false,0,0
"0x000ad8c9","000bd8c9","FUN_000bd8c9",40,false,0,0
"0x000ad8f1","000bd8f1","FUN_000bd8f1",81,false,0,0
"0x000ad942","000bd942","FUN_000bd942",41,false,0,0
"0x000ad96b","000bd96b","FUN_000bd96b",78,false,0,0
"0x000ad9b9","000bd9b9","FUN_000bd9b9",40,false,0,0
"0x000ad9e1","000bd9e1","FUN_000bd9e1",71,false,0,0
"0x000ada28","000bda28","FUN_000bda28",65,false,0,0
"0x000ada69","000bda69","FUN_000bda69",66,false,0,0
"0x000adaab","000bdaab","FUN_000bdaab",40,false,0,0
"0x000adad3","000bdad3","FUN_000bdad3",81,false,0,0
"0x000adb24","000bdb24","FUN_000bdb24",85,false,0,0
"0x000adb79","000bdb79","FUN_000bdb79",79,false,0,0
"0x000adbc8","000bdbc8","FUN_000bdbc8",85,false,0,0
"0x000adc1d","000bdc1d","FUN_000bdc1d",79,false,0,0
"0x000adc6c","000bdc6c","FUN_000bdc6c",85,false,0,0
"0x000adcc1","000bdcc1","FUN_000bdcc1",81,false,0,0
"0x000add12","000bdd12","FUN_000bdd12",85,false,0,0
"0x000add67","000bdd67","FUN_000bdd67",78,false,0,0
"0x000addb5","000bddb5","FUN_000bddb5",74,false,0,0
"0x000addff","000bddff","FUN_000bddff",78,false,0,0
"0x000ade4d","000bde4d","FUN_000bde4d",74,false,0,0
"0x000ade97","000bde97","FUN_000bde97",104,false,0,0
"0x000adeff","000bdeff","FUN_000bdeff",78,false,0,0
"0x000adf4d","000bdf4d","FUN_000bdf4d",104,false,0,0
"0x000adfb5","000bdfb5","FUN_000bdfb5",79,false,0,0
"0x000ae004","000be004","FUN_000be004",107,false,0,0
"0x000ae06f","000be06f","FUN_000be06f",88,false,0,0
"0x000ae0c7","000be0c7","FUN_000be0c7",122,false,0,0
"0x000ae141","000be141","FUN_000be141",88,false,0,0
"0x000ae199","000be199","FUN_000be199",110,false,0,0
"0x000ae207","000be207","FUN_000be207",89,false,0,0
"0x000ae260","000be260","FUN_000be260",110,false,0,0
"0x000ae2ce","000be2ce","FUN_000be2ce",92,false,0,0
"0x000ae32a","000be32a","FUN_000be32a",116,false,0,0
"0x000ae39e","000be39e","FUN_000be39e",107,false,0,0
"0x000ae409","000be409","FUN_000be409",120,false,0,0
"0x000ae481","000be481","FUN_000be481",119,false,0,0
"0x000ae4f8","000be4f8","FUN_000be4f8",71,false,0,0
"0x000ae53f","000be53f","FUN_000be53f",68,false,0,0
"0x000ae583","000be583","FUN_000be583",73,false,0,0
"0x000ae5cc","000be5cc","FUN_000be5cc",68,false,0,0
"0x000ae610","000be610","FUN_000be610",130,false,0,1
"0x000ae692","000be692","FUN_000be692",84,false,0,0
"0x000ae6e6","000be6e6","FUN_000be6e6",69,false,0,0
"0x000ae72b","000be72b","FUN_000be72b",42,false,0,0
"0x000ae755","000be755","FUN_000be755",68,false,0,0
"0x000ae799","000be799","FUN_000be799",41,false,0,0
"0x000ae7c2","000be7c2","FUN_000be7c2",67,false,0,0
"0x000ae805","000be805","FUN_000be805",41,false,0,0
"0x000ae82e","000be82e","FUN_000be82e",41,false,0,0
"0x000ae857","000be857","FUN_000be857",74,false,0,0
"0x000ae8a1","000be8a1","FUN_000be8a1",74,false,0,0
"0x000ae8eb","000be8eb","FUN_000be8eb",41,false,0,0
"0x000ae914","000be914","FUN_000be914",66,false,0,0
"0x000ae956","000be956","FUN_000be956",445,false,0,1
"0x000aeb13","000beb13","FUN_000beb13",5,false,0,0
"0x000aeb18","000beb18","FUN_000beb18",457,false,0,1
"0x000aece1","000bece1","FUN_000bece1",5,false,0,0
"0x000aece6","000bece6","FUN_000bece6",91,false,0,1
"0x000aed41","000bed41","FUN_000bed41",100,false,0,1
"0x000aeda5","000beda5","FUN_000beda5",93,false,0,1
"0x000aee02","000bee02","FUN_000bee02",102,false,0,1
"0x000aee68","000bee68","FUN_000bee68",5,false,0,0
"0x000aee6d","000bee6d","FUN_000bee6d",65,false,0,2
"0x000aeeae","000beeae","FUN_000beeae",64,false,0,2
"0x000aeeee","000beeee","FUN_000beeee",449,false,0,3
"0x000af0af","000bf0af","FUN_000bf0af",432,false,0,3
"0x000af25f","000bf25f","FUN_000bf25f",416,false,0,3
"0x000af3ff","000bf3ff","_mesa_format_to_type_and_comps",89,false,1,2
"0x000af6e4","000bf6e4","_mesa_choose_tex_format",1372,false,0,2
"0x000afdac","000bfdac","FUN_000bfdac",76,false,0,2
"0x000afdf8","000bfdf8","FUN_000bfdf8",98,false,0,2
"0x000afe5a","000bfe5a","FUN_000bfe5a",76,false,0,2
"0x000afea6","000bfea6","FUN_000bfea6",77,false,0,2
"0x000afef3","000bfef3","FUN_000bfef3",76,false,0,2
"0x000aff3f","000bff3f","FUN_000bff3f",76,false,0,2
"0x000aff8b","000bff8b","FUN_000bff8b",90,false,0,2
"0x000affe5","000bffe5","FUN_000bffe5",75,false,0,2
"0x000b0030","000c0030","FUN_000c0030",68,false,0,2
"0x000b0074","000c0074","FUN_000c0074",104,false,0,2
"0x000b00dc","000c00dc","FUN_000c00dc",95,false,0,2
"0x000b013b","000c013b","FUN_000c013b",90,false,0,2
"0x000b0195","000c0195","FUN_000c0195",94,false,0,2
"0x000b01f3","000c01f3","FUN_000c01f3",79,false,0,2
"0x000b0242","000c0242","FUN_000c0242",72,false,0,2
"0x000b028a","000c028a","FUN_000c028a",96,false,0,2
"0x000b02ea","000c02ea","FUN_000c02ea",81,false,0,2
"0x000b033b","000c033b","FUN_000c033b",74,false,0,2
"0x000b0385","000c0385","FUN_000c0385",122,false,0,2
"0x000b03ff","000c03ff","FUN_000c03ff",113,false,0,2
"0x000b0470","000c0470","FUN_000c0470",106,false,0,2
"0x000b04da","000c04da","FUN_000c04da",128,false,0,2
"0x000b055a","000c055a","FUN_000c055a",119,false,0,2
"0x000b05d1","000c05d1","FUN_000c05d1",114,false,0,2
"0x000b0643","000c0643","FUN_000c0643",218,false,0,2
"0x000b071d","000c071d","FUN_000c071d",209,false,0,2
"0x000b07ee","000c07ee","FUN_000c07ee",202,false,0,2
"0x000b08b8","000c08b8","FUN_000c08b8",199,false,0,2
"0x000b097f","000c097f","FUN_000c097f",190,false,0,2
"0x000b0a3d","000c0a3d","FUN_000c0a3d",183,false,0,2
"0x000b0af4","000c0af4","FUN_000c0af4",253,false,0,2
"0x000b0bf1","000c0bf1","FUN_000c0bf1",244,false,0,2
"0x000b0ce5","000c0ce5","FUN_000c0ce5",237,false,0,2
"0x000b0dd2","000c0dd2","FUN_000c0dd2",238,false,0,2
"0x000b0ec0","000c0ec0","FUN_000c0ec0",229,false,0,2
"0x000b0fa5","000c0fa5","FUN_000c0fa5",222,false,0,2
"0x000b1090","000c1090","FUN_000c1090",59,false,1,0
"0x000b10cb","000c10cb","_mesa_base_tex_format",782,false,4,1
"0x000b13d9","000c13d9","_mesa_is_color_format",296,false,11,0
"0x000b1501","000c1501","FUN_000c1501",48,false,2,0
"0x000b1531","000c1531","FUN_000c1531",48,false,3,0
"0x000b1561","000c1561","FUN_000c1561",13,false,2,0
"0x000b156e","000c156e","FUN_000c156e",31,false,3,0
"0x000b158d","000c158d","_mesa_tex_target_to_face",23,false,5,0
"0x000b15a4","000c15a4","_mesa_is_proxy_texture",78,false,8,0
"0x000b15f2","000c15f2","_mesa_select_tex_image",356,false,26,0
"0x000b1756","000c1756","_mesa_max_texture_levels",197,false,5,0
"0x000b181b","000c181b","FUN_000c181b",79,false,4,0
"0x000b186a","000c186a","FUN_000c186a",127,false,5,0
"0x000b18e9","000c18e9","FUN_000c18e9",792,false,3,3
"0x000b1c01","000c1c01","_mesa_get_proxy_tex_image",990,false,6,2
"0x000b1fdf","000c1fdf","FUN_000c1fdf",122,false,4,2
"0x000b2059","000c2059","FUN_000c2059",421,false,3,3
"0x000b21fe","000c21fe","FUN_000c21fe",472,false,3,4
"0x000b23d6","000c23d6","FUN_000c23d6",181,false,8,2
"0x000b248b","000c248b","_mesa_delete_texture_image",75,false,1,2
"0x000b24d6","000c24d6","FUN_000c24d6",575,false,3,3
"0x000b2715","000c2715","FUN_000c2715",1122,false,3,4
"0x000b2b77","000c2b77","FUN_000c2b77",1396,false,2,9
"0x000b30eb","000c30eb","_mesa_test_proxy_teximage",1063,false,0,2
"0x000b3512","000c3512","_mesa_select_tex_object",658,false,37,2
"0x000b37a4","000c37a4","_mesa_GetCompressedTexImageARB",468,false,0,9
"0x000b3978","000c3978","_mesa_CompressedTexSubImage3DARB",629,false,0,9
"0x000b3bed","000c3bed","_mesa_CompressedTexSubImage2DARB",586,false,0,9
"0x000b3e37","000c3e37","_mesa_CompressedTexSubImage1DARB",557,false,0,9
"0x000b4064","000c4064","_mesa_CopyTexSubImage3D",562,false,0,13
"0x000b4296","000c4296","_mesa_CopyTexSubImage2D",551,false,0,13
"0x000b44bd","000c44bd","_mesa_CopyTexSubImage1D",538,false,0,13
"0x000b46d7","000c46d7","_mesa_set_tex_image",202,false,2,2
"0x000b47a1","000c47a1","_mesa_get_tex_image",163,false,9,4
"0x000b4844","000c4844","FUN_000c4844",763,false,3,4
"0x000b4b3f","000c4b3f","_mesa_TexSubImage3D",582,false,0,10
"0x000b4d85","000c4d85","_mesa_TexSubImage2D",598,false,0,12
"0x000b4fdb","000c4fdb","_mesa_TexSubImage1D",618,false,0,13
"0x000b5245","000c5245","FUN_000c5245",2029,false,3,15
"0x000b5a32","000c5a32","_mesa_GetTexImage",1197,false,0,17
"0x000b5edf","000c5edf","_mesa_init_teximage_fields",406,false,10,4
"0x000b6075","000c6075","_mesa_CompressedTexImage3DARB",946,false,0,12
"0x000b6427","000c6427","_mesa_CompressedTexImage2DARB",990,false,0,12
"0x000b6805","000c6805","_mesa_CompressedTexImage1DARB",948,false,0,12
"0x000b6bb9","000c6bb9","_mesa_CopyTexImage2D",592,false,0,15
"0x000b6e09","000c6e09","_mesa_CopyTexImage1D",582,false,0,15
"0x000b704f","000c704f","_mesa_TexImage3D",910,false,1,14
"0x000b73dd","000c73dd","_mesa_TexImage3DEXT",98,false,0,2
"0x000b743f","000c743f","_mesa_TexImage2D",1071,false,0,16
"0x000b786e","000c786e","_mesa_TexImage1D",927,false,0,16
"0x000b7c0d","000c7c0d","_mesa_new_texture_image",36,false,0,2
"0x000b7c31","000c7c31","_mesa_free_texmemory",35,false,2,2
"0x000b7c54","000c7c54","_mesa_free_texture_image_data",64,false,0,2
"0x000b7c94","000c7c94","_mesa_alloc_texmemory",43,false,5,2
"0x000b7cc0","000c7cc0","_mesa_copy_texture_object",296,false,1,0
"0x000b7de8","000c7de8","_mesa_unlock_context_textures",93,false,5,3
"0x000b7e45","000c7e45","_mesa_lock_context_textures",83,false,5,2
"0x000b7e98","000c7e98","FUN_000c7e98",208,false,2,2
"0x000b7f68","000c7f68","_mesa_reference_texobj",405,false,12,7
"0x000b80fd","000c80fd","_mesa_GenTextures",306,false,0,7
"0x000b822f","000c822f","_mesa_test_texobj_completeness",1913,false,1,4
"0x000b89a8","000c89a8","_mesa_delete_texture_object",153,false,1,5
"0x000b8a41","000c8a41","_mesa_initialize_texture_object",254,false,2,3
"0x000b8b3f","000c8b3f","_mesa_new_texture_object",71,false,0,3
"0x000b8b86","000c8b86","_mesa_lookup_texture",47,false,7,2
"0x000b8bb5","000c8bb5","_mesa_IsTexture",132,false,0,4
"0x000b8c39","000c8c39","_mesa_AreTexturesResident",400,false,0,4
"0x000b8dc9","000c8dc9","_mesa_PrioritizeTextures",299,false,0,4
"0x000b8ef4","000c8ef4","_mesa_BindTexture",977,false,1,10
"0x000b92c5","000c92c5","_mesa_DeleteTextures",593,false,0,9
"0x000b9520","000c9520","_mesa_finish_render_texture",5,false,1,0
"0x000b9525","000c9525","_mesa_render_texture",462,false,1,5
"0x000b96f3","000c96f3","FUN_000c96f3",542,false,0,2
"0x000b9911","000c9911","FUN_000c9911",543,false,0,2
"0x000b9b30","000c9b30","FUN_000c9b30",516,false,0,2
"0x000b9d34","000c9d34","FUN_000c9d34",498,false,0,2
"0x000b9f26","000c9f26","FUN_000c9f26",496,false,0,2
"0x000ba116","000ca116","FUN_000ca116",601,false,0,2
"0x000ba36f","000ca36f","FUN_000ca36f",535,false,0,2
"0x000ba586","000ca586","FUN_000ca586",35,false,0,2
"0x000ba5b0","000ca5b0","_mesa_update_default_objects_texture",98,false,1,2
"0x000ba612","000ca612","_mesa_free_texture_data",183,false,1,3
"0x000ba6c9","000ca6c9","_mesa_init_texture",790,false,1,4
"0x000ba9df","000ca9df","_mesa_update_texture",2522,false,1,5
"0x000bb3b9","000cb3b9","_mesa_ClientActiveTextureARB",182,false,0,3
"0x000bb46f","000cb46f","_mesa_ActiveTextureARB",240,false,1,3
"0x000bb55f","000cb55f","_mesa_print_texunit_state",651,false,0,3
"0x000bb7ea","000cb7ea","_mesa_copy_texture_state",1447,false,1,4
"0x000bbda0","000cbda0","FUN_000cbda0",81,false,7,0
"0x000bbdf1","000cbdf1","FUN_000cbdf1",1665,false,1,0
"0x000bc472","000cc472","_mesa_texstore_srgb8",180,false,0,2
"0x000bc526","000cc526","_mesa_unmap_teximage_pbo",44,false,10,0
"0x000bc552","000cc552","FUN_000cc552",394,false,0,1
"0x000bc6dc","000cc6dc","FUN_000cc6dc",161,false,0,1
"0x000bc77d","000cc77d","_mesa_set_fetch_functions",120,false,2,1
"0x000bc7f5","000cc7f5","FUN_000cc7f5",156,false,4,2
"0x000bc891","000cc891","_mesa_store_compressed_teximage1d",5,false,0,0
"0x000bc896","000cc896","_mesa_store_compressed_teximage3d",5,false,0,0
"0x000bc89b","000cc89b","_mesa_store_compressed_texsubimage1d",5,false,0,0
"0x000bc8a0","000cc8a0","_mesa_store_compressed_texsubimage3d",5,false,0,0
"0x000bc8a5","000cc8a5","_mesa_validate_pbo_compressed_teximage",183,false,3,2
"0x000bc95c","000cc95c","_mesa_get_compressed_teximage",274,false,1,4
"0x000bca6e","000cca6e","FUN_000cca6e",264,false,1,2
"0x000bcb76","000ccb76","FUN_000ccb76",129,false,3,2
"0x000bcbf7","000ccbf7","_mesa_get_teximage",1699,false,1,11
"0x000bd29a","000cd29a","_mesa_store_compressed_texsubimage2d",318,false,0,6
"0x000bd3d8","000cd3d8","_mesa_store_compressed_teximage2d",256,false,0,7
"0x000bd4d8","000cd4d8","_mesa_validate_pbo_teximage",244,false,8,3
"0x000bd5cc","000cd5cc","_mesa_store_texsubimage3d",370,false,0,5
"0x000bd73e","000cd73e","_mesa_store_texsubimage2d",373,false,0,5
"0x000bd8b3","000cd8b3","_mesa_store_texsubimage1d",330,false,0,4
"0x000bd9fd","000cd9fd","_mesa_store_teximage3d",489,false,0,7
"0x000bdbe6","000cdbe6","_mesa_store_teximage2d",487,false,0,7
"0x000bddcd","000cddcd","_mesa_store_teximage1d",439,false,0,6
"0x000bdf84","000cdf84","FUN_000cdf84",341,false,20,4
"0x000be0d9","000ce0d9","_mesa_texstore_ycbcr",320,false,0,3
"0x000be219","000ce219","FUN_000ce219",705,false,7,7
"0x000be4da","000ce4da","FUN_000ce4da",1487,false,3,12
"0x000beaa9","000ceaa9","_mesa_texstore_rgba_float16",526,false,0,7
"0x000becb7","000cecb7","_mesa_texstore_rgba_float32",502,false,0,7
"0x000beead","000ceead","_mesa_texstore_z16",468,false,0,4
"0x000bf081","000cf081","_mesa_texstore_z32",472,false,0,4
"0x000bf259","000cf259","_mesa_texstore_s8_z24",1049,false,0,6
"0x000bf672","000cf672","_mesa_texstore_z24_s8",790,false,0,7
"0x000bf988","000cf988","_mesa_texstore_ci8",442,false,0,4
"0x000bfb42","000cfb42","_mesa_make_temp_chan_image",857,false,19,10
"0x000bfe9b","000cfe9b","_mesa_texstore_a8",699,false,1,7
"0x000c0156","000d0156","_mesa_texstore_sl8",150,false,0,2
"0x000c01ec","000d01ec","_mesa_texstore_rgb332",507,false,0,5
"0x000c03e7","000d03e7","_mesa_texstore_al88",845,false,1,7
"0x000c0734","000d0734","_mesa_texstore_sla8",171,false,0,2
"0x000c07df","000d07df","_mesa_texstore_argb1555",701,false,0,5
"0x000c0a9c","000d0a9c","_mesa_texstore_rgba5551",550,false,0,5
"0x000c0cc2","000d0cc2","_mesa_texstore_argb4444",655,false,0,5
"0x000c0f51","000d0f51","_mesa_texstore_rgba4444",548,false,0,5
"0x000c1175","000d1175","_mesa_texstore_bgr888",1077,false,1,9
"0x000c15aa","000d15aa","_mesa_texstore_rgb888",1080,false,0,9
"0x000c19e2","000d19e2","_mesa_texstore_argb8888",1929,false,0,10
"0x000c216b","000d216b","_mesa_texstore_rgba8888",1206,false,1,7
"0x000c2621","000d2621","_mesa_texstore_srgba8",171,false,0,2
"0x000c26cc","000d26cc","_mesa_texstore_rgb565",1060,false,0,7
"0x000c2af0","000d2af0","_mesa_texstore_rgba",1217,false,0,12
"0x000c2fc0","000d2fc0","_mesa_init_varray",74,false,1,2
"0x000c300a","000d300a","_mesa_MultiModeDrawElementsIBM",202,false,0,3
"0x000c30d4","000d30d4","_mesa_MultiModeDrawArraysIBM",195,false,0,3
"0x000c3197","000d3197","_mesa_MultiDrawElementsEXT",181,false,0,3
"0x000c324c","000d324c","_mesa_MultiDrawArraysEXT",168,false,0,3
"0x000c32f4","000d32f4","_mesa_UnlockArraysEXT",207,false,1,3
"0x000c33c3","000d33c3","_mesa_LockArraysEXT",294,false,1,3
"0x000c34e9","000d34e9","FUN_000d34e9",175,false,6,2
"0x000c3598","000d3598","_mesa_VertexAttribPointerARB",278,false,0,3
"0x000c3759","000d3759","_mesa_VertexAttribPointerNV",552,false,0,4
"0x000c3981","000d3981","_mesa_PointSizePointer",261,false,0,4
"0x000c3a86","000d3a86","_mesa_EdgeFlagPointer",254,false,1,4
"0x000c3b84","000d3b84","_mesa_EdgeFlagPointerEXT",42,false,0,2
"0x000c3bae","000d3bae","_mesa_TexCoordPointer",459,false,1,4
"0x000c3d79","000d3d79","_mesa_TexCoordPointerEXT",56,false,0,2
"0x000c3db1","000d3db1","_mesa_SecondaryColorPointerEXT",255,false,0,3
"0x000c3f44","000d3f44","_mesa_IndexPointer",214,false,1,3
"0x000c4095","000d4095","_mesa_IndexPointerEXT",49,false,0,2
"0x000c40c6","000d40c6","_mesa_FogCoordPointerEXT",315,false,0,4
"0x000c4201","000d4201","_mesa_ColorPointer",255,false,1,3
"0x000c4394","000d4394","_mesa_ColorPointerEXT",56,false,0,2
"0x000c43cc","000d43cc","_mesa_NormalPointer",214,false,1,3
"0x000c451a","000d451a","_mesa_NormalPointerEXT",49,false,0,2
"0x000c454b","000d454b","_mesa_VertexPointer",438,false,1,4
"0x000c4701","000d4701","_mesa_InterleavedArrays",221,false,0,3
"0x000c4c9f","000d4c9f","_mesa_VertexPointerEXT",56,false,0,2
"0x000c4ce0","000d4ce0","FUN_000d4ce0",992,false,2,1
"0x000c50c0","000d50c0","_mesa_init_exec_vtxfmt",62,false,1,2
"0x000c50fe","000d50fe","_mesa_install_save_vtxfmt",19,false,13,1
"0x000c5111","000d5111","_mesa_restore_exec_vtxfmt",61,false,1,0
"0x000c514e","000d514e","_mesa_install_exec_vtxfmt",44,false,2,2
"0x000c517a","000d517a","FUN_000d517a",170,false,0,3
"0x000c5224","000d5224","FUN_000d5224",156,false,0,3
"0x000c52c0","000d52c0","FUN_000d52c0",177,false,0,3
"0x000c5371","000d5371","FUN_000d5371",163,false,0,3
"0x000c5414","000d5414","FUN_000d5414",156,false,0,3
"0x000c54b0","000d54b0","FUN_000d54b0",163,false,0,3
"0x000c5553","000d5553","FUN_000d5553",201,false,0,3
"0x000c561c","000d561c","FUN_000d561c",222,false,0,3
"0x000c56fa","000d56fa","FUN_000d56fa",201,false,0,3
"0x000c57c3","000d57c3","FUN_000d57c3",215,false,0,3
"0x000c589a","000d589a","FUN_000d589a",201,false,0,3
"0x000c5963","000d5963","FUN_000d5963",208,false,0,3
"0x000c5a33","000d5a33","FUN_000d5a33",201,false,0,3
"0x000c5afc","000d5afc","FUN_000d5afc",201,false,0,3
"0x000c5bc5","000d5bc5","FUN_000d5bc5",201,false,0,3
"0x000c5c8e","000d5c8e","FUN_000d5c8e",222,false,0,3
"0x000c5d6c","000d5d6c","FUN_000d5d6c",201,false,0,3
"0x000c5e35","000d5e35","FUN_000d5e35",215,false,0,3
"0x000c5f0c","000d5f0c","FUN_000d5f0c",201,false,0,3
"0x000c5fd5","000d5fd5","FUN_000d5fd5",208,false,0,3
"0x000c60a5","000d60a5","FUN_000d60a5",201,false,0,3
"0x000c616e","000d616e","FUN_000d616e",201,false,0,3
"0x000c6237","000d6237","FUN_000d6237",138,false,0,3
"0x000c62c1","000d62c1","FUN_000d62c1",134,false,0,3
"0x000c6347","000d6347","FUN_000d6347",148,false,0,3
"0x000c63db","000d63db","FUN_000d63db",134,false,0,3
"0x000c6461","000d6461","FUN_000d6461",142,false,0,3
"0x000c64ef","000d64ef","FUN_000d64ef",163,false,0,3
"0x000c6592","000d6592","FUN_000d6592",142,false,0,3
"0x000c6620","000d6620","FUN_000d6620",156,false,0,3
"0x000c66bc","000d66bc","FUN_000d66bc",142,false,0,3
"0x000c674a","000d674a","FUN_000d674a",149,false,0,3
"0x000c67df","000d67df","FUN_000d67df",142,false,0,3
"0x000c686d","000d686d","FUN_000d686d",163,false,0,3
"0x000c6910","000d6910","FUN_000d6910",142,false,0,3
"0x000c699e","000d699e","FUN_000d699e",156,false,0,3
"0x000c6a3a","000d6a3a","FUN_000d6a3a",142,false,0,3
"0x000c6ac8","000d6ac8","FUN_000d6ac8",146,false,0,3
"0x000c6b5a","000d6b5a","FUN_000d6b5a",139,false,0,3
"0x000c6be5","000d6be5","FUN_000d6be5",139,false,0,3
"0x000c6c70","000d6c70","FUN_000d6c70",191,false,0,3
"0x000c6d2f","000d6d2f","FUN_000d6d2f",205,false,0,3
"0x000c6dfc","000d6dfc","FUN_000d6dfc",139,false,0,3
"0x000c6e87","000d6e87","FUN_000d6e87",153,false,0,3
"0x000c6f20","000d6f20","FUN_000d6f20",146,false,0,3
"0x000c6fb2","000d6fb2","FUN_000d6fb2",167,false,0,3
"0x000c7059","000d7059","FUN_000d7059",146,false,0,3
"0x000c70eb","000d70eb","FUN_000d70eb",160,false,0,3
"0x000c718b","000d718b","FUN_000d718b",146,false,0,3
"0x000c721d","000d721d","FUN_000d721d",153,false,0,3
"0x000c72b6","000d72b6","FUN_000d72b6",146,false,0,3
"0x000c7348","000d7348","FUN_000d7348",146,false,0,3
"0x000c73da","000d73da","FUN_000d73da",153,false,0,3
"0x000c7473","000d7473","FUN_000d7473",139,false,0,3
"0x000c74fe","000d74fe","FUN_000d74fe",139,false,0,3
"0x000c7589","000d7589","FUN_000d7589",191,false,0,3
"0x000c7648","000d7648","FUN_000d7648",191,false,0,3
"0x000c7707","000d7707","FUN_000d7707",146,false,0,3
"0x000c7799","000d7799","FUN_000d7799",139,false,0,3
"0x000c7824","000d7824","FUN_000d7824",139,false,0,3
"0x000c78af","000d78af","FUN_000d78af",146,false,0,3
"0x000c7941","000d7941","FUN_000d7941",139,false,0,3
"0x000c79cc","000d79cc","FUN_000d79cc",139,false,0,3
"0x000c7a57","000d7a57","FUN_000d7a57",147,false,0,3
"0x000c7aea","000d7aea","FUN_000d7aea",131,false,0,3
"0x000c7b6d","000d7b6d","FUN_000d7b6d",152,false,0,3
"0x000c7c05","000d7c05","FUN_000d7c05",131,false,0,3
"0x000c7c88","000d7c88","FUN_000d7c88",145,false,0,3
"0x000c7d19","000d7d19","FUN_000d7d19",138,false,0,3
"0x000c7db0","000d7db0","FUN_000d7db0",158,false,4,0
"0x000c7e4e","000d7e4e","FUN_000d7e4e",155,false,2,0
"0x000c7ee9","000d7ee9","FUN_000d7ee9",56,false,3,2
"0x000c7f21","000d7f21","_math_matrix_mul_matrix",68,false,1,2
"0x000c7f65","000d7f65","_math_matrix_mul_floats",33,false,1,1
"0x000c7f86","000d7f86","FUN_000d7f86",2222,false,0,1
"0x000c8834","000d8834","_math_matrix_frustum",181,false,1,2
"0x000c88e9","000d88e9","_math_matrix_ortho",183,false,1,2
"0x000c89a0","000d89a0","_math_matrix_scale",190,false,1,1
"0x000c8a5e","000d8a5e","_math_matrix_translate",129,false,1,0
"0x000c8adf","000d8adf","_math_matrix_viewport",114,false,4,1
"0x000c8b51","000d8b51","_math_matrix_is_length_preserving",15,false,2,0
"0x000c8b60","000d8b60","_math_matrix_has_rotation",15,false,1,0
"0x000c8b6f","000d8b6f","_math_matrix_is_general_scale",17,false,1,0
"0x000c8b80","000d8b80","_math_matrix_is_dirty",18,false,5,0
"0x000c8b92","000d8b92","_math_transposef",105,false,4,0
"0x000c8bfb","000d8bfb","_math_transposed",105,false,0,0
"0x000c8c64","000d8c64","_math_transposefd",105,false,4,0
"0x000c8ccd","000d8ccd","_math_matrix_alloc_inv",97,false,1,3
"0x000c8d2e","000d8d2e","_math_matrix_ctr",111,false,3,3
"0x000c8d9d","000d8d9d","_math_matrix_loadf",68,false,1,2
"0x000c8de1","000d8de1","FUN_000d8de1",107,false,2,2
"0x000c8e4c","000d8e4c","_math_matrix_copy",127,false,2,3
"0x000c8ecb","000d8ecb","FUN_000d8ecb",172,false,0,2
"0x000c8f77","000d8f77","FUN_000d8f77",214,false,0,2
"0x000c904d","000d904d","FUN_000d904d",61,false,0,2
"0x000c908a","000d908a","_math_matrix_set_identity",111,false,1,2
"0x000c90f9","000d90f9","_math_matrix_dtr",78,false,3,2
"0x000c9147","000d9147","FUN_000d9147",1038,false,0,2
"0x000c9555","000d9555","_math_matrix_analyse",1408,false,8,2
"0x000c9ad5","000d9ad5","_math_matrix_rotate",589,false,1,5
"0x000c9d22","000d9d22","FUN_000d9d22",102,false,1,2
"0x000c9d88","000d9d88","_math_matrix_print",197,false,0,4
"0x000c9e50","000d9e50","FUN_000d9e50",183,false,0,0
"0x000c9f07","000d9f07","FUN_000d9f07",109,false,0,0
"0x000c9f74","000d9f74","FUN_000d9f74",135,false,0,0
"0x000c9ffb","000d9ffb","FUN_000d9ffb",122,false,0,0
"0x000ca075","000da075","FUN_000da075",160,false,0,0
"0x000ca115","000da115","FUN_000da115",136,false,0,0
"0x000ca19d","000da19d","FUN_000da19d",129,false,0,0
"0x000ca21e","000da21e","FUN_000da21e",238,false,0,0
"0x000ca30c","000da30c","FUN_000da30c",107,false,0,0
"0x000ca377","000da377","FUN_000da377",166,false,0,0
"0x000ca41d","000da41d","FUN_000da41d",136,false,0,0
"0x000ca4a5","000da4a5","FUN_000da4a5",202,false,0,0
"0x000ca56f","000da56f","FUN_000da56f",167,false,0,0
"0x000ca616","000da616","FUN_000da616",141,false,0,0
"0x000ca6a3","000da6a3","FUN_000da6a3",301,false,0,0
"0x000ca7d0","000da7d0","FUN_000da7d0",113,false,0,0
"0x000ca841","000da841","FUN_000da841",176,false,0,0
"0x000ca8f1","000da8f1","FUN_000da8f1",148,false,0,0
"0x000ca985","000da985","FUN_000da985",248,false,0,0
"0x000caa7d","000daa7d","FUN_000daa7d",166,false,0,0
"0x000cab23","000dab23","FUN_000dab23",181,false,0,0
"0x000cabd8","000dabd8","FUN_000dabd8",324,false,0,0
"0x000cad1c","000dad1c","FUN_000dad1c",119,false,0,0
"0x000cad93","000dad93","FUN_000dad93",194,false,0,0
"0x000cae55","000dae55","FUN_000dae55",164,false,0,0
"0x000caef9","000daef9","FUN_000daef9",272,false,0,0
"0x000cb009","000db009","FUN_000db009",186,false,0,0
"0x000cb0c3","000db0c3","FUN_000db0c3",190,false,0,0
"0x000cb181","000db181","FUN_000db181",397,false,0,0
"0x000cb30e","000db30e","FUN_000db30e",263,false,0,0
"0x000cb415","000db415","FUN_000db415",244,false,0,1
"0x000cb509","000db509","FUN_000db509",197,false,0,1
"0x000cb5ce","000db5ce","FUN_000db5ce",127,false,0,0
"0x000cb64d","000db64d","FUN_000db64d",225,false,0,0
"0x000cb72e","000db72e","FUN_000db72e",118,false,0,0
"0x000cb7a4","000db7a4","FUN_000db7a4",204,false,0,0
"0x000cb870","000db870","FUN_000db870",91,false,0,0
"0x000cb8cb","000db8cb","FUN_000db8cb",85,false,0,0
"0x000cb920","000db920","FUN_000db920",109,false,0,0
"0x000cb98d","000db98d","FUN_000db98d",114,false,0,0
"0x000cb9ff","000db9ff","FUN_000db9ff",5,false,0,0
"0x000cba04","000dba04","FUN_000dba04",75,false,0,0
"0x000cba4f","000dba4f","FUN_000dba4f",77,false,0,0
"0x000cba9c","000dba9c","FUN_000dba9c",70,false,0,0
"0x000cbae2","000dbae2","FUN_000dbae2",77,false,0,0
"0x000cbb2f","000dbb2f","FUN_000dbb2f",70,false,0,0
"0x000cbb75","000dbb75","FUN_000dbb75",72,false,0,0
"0x000cbbbd","000dbbbd","FUN_000dbbbd",76,false,0,0
"0x000cbc09","000dbc09","FUN_000dbc09",77,false,0,0
"0x000cbc56","000dbc56","FUN_000dbc56",70,false,0,0
"0x000cbc9c","000dbc9c","FUN_000dbc9c",72,false,0,0
"0x000cbce4","000dbce4","FUN_000dbce4",76,false,0,0
"0x000cbd30","000dbd30","FUN_000dbd30",72,false,0,0
"0x000cbd78","000dbd78","FUN_000dbd78",76,false,0,0
"0x000cbdc4","000dbdc4","FUN_000dbdc4",78,false,0,0
"0x000cbe12","000dbe12","FUN_000dbe12",82,false,0,0
"0x000cbe64","000dbe64","_mesa_project_points",110,false,0,0
"0x000cbed2","000dbed2","_mesa_transform_vector",135,false,5,0
"0x000cbf59","000dbf59","_mesa_transform_point_sz",440,false,0,0
"0x000cc111","000dc111","_math_init_transformation",717,false,1,2
"0x000cc3de","000dc3de","_math_init",43,false,1,4
"0x000cc409","000dc409","FUN_000dc409",248,false,0,1
"0x000cc501","000dc501","FUN_000dc501",527,false,0,1
"0x000cc710","000dc710","FUN_000dc710",313,false,0,1
"0x000cc850","000dc850","_vbo_DestroyContext",103,false,1,5
"0x000cc8b7","000dc8b7","_vbo_InvalidateState",69,false,1,3
"0x000cc8fc","000dc8fc","_vbo_CreateContext",667,false,1,5
"0x000ccb98","000dcb98","vbo_exec_invalidate_state",63,false,2,2
"0x000ccbd7","000dcbd7","vbo_exec_destroy",97,false,1,4
"0x000ccc38","000dcc38","vbo_exec_init",171,false,1,6
"0x000cccf0","000dccf0","vbo_validate_shaders",73,false,4,0
"0x000ccd39","000dcd39","FUN_000dcd39",44,false,2,0
"0x000ccd65","000dcd65","FUN_000dcd65",302,false,2,2
"0x000cce93","000dce93","vbo_exec_FlushVertices",125,false,1,4
"0x000ccf10","000dcf10","vbo_exec_vtx_destroy",106,false,1,3
"0x000ccf7a","000dcf7a","FUN_000dcf7a",381,false,2,3
"0x000cd0f7","000dd0f7","FUN_000dd0f7",1155,false,54,5
"0x000cd57a","000dd57a","FUN_000dd57a",95,false,0,3
"0x000cd5d9","000dd5d9","FUN_000dd5d9",93,false,0,3
"0x000cd636","000dd636","FUN_000dd636",113,false,0,3
"0x000cd6a7","000dd6a7","FUN_000dd6a7",119,false,0,3
"0x000cd71e","000dd71e","FUN_000dd71e",111,false,0,3
"0x000cd78d","000dd78d","FUN_000dd78d",113,false,0,3
"0x000cd7fe","000dd7fe","FUN_000dd7fe",105,false,0,3
"0x000cd867","000dd867","FUN_000dd867",107,false,0,3
"0x000cd8d2","000dd8d2","FUN_000dd8d2",99,false,0,3
"0x000cd935","000dd935","FUN_000dd935",95,false,0,3
"0x000cd994","000dd994","FUN_000dd994",93,false,0,3
"0x000cd9f1","000dd9f1","FUN_000dd9f1",113,false,0,3
"0x000cda62","000dda62","FUN_000dda62",105,false,0,3
"0x000cdacb","000ddacb","FUN_000ddacb",113,false,0,3
"0x000cdb3c","000ddb3c","FUN_000ddb3c",105,false,0,3
"0x000cdba5","000ddba5","FUN_000ddba5",95,false,0,3
"0x000cdc04","000ddc04","FUN_000ddc04",93,false,0,3
"0x000cdc61","000ddc61","FUN_000ddc61",119,false,0,3
"0x000cdcd8","000ddcd8","FUN_000ddcd8",111,false,0,3
"0x000cdd47","000ddd47","FUN_000ddd47",113,false,0,3
"0x000cddb8","000dddb8","FUN_000dddb8",105,false,0,3
"0x000cde21","000dde21","vbo_use_buffer_objects",239,false,0,3
"0x000cdf10","000ddf10","FUN_000ddf10",1394,false,0,4
"0x000ce482","000de482","FUN_000de482",166,false,0,4
"0x000ce528","000de528","vbo_exec_vtx_wrap",202,false,30,4
"0x000ce5f2","000de5f2","FUN_000de5f2",226,false,0,4
"0x000ce6d4","000de6d4","FUN_000de6d4",224,false,0,4
"0x000ce7b4","000de7b4","FUN_000de7b4",220,false,0,4
"0x000ce890","000de890","FUN_000de890",218,false,0,4
"0x000ce96a","000de96a","FUN_000de96a",214,false,0,4
"0x000cea40","000dea40","FUN_000dea40",212,false,0,4
"0x000ceb14","000deb14","FUN_000deb14",208,false,0,4
"0x000cebe4","000debe4","FUN_000debe4",206,false,0,4
"0x000cecb2","000decb2","FUN_000decb2",451,false,0,5
"0x000cee75","000dee75","FUN_000dee75",447,false,0,5
"0x000cf034","000df034","FUN_000df034",439,false,0,5
"0x000cf1eb","000df1eb","FUN_000df1eb",435,false,0,5
"0x000cf39e","000df39e","FUN_000df39e",427,false,0,5
"0x000cf549","000df549","FUN_000df549",423,false,0,5
"0x000cf6f0","000df6f0","FUN_000df6f0",415,false,0,5
"0x000cf88f","000df88f","FUN_000df88f",411,false,0,5
"0x000cfa2a","000dfa2a","FUN_000dfa2a",211,false,0,4
"0x000cfafd","000dfafd","FUN_000dfafd",207,false,0,4
"0x000cfbcc","000dfbcc","FUN_000dfbcc",205,false,0,4
"0x000cfc99","000dfc99","FUN_000dfc99",201,false,0,4
"0x000cfd62","000dfd62","FUN_000dfd62",199,false,0,4
"0x000cfe29","000dfe29","FUN_000dfe29",195,false,0,4
"0x000cfeec","000dfeec","FUN_000dfeec",223,false,0,4
"0x000cffcb","000dffcb","FUN_000dffcb",221,false,0,4
"0x000d00a8","000e00a8","FUN_000e00a8",217,false,0,4
"0x000d0181","000e0181","FUN_000e0181",215,false,0,4
"0x000d0258","000e0258","FUN_000e0258",211,false,0,4
"0x000d032b","000e032b","FUN_000e032b",209,false,0,4
"0x000d03fc","000e03fc","FUN_000e03fc",205,false,0,4
"0x000d04c9","000e04c9","FUN_000e04c9",203,false,0,4
"0x000d0594","000e0594","FUN_000e0594",283,false,2,6
"0x000d06af","000e06af","FUN_000e06af",111,false,0,3
"0x000d071e","000e071e","FUN_000e071e",28,false,0,1
"0x000d073a","000e073a","FUN_000e073a",238,false,2,6
"0x000d0828","000e0828","FUN_000e0828",78,false,0,3
"0x000d0876","000e0876","FUN_000e0876",21,false,0,1
"0x000d088b","000e088b","FUN_000e088b",302,false,0,6
"0x000d09b9","000e09b9","vbo_exec_vtx_init",934,false,1,4
"0x000d0d60","000e0d60","FUN_000e0d60",721,false,2,0
"0x000d1031","000e1031","vbo_exec_array_init",55,false,1,1
"0x000d1068","000e1068","vbo_exec_array_destroy",5,false,1,0
"0x000d106d","000e106d","FUN_000e106d",343,false,1,7
"0x000d11c4","000e11c4","FUN_000e11c4",305,false,1,2
"0x000d12f5","000e12f5","FUN_000e12f5",332,false,0,7
"0x000d1441","000e1441","FUN_000e1441",304,false,0,7
"0x000d1580","000e1580","vbo_exec_vtx_flush",224,false,3,2
"0x000d1c30","000e1c30","FUN_000e1c30",37,false,1,0
"0x000d1c55","000e1c55","FUN_000e1c55",37,false,1,0
"0x000d1c7a","000e1c7a","vbo_exec_eval_update",812,false,2,2
"0x000d1fa6","000e1fa6","vbo_exec_do_EvalCoord2f",821,false,1,4
"0x000d22db","000e22db","vbo_exec_do_EvalCoord1f",385,false,1,3
"0x000d2460","000e2460","vbo_save_fallback",42,false,0,0
"0x000d248a","000e248a","vbo_save_destroy",231,false,1,3
"0x000d2571","000e2571","vbo_save_init",213,false,1,2
"0x000d2650","000e2650","FUN_000e2650",45,false,2,0
"0x000d267d","000e267d","FUN_000e267d",217,false,10,0
"0x000d2756","000e2756","FUN_000e2756",50,false,10,0
"0x000d2788","000e2788","vbo_save_BeginCallList",26,false,0,0
"0x000d27a2","000e27a2","vbo_save_EndCallList",33,false,0,0
"0x000d27c3","000e27c3","vbo_save_api_init",1131,false,1,3
"0x000d2c2e","000e2c2e","FUN_000e2c2e",69,false,0,3
"0x000d2c73","000e2c73","FUN_000e2c73",69,false,0,3
"0x000d2cb8","000e2cb8","FUN_000e2cb8",69,false,0,3
"0x000d2cfd","000e2cfd","FUN_000e2cfd",69,false,0,3
"0x000d2d42","000e2d42","FUN_000e2d42",69,false,0,3
"0x000d2d87","000e2d87","FUN_000e2d87",69,false,0,3
"0x000d2dcc","000e2dcc","FUN_000e2dcc",69,false,0,3
"0x000d2e11","000e2e11","FUN_000e2e11",217,false,2,2
"0x000d2eea","000e2eea","FUN_000e2eea",226,false,11,2
"0x000d2fcc","000e2fcc","vbo_save_NotifyBegin",271,false,3,3
"0x000d30db","000e30db","FUN_000e30db",222,false,0,4
"0x000d31b9","000e31b9","FUN_000e31b9",150,false,2,2
"0x000d324f","000e324f","FUN_000e324f",56,false,2,2
"0x000d3287","000e3287","FUN_000e3287",855,false,11,12
"0x000d38a7","000e38a7","FUN_000e38a7",147,false,0,7
"0x000d393a","000e393a","FUN_000e393a",140,false,0,7
"0x000d39c6","000e39c6","FUN_000e39c6",140,false,0,7
"0x000d3a52","000e3a52","FUN_000e3a52",147,false,0,7
"0x000d3ae5","000e3ae5","FUN_000e3ae5",140,false,0,7
"0x000d3b71","000e3b71","FUN_000e3b71",140,false,0,7
"0x000d3bfd","000e3bfd","FUN_000e3bfd",151,false,0,7
"0x000d3c94","000e3c94","FUN_000e3c94",137,false,0,7
"0x000d3d1d","000e3d1d","FUN_000e3d1d",308,false,2,3
"0x000d3e51","000e3e51","FUN_000e3e51",1136,false,52,4
"0x000d42c1","000e42c1","FUN_000e42c1",119,false,0,3
"0x000d4338","000e4338","FUN_000e4338",111,false,0,3
"0x000d43a7","000e43a7","FUN_000e43a7",113,false,0,3
"0x000d4418","000e4418","FUN_000e4418",105,false,0,3
"0x000d4481","000e4481","FUN_000e4481",107,false,0,3
"0x000d44ec","000e44ec","FUN_000e44ec",99,false,0,3
"0x000d454f","000e454f","FUN_000e454f",95,false,0,3
"0x000d45ae","000e45ae","FUN_000e45ae",93,false,0,3
"0x000d460b","000e460b","FUN_000e460b",113,false,0,3
"0x000d467c","000e467c","FUN_000e467c",105,false,0,3
"0x000d46e5","000e46e5","FUN_000e46e5",113,false,0,3
"0x000d4756","000e4756","FUN_000e4756",105,false,0,3
"0x000d47bf","000e47bf","FUN_000e47bf",1395,false,0,4
"0x000d4d32","000e4d32","FUN_000e4d32",95,false,0,3
"0x000d4d91","000e4d91","FUN_000e4d91",93,false,0,3
"0x000d4dee","000e4dee","FUN_000e4dee",95,false,0,3
"0x000d4e4d","000e4e4d","FUN_000e4e4d",93,false,0,3
"0x000d4eaa","000e4eaa","FUN_000e4eaa",113,false,0,3
"0x000d4f1b","000e4f1b","FUN_000e4f1b",119,false,0,3
"0x000d4f92","000e4f92","FUN_000e4f92",111,false,0,3
"0x000d5001","000e5001","FUN_000e5001",113,false,0,3
"0x000d5072","000e5072","FUN_000e5072",105,false,0,3
"0x000d50db","000e50db","FUN_000e50db",193,false,30,4
"0x000d519c","000e519c","FUN_000e519c",210,false,0,4
"0x000d526e","000e526e","FUN_000e526e",208,false,0,4
"0x000d533e","000e533e","FUN_000e533e",204,false,0,4
"0x000d540a","000e540a","FUN_000e540a",202,false,0,4
"0x000d54d4","000e54d4","FUN_000e54d4",198,false,0,4
"0x000d559a","000e559a","FUN_000e559a",196,false,0,4
"0x000d565e","000e565e","FUN_000e565e",192,false,0,4
"0x000d571e","000e571e","FUN_000e571e",190,false,0,4
"0x000d57dc","000e57dc","FUN_000e57dc",418,false,0,5
"0x000d597e","000e597e","FUN_000e597e",414,false,0,5
"0x000d5b1c","000e5b1c","FUN_000e5b1c",404,false,0,5
"0x000d5cb0","000e5cb0","FUN_000e5cb0",406,false,0,5
"0x000d5e46","000e5e46","FUN_000e5e46",396,false,0,5
"0x000d5fd2","000e5fd2","FUN_000e5fd2",390,false,0,5
"0x000d6158","000e6158","FUN_000e6158",380,false,0,5
"0x000d62d4","000e62d4","FUN_000e62d4",382,false,0,5
"0x000d6452","000e6452","FUN_000e6452",195,false,0,4
"0x000d6515","000e6515","FUN_000e6515",191,false,0,4
"0x000d65d4","000e65d4","FUN_000e65d4",189,false,0,4
"0x000d6691","000e6691","FUN_000e6691",185,false,0,4
"0x000d674a","000e674a","FUN_000e674a",181,false,0,4
"0x000d67ff","000e67ff","FUN_000e67ff",179,false,0,4
"0x000d68b2","000e68b2","FUN_000e68b2",210,false,0,4
"0x000d6984","000e6984","FUN_000e6984",208,false,0,4
"0x000d6a54","000e6a54","FUN_000e6a54",204,false,0,4
"0x000d6b20","000e6b20","FUN_000e6b20",202,false,0,4
"0x000d6bea","000e6bea","FUN_000e6bea",198,false,0,4
"0x000d6cb0","000e6cb0","FUN_000e6cb0",196,false,0,4
"0x000d6d74","000e6d74","FUN_000e6d74",192,false,0,4
"0x000d6e34","000e6e34","FUN_000e6e34",190,false,0,4
"0x000d6ef2","000e6ef2","FUN_000e6ef2",207,false,0,5
"0x000d6fc1","000e6fc1","vbo_save_SaveFlushVertices",94,false,1,4
"0x000d701f","000e701f","vbo_save_EndList",210,false,0,5
"0x000d70f1","000e70f1","vbo_save_NewList",120,false,0,5
"0x000d7169","000e7169","FUN_000e7169",438,false,1,8
"0x000d731f","000e731f","FUN_000e731f",138,false,0,4
"0x000d73a9","000e73a9","FUN_000e73a9",189,false,0,7
"0x000d7466","000e7466","FUN_000e7466",307,false,0,3
"0x000d7599","000e7599","FUN_000e7599",178,false,0,4
"0x000d7650","000e7650","FUN_000e7650",150,false,1,2
"0x000d76e6","000e76e6","FUN_000e76e6",475,false,1,2
"0x000d78c1","000e78c1","vbo_save_playback_vertex_list",915,false,0,8
"0x000d7c54","000e7c54","FUN_000e7c54",69,false,0,1
"0x000d7c99","000e7c99","FUN_000e7c99",69,false,0,1
"0x000d7cde","000e7cde","FUN_000e7cde",69,false,0,1
"0x000d7d23","000e7d23","FUN_000e7d23",69,false,0,1
"0x000d7d68","000e7d68","vbo_loopback_vertex_list",660,false,2,3
"0x000d8000","000e8000","vf_set_sources",158,false,2,1
"0x000d809e","000e809e","vf_emit_vertices",34,false,2,0
"0x000d80c0","000e80c0","vf_destroy",103,false,1,3
"0x000d8127","000e8127","vf_create",176,false,1,3
"0x000d81d7","000e81d7","vf_get_attr",132,false,1,2
"0x000d825b","000e825b","FUN_000e825b",408,false,0,2
"0x000d83f3","000e83f3","vf_set_vp_scale_translate",156,false,1,2
"0x000d848f","000e848f","vf_set_vp_matrix",154,false,0,2
"0x000d8529","000e8529","vf_set_vertex_attributes",422,false,2,2
"0x000d86cf","000e86cf","vf_register_fastpath",237,false,1,3
"0x000d87bc","000e87bc","FUN_000e87bc",76,false,0,0
"0x000d8808","000e8808","FUN_000e8808",94,false,0,0
"0x000d8866","000e8866","FUN_000e8866",85,false,0,0
"0x000d88bb","000e88bb","FUN_000e88bb",76,false,0,0
"0x000d8907","000e8907","FUN_000e8907",70,false,0,0
"0x000d894d","000e894d","FUN_000e894d",70,false,0,0
"0x000d8993","000e8993","FUN_000e8993",52,false,0,0
"0x000d89c7","000e89c7","FUN_000e89c7",50,false,0,0
"0x000d89f9","000e89f9","FUN_000e89f9",41,false,0,0
"0x000d8a22","000e8a22","FUN_000e8a22",33,false,0,0
"0x000d8a43","000e8a43","FUN_000e8a43",36,false,0,0
"0x000d8a67","000e8a67","FUN_000e8a67",37,false,0,0
"0x000d8a8c","000e8a8c","FUN_000e8a8c",33,false,0,0
"0x000d8aad","000e8aad","FUN_000e8aad",29,false,0,0
"0x000d8aca","000e8aca","FUN_000e8aca",30,false,0,0
"0x000d8ae8","000e8ae8","FUN_000e8ae8",27,false,0,0
"0x000d8b03","000e8b03","FUN_000e8b03",27,false,0,0
"0x000d8b1e","000e8b1e","FUN_000e8b1e",30,false,0,0
"0x000d8b3c","000e8b3c","FUN_000e8b3c",26,false,0,0
"0x000d8b56","000e8b56","FUN_000e8b56",21,false,0,0
"0x000d8b6b","000e8b6b","FUN_000e8b6b",22,false,0,0
"0x000d8b81","000e8b81","FUN_000e8b81",15,false,0,0
"0x000d8b90","000e8b90","FUN_000e8b90",260,false,0,1
"0x000d8c94","000e8c94","FUN_000e8c94",206,false,0,1
"0x000d8d62","000e8d62","FUN_000e8d62",152,false,0,1
"0x000d8dfa","000e8dfa","FUN_000e8dfa",96,false,0,1
"0x000d8e5a","000e8e5a","FUN_000e8e5a",260,false,0,1
"0x000d8f5e","000e8f5e","FUN_000e8f5e",206,false,0,1
"0x000d902c","000e902c","FUN_000e902c",152,false,0,1
"0x000d90c4","000e90c4","FUN_000e90c4",96,false,0,1
"0x000d9124","000e9124","FUN_000e9124",260,false,0,1
"0x000d9228","000e9228","FUN_000e9228",206,false,0,1
"0x000d92f6","000e92f6","FUN_000e92f6",154,false,0,1
"0x000d9390","000e9390","FUN_000e9390",98,false,0,1
"0x000d93f2","000e93f2","FUN_000e93f2",260,false,0,1
"0x000d94f6","000e94f6","FUN_000e94f6",208,false,0,1
"0x000d95c6","000e95c6","FUN_000e95c6",154,false,0,1
"0x000d9660","000e9660","FUN_000e9660",98,false,0,1
"0x000d96c2","000e96c2","FUN_000e96c2",260,false,0,1
"0x000d97c6","000e97c6","FUN_000e97c6",208,false,0,1
"0x000d9896","000e9896","FUN_000e9896",154,false,0,1
"0x000d9930","000e9930","FUN_000e9930",98,false,0,1
"0x000d9992","000e9992","FUN_000e9992",202,false,0,1
"0x000d9a5c","000e9a5c","FUN_000e9a5c",148,false,0,1
"0x000d9af0","000e9af0","FUN_000e9af0",92,false,0,1
"0x000d9b4c","000e9b4c","FUN_000e9b4c",202,false,0,1
"0x000d9c16","000e9c16","FUN_000e9c16",150,false,0,1
"0x000d9cac","000e9cac","FUN_000e9cac",94,false,0,1
"0x000d9d0a","000e9d0a","FUN_000e9d0a",85,false,0,1
"0x000d9d5f","000e9d5f","FUN_000e9d5f",76,false,0,0
"0x000d9dab","000e9dab","FUN_000e9dab",94,false,0,0
"0x000d9e09","000e9e09","FUN_000e9e09",66,false,0,0
"0x000d9e4b","000e9e4b","FUN_000e9e4b",33,false,0,0
"0x000d9e6c","000e9e6c","FUN_000e9e6c",36,false,0,0
"0x000d9e90","000e9e90","FUN_000e9e90",36,false,0,0
"0x000d9eb4","000e9eb4","FUN_000e9eb4",37,false,0,0
"0x000d9ed9","000e9ed9","FUN_000e9ed9",33,false,0,0
"0x000d9efa","000e9efa","FUN_000e9efa",85,false,0,1
"0x000d9f4f","000e9f4f","FUN_000e9f4f",85,false,0,1
"0x000d9fa4","000e9fa4","FUN_000e9fa4",85,false,0,1
"0x000d9ff9","000e9ff9","FUN_000e9ff9",85,false,0,1
"0x000da04e","000ea04e","FUN_000ea04e",85,false,0,1
"0x000da0a3","000ea0a3","FUN_000ea0a3",82,false,0,1
"0x000da0f5","000ea0f5","FUN_000ea0f5",82,false,0,1
"0x000da147","000ea147","FUN_000ea147",56,false,0,1
"0x000da17f","000ea17f","vf_generate_hardwired_emit",380,false,1,1
"0x000da2fb","000ea2fb","vf_generic_emit",142,false,0,0
"0x000da389","000ea389","FUN_000ea389",464,false,0,1
"0x000da559","000ea559","FUN_000ea559",390,false,0,1
"0x000da6df","000ea6df","FUN_000ea6df",427,false,0,1
"0x000da88a","000ea88a","FUN_000ea88a",464,false,0,1
"0x000daa5a","000eaa5a","FUN_000eaa5a",418,false,0,1
"0x000dabfc","000eabfc","FUN_000eabfc",390,false,0,1
"0x000dad82","000ead82","FUN_000ead82",352,false,0,1
"0x000daee2","000eaee2","FUN_000eaee2",427,false,0,1
"0x000db08d","000eb08d","FUN_000eb08d",382,false,0,1
"0x000db210","000eb210","FUN_000eb210",10,false,3,0
"0x000db21a","000eb21a","FUN_000eb21a",67,false,0,1
"0x000db25d","000eb25d","FUN_000eb25d",48,false,0,1
"0x000db28d","000eb28d","FUN_000eb28d",9,false,3,0
"0x000db296","000eb296","FUN_000eb296",101,false,0,4
"0x000db2fb","000eb2fb","FUN_000eb2fb",49,false,0,2
"0x000db32c","000eb32c","FUN_000eb32c",49,false,0,2
"0x000db35d","000eb35d","FUN_000eb35d",49,false,0,2
"0x000db38e","000eb38e","FUN_000eb38e",49,false,0,2
"0x000db3bf","000eb3bf","FUN_000eb3bf",101,false,2,4
"0x000db424","000eb424","FUN_000eb424",33,false,0,1
"0x000db445","000eb445","FUN_000eb445",33,false,0,1
"0x000db466","000eb466","FUN_000eb466",167,false,0,5
"0x000db50d","000eb50d","FUN_000eb50d",163,false,0,6
"0x000db5b0","000eb5b0","FUN_000eb5b0",49,false,0,2
"0x000db5e1","000eb5e1","FUN_000eb5e1",179,false,0,6
"0x000db694","000eb694","FUN_000eb694",93,false,1,4
"0x000db6f1","000eb6f1","FUN_000eb6f1",33,false,0,1
"0x000db712","000eb712","FUN_000eb712",163,false,0,6
"0x000db7b5","000eb7b5","FUN_000eb7b5",49,false,0,2
"0x000db7e6","000eb7e6","FUN_000eb7e6",336,false,0,12
"0x000db936","000eb936","vf_generate_sse_emit",1340,false,0,27
"0x000dca80","000eca80","clip_get_hw_vf",14,false,1,0
"0x000dca8e","000eca8e","clip_get_active_prims",115,false,1,0
"0x000dcb01","000ecb01","clip_prim_info",83,false,3,2
"0x000dcc4a","000ecc4a","clip_vb",1315,false,1,9
"0x000dd16d","000ed16d","clip_set_render",94,false,1,2
"0x000dd1cb","000ed1cb","clip_destroy",114,false,0,4
"0x000dd23d","000ed23d","clip_create",246,false,1,5
"0x000dd333","000ed333","clip_set_userclip",84,false,1,2
"0x000dd387","000ed387","clip_set_state",69,false,1,0
"0x000dd3cc","000ed3cc","clip_set_prim_vertex_format",184,false,1,4
"0x000dd484","000ed484","clip_set_hw_vertex_format",184,false,1,4
"0x000dd53c","000ed53c","clip_set_viewport",146,false,1,3
"0x000dd5d0","000ed5d0","FUN_000ed5d0",34,false,0,0
"0x000dd5f2","000ed5f2","FUN_000ed5f2",103,false,0,0
"0x000dd659","000ed659","FUN_000ed659",41,false,0,0
"0x000dd682","000ed682","clip_noop_set_hw_render",14,false,2,0
"0x000dd690","000ed690","clip_create_noop_render",111,false,1,2
"0x000dd6ff","000ed6ff","FUN_000ed6ff",462,false,0,3
"0x000dd8cd","000ed8cd","FUN_000ed8cd",35,false,0,2
"0x000dd8f0","000ed8f0","FUN_000ed8f0",560,false,1,4
"0x000ddb20","000edb20","FUN_000edb20",363,false,0,5
"0x000ddc90","000edc90","FUN_000edc90",18,false,1,0
"0x000ddca2","000edca2","FUN_000edca2",24,false,0,0
"0x000ddcba","000edcba","FUN_000edcba",14,false,1,0
"0x000ddcc8","000edcc8","FUN_000edcc8",85,false,1,0
"0x000ddd1d","000edd1d","FUN_000edd1d",84,false,1,0
"0x000ddd71","000edd71","FUN_000edd71",102,false,1,0
"0x000dddd7","000eddd7","FUN_000eddd7",186,false,2,1
"0x000dde91","000ede91","FUN_000ede91",95,false,1,1
"0x000ddef0","000edef0","clip_pipe_set_hw_render",5,false,1,0
"0x000ddef5","000edef5","clip_pipe_set_clip_state",22,false,0,0
"0x000ddf0b","000edf0b","clip_pipe_invalidate",22,false,1,0
"0x000ddf21","000edf21","clip_pipe_reset_vertex_indices",64,false,1,1
"0x000ddf61","000edf61","clip_pipe_reset_tmps",51,false,0,0
"0x000ddf94","000edf94","clip_passthrough_tri",27,false,0,0
"0x000ddfaf","000edfaf","clip_passthrough_line",27,false,0,0
"0x000ddfca","000edfca","clip_passthrough_point",27,false,0,0
"0x000ddfe5","000edfe5","clip_pipe_free_tmps",64,false,0,2
"0x000de025","000ee025","FUN_000ee025",35,false,0,2
"0x000de048","000ee048","FUN_000ee048",63,false,0,2
"0x000de087","000ee087","clip_pipe_alloc_tmps",114,false,9,2
"0x000de0f9","000ee0f9","clip_pipe_validate_state",359,false,1,3
"0x000de260","000ee260","clip_create_prim_render",222,false,1,11
"0x000de33e","000ee33e","FUN_000ee33e",920,false,2,6
"0x000de6d6","000ee6d6","FUN_000ee6d6",58,false,0,2
"0x000de710","000ee710","FUN_000ee710",57,false,0,2
"0x000de749","000ee749","FUN_000ee749",122,false,0,3
"0x000de7d0","000ee7d0","FUN_000ee7d0",5,false,0,0
"0x000de7d5","000ee7d5","clip_pipe_emit",134,false,1,3
"0x000de85b","000ee85b","FUN_000ee85b",336,false,3,3
"0x000de9ab","000ee9ab","FUN_000ee9ab",38,false,0,1
"0x000de9d1","000ee9d1","FUN_000ee9d1",166,false,3,1
"0x000dea77","000eea77","FUN_000eea77",107,false,0,1
"0x000deae2","000eeae2","FUN_000eeae2",160,false,3,3
"0x000deb82","000eeb82","FUN_000eeb82",94,false,0,2
"0x000debe0","000eebe0","FUN_000eebe0",85,false,0,2
"0x000dec35","000eec35","FUN_000eec35",69,false,0,2
"0x000dec80","000eec80","FUN_000eec80",106,false,0,1
"0x000decea","000eecea","FUN_000eecea",20,false,0,0
"0x000decfe","000eecfe","clip_pipe_stipple",124,false,1,3
"0x000ded7a","000eed7a","FUN_000eed7a",331,false,1,2
"0x000deec5","000eeec5","FUN_000eeec5",209,false,1,2
"0x000def96","000eef96","FUN_000eef96",402,false,0,2
"0x000df128","000ef128","FUN_000ef128",34,false,0,0
"0x000df14a","000ef14a","FUN_000ef14a",27,false,0,0
"0x000df165","000ef165","FUN_000ef165",27,false,0,0
"0x000df180","000ef180","clip_pipe_flatshade",131,false,1,3
"0x000df203","000ef203","FUN_000ef203",207,false,2,2
"0x000df2d2","000ef2d2","FUN_000ef2d2",210,false,0,3
"0x000df3a4","000ef3a4","FUN_000ef3a4",156,false,0,3
"0x000df440","000ef440","FUN_000ef440",79,false,0,0
"0x000df48f","000ef48f","FUN_000ef48f",27,false,0,0
"0x000df4aa","000ef4aa","FUN_000ef4aa",27,false,0,0
"0x000df4c5","000ef4c5","FUN_000ef4c5",20,false,0,0
"0x000df4d9","000ef4d9","clip_pipe_twoside",124,false,1,3
"0x000df555","000ef555","FUN_000ef555",183,false,1,2
"0x000df60c","000ef60c","FUN_000ef60c",172,false,0,1
"0x000df6b8","000ef6b8","FUN_000ef6b8",66,false,0,0
"0x000df6fa","000ef6fa","FUN_000ef6fa",27,false,0,0
"0x000df715","000ef715","FUN_000ef715",27,false,0,0
"0x000df730","000ef730","FUN_000ef730",20,false,0,0
"0x000df744","000ef744","clip_pipe_offset",124,false,1,3
"0x000df7c0","000ef7c0","FUN_000ef7c0",363,false,0,2
"0x000df92c","000ef92c","FUN_000ef92c",48,false,1,0
"0x000df95c","000ef95c","FUN_000ef95c",66,false,5,1
"0x000df99e","000ef99e","FUN_000ef99e",95,false,2,1
"0x000df9fd","000ef9fd","FUN_000ef9fd",308,false,0,1
"0x000dfb31","000efb31","FUN_000efb31",20,false,0,0
"0x000dfb45","000efb45","clip_pipe_wide",124,false,1,3
"0x000dfbc1","000efbc1","FUN_000efbc1",635,false,0,3
"0x000dfe3c","000efe3c","FUN_000efe3c",364,false,4,2
"0x000dffa8","000effa8","FUN_000effa8",73,false,0,2
"0x000dfff1","000efff1","FUN_000efff1",81,false,0,3
"0x000e0042","000f0042","FUN_000f0042",952,false,2,1
"0x000e03fa","000f03fa","FUN_000f03fa",119,false,0,4
"0x000e0471","000f0471","FUN_000f0471",113,false,0,3
"0x000e04e4","000f04e4","FUN_000f04e4",62,false,0,0
"0x000e0522","000f0522","FUN_000f0522",126,false,0,0
"0x000e05a0","000f05a0","FUN_000f05a0",27,false,0,0
"0x000e05bb","000f05bb","FUN_000f05bb",27,false,0,0
"0x000e05d6","000f05d6","FUN_000f05d6",20,false,0,0
"0x000e05ea","000f05ea","clip_pipe_cull",124,false,1,3
"0x000e0670","000f0670","FUN_000f0670",156,false,1,0
"0x000e070c","000f070c","FUN_000f070c",56,false,0,0
"0x000e0744","000f0744","FUN_000f0744",128,false,0,0
"0x000e07c4","000f07c4","FUN_000f07c4",27,false,0,0
"0x000e07df","000f07df","clip_pipe_clip",139,false,1,3
"0x000e086a","000f086a","clip_interp",328,false,2,3
"0x000e09b2","000f09b2","FUN_000f09b2",1157,false,0,3
"0x000e0e37","000f0e37","FUN_000f0e37",648,false,0,3
"0x000e10c0","000f10c0","FUN_000f10c0",51,false,0,0
"0x000e10f3","000f10f3","FUN_000f10f3",27,false,1,0
"0x000e110e","000f110e","FUN_000f110e",55,false,1,0
"0x000e1145","000f1145","FUN_000f1145",276,false,0,2
"0x000e1259","000f1259","FUN_000f1259",27,false,0,0
"0x000e1274","000f1274","FUN_000f1274",27,false,0,0
"0x000e128f","000f128f","FUN_000f128f",20,false,0,0
"0x000e12a3","000f12a3","clip_pipe_unfilled",131,false,1,3
"0x000e1328","000f1328","_tnl_InvalidateState",627,false,2,0
"0x000e159b","000f159b","_tnl_wakeup",43,false,0,2
"0x000e15c6","000f15c6","_tnl_need_projected_coords",23,false,0,0
"0x000e15dd","000f15dd","_tnl_allow_vertex_fog",72,false,1,0
"0x000e1625","000f1625","_tnl_allow_pixel_fog",97,false,1,0
"0x000e1686","000f1686","_tnl_DestroyContext",74,false,1,3
"0x000e16d0","000f16d0","_tnl_CreateContext",196,false,1,3
"0x000e1794","000f1794","_tnl_destroy_pipeline",101,false,2,0
"0x000e17f9","000f17f9","_tnl_run_pipeline",371,false,1,3
"0x000e196c","000f196c","_tnl_install_pipeline",149,false,2,2
"0x000e1a04","000f1a04","FUN_000f1a04",69,false,1,2
"0x000e1a49","000f1a49","_tnl_draw_prims",1614,false,1,6
"0x000e2670","000f2670","FUN_000f2670",155,false,0,1
"0x000e270b","000f270b","_tnl_program_string",5,false,1,0
"0x000e2710","000f2710","FUN_000f2710",2535,false,0,6
"0x000e30f7","000f30f7","FUN_000f30f7",44,false,0,2
"0x000e3123","000f3123","FUN_000f3123",111,false,0,4
"0x000e3192","000f3192","FUN_000f3192",210,false,0,4
"0x000e3270","000f3270","FUN_000f3270",1824,false,6,1
"0x000e3990","000f3990","FUN_000f3990",4790,false,9,0
"0x000e4c46","000f4c46","FUN_000f4c46",4800,false,4,0
"0x000e5f06","000f5f06","FUN_000f5f06",65,false,0,0
"0x000e5f47","000f5f47","FUN_000f5f47",177,false,0,1
"0x000e5ff8","000f5ff8","FUN_000f5ff8",178,false,0,1
"0x000e60aa","000f60aa","FUN_000f60aa",368,false,0,1
"0x000e621a","000f621a","FUN_000f621a",375,false,0,1
"0x000e6391","000f6391","FUN_000f6391",595,false,0,1
"0x000e65e4","000f65e4","FUN_000f65e4",535,false,0,1
"0x000e67fb","000f67fb","FUN_000f67fb",822,false,0,1
"0x000e6b31","000f6b31","FUN_000f6b31",454,false,0,1
"0x000e6cf7","000f6cf7","FUN_000f6cf7",654,false,0,1
"0x000e6f85","000f6f85","FUN_000f6f85",5,false,0,0
"0x000e6f8a","000f6f8a","FUN_000f6f8a",65,false,0,0
"0x000e6fcb","000f6fcb","FUN_000f6fcb",232,false,0,1
"0x000e70b3","000f70b3","FUN_000f70b3",227,false,0,1
"0x000e7196","000f7196","FUN_000f7196",428,false,0,1
"0x000e7342","000f7342","FUN_000f7342",487,false,0,1
"0x000e7529","000f7529","FUN_000f7529",681,false,0,1
"0x000e77d2","000f77d2","FUN_000f77d2",653,false,0,1
"0x000e7a5f","000f7a5f","FUN_000f7a5f",1040,false,0,1
"0x000e7e6f","000f7e6f","FUN_000f7e6f",572,false,0,1
"0x000e80ab","000f80ab","FUN_000f80ab",798,false,0,1
"0x000e83c9","000f83c9","FUN_000f83c9",5,false,0,0
"0x000e83ce","000f83ce","FUN_000f83ce",316,false,0,1
"0x000e850a","000f850a","FUN_000f850a",65,false,0,0
"0x000e854b","000f854b","FUN_000f854b",111,false,0,0
"0x000e85ba","000f85ba","FUN_000f85ba",108,false,0,0
"0x000e8626","000f8626","FUN_000f8626",183,false,0,0
"0x000e86dd","000f86dd","FUN_000f86dd",187,false,0,0
"0x000e8798","000f8798","FUN_000f8798",362,false,0,0
"0x000e8902","000f8902","FUN_000f8902",328,false,0,0
"0x000e8a4a","000f8a4a","FUN_000f8a4a",530,false,0,0
"0x000e8c5c","000f8c5c","FUN_000f8c5c",201,false,0,0
"0x000e8d25","000f8d25","FUN_000f8d25",395,false,0,0
"0x000e8eb0","000f8eb0","FUN_000f8eb0",5,false,0,0
"0x000e8eb5","000f8eb5","FUN_000f8eb5",65,false,0,0
"0x000e8ef6","000f8ef6","FUN_000f8ef6",152,false,0,0
"0x000e8f8e","000f8f8e","FUN_000f8f8e",140,false,0,0
"0x000e901a","000f901a","FUN_000f901a",232,false,0,0
"0x000e9102","000f9102","FUN_000f9102",260,false,0,0
"0x000e9206","000f9206","FUN_000f9206",442,false,0,0
"0x000e93c0","000f93c0","FUN_000f93c0",432,false,0,0
"0x000e9570","000f9570","FUN_000f9570",645,false,0,0
"0x000e97f5","000f97f5","FUN_000f97f5",276,false,0,0
"0x000e9909","000f9909","FUN_000f9909",510,false,0,0
"0x000e9b07","000f9b07","FUN_000f9b07",5,false,0,0
"0x000e9b0c","000f9b0c","_tnl_RenderClippedPolygon",84,false,0,0
"0x000e9b60","000f9b60","_tnl_RenderClippedLine",37,false,0,0
"0x000e9b85","000f9b85","FUN_000f9b85",406,false,0,2
"0x000e9d20","000f9d20","FUN_000f9d20",201,false,0,1
"0x000e9de9","000f9de9","FUN_000f9de9",216,false,0,1
"0x000e9ec1","000f9ec1","FUN_000f9ec1",286,false,0,1
"0x000e9fdf","000f9fdf","FUN_000f9fdf",162,false,0,0
"0x000ea081","000fa081","FUN_000fa081",270,false,0,1
"0x000ea18f","000fa18f","FUN_000fa18f",201,false,0,0
"0x000ea258","000fa258","FUN_000fa258",166,false,0,0
"0x000ea2fe","000fa2fe","FUN_000fa2fe",286,false,0,2
"0x000ea41c","000fa41c","FUN_000fa41c",265,false,0,2
"0x000ea525","000fa525","FUN_000fa525",1768,false,0,2
"0x000eac0d","000fac0d","FUN_000fac0d",140,false,0,3
"0x000eac99","000fac99","FUN_000fac99",204,false,0,4
"0x000ead68","000fad68","FUN_000fad68",251,false,0,1
"0x000eae63","000fae63","FUN_000fae63",106,false,0,3
"0x000eaecd","000faecd","FUN_000faecd",148,false,0,3
"0x000eaf70","000faf70","FUN_000faf70",231,false,0,0
"0x000eb057","000fb057","FUN_000fb057",240,false,0,0
"0x000eb147","000fb147","FUN_000fb147",245,false,0,0
"0x000eb23c","000fb23c","FUN_000fb23c",574,false,0,2
"0x000eb47a","000fb47a","FUN_000fb47a",114,false,0,4
"0x000eb4ec","000fb4ec","FUN_000fb4ec",232,false,0,4
"0x000eb5d4","000fb5d4","FUN_000fb5d4",237,false,0,0
"0x000eb6d0","000fb6d0","FUN_000fb6d0",959,false,0,3
"0x000eba8f","000fba8f","FUN_000fba8f",72,false,0,3
"0x000ebad7","000fbad7","FUN_000fbad7",202,false,0,3
"0x000ebbb0","000fbbb0","FUN_000fbbb0",151,false,0,1
"0x000ebc47","000fbc47","FUN_000fbc47",634,false,0,5
"0x000ebec1","000fbec1","FUN_000fbec1",271,false,10,3
"0x000ebfd0","000fbfd0","FUN_000fbfd0",144,false,0,3
"0x000ec060","000fc060","FUN_000fc060",635,false,0,3
"0x000ec2db","000fc2db","FUN_000fc2db",1078,false,0,2
"0x000ec711","000fc711","FUN_000fc711",1277,false,0,2
"0x000ecc0e","000fcc0e","FUN_000fcc0e",605,false,0,2
"0x000ece6b","000fce6b","FUN_000fce6b",569,false,0,2
"0x000ed0a4","000fd0a4","FUN_000fd0a4",1212,false,0,2
"0x000ed560","000fd560","FUN_000fd560",1174,false,0,2
"0x000ed9f6","000fd9f6","FUN_000fd9f6",1597,false,0,2
"0x000ee033","000fe033","FUN_000fe033",948,false,0,2
"0x000ee3e7","000fe3e7","FUN_000fe3e7",908,false,0,2
"0x000ee773","000fe773","FUN_000fe773",1432,false,0,2
"0x000eed0b","000fed0b","FUN_000fed0b",1099,false,0,3
"0x000ef156","000ff156","FUN_000ff156",1306,false,0,3
"0x000ef670","000ff670","FUN_000ff670",601,false,0,3
"0x000ef8c9","000ff8c9","FUN_000ff8c9",586,false,0,3
"0x000efb13","000ffb13","FUN_000ffb13",1238,false,0,3
"0x000effe9","000fffe9","FUN_000fffe9",1197,false,0,3
"0x000f0496","00100496","FUN_00100496",1669,false,0,3
"0x000f0b1b","00100b1b","FUN_00100b1b",968,false,0,3
"0x000f0ee3","00100ee3","FUN_00100ee3",938,false,0,3
"0x000f128d","0010128d","FUN_0010128d",1465,false,0,3
"0x000f1848","00101848","FUN_00101848",188,false,0,2
"0x000f1904","00101904","FUN_00101904",262,false,0,2
"0x000f1a0a","00101a0a","FUN_00101a0a",75,false,0,3
"0x000f1a55","00101a55","FUN_00101a55",113,false,0,3
"0x000f1ac8","00101ac8","FUN_00101ac8",237,false,0,0
"0x000f1bb5","00101bb5","FUN_00101bb5",72,false,0,3
"0x000f1bfd","00101bfd","FUN_00101bfd",110,false,0,3
"0x000f1c6c","00101c6c","_tnl_UpdateFixedFunctionProgram",111,false,1,2
"0x000f1ce0","00101ce0","FUN_00101ce0",127,false,0,3
"0x000f1d5f","00101d5f","FUN_00101d5f",100,false,0,3
"0x000f1dc3","00101dc3","_tnl_interp",62,false,0,0
"0x000f1e01","00101e01","_tnl_copy_pv",40,false,0,0
"0x000f1e29","00101e29","_tnl_set_attr",128,false,0,0
"0x000f1ea9","00101ea9","_tnl_get_vertex",30,false,0,0
"0x000f1ec7","00101ec7","_tnl_invalidate_vertex_state",68,false,0,1
"0x000f1f0b","00101f0b","FUN_00101f0b",59,false,3,1
"0x000f1f46","00101f46","_tnl_invalidate_vertices",23,false,0,0
"0x000f1f5d","00101f5d","_tnl_notify_pipeline_output_change",24,false,1,1
"0x000f1f75","00101f75","_tnl_free_vertices",138,false,1,4
"0x000f1fff","00101fff","FUN_00101fff",522,false,0,3
"0x000f2209","00102209","FUN_00102209",319,false,3,2
"0x000f2348","00102348","_tnl_emit_indexed_vertices_to_buffer",263,false,0,1
"0x000f244f","0010244f","_tnl_emit_vertices_to_buffer",91,false,0,1
"0x000f24aa","001024aa","_tnl_build_vertices",81,false,0,1
"0x000f24fb","001024fb","_tnl_install_attrs",552,false,1,3
"0x000f2723","00102723","_tnl_init_vertices",265,false,0,6
"0x000f282c","0010282c","_tnl_get_attr",204,false,0,2
"0x000f28f8","001028f8","_tnl_register_fastpath",234,false,1,3
"0x000f29f0","001029f0","FUN_001029f0",10,false,3,0
"0x000f29fa","001029fa","FUN_001029fa",67,false,0,1
"0x000f2a3d","00102a3d","FUN_00102a3d",48,false,0,1
"0x000f2a6d","00102a6d","FUN_00102a6d",9,false,3,0
"0x000f2a76","00102a76","FUN_00102a76",112,false,0,4
"0x000f2ae6","00102ae6","FUN_00102ae6",49,false,0,2
"0x000f2b17","00102b17","FUN_00102b17",49,false,0,2
"0x000f2b48","00102b48","FUN_00102b48",49,false,0,2
"0x000f2b79","00102b79","FUN_00102b79",49,false,0,2
"0x000f2baa","00102baa","FUN_00102baa",49,false,0,2
"0x000f2bdb","00102bdb","FUN_00102bdb",49,false,0,2
"0x000f2c0c","00102c0c","FUN_00102c0c",101,false,0,4
"0x000f2c71","00102c71","FUN_00102c71",178,false,0,5
"0x000f2d23","00102d23","FUN_00102d23",163,false,0,6
"0x000f2dc6","00102dc6","FUN_00102dc6",49,false,0,2
"0x000f2df7","00102df7","FUN_00102df7",179,false,0,6
"0x000f2eaa","00102eaa","FUN_00102eaa",93,false,1,4
"0x000f2f07","00102f07","FUN_00102f07",33,false,0,1
"0x000f2f28","00102f28","FUN_00102f28",163,false,0,6
"0x000f2fcb","00102fcb","FUN_00102fcb",49,false,0,2
"0x000f2ffc","00102ffc","FUN_00102ffc",336,false,0,12
"0x000f314c","0010314c","_tnl_generate_sse_emit",1679,false,0,28
"0x000f44f0","001044f0","FUN_001044f0",56,false,0,0
"0x000f4528","00104528","FUN_00104528",59,false,0,0
"0x000f4563","00104563","FUN_00104563",53,false,0,0
"0x000f4598","00104598","FUN_00104598",47,false,0,0
"0x000f45c7","001045c7","FUN_001045c7",50,false,0,0
"0x000f45f9","001045f9","FUN_001045f9",44,false,0,0
"0x000f4625","00104625","FUN_00104625",38,false,0,0
"0x000f464b","0010464b","FUN_0010464b",38,false,0,0
"0x000f4671","00104671","FUN_00104671",32,false,0,0
"0x000f4691","00104691","FUN_00104691",33,false,0,0
"0x000f46b2","001046b2","FUN_001046b2",36,false,0,0
"0x000f46d6","001046d6","FUN_001046d6",37,false,0,0
"0x000f46fb","001046fb","FUN_001046fb",33,false,0,0
"0x000f471c","0010471c","FUN_0010471c",27,false,0,0
"0x000f4737","00104737","FUN_00104737",27,false,0,0
"0x000f4752","00104752","FUN_00104752",30,false,0,0
"0x000f4770","00104770","FUN_00104770",26,false,0,0
"0x000f478a","0010478a","FUN_0010478a",21,false,0,0
"0x000f479f","0010479f","FUN_0010479f",22,false,0,0
"0x000f47b5","001047b5","FUN_001047b5",15,false,0,0
"0x000f47c4","001047c4","FUN_001047c4",260,false,0,1
"0x000f48c8","001048c8","FUN_001048c8",206,false,0,1
"0x000f4996","00104996","FUN_00104996",152,false,0,1
"0x000f4a2e","00104a2e","FUN_00104a2e",96,false,0,1
"0x000f4a8e","00104a8e","FUN_00104a8e",260,false,0,1
"0x000f4b92","00104b92","FUN_00104b92",206,false,0,1
"0x000f4c60","00104c60","FUN_00104c60",152,false,0,1
"0x000f4cf8","00104cf8","FUN_00104cf8",96,false,0,1
"0x000f4d58","00104d58","FUN_00104d58",260,false,0,1
"0x000f4e5c","00104e5c","FUN_00104e5c",206,false,0,1
"0x000f4f2a","00104f2a","FUN_00104f2a",154,false,0,1
"0x000f4fc4","00104fc4","FUN_00104fc4",98,false,0,1
"0x000f5026","00105026","FUN_00105026",260,false,0,1
"0x000f512a","0010512a","FUN_0010512a",208,false,0,1
"0x000f51fa","001051fa","FUN_001051fa",154,false,0,1
"0x000f5294","00105294","FUN_00105294",98,false,0,1
"0x000f52f6","001052f6","FUN_001052f6",260,false,0,1
"0x000f53fa","001053fa","FUN_001053fa",208,false,0,1
"0x000f54ca","001054ca","FUN_001054ca",154,false,0,1
"0x000f5564","00105564","FUN_00105564",98,false,0,1
"0x000f55c6","001055c6","FUN_001055c6",202,false,0,1
"0x000f5690","00105690","FUN_00105690",148,false,0,1
"0x000f5724","00105724","FUN_00105724",92,false,0,1
"0x000f5780","00105780","FUN_00105780",202,false,0,1
"0x000f584a","0010584a","FUN_0010584a",150,false,0,1
"0x000f58e0","001058e0","FUN_001058e0",94,false,0,1
"0x000f593e","0010593e","FUN_0010593e",85,false,0,1
"0x000f5993","00105993","FUN_00105993",56,false,0,0
"0x000f59cb","001059cb","FUN_001059cb",59,false,0,0
"0x000f5a06","00105a06","FUN_00105a06",54,false,0,0
"0x000f5a3c","00105a3c","FUN_00105a3c",33,false,0,0
"0x000f5a5d","00105a5d","FUN_00105a5d",36,false,0,0
"0x000f5a81","00105a81","FUN_00105a81",36,false,0,0
"0x000f5aa5","00105aa5","FUN_00105aa5",37,false,0,0
"0x000f5aca","00105aca","FUN_00105aca",33,false,0,0
"0x000f5aeb","00105aeb","FUN_00105aeb",85,false,0,1
"0x000f5b40","00105b40","FUN_00105b40",85,false,0,1
"0x000f5b95","00105b95","FUN_00105b95",85,false,0,1
"0x000f5bea","00105bea","FUN_00105bea",85,false,0,1
"0x000f5c3f","00105c3f","FUN_00105c3f",85,false,0,1
"0x000f5c94","00105c94","FUN_00105c94",82,false,0,1
"0x000f5ce6","00105ce6","FUN_00105ce6",82,false,0,1
"0x000f5d38","00105d38","FUN_00105d38",56,false,0,1
"0x000f5d70","00105d70","_tnl_generate_hardwired_emit",427,false,1,1
"0x000f5f1b","00105f1b","_tnl_generic_emit",173,false,1,0
"0x000f5fc8","00105fc8","_tnl_generic_interp",455,false,2,0
"0x000f618f","0010618f","FUN_0010618f",36,false,0,2
"0x000f61b3","001061b3","_tnl_generic_interp_extras",501,false,1,3
"0x000f63a8","001063a8","_tnl_generic_copy_pv",153,false,2,2
"0x000f6441","00106441","_tnl_generic_copy_pv_extras",208,false,1,2
"0x000f6511","00106511","FUN_00106511",498,false,0,1
"0x000f6703","00106703","FUN_00106703",414,false,0,1
"0x000f68a1","001068a1","FUN_001068a1",457,false,0,1
"0x000f6a6a","00106a6a","FUN_00106a6a",414,false,0,1
"0x000f6c08","00106c08","FUN_00106c08",382,false,0,1
"0x000f6d86","00106d86","FUN_00106d86",457,false,0,1
"0x000f6f4f","00106f4f","FUN_00106f4f",424,false,0,1
"0x000f70f7","001070f7","FUN_001070f7",498,false,0,1
"0x000f72e9","001072e9","FUN_001072e9",460,false,0,1
"0x000f74c0","001074c0","FUN_001074c0",33,false,3,1
"0x000f74e1","001074e1","FUN_001074e1",70,false,6,0
"0x000f7527","00107527","FUN_00107527",51,false,5,0
"0x000f755a","0010755a","FUN_0010755a",33,false,2,0
"0x000f757b","0010757b","FUN_0010757b",24,false,2,0
"0x000f7593","00107593","FUN_00107593",150,false,1,1
"0x000f7629","00107629","FUN_00107629",65,false,2,3
"0x000f766a","0010766a","FUN_0010766a",142,false,2,2
"0x000f76f8","001076f8","FUN_001076f8",191,false,2,6
"0x000f77b7","001077b7","FUN_001077b7",35,false,1,1
"0x000f77da","001077da","FUN_001077da",220,false,8,7
"0x000f78b6","001078b6","FUN_001078b6",389,false,1,7
"0x000f7a3b","00107a3b","FUN_00107a3b",174,false,2,2
"0x000f7ae9","00107ae9","FUN_00107ae9",192,false,0,3
"0x000f7ba9","00107ba9","FUN_00107ba9",117,false,6,5
"0x000f7c1e","00107c1e","FUN_00107c1e",104,false,3,3
"0x000f7c86","00107c86","FUN_00107c86",682,false,1,6
"0x000f7f30","00107f30","FUN_00107f30",343,false,1,6
"0x000f8087","00108087","FUN_00108087",216,false,1,3
"0x000f815f","0010815f","FUN_0010815f",131,false,2,4
"0x000f81e2","001081e2","FUN_001081e2",48,false,1,2
"0x000f8212","00108212","FUN_00108212",2881,false,1,10
"0x000f8d53","00108d53","FUN_00108d53",194,false,3,5
"0x000f8e15","00108e15","FUN_00108e15",159,false,1,4
"0x000f8eb4","00108eb4","FUN_00108eb4",907,false,2,12
"0x000f923f","0010923f","FUN_0010923f",201,false,0,3
"0x000f9308","00109308","FUN_00109308",246,false,0,3
"0x000f93fe","001093fe","FUN_001093fe",398,false,0,5
"0x000f958c","0010958c","FUN_0010958c",2607,false,2,22
"0x000fb5f4","0010b5f4","_mesa_parse_arb_vertex_program",347,false,1,6
"0x000fb74f","0010b74f","_mesa_parse_arb_fragment_program",453,false,2,5
"0x000fb920","0010b920","_mesa_GetProgramLocalParameterfvARB",297,false,1,3
"0x000fba49","0010ba49","_mesa_GetProgramLocalParameterdvARB",135,false,0,3
"0x000fbad0","0010bad0","_mesa_ProgramLocalParameters4fvEXT",395,false,0,3
"0x000fbc5b","0010bc5b","_mesa_ProgramLocalParameter4fARB",373,false,3,3
"0x000fbdd0","0010bdd0","_mesa_ProgramLocalParameter4dvARB",72,false,0,2
"0x000fbe18","0010be18","_mesa_ProgramLocalParameter4dARB",70,false,0,2
"0x000fbe5e","0010be5e","_mesa_ProgramLocalParameter4fvARB",72,false,0,2
"0x000fbea6","0010bea6","_mesa_GetProgramEnvParameterfvARB",405,false,1,3
"0x000fc03b","0010c03b","_mesa_GetProgramEnvParameterdvARB",118,false,0,3
"0x000fc0b1","0010c0b1","_mesa_ProgramEnvParameters4fvEXT",399,false,0,3
"0x000fc240","0010c240","_mesa_ProgramEnvParameter4fARB",388,false,3,3
"0x000fc3c4","0010c3c4","_mesa_ProgramEnvParameter4fvARB",72,false,0,2
"0x000fc40c","0010c40c","_mesa_ProgramEnvParameter4dvARB",72,false,0,2
"0x000fc454","0010c454","_mesa_ProgramEnvParameter4dARB",70,false,0,2
"0x000fc49a","0010c49a","_mesa_GetVertexAttribPointervARB",179,false,0,3
"0x000fc54d","0010c54d","_mesa_GetVertexAttribfvARB",663,false,2,3
"0x000fc7e4","0010c7e4","_mesa_GetVertexAttribivARB",227,false,0,4
"0x000fc8c7","0010c8c7","_mesa_GetVertexAttribdvARB",168,false,0,4
"0x000fc96f","0010c96f","_mesa_DisableVertexAttribArrayARB",219,false,0,3
"0x000fca4a","0010ca4a","_mesa_EnableVertexAttribArrayARB",215,false,0,3
"0x000fcb21","0010cb21","_mesa_GetProgramivARB",1225,false,0,4
"0x000fd07a","0010d07a","_mesa_GetProgramStringARB",256,false,0,5
"0x000fd17a","0010d17a","_mesa_ProgramStringARB",413,false,0,5
"0x000fd317","0010d317","_mesa_IsProgramARB",126,false,0,4
"0x000fd395","0010d395","_mesa_GenPrograms",236,false,0,5
"0x000fd481","0010d481","_mesa_BindProgram",634,false,1,6
"0x000fd6fb","0010d6fb","_mesa_DeletePrograms",463,false,0,8
"0x000fd8d0","0010d8d0","FUN_0010d8d0",5,false,0,0
"0x000fd8d5","0010d8d5","FUN_0010d8d5",25,false,4,0
"0x000fd8ee","0010d8ee","_mesa_SetFragmentShaderConstantATI",265,false,0,3
"0x000fd9f7","0010d9f7","FUN_0010d9f7",331,false,1,3
"0x000fdb42","0010db42","FUN_0010db42",1105,false,6,5
"0x000fdf93","0010df93","_mesa_AlphaFragmentOp3ATI",114,false,0,1
"0x000fe005","0010e005","_mesa_AlphaFragmentOp2ATI",117,false,0,1
"0x000fe07a","0010e07a","_mesa_AlphaFragmentOp1ATI",120,false,0,1
"0x000fe0f2","0010e0f2","_mesa_ColorFragmentOp3ATI",113,false,0,1
"0x000fe163","0010e163","_mesa_ColorFragmentOp2ATI",116,false,0,1
"0x000fe1d7","0010e1d7","_mesa_ColorFragmentOp1ATI",119,false,0,1
"0x000fe24e","0010e24e","_mesa_SampleMapATI",629,false,0,4
"0x000fe4c3","0010e4c3","_mesa_PassTexCoordATI",624,false,0,4
"0x000fe733","0010e733","_mesa_EndFragmentShaderATI",295,false,0,4
"0x000fe85a","0010e85a","_mesa_delete_ati_fragment_shader",97,false,3,2
"0x000fe8bb","0010e8bb","_mesa_BeginFragmentShaderATI",447,false,0,5
"0x000fea7a","0010ea7a","_mesa_new_ati_fragment_shader",52,false,2,2
"0x000feaae","0010eaae","_mesa_BindFragmentShaderATI",337,false,1,7
"0x000febff","0010ebff","_mesa_DeleteFragmentShaderATI",272,false,0,7
"0x000fed0f","0010ed0f","_mesa_GenFragmentShadersATI",214,false,0,5
"0x000fedf0","0010edf0","FUN_0010edf0",23,false,1,0
"0x000fee07","0010ee07","FUN_0010ee07",49,false,2,0
"0x000fee38","0010ee38","FUN_0010ee38",57,false,2,0
"0x000fee71","0010ee71","FUN_0010ee71",96,false,4,0
"0x000feed1","0010eed1","FUN_0010eed1",55,false,3,0
"0x000fef08","0010ef08","FUN_0010ef08",123,false,3,0
"0x000fef83","0010ef83","FUN_0010ef83",16,false,1,0
"0x000fef93","0010ef93","FUN_0010ef93",11,false,1,0
"0x000fef9e","0010ef9e","FUN_0010ef9e",191,false,2,0
"0x000ff05d","0010f05d","FUN_0010f05d",105,false,1,0
"0x000ff0c6","0010f0c6","grammar_get_last_error",182,false,4,2
"0x000ff17c","0010f17c","grammar_string_length",35,false,1,2
"0x000ff19f","0010f19f","FUN_0010f19f",32,false,1,2
"0x000ff1bf","0010f1bf","grammar_string_duplicate",35,false,1,2
"0x000ff1e2","0010f1e2","grammar_string_copy_n",49,false,1,2
"0x000ff213","0010f213","grammar_string_copy",42,false,0,2
"0x000ff23d","0010f23d","grammar_string_compare_n",49,false,1,2
"0x000ff26e","0010f26e","FUN_0010f26e",51,false,0,2
"0x000ff2a1","0010f2a1","grammar_string_compare",42,false,1,2
"0x000ff2cb","0010f2cb","FUN_0010f2cb",44,false,5,2
"0x000ff2f7","0010f2f7","grammar_memory_copy",49,false,1,2
"0x000ff328","0010f328","FUN_0010f328",43,false,2,2
"0x000ff353","0010f353","grammar_alloc_realloc",49,false,1,2
"0x000ff384","0010f384","grammar_alloc_malloc",35,false,1,2
"0x000ff3a7","0010f3a7","grammar_alloc_free",35,false,5,2
"0x000ff3ca","0010f3ca","FUN_0010f3ca",51,false,21,2
"0x000ff3fd","0010f3fd","FUN_0010f3fd",81,false,4,2
"0x000ff44e","0010f44e","FUN_0010f44e",46,false,3,2
"0x000ff47c","0010f47c","FUN_0010f47c",43,false,2,1
"0x000ff4a7","0010f4a7","FUN_0010f4a7",98,false,3,4
"0x000ff509","0010f509","FUN_0010f509",46,false,3,3
"0x000ff537","0010f537","FUN_0010f537",43,false,4,2
"0x000ff562","0010f562","FUN_0010f562",43,false,2,3
"0x000ff58d","0010f58d","FUN_0010f58d",88,false,12,2
"0x000ff5e5","0010f5e5","grammar_destroy",131,false,4,4
"0x000ff668","0010f668","FUN_0010f668",83,false,3,3
"0x000ff6bb","0010f6bb","FUN_0010f6bb",80,false,1,1
"0x000ff70b","0010f70b","FUN_0010f70b",111,false,3,1
"0x000ff77a","0010f77a","FUN_0010f77a",72,false,8,3
"0x000ff7c2","0010f7c2","FUN_0010f7c2",227,false,2,1
"0x000ff8a5","0010f8a5","FUN_0010f8a5",46,false,2,1
"0x000ff8d3","0010f8d3","FUN_0010f8d3",72,false,5,3
"0x000ff91b","0010f91b","FUN_0010f91b",101,false,3,4
"0x000ff980","0010f980","grammar_set_reg8",159,false,2,6
"0x000ffa1f","0010fa1f","FUN_0010fa1f",125,false,1,4
"0x000ffa9c","0010fa9c","FUN_0010fa9c",33,false,1,1
"0x000ffabd","0010fabd","FUN_0010fabd",101,false,2,2
"0x000ffb22","0010fb22","FUN_0010fb22",101,false,1,3
"0x000ffb87","0010fb87","FUN_0010fb87",86,false,1,2
"0x000ffbdd","0010fbdd","FUN_0010fbdd",56,false,3,1
"0x000ffc15","0010fc15","FUN_0010fc15",33,false,3,1
"0x000ffc36","0010fc36","FUN_0010fc36",214,false,2,6
"0x000ffd0c","0010fd0c","FUN_0010fd0c",547,false,2,8
"0x0010029d","0011029d","FUN_0011029d",594,false,1,8
"0x001007ea","001107ea","FUN_001107ea",576,false,2,12
"0x00100a2a","00110a2a","grammar_fast_check",47,false,5,1
"0x00100a59","00110a59","grammar_check",48,false,1,1
"0x00100a89","00110a89","FUN_00110a89",374,false,4,5
"0x00100ca4","00110ca4","FUN_00110ca4",53,false,3,2
"0x00100cd9","00110cd9","FUN_00110cd9",168,false,4,2
"0x00100d81","00110d81","FUN_00110d81",293,false,1,8
"0x00100ea6","00110ea6","FUN_00110ea6",724,false,2,12
"0x0010117a","0011117a","FUN_0011117a",2072,false,1,16
"0x00101992","00111992","FUN_00111992",43,false,2,2
"0x001019bd","001119bd","FUN_001119bd",83,false,1,5
"0x00101a10","00111a10","FUN_00111a10",66,false,1,2
"0x00101a52","00111a52","grammar_load_from_text",2240,false,4,19
"0x00102320","00112320","_mesa_TrackMatrixNV",401,false,0,3
"0x001024b1","001124b1","_mesa_ProgramParameters4fvNV",253,false,0,3
"0x001025ae","001125ae","_mesa_ProgramParameters4dvNV",247,false,0,3
"0x001026a5","001126a5","_mesa_GetVertexAttribPointervNV",174,false,0,3
"0x00102753","00112753","_mesa_GetVertexAttribivNV",567,false,0,3
"0x0010298a","0011298a","_mesa_GetVertexAttribfvNV",450,false,0,3
"0x00102b4c","00112b4c","_mesa_GetVertexAttribdvNV",456,false,0,3
"0x00102d14","00112d14","_mesa_GetTrackMatrixivNV",278,false,0,3
"0x00102e2a","00112e2a","_mesa_GetProgramParameterdvNV",256,false,0,3
"0x00102f2a","00112f2a","_mesa_GetProgramParameterfvNV",256,false,0,3
"0x0010302a","0011302a","_mesa_RequestResidentProgramsNV",246,false,0,4
"0x00103120","00113120","_mesa_AreProgramsResidentNV",376,false,0,4
"0x00103298","00113298","_mesa_GetProgramNamedParameterfvNV",271,false,1,5
"0x001033a7","001133a7","_mesa_GetProgramNamedParameterdvNV",91,false,0,2
"0x00103402","00113402","_mesa_ProgramNamedParameter4fNV",294,false,3,5
"0x00103528","00113528","_mesa_ProgramNamedParameter4dvNV",79,false,0,2
"0x00103577","00113577","_mesa_ProgramNamedParameter4dNV",77,false,0,2
"0x001035c4","001135c4","_mesa_ProgramNamedParameter4fvNV",79,false,0,2
"0x00103613","00113613","_mesa_LoadProgramNV",622,false,0,7
"0x00103881","00113881","_mesa_GetProgramivNV",272,false,0,5
"0x00103991","00113991","_mesa_GetProgramStringNV",239,false,0,6
"0x00103a80","00113a80","_mesa_ExecuteProgramNV",239,false,0,5
"0x00103b70","00113b70","FUN_00113b70",27,false,1,0
"0x00103b8b","00113b8b","FUN_00113b8b",13,false,5,0
"0x00103b98","00113b98","FUN_00113b98",38,false,2,0
"0x00103bbe","00113bbe","FUN_00113bbe",486,false,2,3
"0x00103da4","00113da4","FUN_00113da4",36,false,8,1
"0x00103dc8","00113dc8","FUN_00113dc8",198,false,12,1
"0x00103e8e","00113e8e","_mesa_nv_vertex_input_register_name",26,false,0,1
"0x00103ea8","00113ea8","_mesa_nv_vertex_output_register_name",26,false,0,1
"0x00103ec2","00113ec2","FUN_00113ec2",463,false,0,2
"0x00104091","00114091","_mesa_print_nv_vertex_instruction",78,false,1,2
"0x00104320","00114320","_mesa_print_nv_vertex_program",57,false,0,2
"0x00104359","00114359","FUN_00114359",72,false,14,2
"0x001043a1","001143a1","FUN_001143a1",170,false,2,3
"0x0010444b","0011444b","FUN_0011444b",242,false,4,6
"0x0010453d","0011453d","FUN_0011453d",445,false,2,6
"0x001046fa","001146fa","FUN_001146fa",86,false,5,3
"0x00104750","00114750","FUN_00114750",955,false,4,10
"0x00104b0b","00114b0b","FUN_00114b0b",817,false,3,10
"0x00104e3c","00114e3c","FUN_00114e3c",523,false,3,9
"0x00105047","00115047","FUN_00115047",1073,false,3,10
"0x00105478","00115478","FUN_00115478",278,false,1,5
"0x0010558e","0011558e","FUN_0011558e",567,false,1,5
"0x001057c5","001157c5","FUN_001157c5",731,false,2,10
"0x00105aa0","00115aa0","FUN_00115aa0",278,false,1,5
"0x00105bb6","00115bb6","FUN_00115bb6",910,false,1,12
"0x00105f44","00115f44","FUN_00115f44",172,false,1,5
"0x00105ff0","00115ff0","_mesa_parse_nv_vertex_program",3624,false,1,22
"0x00106e20","00116e20","_mesa_reference_program",145,false,16,2
"0x00106eb1","00116eb1","_mesa_find_free_register",307,false,2,5
"0x00106fe4","00116fe4","FUN_00116fe4",267,false,1,2
"0x001070ef","001170ef","_mesa_combine_programs",765,false,0,9
"0x001073ec","001173ec","_mesa_delete_instructions",218,false,0,4
"0x001074c6","001174c6","_mesa_insert_instructions",250,false,1,5
"0x001075c0","001175c0","_mesa_clone_program",943,false,1,8
"0x0010796f","0011796f","_mesa_lookup_program",56,false,11,2
"0x001079a7","001179a7","_mesa_set_program_error",92,false,8,3
"0x00107a03","00117a03","_mesa_update_default_objects_program",280,false,1,4
"0x00107b1b","00117b1b","_mesa_delete_program",162,false,1,4
"0x00107bbd","00117bbd","FUN_00117bbd",99,false,2,2
"0x00107c20","00117c20","_mesa_init_vertex_program",41,false,2,1
"0x00107c49","00117c49","_mesa_init_fragment_program",41,false,2,1
"0x00107c72","00117c72","_mesa_new_program",175,false,0,5
"0x00107d21","00117d21","_mesa_find_line_column",159,false,0,3
"0x00107dc0","00117dc0","_mesa_free_program_data",165,false,1,4
"0x00107e65","00117e65","_mesa_init_program",368,false,1,5
"0x00107fe0","00117fe0","FUN_00117fe0",122,false,2,2
"0x0010805a","0011805a","_mesa_new_program_cache",91,false,1,3
"0x001080b5","001180b5","FUN_001180b5",173,false,2,3
"0x00108162","00118162","_mesa_program_cache_insert",373,false,2,8
"0x001082d7","001182d7","_mesa_delete_program_cache",64,false,1,3
"0x00108317","00118317","_mesa_search_program_cache",119,false,2,1
"0x00108390","00118390","FUN_00118390",369,false,0,0
"0x00108501","00118501","FUN_00118501",104,false,0,1
"0x00108569","00118569","FUN_00118569",972,false,0,2
"0x00108935","00118935","FUN_00118935",1173,false,0,2
"0x00108dca","00118dca","FUN_00118dca",596,false,0,2
"0x0010901e","0011901e","FUN_0011901e",429,false,0,2
"0x001091cb","001191cb","FUN_001191cb",435,false,0,2
"0x0010937e","0011937e","_mesa_get_program_register",151,false,0,2
"0x001094ef","001194ef","_mesa_execute_program",353,false,2,2
"0x0010c224","0011c224","_mesa_num_inst_src_regs",29,false,7,1
"0x0010c241","0011c241","_mesa_num_inst_dst_regs",29,false,0,1
"0x0010c25e","0011c25e","_mesa_is_tex_instruction",17,false,2,0
"0x0010c26f","0011c26f","_mesa_opcode_string",29,false,1,1
"0x0010c28c","0011c28c","_mesa_free_instructions",94,false,6,2
"0x0010c2ea","0011c2ea","_mesa_copy_instructions",112,false,12,3
"0x0010c35a","0011c35a","_mesa_realloc_instructions",55,false,3,2
"0x0010c391","0011c391","_mesa_alloc_instructions",38,false,13,2
"0x0010c3b7","0011c3b7","_mesa_init_instructions",232,false,9,2
"0x0010c4a0","0011c4a0","FUN_0011c4a0",44,false,1,1
"0x0010c4cc","0011c4cc","FUN_0011c4cc",84,false,1,1
"0x0010c520","0011c520","FUN_0011c520",79,false,1,0
"0x0010c56f","0011c56f","FUN_0011c56f",104,false,1,0
"0x0010c5d7","0011c5d7","_mesa_noise4",1744,false,0,2
"0x0010cca7","0011cca7","_mesa_noise3",1128,false,0,2
"0x0010d10f","0011d10f","_mesa_noise2",578,false,0,2
"0x0010d351","0011d351","_mesa_noise1",221,false,0,2
"0x0010d430","0011d430","_mesa_num_parameters_of_type",71,false,0,0
"0x0010d477","0011d477","_mesa_longest_parameter_name",120,false,1,2
"0x0010d4ef","0011d4ef","_mesa_lookup_parameter_constant",636,false,1,2
"0x0010d76b","0011d76b","_mesa_use_uniform",102,false,0,2
"0x0010d7d1","0011d7d1","_mesa_lookup_parameter_index",227,false,11,4
"0x0010d8b4","0011d8b4","_mesa_lookup_parameter_value",64,false,3,2
"0x0010d8f4","0011d8f4","_mesa_add_parameter",549,false,11,6
"0x0010db19","0011db19","_mesa_add_state_reference",229,false,10,5
"0x0010dbfe","0011dbfe","_mesa_add_attribute",172,false,3,3
"0x0010dcaa","0011dcaa","_mesa_add_varying",146,false,2,3
"0x0010dd3c","0011dd3c","_mesa_add_sampler",251,false,1,3
"0x0010de37","0011de37","_mesa_add_uniform",145,false,2,3
"0x0010dec8","0011dec8","_mesa_add_unnamed_constant",342,false,6,3
"0x0010e01e","0011e01e","_mesa_add_named_constant",224,false,2,3
"0x0010e0fe","0011e0fe","_mesa_add_named_parameter",89,false,1,2
"0x0010e157","0011e157","_mesa_free_parameter_list",125,false,6,3
"0x0010e1d4","0011e1d4","_mesa_new_parameter_list",36,false,8,2
"0x0010e1f8","0011e1f8","_mesa_clone_parameter_list",254,false,2,3
"0x0010e2f6","0011e2f6","_mesa_combine_parameter_lists",181,false,1,3
"0x0010e3b0","0011e3b0","FUN_0011e3b0",43,false,4,0
"0x0010e3db","0011e3db","FUN_0011e3db",56,false,1,2
"0x0010e7c7","0011e7c7","FUN_0011e7c7",50,false,0,2
"0x0010e7f9","0011e7f9","FUN_0011e7f9",58,false,1,0
"0x0010e833","0011e833","FUN_0011e833",52,false,1,2
"0x0010e867","0011e867","_mesa_load_tracked_matrices",424,false,1,5
"0x0010ea0f","0011ea0f","_mesa_program_state_flags",85,false,1,2
"0x0010eb11","0011eb11","_mesa_load_state_parameters",213,false,6,2
"0x0010fb51","0011fb51","FUN_0011fb51",103,false,0,4
"0x0010fbb8","0011fbb8","_mesa_program_state_string",185,false,1,6
"0x0010fe50","0011fe50","FUN_0011fe50",16,false,2,0
"0x0010fe60","0011fe60","_mesa_count_texture_indirections",339,false,0,1
"0x0010ffb3","0011ffb3","_mesa_count_texture_instructions",69,false,0,1
"0x0010fff8","0011fff8","_mesa_remove_output_reads",821,false,1,5
"0x0011032d","0012032d","_mesa_append_fog_code",1355,false,2,9
"0x00110878","00120878","_mesa_insert_mvp_code",427,false,0,7
"0x00110a30","00120a30","_mesa_init_shader_state",29,false,1,0
"0x00110a4d","00120a4d","FUN_00120a4d",129,false,5,0
"0x00110ace","00120ace","FUN_00120ace",184,false,3,1
"0x00110b86","00120b86","FUN_00120b86",92,false,2,1
"0x00110be2","00120be2","FUN_00120be2",18,false,2,0
"0x00110bf4","00120bf4","_mesa_init_glsl_driver_functions",367,false,1,1
"0x00110d63","00120d63","FUN_00120d63",359,false,1,3
"0x00110eca","00120eca","FUN_00120eca",437,false,0,4
"0x0011107f","0012107f","FUN_0012107f",100,false,0,2
"0x001110e3","001210e3","FUN_001210e3",161,false,13,3
"0x00111184","00121184","FUN_00121184",56,false,0,2
"0x001111bc","001211bc","FUN_001211bc",185,false,2,3
"0x00111275","00121275","FUN_00121275",207,false,0,2
"0x00111344","00121344","FUN_00121344",188,false,0,2
"0x00111400","00121400","FUN_00121400",119,false,0,2
"0x00111477","00121477","FUN_00121477",161,false,6,3
"0x00111518","00121518","FUN_00121518",72,false,0,3
"0x00111560","00121560","_mesa_lookup_shader",73,false,2,2
"0x001115a9","001215a9","FUN_001215a9",47,false,1,2
"0x001115d8","001215d8","FUN_001215d8",107,false,0,4
"0x00111643","00121643","_mesa_lookup_shader_program",70,false,3,2
"0x00111689","00121689","FUN_00121689",47,false,1,2
"0x001116b8","001216b8","FUN_001216b8",107,false,0,4
"0x00111723","00121723","FUN_00121723",432,false,3,2
"0x001118d3","001218d3","FUN_001218d3",257,false,0,5
"0x001119d4","001219d4","FUN_001219d4",216,false,0,5
"0x00111aac","00121aac","FUN_00121aac",84,false,0,3
"0x00111b00","00121b00","FUN_00121b00",122,false,0,3
"0x00111b7a","00121b7a","FUN_00121b7a",432,false,0,10
"0x00111d2a","00121d2a","FUN_00121d2a",268,false,0,3
"0x00111e36","00121e36","FUN_00121e36",520,false,0,5
"0x0011203e","0012203e","FUN_0012203e",172,false,1,4
"0x001120ea","001220ea","_mesa_new_shader",120,false,1,3
"0x00112162","00122162","FUN_00122162",153,false,0,5
"0x001121fb","001221fb","FUN_001221fb",181,false,0,6
"0x001122b0","001222b0","FUN_001222b0",82,false,0,3
"0x00112302","00122302","FUN_00122302",293,false,0,5
"0x00112427","00122427","_mesa_update_shader_textures_used",304,false,2,3
"0x00112557","00122557","FUN_00122557",1123,false,1,5
"0x001129ba","001229ba","FUN_001229ba",646,false,0,5
"0x00112c40","00122c40","_mesa_free_shader",100,false,2,3
"0x00112ca4","00122ca4","_mesa_reference_shader",176,false,4,4
"0x00112d54","00122d54","FUN_00122d54",428,false,0,8
"0x00112f00","00122f00","FUN_00122f00",89,false,0,3
"0x00112f59","00122f59","FUN_00122f59",274,false,0,6
"0x0011306b","0012306b","_mesa_clear_shader_program_data",135,false,2,4
"0x001130f2","001230f2","_mesa_free_shader_program_data",221,false,2,6
"0x001131cf","001231cf","_mesa_free_shader_program",59,false,2,3
"0x0011320a","0012320a","_mesa_reference_shader_program",176,false,3,4
"0x001132ba","001232ba","FUN_001232ba",89,false,0,3
"0x00113313","00123313","_mesa_use_program",187,false,1,4
"0x001133ce","001233ce","_mesa_free_shader_state",53,false,1,2
"0x00113410","00123410","FUN_00123410",728,false,4,2
"0x001136e8","001236e8","FUN_001236e8",569,false,0,3
"0x00113921","00123921","FUN_00123921",594,false,0,3
"0x00113b73","00123b73","_swrast_clear_accum_buffer",496,false,2,2
"0x00113d63","00123d63","FUN_00123d63",1002,false,0,4
"0x0011414d","0012414d","FUN_0012414d",1041,false,0,3
"0x0011455e","0012455e","FUN_0012455e",1492,false,0,4
"0x00114b32","00124b32","_swrast_Accum",235,false,0,4
"0x00114ce4","00124ce4","_swrast_Bitmap",752,false,0,8
"0x00114fe0","00124fe0","FUN_00124fe0",1373,false,1,2
"0x0011553d","0012553d","FUN_0012553d",402,false,1,2
"0x001156cf","001256cf","_swrast_Clear",1322,false,1,7
"0x00115c00","00125c00","FUN_00125c00",367,false,5,1
"0x00115d6f","00125d6f","FUN_00125d6f",685,false,1,0
"0x0011601c","0012601c","FUN_0012601c",2243,false,1,13
"0x001168df","001268df","FUN_001268df",1020,false,1,11
"0x00116cdb","00126cdb","FUN_00126cdb",1380,false,1,11
"0x0011723f","0012723f","FUN_0012723f",889,false,1,11
"0x001175b8","001275b8","FUN_001275b8",1949,false,1,15
"0x00117d55","00127d55","_swrast_CopyPixels",503,false,1,9
"0x00117f50","00127f50","FUN_00127f50",5,false,0,0
"0x00117f55","00127f55","_swrast_Quad",94,false,0,0
"0x00117fb3","00127fb3","_swrast_Triangle",47,false,1,0
"0x00117fe2","00127fe2","_swrast_Line",40,false,1,0
"0x0011800a","0012800a","_swrast_Point",33,false,1,0
"0x0011802b","0012802b","_swrast_InvalidateState",33,false,1,0
"0x0011804c","0012804c","_swrast_ResetLineStipple",24,false,1,0
"0x00118064","00128064","_swrast_SetFacing",23,false,0,0
"0x0011807b","0012807b","_swrast_allow_vertex_fog",62,false,1,0
"0x001180b9","001280b9","_swrast_allow_pixel_fog",62,false,1,0
"0x001180f7","001280f7","_swrast_GetDeviceDriverReference",14,false,1,0
"0x00118105","00128105","_swrast_render_start",43,false,0,0
"0x00118130","00128130","_swrast_print_vertex",5,false,0,0
"0x00118135","00128135","_swrast_flush",105,false,3,3
"0x0011819e","0012819e","_swrast_render_finish",62,false,0,2
"0x001181dc","001281dc","_swrast_render_primitive",78,false,0,2
"0x0011822a","0012822a","_swrast_DestroyContext",112,false,1,2
"0x0011829a","0012829a","_swrast_CreateContext",420,false,1,4
"0x0011843e","0012843e","FUN_0012843e",259,false,0,2
"0x00118541","00128541","_swrast_update_texture_samplers",100,false,2,2
"0x001185a5","001285a5","_swrast_validate_derived",1477,false,9,3
"0x00118b6a","00128b6a","FUN_00128b6a",118,false,0,3
"0x00118be0","00128be0","FUN_00128be0",191,false,0,3
"0x00118c9f","00128c9f","FUN_00128c9f",184,false,0,3
"0x00118d57","00128d57","FUN_00128d57",177,false,0,3
"0x00118e08","00128e08","_swrast_eject_texture_images",252,false,0,2
"0x00118f10","00128f10","_swrast_clear_depth_buffer",840,false,1,4
"0x00119258","00129258","_swrast_read_depth_span_uint",544,false,1,3
"0x00119478","00129478","_swrast_read_depth_span_float",510,false,4,3
"0x00119676","00129676","FUN_00129676",88,false,2,2
"0x00119abc","00129abc","FUN_00129abc",94,false,2,2
"0x00119f3e","00129f3e","FUN_00129f3e",729,false,1,2
"0x0011a217","0012a217","_swrast_depth_bounds_test",740,false,1,2
"0x0011a4fb","0012a4fb","FUN_0012a4fb",649,false,1,5
"0x0011b279","0012b279","_swrast_depth_test_span",40,false,4,2
"0x0011b2b0","0012b2b0","FUN_0012b2b0",543,false,1,6
"0x0011b4cf","0012b4cf","FUN_0012b4cf",1364,false,1,8
"0x0011ba23","0012ba23","FUN_0012ba23",542,false,1,6
"0x0011bc41","0012bc41","FUN_0012bc41",3032,false,1,8
"0x0011c819","0012c819","FUN_0012c819",1569,false,1,13
"0x0011ce3a","0012ce3a","FUN_0012ce3a",1781,false,1,9
"0x0011d52f","0012d52f","_swrast_DrawPixels",661,false,1,11
"0x0011d7c4","0012d7c4","_swrast_CopyConvolutionFilter2D",561,false,0,3
"0x0011d9f5","0012d9f5","_swrast_CopyConvolutionFilter1D",224,false,0,3
"0x0011dad5","0012dad5","_swrast_CopyColorSubTable",263,false,0,3
"0x0011dbdc","0012dbdc","_swrast_CopyColorTable",263,false,0,3
"0x0011dcf0","0012dcf0","FUN_0012dcf0",108,false,3,0
"0x0011dd5c","0012dd5c","_swrast_add_spec_terms_line",588,false,1,1
"0x0011dfa8","0012dfa8","_swrast_choose_line",312,false,0,2
"0x0011e0e0","0012e0e0","FUN_0012e0e0",827,false,0,2
"0x0011e41b","0012e41b","FUN_0012e41b",1039,false,0,2
"0x0011e82a","0012e82a","FUN_0012e82a",471,false,3,3
"0x0011ea01","0012ea01","FUN_0012ea01",1497,false,0,4
"0x0011efda","0012efda","FUN_0012efda",1290,false,0,4
"0x0011f4e4","0012f4e4","FUN_0012f4e4",1671,false,0,4
"0x0011fb6c","0012fb6c","_swrast_mask_ci_span",243,false,2,3
"0x0011fc5f","0012fc5f","_swrast_mask_rgba_span",574,false,3,2
"0x0011fea0","0012fea0","_swrast_add_spec_terms_point",309,false,1,1
"0x0011ffd5","0012ffd5","_swrast_choose_point",226,false,0,1
"0x001200b7","001300b7","FUN_001300b7",665,false,0,3
"0x00120350","00130350","FUN_00130350",1613,false,0,2
"0x0012099d","0013099d","FUN_0013099d",1237,false,0,3
"0x00120e72","00130e72","FUN_00130e72",1207,false,0,2
"0x00121330","00131330","FUN_00131330",287,false,1,3
"0x0012144f","0013144f","FUN_0013144f",341,false,1,5
"0x001215a4","001315a4","FUN_001315a4",984,false,1,4
"0x0012197c","0013197c","FUN_0013197c",2468,false,1,13
"0x00122320","00132320","FUN_00132320",967,false,1,7
"0x001226e7","001326e7","_swrast_ReadPixels",706,false,1,12
"0x001229b0","001329b0","FUN_001329b0",368,false,1,0
"0x00122b20","00132b20","_swrast_span_interpolate_z",153,false,3,0
"0x00122bb9","00132bb9","FUN_00132bb9",245,false,2,0
"0x00122cae","00132cae","_swrast_get_values",228,false,6,0
"0x00122d92","00132d92","_swrast_put_row",148,false,1,0
"0x00122e26","00132e26","_swrast_get_row",134,false,2,0
"0x00122eac","00132eac","_swrast_get_dest_rgba",204,false,3,3
"0x00122f78","00132f78","_swrast_read_index_span",511,false,2,3
"0x00123177","00133177","_swrast_read_rgba_span",406,false,9,3
"0x0012330d","0013330d","_swrast_compute_lambda",200,false,2,1
"0x001233d5","001333d5","_swrast_span_default_attribs",1025,false,8,2
"0x001237d6","001337d6","_swrast_write_index_span",2277,false,15,13
"0x001240bb","001340bb","FUN_001340bb",1079,false,2,2
"0x001244f2","001344f2","FUN_001344f2",2328,false,1,8
"0x00124e0a","00134e0a","_swrast_write_rgba_span",3562,false,26,17
"0x00125c00","00135c00","_swrast_read_stencil_span",138,false,4,0
"0x00125c8a","00135c8a","_swrast_write_stencil_span",479,false,5,1
"0x00125e69","00135e69","_swrast_clear_stencil_buffer",1447,false,1,4
"0x00126410","00136410","FUN_00136410",1169,false,2,2
"0x001268a1","001368a1","FUN_001368a1",184,false,2,3
"0x00126d65","00136d65","FUN_00136d65",920,false,1,6
"0x001270fd","001370fd","FUN_001370fd",1431,false,0,2
"0x00127694","00137694","FUN_00137694",846,false,1,8
"0x00127fea","00137fea","_swrast_stencil_and_ztest_span",63,false,2,2
"0x00128030","00138030","_swrast_texture_span",12565,false,1,4
"0x0012b150","0013b150","FUN_0013b150",258,false,1,1
"0x0012b252","0013b252","FUN_0013b252",223,false,1,1
"0x0012b331","0013b331","FUN_0013b331",256,false,3,1
"0x0012b431","0013b431","FUN_0013b431",46,false,0,0
"0x0012b45f","0013b45f","_swrast_choose_texture_sample_func",731,false,1,2
"0x0012b73a","0013b73a","FUN_0013b73a",977,false,11,2
"0x0012bb0b","0013bb0b","FUN_0013bb0b",1108,false,11,2
"0x0012bf5f","0013bf5f","FUN_0013bf5f",968,false,2,2
"0x0012c327","0013c327","FUN_0013c327",94,false,0,1
"0x0012c385","0013c385","FUN_0013c385",158,false,0,1
"0x0012c423","0013c423","FUN_0013c423",1477,false,1,2
"0x0012c9e8","0013c9e8","FUN_0013c9e8",242,false,1,2
"0x0012cada","0013cada","FUN_0013cada",232,false,1,1
"0x0012cbc2","0013cbc2","FUN_0013cbc2",273,false,0,1
"0x0012ccd3","0013ccd3","FUN_0013ccd3",774,false,1,2
"0x0012cfd9","0013cfd9","FUN_0013cfd9",552,false,0,3
"0x0012d201","0013d201","FUN_0013d201",477,false,2,3
"0x0012d3de","0013d3de","FUN_0013d3de",94,false,0,1
"0x0012d43c","0013d43c","FUN_0013d43c",703,false,2,3
"0x0012d6fb","0013d6fb","FUN_0013d6fb",94,false,0,1
"0x0012d759","0013d759","FUN_0013d759",1014,false,2,3
"0x0012db4f","0013db4f","FUN_0013db4f",94,false,0,1
"0x0012dbad","0013dbad","FUN_0013dbad",2251,false,0,4
"0x0012e478","0013e478","FUN_0013e478",432,false,2,3
"0x0012e628","0013e628","FUN_0013e628",94,false,0,1
"0x0012e686","0013e686","FUN_0013e686",2250,false,0,4
"0x0012ef50","0013ef50","FUN_0013ef50",460,false,0,2
"0x0012f11c","0013f11c","FUN_0013f11c",5654,false,0,4
"0x00130732","00140732","FUN_00140732",784,false,1,3
"0x00130a42","00140a42","FUN_00140a42",1502,false,1,2
"0x00131020","00141020","FUN_00141020",6027,false,0,7
"0x001327ab","001427ab","FUN_001427ab",2512,false,1,2
"0x0013317b","0014317b","FUN_0014317b",6301,false,0,4
"0x00134a18","00144a18","FUN_00144a18",8280,false,0,9
"0x00136a70","00146a70","FUN_00146a70",5048,false,0,4
"0x00137e30","00147e30","FUN_00147e30",41,false,2,0
"0x00137e59","00147e59","FUN_00147e59",31,false,2,0
"0x00137e78","00147e78","FUN_00147e78",200,false,5,3
"0x00137f40","00147f40","FUN_00147f40",948,false,5,4
"0x001382f4","001482f4","FUN_001482f4",234,false,5,4
"0x001383de","001483de","_swrast_copy_texsubimage3d",785,false,0,8
"0x001386ef","001486ef","_swrast_copy_texsubimage2d",712,false,1,8
"0x001389b7","001489b7","_swrast_copy_texsubimage1d",678,false,1,8
"0x00138c5d","00148c5d","_swrast_copy_teximage2d",716,false,1,10
"0x00138f29","00148f29","_swrast_copy_teximage1d",700,false,1,10
"0x001391f0","001491f0","_swrast_culltriangle",65,false,2,0
"0x00139231","00149231","FUN_00149231",2966,false,0,1
"0x00139dc7","00149dc7","FUN_00149dc7",3968,false,0,1
"0x0013ad47","0014ad47","FUN_0014ad47",2726,false,0,1
"0x0013b7ed","0014b7ed","FUN_0014b7ed",5,false,0,0
"0x0013b7f2","0014b7f2","_swrast_add_spec_terms_triangle",880,false,1,1
"0x0013bb62","0014bb62","_swrast_choose_triangle",939,false,0,2
"0x0013bf0d","0014bf0d","FUN_0014bf0d",2721,false,0,2
"0x0013c9ae","0014c9ae","FUN_0014c9ae",4349,false,0,2
"0x0013daab","0014daab","FUN_0014daab",5712,false,0,2
"0x0013f0fb","0014f0fb","FUN_0014f0fb",17352,false,0,3
"0x001434c3","001534c3","FUN_001534c3",15036,false,0,3
"0x00146f7f","00156f7f","FUN_00156f7f",4510,false,0,2
"0x00148120","00158120","FUN_00158120",367,false,3,0
"0x0014828f","0015828f","_swrast_write_zoomed_z_span",589,false,2,1
"0x001484dc","001584dc","_swrast_write_zoomed_stencil_span",414,false,4,4
"0x0014867a","0015867a","FUN_0015867a",2816,false,4,7
"0x0014917a","0015917a","_swrast_write_zoomed_depth_span",56,false,2,1
"0x001491b2","001591b2","_swrast_write_zoomed_index_span",56,false,2,1
"0x001491ea","001591ea","_swrast_write_zoomed_rgb_span",47,false,1,1
"0x00149219","00159219","_swrast_write_zoomed_rgba_span",47,false,3,1
"0x00149248","00159248","_mesa_init_driver_state",1346,false,0,0
"0x0014978a","0015978a","_mesa_init_driver_functions",1624,false,1,3
"0x00149de4","00159de4","_mesa_init_all_x86_transform_asm",786,false,1,11
"0x0014a0f8","0015a0f8","_mesa_init_x86_transform_asm",303,false,1,1
"0x0014a228","0015a228","_mesa_init_3dnow_transform_asm",273,false,1,1
"0x0014a33c","0015a33c","_mesa_init_sse_transform_asm",258,false,1,1
"0x0014a440","0015a440","x86_make_reg",39,false,8,0
"0x0014a467","0015a467","x86_get_base_reg",73,false,2,2
"0x0014a4b0","0015a4b0","x86_get_label",11,false,8,0
"0x0014a4bb","0015a4bb","x86_fixup_fwd_jump",52,false,2,2
"0x0014a4ef","0015a4ef","x86_init_func",28,false,1,0
"0x0014a50b","0015a50b","x86_get_func",11,false,2,0
"0x0014a516","0015a516","x86_release_func",67,false,2,2
"0x0014a559","0015a559","x86_init_func_size",63,false,1,2
"0x0014a598","0015a598","FUN_0015a598",169,false,5,4
"0x0014a641","0015a641","FUN_0015a641",29,false,37,1
"0x0014a65e","0015a65e","x87_fwait",21,false,1,1
"0x0014a673","0015a673","x86_sahf",21,false,0,1
"0x0014a688","0015a688","x86_ret",21,false,2,1
"0x0014a69d","0015a69d","FUN_0015a69d",29,false,2,1
"0x0014a6ba","0015a6ba","FUN_0015a6ba",27,false,7,1
"0x0014a6d5","0015a6d5","x86_jmp",71,false,0,4
"0x0014a71c","0015a71c","x86_call_forward",68,false,0,4
"0x0014a760","0015a760","x86_jmp_forward",68,false,0,4
"0x0014a7a4","0015a7a4","FUN_0015a7a4",48,false,57,1
"0x0014a7d4","0015a7d4","x87_fyl2xp1",28,false,0,1
"0x0014a7f0","0015a7f0","x87_fyl2x",28,false,0,1
"0x0014a80c","0015a80c","x87_f2xm1",28,false,0,1
"0x0014a828","0015a828","x87_fxtract",28,false,0,1
"0x0014a844","0015a844","x87_fsqrt",28,false,0,1
"0x0014a860","0015a860","x87_fsincos",28,false,0,1
"0x0014a87c","0015a87c","x87_fsin",28,false,0,1
"0x0014a898","0015a898","x87_fscale",28,false,0,1
"0x0014a8b4","0015a8b4","x87_fprndint",28,false,0,1
"0x0014a8d0","0015a8d0","x87_fcos",28,false,0,1
"0x0014a8ec","0015a8ec","x87_fchs",28,false,0,1
"0x0014a908","0015a908","x87_fabs",28,false,0,1
"0x0014a924","0015a924","x87_fucompp",28,false,0,1
"0x0014a940","0015a940","x87_fnclex",28,false,1,1
"0x0014a95c","0015a95c","x87_fclex",52,false,0,3
"0x0014a990","0015a990","x87_fldln2",28,false,0,1
"0x0014a9ac","0015a9ac","x87_fldl2e",28,false,0,1
"0x0014a9c8","0015a9c8","x87_fld1",28,false,0,1
"0x0014a9e4","0015a9e4","x87_fldz",28,false,0,1
"0x0014aa00","0015aa00","x86_jcc_forward",81,false,2,4
"0x0014aa51","0015aa51","x86_jcc",158,false,2,6
"0x0014aaef","0015aaef","FUN_0015aaef",61,false,13,1
"0x0014ab2c","0015ab2c","FUN_0015ab2c",325,false,36,5
"0x0014ac71","0015ac71","FUN_0015ac71",77,false,11,3
"0x0014acbe","0015acbe","x87_fcomp",95,false,0,3
"0x0014ad1d","0015ad1d","x87_fcom",95,false,0,3
"0x0014ad7c","0015ad7c","x87_fstp",95,false,0,3
"0x0014addb","0015addb","x87_fst",95,false,0,3
"0x0014ae3a","0015ae3a","x87_fld",95,false,0,3
"0x0014ae99","0015ae99","x87_fild",46,false,0,2
"0x0014aec7","0015aec7","x87_fistp",46,false,0,2
"0x0014aef5","0015aef5","x87_fist",46,false,0,2
"0x0014af23","0015af23","sse2_rcpss",59,false,0,2
"0x0014af5e","0015af5e","sse2_rcpps",51,false,0,2
"0x0014af91","0015af91","sse2_packuswb",59,false,2,2
"0x0014afcc","0015afcc","sse2_packsswb",59,false,0,2
"0x0014b007","0015b007","sse2_packssdw",59,false,2,2
"0x0014b042","0015b042","sse2_cvtps2dq",59,false,2,2
"0x0014b07d","0015b07d","sse2_cvttps2dq",59,false,0,2
"0x0014b0b8","0015b0b8","sse2_pshufd",87,false,0,3
"0x0014b10f","0015b10f","sse_pmovmskb",59,false,0,2
"0x0014b14a","0015b14a","sse_cmpps",79,false,0,3
"0x0014b199","0015b199","sse_shufps",79,false,8,3
"0x0014b1e8","0015b1e8","sse_xorps",51,false,0,2
"0x0014b21b","0015b21b","sse_orps",51,false,0,2
"0x0014b24e","0015b24e","sse_rsqrtss",59,false,0,2
"0x0014b289","0015b289","sse_rsqrtps",51,false,0,2
"0x0014b2bc","0015b2bc","sse_andps",51,false,0,2
"0x0014b2ef","0015b2ef","sse_andnps",51,false,0,2
"0x0014b322","0015b322","sse_addss",59,false,0,2
"0x0014b35d","0015b35d","sse_addps",51,false,0,2
"0x0014b390","0015b390","sse_mulss",59,false,0,2
"0x0014b3cb","0015b3cb","sse_mulps",51,false,2,2
"0x0014b3fe","0015b3fe","sse_subps",51,false,0,2
"0x0014b431","0015b431","sse_minps",51,false,0,2
"0x0014b464","0015b464","sse_divss",59,false,0,2
"0x0014b49f","0015b49f","sse_maxss",59,false,0,2
"0x0014b4da","0015b4da","sse_maxps",51,false,0,2
"0x0014b50d","0015b50d","x86_test",44,false,2,2
"0x0014b539","0015b539","x86_lea",44,false,4,2
"0x0014b565","0015b565","x86_call",52,false,0,2
"0x0014b599","0015b599","FUN_0015b599",213,false,16,4
"0x0014b66e","0015b66e","mmx_movq",68,false,0,2
"0x0014b6b2","0015b6b2","mmx_movd",68,false,2,2
"0x0014b6f6","0015b6f6","sse2_movd",68,false,0,2
"0x0014b73a","0015b73a","sse_movups",61,false,12,2
"0x0014b777","0015b777","sse_movaps",61,false,0,2
"0x0014b7b4","0015b7b4","sse_movss",68,false,16,2
"0x0014b7f8","0015b7f8","x86_and",42,false,0,1
"0x0014b822","0015b822","x86_or",42,false,0,1
"0x0014b84c","0015b84c","x86_sub",42,false,0,1
"0x0014b876","0015b876","x86_add",42,false,0,1
"0x0014b8a0","0015b8a0","x86_cmp",42,false,2,1
"0x0014b8ca","0015b8ca","x86_xor",42,false,2,1
"0x0014b8f4","0015b8f4","x86_mov",42,false,6,1
"0x0014b91e","0015b91e","mmx_packuswb",155,false,2,4
"0x0014b9b9","0015b9b9","mmx_packssdw",155,false,2,4
"0x0014ba54","0015ba54","mmx_emms",110,false,2,3
"0x0014bac2","0015bac2","x87_fnstsw",148,false,0,5
"0x0014bb56","0015bb56","x87_fxch",106,false,0,3
"0x0014bbc0","0015bbc0","x87_fucomp",106,false,0,3
"0x0014bc2a","0015bc2a","x87_fucom",106,false,0,3
"0x0014bc94","0015bc94","x87_fdivrp",152,false,0,3
"0x0014bd2c","0015bd2c","x87_fdivp",152,false,0,3
"0x0014bdc4","0015bdc4","x87_faddp",152,false,0,3
"0x0014be5c","0015be5c","x87_fsubrp",152,false,0,3
"0x0014bef4","0015bef4","x87_fsubp",152,false,0,3
"0x0014bf8c","0015bf8c","x87_fmulp",152,false,0,3
"0x0014c024","0015c024","FUN_0015c024",421,false,6,5
"0x0014c1c9","0015c1c9","x87_fdivr",65,false,0,1
"0x0014c20a","0015c20a","x87_fdiv",65,false,0,1
"0x0014c24b","0015c24b","x87_fadd",65,false,0,1
"0x0014c28c","0015c28c","x87_fsubr",65,false,0,1
"0x0014c2cd","0015c2cd","x87_fsub",65,false,0,1
"0x0014c30e","0015c30e","x87_fmul",65,false,0,1
"0x0014c34f","0015c34f","x87_fldcw",169,false,0,4
"0x0014c3f8","0015c3f8","sse_cvtps2pi",155,false,2,4
"0x0014c493","0015c493","sse_movlhps",125,false,0,4
"0x0014c510","0015c510","sse_movhlps",125,false,2,4
"0x0014c58d","0015c58d","sse_movlps",146,false,12,4
"0x0014c61f","0015c61f","sse_movhps",146,false,0,4
"0x0014c6b1","0015c6b1","x86_mul",148,false,0,4
"0x0014c745","0015c745","x86_dec",98,false,2,3
"0x0014c7a7","0015c7a7","x86_inc",98,false,0,3
"0x0014c809","0015c809","x86_pop",113,false,2,3
"0x0014c87a","0015c87a","x86_push",113,false,2,3
"0x0014c8eb","0015c8eb","x86_mov_reg_imm",119,false,0,4
"0x0014c962","0015c962","x86_make_disp",261,false,14,2
"0x0014ca67","0015ca67","x86_fn_arg",112,false,2,3
"0x0014cad7","0015cad7","x86_deref",66,false,0,2
"0x0014cb20","0015cb20","FUN_0015cb20",71,false,2,1
"0x0014cbc0","0015cbc0","FUN_0015cbc0",55,false,1,2
"0x0014cbf7","0015cbf7","FUN_0015cbf7",61,false,0,2
"0x0014cc34","0015cc34","FUN_0015cc34",72,false,3,3
"0x0014cc7c","0015cc7c","FUN_0015cc7c",314,false,0,5
"0x0014cdb6","0015cdb6","FUN_0015cdb6",159,false,0,2
"0x0014ce55","0015ce55","FUN_0015ce55",113,false,2,5
"0x0014cec6","0015cec6","FUN_0015cec6",174,false,1,5
"0x0014cf74","0015cf74","FUN_0015cf74",1524,false,1,20
"0x0014d568","0015d568","FUN_0015d568",105,false,2,1
"0x0014dacd","0015dacd","FUN_0015dacd",103,false,0,4
"0x0014db34","0015db34","FUN_0015db34",363,false,3,6
"0x0014e82f","0015e82f","FUN_0015e82f",419,false,3,7
"0x0014e9d2","0015e9d2","FUN_0015e9d2",155,false,2,3
"0x0014ea6d","0015ea6d","FUN_0015ea6d",98,false,2,1
"0x0014f255","0015f255","FUN_0015f255",721,false,2,7
"0x0014f526","0015f526","FUN_0015f526",1199,false,1,19
"0x0014f9d5","0015f9d5","FUN_0015f9d5",727,false,2,13
"0x0014fcac","0015fcac","FUN_0015fcac",1201,false,1,14
"0x0015015d","0016015d","FUN_0016015d",1335,false,1,14
"0x00150694","00160694","_slang_code_unit_dtr",66,false,1,4
"0x001506d6","001606d6","_slang_code_object_dtr",97,false,1,3
"0x00150737","00160737","_slang_code_unit_ctr",72,false,1,4
"0x0015077f","0016077f","_slang_code_object_ctr",121,false,1,3
"0x001507f8","001607f8","_slang_compile",595,false,1,14
"0x00150a50","00160a50","_slang_function_scope_ctr",28,false,1,0
"0x00150a6c","00160a6c","_slang_function_has_return_value",15,false,5,0
"0x00150a7b","00160a7b","slang_function_scope_find_by_name",126,false,1,2
"0x00150af9","00160af9","_slang_function_locate",547,false,2,6
"0x00150d1c","00160d1c","slang_function_scope_find",241,false,2,3
"0x00150e0d","00160e0d","slang_function_destruct",95,false,3,5
"0x00150e6c","00160e6c","slang_function_scope_destruct",89,false,1,3
"0x00150ec5","00160ec5","slang_function_construct",131,false,2,5
"0x00150f48","00160f48","slang_function_new",66,false,1,3
"0x00150f8c","00160f8c","_slang_operation_swap",198,false,0,0
"0x00151052","00161052","slang_replace_scope",185,false,3,3
"0x0015110b","0016110b","slang_operation_destruct",143,false,12,4
"0x0015119a","0016119a","slang_operation_delete",52,false,1,3
"0x001511ce","001611ce","slang_operation_construct",127,false,10,3
"0x0015124d","0016124d","slang_operation_insert",309,false,2,6
"0x00151382","00161382","slang_operation_grow",160,false,1,4
"0x00151422","00161422","slang_operation_new",132,false,8,4
"0x001514a6","001614a6","slang_operation_copy",534,false,9,8
"0x001516c0","001616c0","_slang_struct_scope_ctr",28,false,3,0
"0x001516dc","001616dc","slang_struct_scope_find",135,false,1,2
"0x00151763","00161763","slang_struct_equal",182,false,2,2
"0x00151819","00161819","slang_struct_destruct",80,false,3,4
"0x00151869","00161869","slang_struct_scope_destruct",75,false,3,3
"0x001518b4","001618b4","slang_struct_construct",137,false,3,6
"0x0015193d","0016193d","slang_struct_copy",183,false,2,5
"0x001519f4","001619f4","slang_struct_scope_copy",257,false,1,6
"0x00151b00","00161b00","_slang_variable_scope_ctr",28,false,5,0
"0x00151b1c","00161b1c","_slang_variable_locate",111,false,8,0
"0x00151b8b","00161b8b","_slang_variable_scope_new",46,false,3,2
"0x00151bb9","00161bb9","slang_variable_destruct",70,false,4,4
"0x00151bff","00161bff","slang_variable_scope_destruct",100,false,6,3
"0x00151c63","00161c63","slang_variable_construct",103,false,3,2
"0x00151cca","00161cca","slang_variable_copy",357,false,1,8
"0x00151e2f","00161e2f","FUN_00161e2f",78,false,2,4
"0x00151e7d","00161e7d","slang_variable_scope_copy",275,false,2,6
"0x00151f90","00161f90","slang_variable_scope_grow",116,false,3,3
"0x00152010","00162010","FUN_00162010",13,false,1,0
"0x0015201d","0016201d","FUN_0016201d",75,false,1,2
"0x00152068","00162068","FUN_00162068",75,false,2,2
"0x001520b3","001620b3","FUN_001620b3",184,false,1,2
"0x0015216b","0016216b","FUN_0016216b",434,false,1,3
"0x0015231d","0016231d","FUN_0016231d",73,false,3,3
"0x00152366","00162366","FUN_00162366",1074,false,1,10
"0x00152798","00162798","FUN_00162798",592,false,1,6
"0x001529e8","001629e8","_slang_link",1739,false,1,19
"0x001530b4","001630b4","slang_info_log_construct",22,false,1,0
"0x001530ca","001630ca","FUN_001630ca",244,false,4,5
"0x001531be","001631be","slang_info_log_memory",78,false,8,2
"0x0015320c","0016320c","slang_info_log_warning",141,false,1,5
"0x00153299","00163299","slang_info_log_error",145,false,28,5
"0x0015332a","0016332a","slang_info_log_print",116,false,0,4
"0x0015339e","0016339e","slang_info_log_destruct",43,false,1,2
"0x001533d0","001633d0","_slang_free",46,false,31,2
"0x001533fe","001633fe","_slang_delete_mempool",75,false,1,2
"0x00153449","00163449","_slang_new_mempool",101,false,2,3
"0x001534ae","001634ae","_slang_alloc",179,false,30,3
"0x00153561","00163561","_slang_strdup",90,false,2,4
"0x001535bb","001635bb","_slang_realloc",128,false,8,4
"0x00153640","00163640","FUN_00163640",5,false,0,0
"0x00153645","00163645","FUN_00163645",18,false,3,0
"0x00153657","00163657","FUN_00163657",157,false,3,5
"0x001536f4","001636f4","FUN_001636f4",104,false,0,2
"0x0015375c","0016375c","FUN_0016375c",112,false,1,3
"0x001537cc","001637cc","FUN_001637cc",126,false,0,2
"0x0015384a","0016384a","_slang_preprocess_version",214,false,1,6
"0x00153920","00163920","FUN_00163920",86,false,3,3
"0x00153976","00163976","FUN_00163976",63,false,1,4
"0x001539b5","001639b5","FUN_001639b5",64,false,1,3
"0x001539f5","001639f5","FUN_001639f5",16,false,1,1
"0x00153a05","00163a05","FUN_00163a05",143,false,1,4
"0x00153a94","00163a94","FUN_00163a94",48,false,1,2
"0x00153ac4","00163ac4","FUN_00163ac4",1754,false,3,14
"0x0015419e","0016419e","FUN_0016419e",3958,false,1,5
"0x00155114","00165114","FUN_00165114",319,false,1,6
"0x00155253","00165253","FUN_00165253",220,false,0,7
"0x0015532f","0016532f","FUN_0016532f",790,false,1,17
"0x00155df9","00165df9","_slang_preprocess_directives",186,false,1,5
"0x00155ec0","00165ec0","FUN_00165ec0",25,false,1,0
"0x00155ed9","00165ed9","_slang_adapt_call",622,false,1,11
"0x00156147","00166147","_slang_cast_func_params",373,false,1,10
"0x001562bc","001662bc","_slang_lookup_constant",115,false,1,3
"0x0015632f","0016632f","_slang_simplify",2059,false,4,7
"0x00156b40","00166b40","slang_storage_array_construct",33,false,1,0
"0x00156b61","00166b61","slang_storage_aggregate_construct",26,false,2,0
"0x00156b7b","00166b7b","_slang_sizeof_type",35,false,1,0
"0x00156b9e","00166b9e","_slang_sizeof_aggregate",125,false,2,3
"0x00156c1b","00166c1b","slang_storage_aggregate_destruct",89,false,2,3
"0x00156c74","00166c74","slang_storage_array_destruct",62,false,1,3
"0x00156cb2","00166cb2","FUN_00166cb2",117,false,2,3
"0x00156d27","00166d27","FUN_00166d27",44,false,1,1
"0x00156d53","00166d53","FUN_00166d53",148,false,0,6
"0x00156de7","00166de7","_slang_aggregate_variable",69,false,1,1
"0x001571f0","001671f0","slang_type_specifier_type_to_string",65,false,2,1
"0x00157231","00167231","slang_type_specifier_ctr",28,false,5,0
"0x0015724d","0016724d","slang_fully_specified_type_construct",49,false,3,2
"0x0015727e","0016727e","_slang_type_is_matrix",17,false,1,0
"0x0015728f","0016728f","_slang_type_is_vector",39,false,2,0
"0x001572b6","001672b6","_slang_type_is_float_vec_mat",17,false,1,0
"0x001572c7","001672c7","_slang_type_base",43,false,0,1
"0x00157321","00167321","_slang_type_dim",45,false,2,1
"0x00157369","00167369","_slang_gltype_from_specifier",54,false,2,1
"0x00157505","00167505","slang_type_specifier_new",57,false,2,2
"0x0015753e","0016753e","slang_typeinfo_construct",75,false,11,3
"0x00157589","00167589","slang_type_specifier_compatible",117,false,2,3
"0x001575fe","001675fe","slang_type_specifier_equal",103,false,6,3
"0x00157665","00167665","slang_type_specifier_dtr",88,false,5,4
"0x001576bd","001676bd","slang_typeinfo_destruct",38,false,6,2
"0x001576e3","001676e3","slang_type_specifier_copy",318,false,7,8
"0x00157821","00167821","FUN_00167821",124,false,1,3
"0x0015789d","0016789d","FUN_0016789d",208,false,0,5
"0x0015796d","0016796d","slang_fully_specified_type_destruct",38,false,3,2
"0x00157993","00167993","slang_fully_specified_type_copy",200,false,1,4
"0x00157a5b","00167a5b","slang_type_specifier_type_from_string",75,false,1,2
"0x00157aa6","00167aa6","_slang_is_swizzle",276,false,1,2
"0x00157be1","00167be1","_slang_typeof_operation",82,false,4,1
"0x001587a0","001687a0","_slang_find_variable",93,false,0,0
"0x001587fd","001687fd","_slang_is_temp",173,false,2,2
"0x001588aa","001688aa","FUN_001688aa",516,false,2,2
"0x00158aae","00168aae","_slang_free_temp",409,false,2,2
"0x00158c47","00168c47","_slang_alloc_temp",153,false,3,4
"0x00158ce0","00168ce0","_slang_alloc_var",131,false,1,3
"0x00158d63","00168d63","_slang_add_variable",179,false,1,3
"0x00158e16","00168e16","_slang_pop_var_table",372,false,2,3
"0x00158f8a","00168f8a","_slang_new_var_table",46,false,1,2
"0x00158fb8","00168fb8","_slang_push_var_table",129,false,2,2
"0x00159039","00169039","_slang_delete_var_table",72,false,1,3
"0x00159090","00169090","slang_string_init",32,false,5,0
"0x001590b0","001690b0","slang_string_reset",19,false,2,0
"0x001590c3","001690c3","slang_atom_pool_construct",30,false,1,0
"0x001590e1","001690e1","slang_atom_pool_id",8,false,1,0
"0x001590e9","001690e9","slang_atom_pool_atom",225,false,7,4
"0x001591ca","001691ca","slang_atom_pool_destruct",96,false,1,2
"0x0015922a","0016922a","FUN_0016922a",153,false,4,3
"0x001592c3","001692c3","slang_string_cstr",44,false,5,1
"0x001592ef","001692ef","slang_string_pushc",62,false,2,1
"0x0015932d","0016932d","slang_string_pushs",88,false,3,3
"0x00159385","00169385","slang_string_pushi",139,false,1,4
"0x00159410","00169410","slang_string_push",106,false,1,3
"0x0015947a","0016947a","slang_string_free",41,false,5,2
"0x001594a3","001694a3","slang_string_concat",61,false,1,3
"0x001594e0","001694e0","FUN_001694e0",24,false,1,0
"0x001594f8","001694f8","FUN_001694f8",35,false,1,0
"0x0015951c","0016951c","FUN_0016951c",9,false,1,0
"0x00159540","00169540","FUN_00169540",11,false,1,0
"0x00159550","00169550","FUN_00169550",61,false,0,0
"0x0015a128","0016a128","__i686.get_pc_thunk.bx",4,false,0,0
"0x0015a12c","0016a12c","FUN_0016a12c",232,false,0,0
"0x0015a248","0016a248","__i686.get_pc_thunk.bx",4,false,0,0
"0x0015a24c","0016a24c","FUN_0016a24c",139,false,0,0
"0x0015b984","0016b984","FUN_0016b984",168,false,1,0
"0x0015ba2c","0016ba2c","FUN_0016ba2c",344,false,1,0
"0x0015bb84","0016bb84","FUN_0016bb84",306,false,1,0
"0x0015bcb6","0016bcb6","FUN_0016bcb6",293,false,1,0
"0x0015bddc","0016bddc","_ae_invalidate_state",101,false,3,2
"0x0015be41","0016be41","FUN_0016be41",151,false,1,2
"0x0015bed8","0016bed8","FUN_0016bed8",1222,false,2,3
"0x0015c39e","0016c39e","_ae_map_vbos",124,false,3,1
"0x0015c41a","0016c41a","_ae_unmap_vbos",162,false,3,2
"0x0015c4bc","0016c4bc","_ae_loopback_array_elt",348,false,0,7
"0x0015c618","0016c618","FUN_0016c618",190,false,0,2
"0x0015c6d6","0016c6d6","FUN_0016c6d6",152,false,0,2
"0x0015c76e","0016c76e","FUN_0016c76e",170,false,0,2
"0x0015c818","0016c818","FUN_0016c818",152,false,0,2
"0x0015c8b0","0016c8b0","FUN_0016c8b0",140,false,0,2
"0x0015c93c","0016c93c","FUN_0016c93c",192,false,0,2
"0x0015c9fc","0016c9fc","FUN_0016c9fc",167,false,0,2
"0x0015caa3","0016caa3","FUN_0016caa3",139,false,0,2
"0x0015cb2e","0016cb2e","FUN_0016cb2e",152,false,0,2
"0x0015cbc6","0016cbc6","FUN_0016cbc6",139,false,0,2
"0x0015cc51","0016cc51","FUN_0016cc51",129,false,0,2
"0x0015ccd2","0016ccd2","FUN_0016ccd2",169,false,0,2
"0x0015cd7b","0016cd7b","FUN_0016cd7b",144,false,0,2
"0x0015ce0b","0016ce0b","FUN_0016ce0b",126,false,0,2
"0x0015ce89","0016ce89","FUN_0016ce89",134,false,0,2
"0x0015cf0f","0016cf0f","FUN_0016cf0f",126,false,0,2
"0x0015cf8d","0016cf8d","FUN_0016cf8d",125,false,0,2
"0x0015d00a","0016d00a","FUN_0016d00a",146,false,0,2
"0x0015d09c","0016d09c","FUN_0016d09c",115,false,0,2
"0x0015d10f","0016d10f","FUN_0016d10f",109,false,0,2
"0x0015d17c","0016d17c","FUN_0016d17c",110,false,0,2
"0x0015d1ea","0016d1ea","FUN_0016d1ea",109,false,0,2
"0x0015d257","0016d257","FUN_0016d257",105,false,0,2
"0x0015d2c0","0016d2c0","FUN_0016d2c0",119,false,0,2
"0x0015d337","0016d337","FUN_0016d337",93,false,0,2
"0x0015d394","0016d394","FUN_0016d394",93,false,0,2
"0x0015d3f1","0016d3f1","FUN_0016d3f1",174,false,0,2
"0x0015d49f","0016d49f","FUN_0016d49f",125,false,0,2
"0x0015d51c","0016d51c","FUN_0016d51c",154,false,0,2
"0x0015d5b6","0016d5b6","FUN_0016d5b6",125,false,0,2
"0x0015d633","0016d633","FUN_0016d633",154,false,0,2
"0x0015d6cd","0016d6cd","FUN_0016d6cd",158,false,0,2
"0x0015d76b","0016d76b","FUN_0016d76b",93,false,0,2
"0x0015d7c8","0016d7c8","FUN_0016d7c8",93,false,0,2
"0x0015d825","0016d825","FUN_0016d825",153,false,0,2
"0x0015d8be","0016d8be","FUN_0016d8be",118,false,0,2
"0x0015d934","0016d934","FUN_0016d934",138,false,0,2
"0x0015d9be","0016d9be","FUN_0016d9be",118,false,0,2
"0x0015da34","0016da34","FUN_0016da34",138,false,0,2
"0x0015dabe","0016dabe","FUN_0016dabe",141,false,0,2
"0x0015db4b","0016db4b","FUN_0016db4b",93,false,0,2
"0x0015dba8","0016dba8","FUN_0016dba8",93,false,0,2
"0x0015dc05","0016dc05","FUN_0016dc05",139,false,0,2
"0x0015dc90","0016dc90","FUN_0016dc90",111,false,0,2
"0x0015dcff","0016dcff","FUN_0016dcff",129,false,0,2
"0x0015dd80","0016dd80","FUN_0016dd80",111,false,0,2
"0x0015ddef","0016ddef","FUN_0016ddef",129,false,0,2
"0x0015de70","0016de70","FUN_0016de70",131,false,0,2
"0x0015def3","0016def3","FUN_0016def3",93,false,0,2
"0x0015df50","0016df50","FUN_0016df50",93,false,0,2
"0x0015dfad","0016dfad","FUN_0016dfad",109,false,0,2
"0x0015e01a","0016e01a","FUN_0016e01a",95,false,0,2
"0x0015e079","0016e079","FUN_0016e079",104,false,0,2
"0x0015e0e1","0016e0e1","FUN_0016e0e1",95,false,0,2
"0x0015e140","0016e140","FUN_0016e140",104,false,0,2
"0x0015e1a8","0016e1a8","FUN_0016e1a8",105,false,0,2
"0x0015e211","0016e211","FUN_0016e211",190,false,0,2
"0x0015e2cf","0016e2cf","FUN_0016e2cf",152,false,0,2
"0x0015e367","0016e367","FUN_0016e367",170,false,0,2
"0x0015e411","0016e411","FUN_0016e411",152,false,0,2
"0x0015e4a9","0016e4a9","FUN_0016e4a9",140,false,0,2
"0x0015e535","0016e535","FUN_0016e535",192,false,0,2
"0x0015e5f5","0016e5f5","FUN_0016e5f5",167,false,0,2
"0x0015e69c","0016e69c","FUN_0016e69c",139,false,0,2
"0x0015e727","0016e727","FUN_0016e727",152,false,0,2
"0x0015e7bf","0016e7bf","FUN_0016e7bf",139,false,0,2
"0x0015e84a","0016e84a","FUN_0016e84a",129,false,0,2
"0x0015e8cb","0016e8cb","FUN_0016e8cb",169,false,0,2
"0x0015e974","0016e974","FUN_0016e974",144,false,0,2
"0x0015ea04","0016ea04","FUN_0016ea04",126,false,0,2
"0x0015ea82","0016ea82","FUN_0016ea82",134,false,0,2
"0x0015eb08","0016eb08","FUN_0016eb08",126,false,0,2
"0x0015eb86","0016eb86","FUN_0016eb86",125,false,0,2
"0x0015ec03","0016ec03","FUN_0016ec03",146,false,0,2
"0x0015ec95","0016ec95","FUN_0016ec95",115,false,0,2
"0x0015ed08","0016ed08","FUN_0016ed08",109,false,0,2
"0x0015ed75","0016ed75","FUN_0016ed75",110,false,0,2
"0x0015ede3","0016ede3","FUN_0016ede3",109,false,0,2
"0x0015ee50","0016ee50","FUN_0016ee50",105,false,0,2
"0x0015eeb9","0016eeb9","FUN_0016eeb9",119,false,0,2
"0x0015ef30","0016ef30","FUN_0016ef30",93,false,0,2
"0x0015ef8d","0016ef8d","FUN_0016ef8d",93,false,0,2
"0x0015efea","0016efea","FUN_0016efea",174,false,0,2
"0x0015f098","0016f098","FUN_0016f098",125,false,0,2
"0x0015f115","0016f115","FUN_0016f115",154,false,0,2
"0x0015f1af","0016f1af","FUN_0016f1af",125,false,0,2
"0x0015f22c","0016f22c","FUN_0016f22c",154,false,0,2
"0x0015f2c6","0016f2c6","FUN_0016f2c6",158,false,0,2
"0x0015f364","0016f364","FUN_0016f364",93,false,0,2
"0x0015f3c1","0016f3c1","FUN_0016f3c1",93,false,0,2
"0x0015f41e","0016f41e","FUN_0016f41e",153,false,0,2
"0x0015f4b7","0016f4b7","FUN_0016f4b7",118,false,0,2
"0x0015f52d","0016f52d","FUN_0016f52d",138,false,0,2
"0x0015f5b7","0016f5b7","FUN_0016f5b7",118,false,0,2
"0x0015f62d","0016f62d","FUN_0016f62d",138,false,0,2
"0x0015f6b7","0016f6b7","FUN_0016f6b7",141,false,0,2
"0x0015f744","0016f744","FUN_0016f744",93,false,0,2
"0x0015f7a1","0016f7a1","FUN_0016f7a1",93,false,0,2
"0x0015f7fe","0016f7fe","FUN_0016f7fe",139,false,0,2
"0x0015f889","0016f889","FUN_0016f889",111,false,0,2
"0x0015f8f8","0016f8f8","FUN_0016f8f8",129,false,0,2
"0x0015f979","0016f979","FUN_0016f979",111,false,0,2
"0x0015f9e8","0016f9e8","FUN_0016f9e8",129,false,0,2
"0x0015fa69","0016fa69","FUN_0016fa69",131,false,0,2
"0x0015faec","0016faec","FUN_0016faec",93,false,0,2
"0x0015fb49","0016fb49","FUN_0016fb49",93,false,0,2
"0x0015fba6","0016fba6","FUN_0016fba6",109,false,0,2
"0x0015fc13","0016fc13","FUN_0016fc13",95,false,0,2
"0x0015fc72","0016fc72","FUN_0016fc72",104,false,0,2
"0x0015fcda","0016fcda","FUN_0016fcda",95,false,0,2
"0x0015fd39","0016fd39","FUN_0016fd39",104,false,0,2
"0x0015fda1","0016fda1","FUN_0016fda1",105,false,0,2
"0x0015fe0a","0016fe0a","_ae_destroy_context",64,false,2,2
"0x0015fe4a","0016fe4a","_ae_create_context",284,false,2,2
"0x0015ff68","0016ff68","_mesa_init_exec_table",8897,false,1,2
"0x00162230","00172230","_mesa_loopback_init_api_table",3363,false,2,1
"0x00162f53","00172f53","FUN_00172f53",190,false,0,2
"0x00163011","00173011","FUN_00173011",170,false,0,2
"0x001630bb","001730bb","FUN_001730bb",152,false,0,2
"0x00163153","00173153","FUN_00173153",152,false,0,2
"0x001631eb","001731eb","FUN_001731eb",192,false,0,2
"0x001632ab","001732ab","FUN_001732ab",174,false,0,2
"0x00163359","00173359","FUN_00173359",154,false,0,2
"0x001633f3","001733f3","FUN_001733f3",154,false,0,2
"0x0016348d","0017348d","FUN_0017348d",125,false,0,2
"0x0016350a","0017350a","FUN_0017350a",158,false,0,2
"0x001635a8","001735a8","FUN_001735a8",140,false,0,2
"0x00163634","00173634","FUN_00173634",176,false,0,2
"0x001636e4","001736e4","FUN_001736e4",125,false,0,2
"0x00163761","00173761","FUN_00173761",125,false,0,2
"0x001637de","001737de","FUN_001737de",118,false,0,2
"0x00163854","00173854","FUN_00173854",118,false,0,2
"0x001638ca","001738ca","FUN_001738ca",111,false,0,2
"0x00163939","00173939","FUN_00173939",111,false,0,2
"0x001639a8","001739a8","FUN_001739a8",95,false,0,2
"0x00163a07","00173a07","FUN_00173a07",95,false,0,2
"0x00163a66","00173a66","FUN_00173a66",138,false,0,2
"0x00163af0","00173af0","FUN_00173af0",163,false,0,2
"0x00163b93","00173b93","FUN_00173b93",133,false,0,2
"0x00163c18","00173c18","FUN_00173c18",148,false,0,2
"0x00163cac","00173cac","FUN_00173cac",112,false,0,2
"0x00163d1c","00173d1c","FUN_00173d1c",133,false,0,2
"0x00163da1","00173da1","FUN_00173da1",99,false,0,2
"0x00163e04","00173e04","FUN_00173e04",111,false,0,2
"0x00163e73","00173e73","FUN_00173e73",198,false,0,2
"0x00163f39","00173f39","FUN_00173f39",162,false,0,2
"0x00163fdb","00173fdb","FUN_00173fdb",154,false,0,2
"0x00164075","00174075","FUN_00174075",131,false,0,2
"0x001640f8","001740f8","FUN_001740f8",140,false,1,2
"0x00164184","00174184","FUN_00174184",68,false,0,1
"0x001641c8","001741c8","FUN_001741c8",125,false,1,2
"0x00164245","00174245","FUN_00174245",70,false,0,1
"0x0016428b","0017428b","FUN_0017428b",125,false,1,2
"0x00164308","00174308","FUN_00174308",68,false,0,1
"0x0016434c","0017434c","FUN_0017434c",118,false,1,2
"0x001643c2","001743c2","FUN_001743c2",69,false,0,1
"0x00164407","00174407","FUN_00174407",118,false,1,2
"0x0016447d","0017447d","FUN_0017447d",69,false,0,1
"0x001644c2","001744c2","FUN_001744c2",111,false,1,2
"0x00164531","00174531","FUN_00174531",70,false,0,1
"0x00164577","00174577","FUN_00174577",111,false,1,2
"0x001645e6","001745e6","FUN_001745e6",68,false,0,1
"0x0016462a","0017462a","FUN_0017462a",95,false,1,2
"0x00164689","00174689","FUN_00174689",68,false,0,1
"0x001646cd","001746cd","FUN_001746cd",95,false,1,2
"0x0016472c","0017472c","FUN_0017472c",68,false,0,1
"0x00164770","00174770","FUN_00174770",176,false,0,2
"0x00164820","00174820","FUN_00174820",138,false,0,2
"0x001648aa","001748aa","FUN_001748aa",163,false,0,2
"0x0016494d","0017494d","FUN_0017494d",133,false,0,2
"0x001649d2","001749d2","FUN_001749d2",148,false,0,2
"0x00164a66","00174a66","FUN_00174a66",112,false,0,2
"0x00164ad6","00174ad6","FUN_00174ad6",133,false,0,2
"0x00164b5b","00174b5b","FUN_00174b5b",99,false,0,2
"0x00164bbe","00174bbe","FUN_00174bbe",111,false,0,2
"0x00164c2d","00174c2d","FUN_00174c2d",88,false,0,2
"0x00164c85","00174c85","FUN_00174c85",92,false,0,2
"0x00164ce1","00174ce1","FUN_00174ce1",93,false,0,2
"0x00164d3e","00174d3e","FUN_00174d3e",123,false,0,2
"0x00164db9","00174db9","FUN_00174db9",93,false,0,2
"0x00164e16","00174e16","FUN_00174e16",74,false,0,2
"0x00164e60","00174e60","FUN_00174e60",95,false,0,2
"0x00164ebf","00174ebf","FUN_00174ebf",93,false,0,2
"0x00164f1c","00174f1c","FUN_00174f1c",98,false,0,2
"0x00164f7e","00174f7e","FUN_00174f7e",224,false,0,2
"0x0016505e","0017505e","FUN_0017505e",75,false,0,2
"0x001650a9","001750a9","FUN_001750a9",75,false,0,2
"0x001650f4","001750f4","FUN_001750f4",59,false,0,2
"0x0016512f","0017512f","FUN_0017512f",57,false,0,2
"0x00165168","00175168","FUN_00175168",57,false,0,2
"0x001651a1","001751a1","FUN_001751a1",72,false,0,2
"0x001651e9","001751e9","FUN_001751e9",73,false,0,2
"0x00165232","00175232","FUN_00175232",71,false,0,2
"0x00165279","00175279","FUN_00175279",94,false,0,2
"0x001652d7","001752d7","FUN_001752d7",132,false,0,2
"0x0016535b","0017535b","FUN_0017535b",94,false,0,2
"0x001653b9","001753b9","FUN_001753b9",83,false,0,2
"0x0016540c","0017540c","FUN_0017540c",94,false,0,2
"0x0016546a","0017546a","FUN_0017546a",107,false,0,2
"0x001654d5","001754d5","FUN_001754d5",87,false,0,2
"0x0016552c","0017552c","FUN_0017552c",117,false,0,2
"0x001655a1","001755a1","FUN_001755a1",87,false,0,2
"0x001655f8","001755f8","FUN_001755f8",76,false,0,2
"0x00165644","00175644","FUN_00175644",87,false,0,2
"0x0016569b","0017569b","FUN_0017569b",94,false,0,2
"0x001656f9","001756f9","FUN_001756f9",80,false,0,2
"0x00165749","00175749","FUN_00175749",102,false,0,2
"0x001657af","001757af","FUN_001757af",80,false,0,2
"0x001657ff","001757ff","FUN_001757ff",69,false,0,2
"0x00165844","00175844","FUN_00175844",80,false,0,2
"0x00165894","00175894","FUN_00175894",81,false,0,2
"0x001658e5","001758e5","FUN_001758e5",64,false,0,2
"0x00165925","00175925","FUN_00175925",80,false,0,2
"0x00165975","00175975","FUN_00175975",64,false,0,2
"0x001659b5","001759b5","FUN_001759b5",62,false,0,2
"0x001659f3","001759f3","FUN_001759f3",64,false,0,2
"0x00165a33","00175a33","FUN_00175a33",68,false,0,2
"0x00165a77","00175a77","FUN_00175a77",85,false,0,2
"0x00165acc","00175acc","FUN_00175acc",85,false,0,2
"0x00165b21","00175b21","FUN_00175b21",85,false,0,2
"0x00165b76","00175b76","FUN_00175b76",78,false,0,2
"0x00165bc4","00175bc4","FUN_00175bc4",78,false,0,2
"0x00165c12","00175c12","FUN_00175c12",78,false,0,2
"0x00165c60","00175c60","FUN_00175c60",71,false,0,2
"0x00165ca7","00175ca7","FUN_00175ca7",71,false,0,2
"0x00165cee","00175cee","FUN_00175cee",71,false,0,2
"0x00165d35","00175d35","FUN_00175d35",123,false,0,2
"0x00165db0","00175db0","FUN_00175db0",74,false,0,2
"0x00165dfa","00175dfa","FUN_00175dfa",98,false,0,2
"0x00165e5c","00175e5c","FUN_00175e5c",108,false,0,2
"0x00165ec8","00175ec8","FUN_00175ec8",67,false,0,2
"0x00165f0b","00175f0b","FUN_00175f0b",85,false,0,2
"0x00165f60","00175f60","FUN_00175f60",93,false,0,2
"0x00165fbd","00175fbd","FUN_00175fbd",60,false,0,2
"0x00165ff9","00175ff9","FUN_00175ff9",72,false,0,2
"0x00166041","00176041","FUN_00176041",85,false,0,2
"0x00166096","00176096","FUN_00176096",85,false,0,2
"0x001660eb","001760eb","FUN_001760eb",85,false,0,2
"0x00166140","00176140","FUN_00176140",78,false,0,2
"0x0016618e","0017618e","FUN_0017618e",78,false,0,2
"0x001661dc","001761dc","FUN_001761dc",78,false,0,2
"0x0016622a","0017622a","FUN_0017622a",71,false,0,2
"0x00166271","00176271","FUN_00176271",71,false,0,2
"0x001662b8","001762b8","FUN_001762b8",71,false,0,2
"0x001662ff","001762ff","FUN_001762ff",57,false,0,2
"0x00166338","00176338","FUN_00176338",57,false,0,2
"0x00166371","00176371","FUN_00176371",57,false,0,2
"0x001663aa","001763aa","FUN_001763aa",123,false,0,2
"0x00166425","00176425","FUN_00176425",74,false,0,2
"0x0016646f","0017646f","FUN_0017646f",98,false,0,2
"0x001664d1","001764d1","FUN_001764d1",108,false,0,2
"0x0016653d","0017653d","FUN_0017653d",67,false,0,2
"0x00166580","00176580","FUN_00176580",85,false,0,2
"0x001665d5","001765d5","FUN_001765d5",60,false,0,2
"0x00166611","00176611","FUN_00176611",93,false,0,2
"0x0016666e","0017666e","FUN_0017666e",72,false,0,2
"0x001666b6","001766b6","FUN_001766b6",71,false,0,2
"0x001666fd","001766fd","FUN_001766fd",53,false,0,2
"0x00166732","00176732","FUN_00176732",59,false,0,2
"0x0016676d","0017676d","FUN_0017676d",99,false,0,2
"0x001667d0","001767d0","FUN_001767d0",99,false,0,2
"0x00166833","00176833","FUN_00176833",78,false,0,2
"0x00166881","00176881","FUN_00176881",131,false,0,2
"0x00166904","00176904","FUN_00176904",136,false,0,2
"0x0016698c","0017698c","FUN_0017698c",95,false,0,2
"0x001669eb","001769eb","FUN_001769eb",85,false,0,2
"0x00166a40","00176a40","FUN_00176a40",155,false,0,2
"0x00166adb","00176adb","FUN_00176adb",66,false,0,2
"0x00166b1d","00176b1d","FUN_00176b1d",57,false,0,2
"0x00166b56","00176b56","FUN_00176b56",57,false,0,2
"0x00166b8f","00176b8f","FUN_00176b8f",57,false,0,2
"0x00166bc8","00176bc8","FUN_00176bc8",78,false,0,2
"0x00166c16","00176c16","FUN_00176c16",71,false,0,2
"0x00166c5d","00176c5d","FUN_00176c5d",53,false,0,2
"0x00166c92","00176c92","FUN_00176c92",59,false,0,2
"0x00166ccd","00176ccd","FUN_00176ccd",58,false,0,2
"0x00166d07","00176d07","FUN_00176d07",129,false,0,2
"0x00166d88","00176d88","FUN_00176d88",145,false,0,2
"0x00166e19","00176e19","FUN_00176e19",160,false,0,2
"0x00166eb9","00176eb9","FUN_00176eb9",132,false,0,2
"0x00166f3d","00176f3d","FUN_00176f3d",132,false,0,2
"0x00166fc1","00176fc1","FUN_00176fc1",111,false,0,2
"0x00167030","00177030","FUN_00177030",162,false,0,2
"0x001670d2","001770d2","FUN_001770d2",151,false,0,2
"0x00167169","00177169","FUN_00177169",170,false,0,2
"0x00167213","00177213","FUN_00177213",156,false,0,2
"0x001672af","001772af","FUN_001772af",169,false,0,2
"0x00167358","00177358","FUN_00177358",128,false,0,2
"0x001673d8","001773d8","FUN_001773d8",118,false,0,2
"0x0016744e","0017744e","FUN_0017744e",186,false,0,2
"0x00167508","00177508","FUN_00177508",106,false,0,2
"0x00167572","00177572","FUN_00177572",129,false,0,2
"0x001675f3","001775f3","FUN_001775f3",149,false,0,2
"0x00167688","00177688","FUN_00177688",109,false,0,2
"0x001676f5","001776f5","FUN_001776f5",109,false,0,2
"0x00167762","00177762","FUN_00177762",82,false,0,2
"0x001677b4","001777b4","FUN_001777b4",151,false,0,2
"0x0016784b","0017784b","FUN_0017784b",103,false,0,2
"0x001678b2","001778b2","FUN_001778b2",119,false,0,2
"0x00167929","00177929","FUN_00177929",134,false,0,2
"0x001679af","001779af","FUN_001779af",100,false,0,2
"0x00167a13","00177a13","FUN_00177a13",100,false,0,2
"0x00167a77","00177a77","FUN_00177a77",83,false,0,2
"0x00167aca","00177aca","FUN_00177aca",132,false,0,2
"0x00167b4e","00177b4e","FUN_00177b4e",135,false,0,2
"0x00167bd5","00177bd5","FUN_00177bd5",162,false,0,2
"0x00167c77","00177c77","FUN_00177c77",145,false,0,2
"0x00167d08","00177d08","FUN_00177d08",154,false,0,2
"0x00167da2","00177da2","FUN_00177da2",105,false,0,2
"0x00167e0b","00177e0b","FUN_00177e0b",95,false,0,2
"0x00167e6a","00177e6a","FUN_00177e6a",182,false,0,2
"0x00167f20","00177f20","FUN_00177f20",125,false,0,2
"0x00167f9d","00177f9d","FUN_00177f9d",144,false,0,2
"0x0016802d","0017802d","FUN_0017802d",130,false,0,2
"0x001680af","001780af","FUN_001780af",137,false,0,2
"0x00168138","00178138","FUN_00178138",96,false,0,2
"0x00168198","00178198","FUN_00178198",90,false,0,2
"0x001681f2","001781f2","FUN_001781f2",156,false,0,2
"0x00168290","00178290","FUN_00178290",5,false,0,0
"0x00168295","00178295","FUN_00178295",5,false,0,0
"0x0016829a","0017829a","FUN_0017829a",5,false,0,0
"0x0016829f","0017829f","FUN_0017829f",5,false,0,0
"0x001682a4","001782a4","FUN_001782a4",5,false,0,0
"0x001682a9","001782a9","FUN_001782a9",5,false,0,0
"0x001682ae","001782ae","FUN_001782ae",5,false,0,0
"0x001682b3","001782b3","FUN_001782b3",5,false,0,0
"0x001682b8","001782b8","FUN_001782b8",5,false,0,0
"0x001682bd","001782bd","FUN_001782bd",5,false,0,0
"0x001682c2","001782c2","FUN_001782c2",5,false,0,0
"0x001682c7","001782c7","FUN_001782c7",5,false,0,0
"0x001682cc","001782cc","FUN_001782cc",5,false,0,0
"0x001682d1","001782d1","_mesa_noop_vtxfmt_init",750,false,0,1
"0x001685bf","001785bf","FUN_001785bf",89,false,0,2
"0x00168618","00178618","FUN_00178618",76,false,0,2
"0x00168664","00178664","FUN_00178664",90,false,0,2
"0x001686be","001786be","FUN_001786be",77,false,0,2
"0x0016870b","0017870b","FUN_0017870b",91,false,0,2
"0x00168766","00178766","FUN_00178766",78,false,0,2
"0x001687b4","001787b4","FUN_001787b4",78,false,0,2
"0x00168802","00178802","FUN_00178802",76,false,0,2
"0x0016884e","0017884e","FUN_0017884e",90,false,0,2
"0x001688a8","001788a8","FUN_001788a8",77,false,0,2
"0x001688f5","001788f5","FUN_001788f5",90,false,0,2
"0x0016894f","0017894f","FUN_0017894f",77,false,0,2
"0x0016899c","0017899c","FUN_0017899c",101,false,0,2
"0x00168a01","00178a01","FUN_00178a01",89,false,0,2
"0x00168a5a","00178a5a","FUN_00178a5a",102,false,0,2
"0x00168ac0","00178ac0","FUN_00178ac0",90,false,0,2
"0x00168b1a","00178b1a","FUN_00178b1a",104,false,0,2
"0x00168b82","00178b82","FUN_00178b82",91,false,0,2
"0x00168bdd","00178bdd","FUN_00178bdd",90,false,0,2
"0x00168c37","00178c37","FUN_00178c37",89,false,0,2
"0x00168c90","00178c90","FUN_00178c90",54,false,0,2
"0x00168cc6","00178cc6","FUN_00178cc6",52,false,0,2
"0x00168cfa","00178cfa","FUN_00178cfa",78,false,0,2
"0x00168d48","00178d48","FUN_00178d48",76,false,0,2
"0x00168d94","00178d94","FUN_00178d94",77,false,0,2
"0x00168de1","00178de1","FUN_00178de1",89,false,0,2
"0x00168e3a","00178e3a","FUN_00178e3a",76,false,0,2
"0x00168e86","00178e86","FUN_00178e86",90,false,0,2
"0x00168ee0","00178ee0","FUN_00178ee0",77,false,0,2
"0x00168f2d","00178f2d","FUN_00178f2d",156,false,0,4
"0x00168fc9","00178fc9","FUN_00178fc9",401,false,0,5
"0x0016915a","0017915a","FUN_0017915a",150,false,0,3
"0x001691f0","001791f0","FUN_001791f0",142,false,0,3
"0x0016927e","0017927e","FUN_0017927e",146,false,0,3
"0x00169310","00179310","FUN_00179310",143,false,0,3
"0x0016939f","0017939f","FUN_0017939f",147,false,0,3
"0x00169432","00179432","FUN_00179432",144,false,0,3
"0x001694c2","001794c2","FUN_001794c2",145,false,0,3
"0x00169553","00179553","FUN_00179553",142,false,0,3
"0x001695e1","001795e1","FUN_001795e1",146,false,0,3
"0x00169673","00179673","FUN_00179673",138,false,0,3
"0x001696fd","001796fd","FUN_001796fd",142,false,0,3
"0x0016978b","0017978b","FUN_0017978b",139,false,0,3
"0x00169816","00179816","FUN_00179816",143,false,0,3
"0x001698a5","001798a5","FUN_001798a5",140,false,0,3
"0x00169931","00179931","FUN_00179931",141,false,0,3
"0x001699be","001799be","FUN_001799be",138,false,0,3
"0x00169a48","00179a48","FUN_00179a48",69,false,0,3
"0x00169a8d","00179a8d","_mesa_noop_EvalMesh2",997,false,0,4
"0x00169e72","00179e72","_mesa_noop_EvalMesh1",286,false,0,4
"0x00169f90","00179f90","_mesa_noop_Rectf",281,false,0,4
"0x0016a0a9","0017a0a9","FUN_0017a0a9",183,false,0,4
"0x0016a160","0017a160","_mesa_noop_Materialfv",291,false,0,4
"0x0016a290","0017a290","FUN_0017a290",282,false,2,0
"0x0016a3aa","0017a3aa","FUN_0017a3aa",108,false,3,2
"0x0016a416","0017a416","_mesa_validate_DrawArrays",240,false,3,4
"0x0016a506","0017a506","_mesa_validate_DrawRangeElements",467,false,3,6
"0x0016a6d9","0017a6d9","_mesa_validate_DrawElements",432,false,3,6
"0x0016a890","0017a890","_mesa_init_accum",37,false,1,0
"0x0016a8b5","0017a8b5","_mesa_ClearAccum",382,false,1,3
"0x0016aa33","0017aa33","_mesa_Accum",338,false,0,4
"0x0016ab90","0017ab90","FUN_0017ab90",120,false,2,0
"0x0016ac08","0017ac08","_mesa_init_attrib",28,false,1,0
"0x0016ac24","0017ac24","_mesa_free_attrib_data",218,false,1,3
"0x0016acfe","0017acfe","FUN_0017acfe",113,false,2,2
"0x0016ad6f","0017ad6f","_mesa_PopClientAttrib",618,false,0,13
"0x0016afd9","0017afd9","FUN_0017afd9",53,false,2,2
"0x0016b00e","0017b00e","_mesa_PushClientAttrib",450,false,0,9
"0x0016b1d0","0017b1d0","FUN_0017b1d0",2566,false,1,15
"0x0016bbd6","0017bbd6","_mesa_PopAttrib",7599,false,0,57
"0x0016d985","0017d985","_mesa_PushAttrib",2898,false,0,11
"0x0016e4e0","0017e4e0","_mesa_initialize_array_object",600,false,1,0
"0x0016e738","0017e738","_mesa_IsVertexArrayAPPLE",161,false,0,6
"0x0016e7d9","0017e7d9","FUN_0017e7d9",60,false,1,2
"0x0016e815","0017e815","_mesa_remove_array_object",56,false,1,2
"0x0016e84d","0017e84d","_mesa_DeleteVertexArraysAPPLE",463,false,0,8
"0x0016ea1c","0017ea1c","_mesa_save_array_object",60,false,2,2
"0x0016ea58","0017ea58","_mesa_GenVertexArraysAPPLE",312,false,0,7
"0x0016eb90","0017eb90","_mesa_BindVertexArrayAPPLE",267,false,1,5
"0x0016ec9b","0017ec9b","_mesa_delete_array_object",35,false,2,2
"0x0016ecbe","0017ecbe","_mesa_new_array_object",75,false,1,3
"0x0016ed10","0017ed10","FUN_0017ed10",145,false,2,0
"0x0016eda1","0017eda1","_mesa_init_color",275,false,1,0
"0x0016eeb4","0017eeb4","_mesa_ClampColorARB",223,false,0,3
"0x0016ef93","0017ef93","_mesa_ColorMask",284,false,1,3
"0x0016f0af","0017f0af","_mesa_IndexMask",164,false,1,3
"0x0016f153","0017f153","_mesa_LogicOp",203,false,1,3
"0x0016f21e","0017f21e","_mesa_AlphaFunc",283,false,1,3
"0x0016f339","0017f339","_mesa_BlendColor",376,false,1,3
"0x0016f4b1","0017f4b1","_mesa_BlendEquationSeparateEXT",339,false,1,4
"0x0016f604","0017f604","_mesa_BlendEquation",237,false,1,4
"0x0016f6f1","0017f6f1","_mesa_BlendFuncSeparateEXT",837,false,2,3
"0x0016fa36","0017fa36","_mesa_BlendFunc",50,false,0,2
"0x0016fa70","0017fa70","FUN_0017fa70",121,false,4,0
"0x0016fae9","0017fae9","FUN_0017fae9",466,false,3,0
"0x0016fcbb","0017fcbb","_mesa_readbuffer",54,false,1,0
"0x0016fcf1","0017fcf1","_mesa_ReadBuffer",870,false,1,5
"0x00170057","00180057","_mesa_drawbuffers",427,false,3,4
"0x00170202","00180202","_mesa_DrawBuffer",331,false,1,6
"0x0017034d","0018034d","_mesa_DrawBuffersARB",540,false,1,7
"0x00170570","00180570","_mesa_ClearColor",397,false,1,3
"0x001706fd","001806fd","_mesa_ClearIndex",197,false,1,3
"0x001707c2","001807c2","_mesa_Clear",516,false,0,4
"0x001709d0","001809d0","_mesa_GetClipPlane",193,false,0,3
"0x00170a91","00180a91","_mesa_CullParameterfvEXT",360,false,1,4
"0x00170bf9","00180bf9","_mesa_CullParameterdvEXT",68,false,0,2
"0x00170c3d","00180c3d","_mesa_ClipPlane",522,false,0,6
"0x00170e50","00180e50","_mesa_init_colortable",35,false,2,0
"0x00170e73","00180e73","_mesa_init_colortables",120,false,1,2
"0x00170eeb","00180eeb","_mesa_free_colortable_data",80,false,4,2
"0x00170f3b","00180f3b","_mesa_free_colortables_data",120,false,1,2
"0x00170fb3","00180fb3","_mesa_ColorTableParameterfv",382,false,1,3
"0x00171131","00181131","_mesa_ColorTableParameteriv",115,false,0,2
"0x001711a4","001811a4","_mesa_CopyColorSubTable",159,false,0,3
"0x00171243","00181243","_mesa_CopyColorTable",159,false,0,3
"0x001712e2","001812e2","_mesa_GetColorTableParameteriv",1306,false,0,5
"0x00171851","00181851","_mesa_GetColorTableParameterfv",1040,false,0,5
"0x00171d08","00181d08","_mesa_GetColorTable",1278,false,0,10
"0x00172206","00182206","FUN_00182206",1498,false,2,6
"0x001727e0","001827e0","_mesa_ColorSubTable",1011,false,1,9
"0x00172bd3","00182bd3","_mesa_ColorTable",2116,false,1,12
"0x00173418","00183418","_mesa_dlclose",35,false,1,2
"0x0017343b","0018343b","_mesa_dlsym",42,false,1,2
"0x00173465","00183465","_mesa_dlopen",43,false,1,2
"0x00173490","00183490","_mesa_Bitmap",768,false,0,6
"0x00173790","00183790","_mesa_CopyPixels",604,false,0,7
"0x001739ec","001839ec","_mesa_DrawPixels",750,false,0,7
"0x00173ce0","00183ce0","FUN_00183ce0",170,false,1,0
"0x00173d8a","00183d8a","FUN_00183d8a",25,false,1,0
"0x00173da3","00183da3","FUN_00183da3",86,false,2,2
"0x00173df9","00183df9","_mesa_IsEnabled",4944,false,3,5
"0x00175149","00185149","FUN_00185149",804,false,3,3
"0x0017546d","0018546d","_mesa_set_enable",10415,false,4,10
"0x00177d1c","00187d1c","_mesa_Disable",103,false,0,4
"0x00177d83","00187d83","_mesa_Enable",103,false,0,4
"0x00177dea","00187dea","_mesa_DisableClientState",95,false,0,4
"0x00177e49","00187e49","_mesa_EnableClientState",95,false,0,4
"0x00177ea8","00187ea8","_mesa_exec_free",95,false,4,5
"0x00177f07","00187f07","_mesa_exec_malloc",252,false,2,7
"0x00178010","00188010","_mesa_GetIntegerv",29642,false,1,6
"0x0017f3da","0018f3da","_mesa_GetFloatv",30235,false,1,6
"0x001869f5","001969f5","_mesa_GetDoublev",108,false,0,2
"0x00186a61","00196a61","_mesa_GetBooleanv",29360,false,0,6
"0x0018dd20","0019dd20","_mesa_error_check_format_type",1003,false,2,6
"0x0018e10b","0019e10b","_mesa_ReadPixels",599,false,0,7
"0x0018e370","0019e370","_mesa_ValidateProgramARB",59,false,0,2
"0x0018e3ab","0019e3ab","_mesa_UseProgramObjectARB",104,false,0,2
"0x0018e413","0019e413","_mesa_UniformMatrix4x3fv",119,false,0,2
"0x0018e48a","0019e48a","_mesa_UniformMatrix3x4fv",119,false,0,2
"0x0018e501","0019e501","_mesa_UniformMatrix4x2fv",119,false,0,2
"0x0018e578","0019e578","_mesa_UniformMatrix2x4fv",119,false,0,2
"0x0018e5ef","0019e5ef","_mesa_UniformMatrix3x2fv",119,false,0,2
"0x0018e666","0019e666","_mesa_UniformMatrix2x3fv",119,false,0,2
"0x0018e6dd","0019e6dd","_mesa_UniformMatrix4fvARB",119,false,0,2
"0x0018e754","0019e754","_mesa_UniformMatrix3fvARB",119,false,0,2
"0x0018e7cb","0019e7cb","_mesa_UniformMatrix2fvARB",119,false,0,2
"0x0018e842","0019e842","_mesa_Uniform4ivARB",81,false,0,2
"0x0018e893","0019e893","_mesa_Uniform3ivARB",81,false,0,2
"0x0018e8e4","0019e8e4","_mesa_Uniform2ivARB",81,false,0,2
"0x0018e935","0019e935","_mesa_Uniform1ivARB",81,false,0,2
"0x0018e986","0019e986","_mesa_Uniform4fvARB",81,false,0,2
"0x0018e9d7","0019e9d7","_mesa_Uniform3fvARB",81,false,0,2
"0x0018ea28","0019ea28","_mesa_Uniform2fvARB",81,false,0,2
"0x0018ea79","0019ea79","_mesa_Uniform1fvARB",81,false,0,2
"0x0018eaca","0019eaca","_mesa_Uniform4iARB",106,false,0,2
"0x0018eb34","0019eb34","_mesa_Uniform3iARB",100,false,0,2
"0x0018eb98","0019eb98","_mesa_Uniform2iARB",94,false,0,2
"0x0018ebf6","0019ebf6","_mesa_Uniform1iARB",82,false,0,2
"0x0018ec48","0019ec48","_mesa_Uniform4fARB",106,false,0,2
"0x0018ecb2","0019ecb2","_mesa_Uniform3fARB",100,false,0,2
"0x0018ed16","0019ed16","_mesa_Uniform2fARB",94,false,0,2
"0x0018ed74","0019ed74","_mesa_Uniform1fARB",82,false,0,2
"0x0018edc6","0019edc6","_mesa_LinkProgramARB",59,false,0,2
"0x0018ee01","0019ee01","_mesa_IsShader",59,false,0,2
"0x0018ee3c","0019ee3c","_mesa_IsProgram",59,false,0,2
"0x0018ee77","0019ee77","_mesa_GetUniformLocationARB",66,false,0,2
"0x0018eeb9","0019eeb9","_mesa_GetHandleARB",59,false,0,2
"0x0018eef4","0019eef4","_mesa_GetUniformivARB",73,false,0,2
"0x0018ef3d","0019ef3d","_mesa_GetUniformfvARB",73,false,0,2
"0x0018ef86","0019ef86","_mesa_GetShaderSourceARB",80,false,0,2
"0x0018efd6","0019efd6","_mesa_GetShaderInfoLog",80,false,0,2
"0x0018f026","0019f026","_mesa_GetProgramInfoLog",80,false,0,2
"0x0018f076","0019f076","_mesa_GetShaderiv",73,false,0,2
"0x0018f0bf","0019f0bf","_mesa_GetProgramiv",73,false,0,2
"0x0018f108","0019f108","_mesa_GetAttribLocationARB",66,false,0,2
"0x0018f14a","0019f14a","_mesa_GetAttachedShaders",80,false,0,2
"0x0018f19a","0019f19a","_mesa_GetAttachedObjectsARB",80,false,0,2
"0x0018f1ea","0019f1ea","_mesa_GetActiveUniformARB",101,false,0,2
"0x0018f24f","0019f24f","_mesa_GetActiveAttribARB",101,false,0,2
"0x0018f2b4","0019f2b4","_mesa_DetachShader",66,false,0,2
"0x0018f2f6","0019f2f6","_mesa_DetachObjectARB",66,false,0,2
"0x0018f338","0019f338","_mesa_DeleteShader",70,false,0,2
"0x0018f37e","0019f37e","_mesa_DeleteProgram",70,false,0,2
"0x0018f3c4","0019f3c4","_mesa_DeleteObjectARB",127,false,0,2
"0x0018f443","0019f443","_mesa_CreateProgramObjectARB",50,false,0,2
"0x0018f475","0019f475","_mesa_CreateProgram",50,false,0,2
"0x0018f4a7","0019f4a7","_mesa_CreateShaderObjectARB",59,false,0,2
"0x0018f4e2","0019f4e2","_mesa_CreateShader",59,false,0,2
"0x0018f51d","0019f51d","_mesa_CompileShaderARB",59,false,0,2
"0x0018f558","0019f558","_mesa_BindAttribLocationARB",73,false,0,2
"0x0018f5a1","0019f5a1","_mesa_AttachShader",66,false,0,2
"0x0018f5e3","0019f5e3","_mesa_AttachObjectARB",66,false,0,2
"0x0018f625","0019f625","_mesa_GetObjectParameterivARB",225,false,1,3
"0x0018f706","0019f706","_mesa_GetObjectParameterfvARB",57,false,0,2
"0x0018f73f","0019f73f","_mesa_GetInfoLogARB",193,false,0,3
"0x0018f800","0019f800","_mesa_ShaderSourceARB",533,false,0,7
"0x0018fa20","0019fa20","FUN_0019fa20",767,false,2,2
"0x0018fd1f","0019fd1f","_mesa_GetTexEnviv",624,false,0,4
"0x0018ff8f","0019ff8f","_mesa_GetTexEnvfv",552,false,0,4
"0x001901b7","001a01b7","_mesa_TexEnvfv",5019,false,4,4
"0x00191552","001a1552","_mesa_TexEnviv",138,false,0,2
"0x001915dc","001a15dc","_mesa_TexEnvi",69,false,2,2
"0x00191621","001a1621","_mesa_TexEnvf",49,false,1,2
"0x00191660","001a1660","_mesa_GetTexGeniv",1279,false,0,3
"0x00191b5f","001a1b5f","_mesa_GetTexGenfv",981,false,0,3
"0x00191f34","001a1f34","_mesa_GetTexGendv",984,false,0,3
"0x0019230c","001a230c","_mesa_TexGenfv",3270,false,5,6
"0x00192fd2","001a2fd2","_mesa_TexGenf",49,false,0,2
"0x00193003","001a3003","_mesa_TexGendv",99,false,0,2
"0x00193066","001a3066","_mesa_TexGend",55,false,0,2
"0x0019309d","001a309d","_mesa_TexGeniv",99,false,1,2
"0x00193100","001a3100","_mesa_TexGeni",49,false,1,2
"0x00193140","001a3140","FUN_001a3140",69,false,2,0
"0x00193185","001a3185","FUN_001a3185",357,false,4,2
"0x001932ea","001a32ea","FUN_001a32ea",292,false,1,2
"0x0019340e","001a340e","FUN_001a340e",1663,false,4,4
"0x00193a8d","001a3a8d","_mesa_GetTexParameteriv",1479,false,0,4
"0x00194054","001a4054","_mesa_GetTexParameterfv",1364,false,0,6
"0x001945a8","001a45a8","_mesa_GetTexLevelParameteriv",2515,false,1,11
"0x00194f7b","001a4f7b","_mesa_GetTexLevelParameterfv",64,false,0,2
"0x00194fbb","001a4fbb","FUN_001a4fbb",1034,false,4,3
"0x001953c5","001a53c5","_mesa_TexParameteriv",488,false,0,6
"0x001955ad","001a55ad","_mesa_TexParameteri",287,false,1,6
"0x001956cc","001a56cc","_mesa_TexParameterfv",340,false,1,6
"0x00195820","001a5820","_mesa_TexParameterf",334,false,1,6
"0x00195970","001a5970","_math_de_casteljau_surf",4463,false,1,0
"0x00196adf","001a6adf","_math_init_eval",58,false,1,1
"0x00196b19","001a6b19","_math_horner_bezier_curve",279,false,2,1
"0x00196c30","001a6c30","_math_horner_bezier_surf",621,false,1,2
"0x00196ea0","001a6ea0","FUN_001a6ea0",171,false,0,1
"0x00196f4b","001a6f4b","FUN_001a6f4b",171,false,0,1
"0x00196ff6","001a6ff6","FUN_001a6ff6",114,false,0,0
"0x00197068","001a7068","FUN_001a7068",299,false,0,0
"0x00197193","001a7193","FUN_001a7193",150,false,0,1
"0x00197229","001a7229","FUN_001a7229",150,false,0,1
"0x001972bf","001a72bf","FUN_001a72bf",147,false,0,1
"0x00197352","001a7352","FUN_001a7352",102,false,0,0
"0x001973b8","001a73b8","FUN_001a73b8",246,false,0,0
"0x001974ae","001a74ae","FUN_001a74ae",130,false,0,1
"0x00197530","001a7530","FUN_001a7530",130,false,0,1
"0x001975b2","001a75b2","FUN_001a75b2",93,false,0,1
"0x0019760f","001a760f","FUN_001a760f",93,false,0,1
"0x0019766c","001a766c","FUN_001a766c",63,false,0,0
"0x001976ab","001a76ab","FUN_001a76ab",66,false,0,0
"0x001976ed","001a76ed","FUN_001a76ed",101,false,0,0
"0x00197752","001a7752","FUN_001a7752",106,false,0,1
"0x001977bc","001a77bc","FUN_001a77bc",120,false,0,0
"0x00197834","001a7834","FUN_001a7834",106,false,0,0
"0x0019789e","001a789e","FUN_001a789e",103,false,0,1
"0x00197905","001a7905","FUN_001a7905",96,false,0,1
"0x00197965","001a7965","FUN_001a7965",73,false,0,0
"0x001979ae","001a79ae","FUN_001a79ae",108,false,0,0
"0x00197a1a","001a7a1a","FUN_001a7a1a",52,false,0,0
"0x00197a4e","001a7a4e","FUN_001a7a4e",52,false,0,0
"0x00197a82","001a7a82","FUN_001a7a82",72,false,0,0
"0x00197aca","001a7aca","FUN_001a7aca",121,false,0,1
"0x00197b43","001a7b43","FUN_001a7b43",148,false,0,0
"0x00197bd7","001a7bd7","FUN_001a7bd7",295,false,0,0
"0x00197cfe","001a7cfe","FUN_001a7cfe",75,false,0,0
"0x00197d49","001a7d49","FUN_001a7d49",112,false,0,1
"0x00197db9","001a7db9","FUN_001a7db9",109,false,0,1
"0x00197e26","001a7e26","FUN_001a7e26",125,false,0,0
"0x00197ea3","001a7ea3","FUN_001a7ea3",243,false,0,0
"0x00197f96","001a7f96","FUN_001a7f96",69,false,0,0
"0x00197fdb","001a7fdb","FUN_001a7fdb",100,false,0,1
"0x0019803f","001a803f","FUN_001a803f",63,false,0,0
"0x0019807e","001a807e","FUN_001a807e",84,false,0,1
"0x001980d2","001a80d2","FUN_001a80d2",72,false,0,0
"0x0019811a","001a811a","FUN_001a811a",66,false,0,0
"0x0019815c","001a815c","FUN_001a815c",101,false,0,0
"0x001981c1","001a81c1","FUN_001a81c1",143,false,0,1
"0x00198250","001a8250","FUN_001a8250",80,false,0,0
"0x001982a0","001a82a0","FUN_001a82a0",80,false,0,0
"0x001982f0","001a82f0","FUN_001a82f0",106,false,0,0
"0x0019835a","001a835a","FUN_001a835a",122,false,0,1
"0x001983d4","001a83d4","FUN_001a83d4",128,false,0,1
"0x00198454","001a8454","FUN_001a8454",77,false,0,0
"0x001984a1","001a84a1","FUN_001a84a1",78,false,0,0
"0x001984ef","001a84ef","FUN_001a84ef",93,false,0,0
"0x0019854c","001a854c","FUN_001a854c",107,false,0,1
"0x001985b7","001a85b7","FUN_001a85b7",80,false,0,0
"0x00198607","001a8607","FUN_001a8607",92,false,0,1
"0x00198663","001a8663","FUN_001a8663",56,false,0,0
"0x0019869b","001a869b","FUN_001a869b",52,false,0,0
"0x001986cf","001a86cf","FUN_001a86cf",72,false,0,0
"0x00198717","001a8717","FUN_001a8717",121,false,0,1
"0x00198790","001a8790","FUN_001a8790",132,false,0,0
"0x00198814","001a8814","FUN_001a8814",136,false,0,0
"0x0019889c","001a889c","FUN_001a889c",75,false,0,0
"0x001988e7","001a88e7","FUN_001a88e7",112,false,0,1
"0x00198957","001a8957","FUN_001a8957",109,false,0,1
"0x001989c4","001a89c4","FUN_001a89c4",116,false,0,0
"0x00198a38","001a8a38","FUN_001a8a38",121,false,0,0
"0x00198ab1","001a8ab1","FUN_001a8ab1",69,false,0,0
"0x00198af6","001a8af6","FUN_001a8af6",100,false,0,1
"0x00198b5a","001a8b5a","FUN_001a8b5a",63,false,0,0
"0x00198b99","001a8b99","FUN_001a8b99",84,false,0,1
"0x00198bed","001a8bed","FUN_001a8bed",69,false,0,0
"0x00198c32","001a8c32","FUN_001a8c32",62,false,0,0
"0x00198c70","001a8c70","FUN_001a8c70",127,false,0,0
"0x00198cef","001a8cef","FUN_001a8cef",173,false,0,1
"0x00198d9c","001a8d9c","FUN_001a8d9c",78,false,0,0
"0x00198dea","001a8dea","FUN_001a8dea",82,false,0,0
"0x00198e3c","001a8e3c","FUN_001a8e3c",125,false,0,0
"0x00198eb9","001a8eb9","FUN_001a8eb9",141,false,0,1
"0x00198f46","001a8f46","FUN_001a8f46",167,false,0,1
"0x00198fed","001a8fed","FUN_001a8fed",75,false,0,0
"0x00199038","001a9038","FUN_001a9038",80,false,0,0
"0x00199088","001a9088","FUN_001a9088",105,false,0,0
"0x001990f1","001a90f1","FUN_001a90f1",119,false,0,1
"0x00199168","001a9168","FUN_001a9168",85,false,0,0
"0x001991bd","001a91bd","FUN_001a91bd",97,false,0,1
"0x0019921e","001a921e","FUN_001a921e",54,false,0,0
"0x00199254","001a9254","FUN_001a9254",51,false,0,0
"0x00199287","001a9287","FUN_001a9287",72,false,0,0
"0x001992cf","001a92cf","FUN_001a92cf",72,false,0,0
"0x00199317","001a9317","FUN_001a9317",309,false,0,1
"0x0019944c","001a944c","FUN_001a944c",266,false,0,1
"0x00199556","001a9556","FUN_001a9556",75,false,0,0
"0x001995a1","001a95a1","FUN_001a95a1",75,false,0,0
"0x001995ec","001a95ec","FUN_001a95ec",66,false,0,0
"0x0019962e","001a962e","FUN_001a962e",255,false,0,1
"0x0019972d","001a972d","FUN_001a972d",225,false,0,1
"0x0019980e","001a980e","FUN_001a980e",69,false,0,0
"0x00199853","001a9853","FUN_001a9853",69,false,0,0
"0x00199898","001a9898","FUN_001a9898",63,false,0,0
"0x001998d7","001a98d7","FUN_001a98d7",63,false,0,0
"0x00199916","001a9916","FUN_001a9916",52,false,0,0
"0x0019994a","001a994a","FUN_001a994a",134,false,0,1
"0x001999d0","001a99d0","FUN_001a99d0",77,false,0,0
"0x00199a1d","001a9a1d","FUN_001a9a1d",71,false,0,0
"0x00199a64","001a9a64","FUN_001a9a64",71,false,0,0
"0x00199aab","001a9aab","FUN_001a9aab",309,false,0,1
"0x00199be0","001a9be0","FUN_001a9be0",288,false,0,1
"0x00199d00","001a9d00","FUN_001a9d00",83,false,0,0
"0x00199d53","001a9d53","FUN_001a9d53",83,false,0,0
"0x00199da6","001a9da6","FUN_001a9da6",65,false,0,0
"0x00199de7","001a9de7","FUN_001a9de7",255,false,0,1
"0x00199ee6","001a9ee6","FUN_001a9ee6",241,false,0,1
"0x00199fd7","001a9fd7","FUN_001a9fd7",77,false,0,0
"0x0019a024","001aa024","FUN_001aa024",77,false,0,0
"0x0019a071","001aa071","FUN_001aa071",71,false,0,0
"0x0019a0b8","001aa0b8","FUN_001aa0b8",71,false,0,0
"0x0019a0ff","001aa0ff","FUN_001aa0ff",51,false,0,0
"0x0019a132","001aa132","FUN_001aa132",134,false,0,1
"0x0019a1b8","001aa1b8","FUN_001aa1b8",77,false,0,0
"0x0019a205","001aa205","FUN_001aa205",119,false,0,0
"0x0019a27c","001aa27c","_math_trans_1f",71,false,0,1
"0x0019a2c3","001aa2c3","_math_trans_1ui",71,false,0,1
"0x0019a30a","001aa30a","_math_trans_1ub",71,false,0,1
"0x0019a351","001aa351","_math_trans_4ub",82,false,1,1
"0x0019a3a3","001aa3a3","_math_trans_4chan",77,false,0,2
"0x0019a3f0","001aa3f0","_math_trans_4us",82,false,0,1
"0x0019a442","001aa442","_math_trans_4f",82,false,1,1
"0x0019a494","001aa494","_math_trans_4fn",82,false,0,1
"0x0019a4e6","001aa4e6","_math_trans_3fn",71,false,0,1
"0x0019a52d","001aa52d","_math_init_translate",1650,false,1,2
"0x0019aba0","001aaba0","_mesa_vector4f_clean_elem",81,false,4,1
"0x0019abf1","001aabf1","_mesa_vector4f_init",46,false,0,0
"0x0019ac1f","001aac1f","_mesa_vector4f_print",635,false,0,2
"0x0019ae9a","001aae9a","_mesa_vector4f_free",77,false,8,2
"0x0019aee7","001aaee7","_mesa_vector4f_alloc",95,false,8,2
"0x0019af50","001aaf50","vbo_all_varyings_in_vbos",57,false,0,0
"0x0019af89","001aaf89","vbo_rebase_prims",991,false,1,5
"0x0019b368","001ab368","split_prim_inplace",64,false,2,1
"0x0019b430","001ab430","vbo_split_prims",390,false,1,4
"0x0019b5c0","001ab5c0","FUN_001ab5c0",58,false,1,1
"0x0019b619","001ab619","FUN_001ab619",82,false,2,0
"0x0019b66b","001ab66b","FUN_001ab66b",159,false,2,0
"0x0019b70a","001ab70a","FUN_001ab70a",45,false,1,0
"0x0019b737","001ab737","FUN_001ab737",106,false,1,2
"0x0019b7a1","001ab7a1","FUN_001ab7a1",370,false,1,4
"0x0019b913","001ab913","vbo_split_copy",2514,false,2,10
"0x0019c2e8","001ac2e8","FUN_001ac2e8",15,false,1,0
"0x0019c2f7","001ac2f7","FUN_001ac2f7",292,false,2,2
"0x0019c41b","001ac41b","FUN_001ac41b",71,false,1,1
"0x0019c462","001ac462","vbo_split_inplace",1250,false,1,9
"0x0019c950","001ac950","_tnl_RasterPos",4506,false,0,6
"0x0019daf0","001adaf0","FUN_001adaf0",45,false,4,0
"0x0019db1d","001adb1d","FUN_001adb1d",13,false,4,0
"0x0019db2a","001adb2a","FUN_001adb2a",38,false,2,0
"0x0019db50","001adb50","FUN_001adb50",484,false,3,3
"0x0019dd34","001add34","FUN_001add34",36,false,9,1
"0x0019dd58","001add58","FUN_001add58",198,false,9,1
"0x0019de1e","001ade1e","FUN_001ade1e",318,false,2,0
"0x0019df5c","001adf5c","_mesa_nv_fragment_input_register_name",26,false,0,1
"0x0019df76","001adf76","_mesa_nv_fragment_output_register_name",26,false,0,1
"0x0019df90","001adf90","FUN_001adf90",250,false,1,2
"0x0019e08a","001ae08a","FUN_001ae08a",669,false,1,3
"0x0019e327","001ae327","FUN_001ae327",112,false,1,3
"0x0019e3e7","001ae3e7","_mesa_print_nv_fragment_program",1129,false,0,5
"0x0019e850","001ae850","FUN_001ae850",72,false,11,2
"0x0019e898","001ae898","FUN_001ae898",123,false,4,4
"0x0019e913","001ae913","FUN_001ae913",539,false,1,6
"0x0019eb2e","001aeb2e","FUN_001aeb2e",261,false,4,6
"0x0019ec33","001aec33","FUN_001aec33",386,false,3,4
"0x0019edb5","001aedb5","FUN_001aedb5",101,false,1,4
"0x0019ee1a","001aee1a","FUN_001aee1a",362,false,1,6
"0x0019ef84","001aef84","FUN_001aef84",387,false,2,7
"0x0019f107","001af107","FUN_001af107",86,false,3,3
"0x0019f15d","001af15d","FUN_001af15d",257,false,3,6
"0x0019f25e","001af25e","FUN_001af25e",1466,false,1,16
"0x0019f818","001af818","FUN_001af818",1777,false,1,18
"0x0019ff09","001aff09","FUN_001aff09",494,false,1,7
"0x001a00f7","001b00f7","_mesa_parse_nv_fragment_program",5505,false,1,31
"0x001a1680","001b1680","_mesa_print_uniforms",136,false,0,2
"0x001a1708","001b1708","_mesa_longest_uniform_name",101,false,1,2
"0x001a176d","001b176d","_mesa_lookup_uniform",98,false,2,2
"0x001a17cf","001b17cf","_mesa_append_uniform",295,false,1,5
"0x001a18f6","001b18f6","_mesa_free_uniform_list",88,false,1,2
"0x001a194e","001b194e","_mesa_new_uniform_list",36,false,1,2
"0x001a1980","001b1980","FUN_001b1980",717,false,3,1
"0x001a1c4d","001b1c4d","FUN_001b1c4d",933,false,3,1
"0x001a1ff2","001b1ff2","_swrast_choose_aa_line_function",125,false,1,1
"0x001a206f","001b206f","FUN_001b206f",164,false,3,0
"0x001a2113","001b2113","FUN_001b2113",1624,false,0,4
"0x001a276b","001b276b","FUN_001b276b",1439,false,0,4
"0x001a2d0a","001b2d0a","FUN_001b2d0a",2040,false,0,4
"0x001a3502","001b3502","FUN_001b3502",908,false,0,3
"0x001a388e","001b388e","FUN_001b388e",622,false,0,3
"0x001a3afc","001b3afc","FUN_001b3afc",1260,false,0,3
"0x001a3ff0","001b3ff0","FUN_001b3ff0",127,false,3,0
"0x001a406f","001b406f","FUN_001b406f",382,false,3,1
"0x001a41ed","001b41ed","FUN_001b41ed",380,false,1,1
"0x001a4369","001b4369","_swrast_set_aa_triangle_function",151,false,1,1
"0x001a4400","001b4400","FUN_001b4400",3337,false,0,4
"0x001a5109","001b5109","FUN_001b5109",4608,false,0,4
"0x001a6309","001b6309","FUN_001b6309",3648,false,0,5
"0x001a7150","001b7150","_swrast_alpha_test",714,false,1,2
"0x001a7da0","001b7da0","FUN_001b7da0",238,false,1,1
"0x001a7e8e","001b7e8e","FUN_001b7e8e",302,false,1,1
"0x001a7ffe","001b7ffe","_swrast_exec_fragment_shader",2727,false,1,3
"0x001a8e30","001b8e30","FUN_001b8e30",5,false,0,0
"0x001a8e35","001b8e35","FUN_001b8e35",286,false,0,0
"0x001a8f53","001b8f53","FUN_001b8f53",358,false,0,1
"0x001a90b9","001b90b9","FUN_001b90b9",192,false,0,0
"0x001a9179","001b9179","FUN_001b9179",484,false,0,0
"0x001a935d","001b935d","FUN_001b935d",486,false,0,0
"0x001a9543","001b9543","FUN_001b9543",488,false,0,0
"0x001a972b","001b972b","FUN_001b972b",429,false,0,0
"0x001a98d8","001b98d8","_swrast_choose_blend_func",712,false,1,1
"0x001a9ba0","001b9ba0","_swrast_blend_span",132,false,1,2
"0x001a9c24","001b9c24","FUN_001b9c24",85,false,0,2
"0x001a9c79","001b9c79","FUN_001b9c79",2607,false,1,2
"0x001aa6a8","001ba6a8","FUN_001ba6a8",1352,false,0,2
"0x001aabf0","001babf0","FUN_001babf0",158,false,0,0
"0x001aac8e","001bac8e","FUN_001bac8e",154,false,0,0
"0x001aad28","001bad28","FUN_001bad28",156,false,0,0
"0x001aadc4","001badc4","FUN_001badc4",198,false,0,0
"0x001aae8a","001bae8a","FUN_001bae8a",257,false,0,0
"0x001aaf8b","001baf8b","FUN_001baf8b",274,false,1,1
"0x001ab09d","001bb09d","FUN_001bb09d",274,false,1,1
"0x001ab1af","001bb1af","_swrast_BlitFramebuffer",4203,false,0,7
"0x001ac47c","001bc47c","_swrast_select_point",57,false,0,2
"0x001ac4b5","001bc4b5","_swrast_select_line",92,false,0,2
"0x001ac511","001bc511","_swrast_select_triangle",149,false,0,3
"0x001ac5a6","001bc5a6","FUN_001bc5a6",97,false,3,2
"0x001ac607","001bc607","_swrast_feedback_point",74,false,0,1
"0x001ac651","001bc651","_swrast_feedback_line",162,false,0,1
"0x001ac6f3","001bc6f3","_swrast_feedback_triangle",243,false,0,3
"0x001ac7f0","001bc7f0","_swrast_fog_ci_span",1676,false,1,2
"0x001ace7c","001bce7c","_swrast_fog_rgba_span",6175,false,1,2
"0x001ae69b","001be69b","_swrast_z_to_fogfactor",278,false,1,2
"0x001ae7b4","001be7b4","FUN_001be7b4",224,false,0,1
"0x001ae894","001be894","_swrast_exec_fragment_program",1016,false,1,3
"0x001aec8c","001bec8c","FUN_001bec8c",335,false,0,2
"0x001aede0","001bede0","_swrast_logicop_rgba_span",317,false,1,3
"0x001afa34","001bfa34","_swrast_logicop_ci_span",242,false,1,3
"0x001aff40","001bff40","FUN_001bff40",17,false,2,0
"0x001aff51","001bff51","FUN_001bff51",48,false,1,1
"0x001affa9","001bffa9","FUN_001bffa9",43,false,2,0
"0x001affd4","001bffd4","FUN_001bffd4",92,false,2,1
"0x001b0030","001c0030","FUN_001c0030",101,false,2,1
"0x001b0095","001c0095","FUN_001c0095",134,false,2,1
"0x001b011b","001c011b","FUN_001c011b",103,false,2,1
"0x001b0182","001c0182","FUN_001c0182",95,false,1,1
"0x001b01e1","001c01e1","FUN_001c01e1",60,false,2,1
"0x001b021d","001c021d","FUN_001c021d",74,false,1,2
"0x001b0267","001c0267","FUN_001c0267",99,false,2,2
"0x001b02ca","001c02ca","_slang_sizeof_type_specifier",74,false,10,2
"0x001b03b2","001c03b2","FUN_001c03b2",138,false,1,2
"0x001b043c","001c043c","FUN_001c043c",75,false,1,2
"0x001b0487","001c0487","FUN_001c0487",1188,false,2,11
"0x001b092b","001c092b","FUN_001c092b",59,false,8,2
"0x001b0966","001c0966","FUN_001c0966",87,false,1,4
"0x001b09bd","001c09bd","FUN_001c09bd",214,false,1,4
"0x001b0a93","001c0a93","FUN_001c0a93",95,false,2,5
"0x001b0af2","001c0af2","FUN_001c0af2",345,false,2,3
"0x001b0c4b","001c0c4b","FUN_001c0c4b",83,false,5,2
"0x001b0c9e","001c0c9e","FUN_001c0c9e",27,false,6,1
"0x001b0cb9","001c0cb9","FUN_001c0cb9",39,false,4,1
"0x001b0ce0","001c0ce0","FUN_001c0ce0",30,false,2,1
"0x001b0cfe","001c0cfe","FUN_001c0cfe",33,false,6,1
"0x001b0d1f","001c0d1f","FUN_001c0d1f",51,false,1,2
"0x001b0d52","001c0d52","FUN_001c0d52",98,false,1,3
"0x001b0db4","001c0db4","FUN_001c0db4",98,false,1,3
"0x001b0e16","001c0e16","FUN_001c0e16",28,false,8,1
"0x001b0e32","001c0e32","FUN_001c0e32",20,false,0,1
"0x001b0e46","001c0e46","FUN_001c0e46",20,false,0,1
"0x001b0e5a","001c0e5a","FUN_001c0e5a",20,false,2,1
"0x001b0e6e","001c0e6e","FUN_001c0e6e",155,false,1,3
"0x001b0f09","001c0f09","FUN_001c0f09",216,false,2,4
"0x001b0fe1","001c0fe1","FUN_001c0fe1",108,false,1,2
"0x001b104d","001c104d","FUN_001c104d",100,false,1,2
"0x001b10b1","001c10b1","FUN_001c10b1",6689,false,0,39
"0x001b2ad2","001c2ad2","FUN_001c2ad2",110,false,11,3
"0x001b42b5","001c42b5","_slang_codegen_function",455,false,1,13
"0x001b447c","001c447c","FUN_001c447c",272,false,0,7
"0x001b458c","001c458c","FUN_001c458c",1425,false,2,21
"0x001b4b1d","001c4b1d","FUN_001c4b1d",413,false,0,6
"0x001b4cba","001c4cba","FUN_001c4cba",201,false,0,6
"0x001b4d83","001c4d83","FUN_001c4d83",763,false,2,16
"0x001b507e","001c507e","FUN_001c507e",187,false,0,4
"0x001b5139","001c5139","FUN_001c5139",171,false,0,4
"0x001b51e4","001c51e4","FUN_001c51e4",570,false,0,7
"0x001b541e","001c541e","FUN_001c541e",464,false,0,11
"0x001b55ee","001c55ee","FUN_001c55ee",533,false,0,13
"0x001b5803","001c5803","FUN_001c5803",630,false,0,14
"0x001b5a79","001c5a79","FUN_001c5a79",653,false,0,16
"0x001b5d06","001c5d06","_slang_codegen_global_variable",2004,false,1,23
"0x001b64e0","001c64e0","FUN_001c64e0",57,false,2,0
"0x001b6519","001c6519","_slang_swizzle_swizzle",103,false,2,0
"0x001b6580","001c6580","_slang_var_swizzle",44,false,5,0
"0x001b65ac","001c65ac","FUN_001c65ac",151,false,2,0
"0x001b6643","001c6643","FUN_001c6643",10,false,0,0
"0x001b664d","001c664d","FUN_001c664d",690,false,2,3
"0x001b68ff","001c68ff","FUN_001c68ff",50,false,4,2
"0x001b6931","001c6931","FUN_001c6931",123,false,0,2
"0x001b69ac","001c69ac","FUN_001c69ac",190,false,1,4
"0x001b6a6a","001c6a6a","FUN_001c6a6a",253,false,0,6
"0x001b6b67","001c6b67","FUN_001c6b67",110,false,1,3
"0x001b6bd5","001c6bd5","FUN_001c6bd5",195,false,8,4
"0x001b6c98","001c6c98","FUN_001c6c98",47,false,2,2
"0x001b6cc7","001c6cc7","FUN_001c6cc7",563,false,0,10
"0x001b6efa","001c6efa","FUN_001c6efa",132,false,1,2
"0x001b6f7e","001c6f7e","FUN_001c6f7e",1448,false,4,10
"0x001b7526","001c7526","FUN_001c7526",167,false,6,3
"0x001b900a","001c900a","FUN_001c900a",852,false,0,9
"0x001b935e","001c935e","FUN_001c935e",551,false,0,8
"0x001b9585","001c9585","FUN_001c9585",496,false,0,6
"0x001b9775","001c9775","FUN_001c9775",507,false,0,5
"0x001b9970","001c9970","FUN_001c9970",499,false,0,6
"0x001b9b63","001c9b63","_slang_emit_code",789,false,2,11
"0x001b9e78","001c9e78","_slang_ir_info",88,false,1,1
"0x001b9ed0","001c9ed0","_slang_init_ir_storage",42,false,0,0
"0x001b9efa","001c9efa","_slang_copy_ir_storage",76,false,0,0
"0x001b9f46","001c9f46","FUN_001c9f46",51,false,1,2
"0x001b9f79","001c9f79","FUN_001c9f79",142,false,0,3
"0x001ba007","001ca007","_slang_print_ir_tree",326,false,1,6
"0x001ba5af","001ca5af","FUN_001ca5af",71,false,2,3
"0x001ba5f6","001ca5f6","_slang_free_ir_tree",16,false,3,1
"0x001ba606","001ca606","_slang_new_ir_storage_indirect",86,false,0,2
"0x001ba65c","001ca65c","_slang_new_ir_storage_relative",75,false,1,2
"0x001ba6a7","001ca6a7","_slang_new_ir_storage_swz",74,false,1,2
"0x001ba6f1","001ca6f1","_slang_new_ir_storage",75,false,10,2
"0x001ba73c","001ca73c","_slang_new_ir_storage_sampler",116,false,1,3
"0x001ba7b0","001ca7b0","_slang_label_get_location",11,false,0,0
"0x001ba7bb","001ca7bb","_slang_label_set_location",196,false,1,3
"0x001ba87f","001ca87f","_slang_label_delete",86,false,0,2
"0x001ba8d5","001ca8d5","_slang_label_add_reference",134,false,0,3
"0x001ba95b","001ca95b","_slang_label_new_unique",150,false,1,5
"0x001ba9f1","001ca9f1","_slang_label_new",73,false,2,3
"0x001baa40","001caa40","FUN_001caa40",350,false,0,0
"0x001baba0","001caba0","FUN_001caba0",126,false,0,0
"0x001bac20","001cac20","FUN_001cac20",219,false,0,0
"0x001bad00","001cad00","FUN_001cad00",219,false,0,0
"0x001bade0","001cade0","FUN_001cade0",261,false,0,0
"0x001baef0","001caef0","FUN_001caef0",40,false,2,1
"0x001baf86","001caf86","_mesa_swizzle_string",318,false,3,1
"0x001bb0c4","001cb0c4","_mesa_writemask_string",121,false,1,1
"0x001bb13d","001cb13d","_mesa_condcode_string",41,false,1,1
"0x001bb1ae","001cb1ae","_mesa_print_parameter_list",323,false,1,3
"0x001bb2f1","001cb2f1","FUN_001cb2f1",65,false,1,2
"0x001bb332","001cb332","_mesa_print_program_parameters",322,false,0,4
"0x001bb474","001cb474","FUN_001cb474",357,false,2,4
"0x001bbb52","001cbb52","FUN_001cbb52",210,false,1,6
"0x001bbc24","001cbc24","FUN_001cbc24",158,false,1,4
"0x001bbcc2","001cbcc2","FUN_001cbcc2",231,false,2,5
"0x001bbda9","001cbda9","_mesa_print_alu_instruction",41,false,0,1
"0x001bbdd2","001cbdd2","_mesa_print_instruction_opt",177,false,2,5
"0x001bc5c7","001cc5c7","_mesa_print_program_opt",296,false,1,3
"0x001bc6ef","001cc6ef","_mesa_print_program",51,false,0,2
"0x001bc722","001cc722","_mesa_print_instruction",59,false,0,2
"0x001bc760","001cc760","FUN_001cc760",1496,false,2,4
"0x001bcd38","001ccd38","_slang_alloc_statevar",3474,false,0,5
"0x001bdad0","001cdad0","FUN_001cdad0",55,false,2,0
"0x001bdb07","001cdb07","FUN_001cdb07",67,false,37,0
"0x001bdb4a","001cdb4a","FUN_001cdb4a",10,false,2,0
"0x001bdb54","001cdb54","FUN_001cdb54",12,false,3,0
"0x001bdb60","001cdb60","FUN_001cdb60",7,false,4,0
"0x001bdb67","001cdb67","FUN_001cdb67",12,false,5,0
"0x001bdb73","001cdb73","FUN_001cdb73",22,false,6,0
"0x001bdb89","001cdb89","FUN_001cdb89",37,false,1,0
"0x001bdbae","001cdbae","FUN_001cdbae",64,false,2,1
"0x001bdbee","001cdbee","FUN_001cdbee",86,false,4,1
"0x001bdc44","001cdc44","FUN_001cdc44",77,false,3,1
"0x001bdc91","001cdc91","FUN_001cdc91",179,false,4,2
"0x001bdd44","001cdd44","FUN_001cdd44",79,false,5,2
"0x001bdd93","001cdd93","FUN_001cdd93",63,false,1,1
"0x001bddd2","001cddd2","FUN_001cddd2",106,false,11,2
"0x001bde3c","001cde3c","FUN_001cde3c",71,false,2,2
"0x001bde83","001cde83","FUN_001cde83",73,false,10,2
"0x001bdecc","001cdecc","FUN_001cdecc",109,false,2,1
"0x001bdf39","001cdf39","FUN_001cdf39",93,false,4,3
"0x001bdf96","001cdf96","FUN_001cdf96",71,false,3,2
"0x001bdfdd","001cdfdd","FUN_001cdfdd",93,false,1,3
"0x001be03a","001ce03a","FUN_001ce03a",71,false,1,2
"0x001be081","001ce081","FUN_001ce081",63,false,3,0
"0x001be0c0","001ce0c0","FUN_001ce0c0",462,false,18,1
"0x001be28e","001ce28e","FUN_001ce28e",287,false,25,1
"0x001be3ad","001ce3ad","FUN_001ce3ad",91,false,6,0
"0x001be408","001ce408","FUN_001ce408",20,false,1,0
"0x001be41c","001ce41c","FUN_001ce41c",167,false,24,0
"0x001be4c3","001ce4c3","FUN_001ce4c3",76,false,5,0
"0x001be50f","001ce50f","FUN_001ce50f",173,false,8,0
"0x001be5bc","001ce5bc","FUN_001ce5bc",37,false,11,0
"0x001be5e1","001ce5e1","FUN_001ce5e1",59,false,1,0
"0x001be61c","001ce61c","FUN_001ce61c",282,false,1,0
"0x001be736","001ce736","FUN_001ce736",415,false,1,2
"0x001be8d5","001ce8d5","FUN_001ce8d5",186,false,1,0
"0x001be98f","001ce98f","FUN_001ce98f",169,false,1,1
"0x001bea38","001cea38","FUN_001cea38",66,false,2,0
"0x001bea7a","001cea7a","FUN_001cea7a",80,false,2,0
"0x001beaca","001ceaca","FUN_001ceaca",270,false,2,1
"0x001bebd8","001cebd8","FUN_001cebd8",114,false,1,0
"0x001bec4a","001cec4a","FUN_001cec4a",88,false,1,3
"0x001beca2","001ceca2","FUN_001ceca2",87,false,2,4
"0x001becf9","001cecf9","FUN_001cecf9",64,false,205,3
"0x001bed39","001ced39","FUN_001ced39",118,false,2,2
"0x001bedaf","001cedaf","FUN_001cedaf",131,false,4,2
"0x001bee32","001cee32","FUN_001cee32",191,false,49,2
"0x001beef1","001ceef1","FUN_001ceef1",41,false,52,1
"0x001bef1a","001cef1a","FUN_001cef1a",766,false,5,5
"0x001bf218","001cf218","FUN_001cf218",886,false,1,7
"0x001bf58e","001cf58e","FUN_001cf58e",134,false,1,1
"0x001bf614","001cf614","FUN_001cf614",142,false,3,2
"0x001bf6a2","001cf6a2","FUN_001cf6a2",128,false,7,2
"0x001bf722","001cf722","FUN_001cf722",178,false,44,3
"0x001bf7d4","001cf7d4","FUN_001cf7d4",87,false,7,3
"0x001bf82b","001cf82b","FUN_001cf82b",119,false,2,3
"0x001bf8a2","001cf8a2","FUN_001cf8a2",98,false,3,2
"0x001bf904","001cf904","FUN_001cf904",248,false,4,3
"0x001bf9fc","001cf9fc","FUN_001cf9fc",65,false,1,1
"0x001bfa3d","001cfa3d","FUN_001cfa3d",65,false,3,1
"0x001bfa7e","001cfa7e","FUN_001cfa7e",58,false,4,2
"0x001bfab8","001cfab8","FUN_001cfab8",65,false,5,2
"0x001bfaf9","001cfaf9","FUN_001cfaf9",176,false,5,5
"0x001bfba9","001cfba9","FUN_001cfba9",439,false,6,3
"0x001bfd60","001cfd60","FUN_001cfd60",128,false,6,2
"0x001bfde0","001cfde0","FUN_001cfde0",76,false,1,2
"0x001bfe2c","001cfe2c","FUN_001cfe2c",55,false,4,2
"0x001bfe63","001cfe63","FUN_001cfe63",46,false,43,1
"0x001bfe91","001cfe91","FUN_001cfe91",96,false,3,1
"0x001bfef1","001cfef1","FUN_001cfef1",52,false,3,1
"0x001bff25","001cff25","FUN_001cff25",203,false,7,3
"0x001bfff0","001cfff0","FUN_001cfff0",124,false,37,2
"0x001c006c","001d006c","FUN_001d006c",237,false,3,5
"0x001c0159","001d0159","FUN_001d0159",77,false,13,1
"0x001c01a6","001d01a6","FUN_001d01a6",243,false,1,3
"0x001c0299","001d0299","FUN_001d0299",139,false,14,4
"0x001c0324","001d0324","FUN_001d0324",912,false,8,6
"0x001c06b4","001d06b4","FUN_001d06b4",654,false,7,4
"0x001c0942","001d0942","FUN_001d0942",378,false,8,6
"0x001c0abc","001d0abc","FUN_001d0abc",1225,false,6,8
"0x001c0f85","001d0f85","FUN_001d0f85",276,false,3,5
"0x001c1099","001d1099","FUN_001d1099",322,false,1,9
"0x001c11db","001d11db","FUN_001d11db",399,false,1,6
"0x001c136a","001d136a","FUN_001d136a",973,false,112,6
"0x001c1737","001d1737","FUN_001d1737",82,false,17,1
"0x001c1789","001d1789","FUN_001d1789",285,false,90,2
"0x001c18a6","001d18a6","FUN_001d18a6",328,false,10,6
"0x001c19ee","001d19ee","FUN_001d19ee",134,false,0,1
"0x001c1a74","001d1a74","FUN_001d1a74",314,false,16,6
"0x001c1bae","001d1bae","FUN_001d1bae",1794,false,1,14
"0x001c22b0","001d22b0","FUN_001d22b0",6389,false,2,23
"0x001c3ba5","001d3ba5","FUN_001d3ba5",9415,false,1,26
"0x001c606c","001d606c","FUN_001d606c",2794,false,1,41
"0x001c6b56","001d6b56","FUN_001d6b56",868,false,2,7
"0x001c6ec0","001d6ec0","FUN_001d6ec0",55,false,2,0
"0x001c6ef7","001d6ef7","FUN_001d6ef7",39,false,2,1
"0x001c6f1e","001d6f1e","FUN_001d6f1e",53,false,2,1
"0x001c6f53","001d6f53","FUN_001d6f53",124,false,3,0
"0x001c6fcf","001d6fcf","FUN_001d6fcf",28,false,2,0
"0x001c6feb","001d6feb","FUN_001d6feb",28,false,2,1
"0x001c7007","001d7007","FUN_001d7007",152,false,2,4
"0x001c709f","001d709f","FUN_001d709f",26,false,1,0
"0x001c70b9","001d70b9","FUN_001d70b9",206,false,1,0
"0x001c7187","001d7187","FUN_001d7187",131,false,1,0
"0x001c720a","001d720a","FUN_001d720a",40,false,2,2
"0x001c7232","001d7232","FUN_001d7232",36,false,2,2
"0x001c7256","001d7256","FUN_001d7256",75,false,1,2
"0x001c72a1","001d72a1","FUN_001d72a1",4756,false,2,13
"0x001c8535","001d8535","FUN_001d8535",169,false,2,4
"0x001c85de","001d85de","FUN_001d85de",930,false,2,6
"0x001c8980","001d8980","FUN_001d8980",3191,false,2,7
"0x001c95f7","001d95f7","FUN_001d95f7",5593,false,1,25
"0x001cabd0","001dabd0","FUN_001dabd0",418,false,2,2
"0x001cad72","001dad72","FUN_001dad72",389,false,2,2
"0x001caef7","001daef7","FUN_001daef7",881,false,2,2
"0x001cb268","001db268","FUN_001db268",409,false,2,3
"0x001cb401","001db401","FUN_001db401",129,false,1,1
"0x001cb482","001db482","FUN_001db482",343,false,1,3
"0x001cb5d9","001db5d9","FUN_001db5d9",360,false,1,5
"0x001cb741","001db741","FUN_001db741",177,false,2,4
"0x001cb7f2","001db7f2","FUN_001db7f2",1933,false,2,5
"0x001cbf7f","001dbf7f","FUN_001dbf7f",260,false,1,5
"0x001cc083","001dc083","FUN_001dc083",1641,false,2,5
"0x001cc6ec","001dc6ec","FUN_001dc6ec",296,false,1,5
"0x001cc814","001dc814","FUN_001dc814",3463,false,1,25
"0x001cd59b","001dd59b","FUN_001dd59b",300,false,1,4
"0x001cd6d0","001dd6d0","FUN_001dd6d0",55,false,1,0
"0x001cd707","001dd707","FUN_001dd707",37,false,4,0
"0x001cd72c","001dd72c","FUN_001dd72c",1853,false,1,0
"0x001cde69","001dde69","FUN_001dde69",52,false,1,0
"0x001cde9d","001dde9d","FUN_001dde9d",21,false,2,0
"0x001cdeb2","001ddeb2","FUN_001ddeb2",58,false,1,3
"0x001cdeec","001ddeec","FUN_001ddeec",166,false,2,1
"0x001cdf92","001ddf92","FUN_001ddf92",305,false,2,5
"0x001ce0c3","001de0c3","FUN_001de0c3",242,false,1,4
"0x001ce1b5","001de1b5","FUN_001de1b5",315,false,1,5
"0x001ce2f0","001de2f0","FUN_001de2f0",1341,false,3,7
"0x001ce82d","001de82d","FUN_001de82d",322,false,1,5
"0x001ce96f","001de96f","FUN_001de96f",2980,false,1,5
"0x001cf513","001df513","FUN_001df513",12850,false,1,19
"0x001d2745","001e2745","FUN_001e2745",8213,false,1,16
"0x001d4760","001e4760","FUN_001e4760",2897,false,1,9
"0x001d52c0","001e52c0","FUN_001e52c0",37,false,3,0
"0x001d52e5","001e52e5","FUN_001e52e5",113,false,2,2
"0x001d5356","001e5356","FUN_001e5356",93,false,2,2
"0x001d53b3","001e53b3","FUN_001e53b3",160,false,1,2
"0x001d5453","001e5453","FUN_001e5453",1024,false,0,3
"0x001d5853","001e5853","FUN_001e5853",1988,false,1,9
"0x001d6017","001e6017","FUN_001e6017",1055,false,0,4
"0x001d6436","001e6436","FUN_001e6436",3894,false,1,12
"0x001d736c","001e736c","FUN_001e736c",305,false,1,6
"0x001d749d","001e749d","FUN_001e749d",8448,false,2,27
"0x001d959d","001e959d","FUN_001e959d",235,false,0,3
"0x001d9688","001e9688","FUN_001e9688",263,false,0,3
"0x001d9790","001e9790","FUN_001e9790",117,false,31,1
"0x001d9805","001e9805","FUN_001e9805",37,false,0,1
"0x001d982a","001e982a","FUN_001e982a",26,false,2,1
"0x001d9844","001e9844","FUN_001e9844",24,false,20,1
"0x001d985c","001e985c","FUN_001e985c",27,false,3,1
"0x001d9877","001e9877","FUN_001e9877",27,false,3,1
"0x001d9892","001e9892","FUN_001e9892",27,false,4,1
"0x001d98ad","001e98ad","FUN_001e98ad",27,false,2,1
"0x001d98c8","001e98c8","FUN_001e98c8",27,false,1,1
"0x001d98e3","001e98e3","FUN_001e98e3",27,false,1,1
"0x001d98fe","001e98fe","FUN_001e98fe",27,false,1,1
"0x001d9919","001e9919","FUN_001e9919",27,false,1,1
"0x001d9934","001e9934","FUN_001e9934",27,false,2,1
"0x001d994f","001e994f","FUN_001e994f",27,false,1,1
"0x001d996a","001e996a","FUN_001e996a",27,false,1,1
"0x001d9985","001e9985","FUN_001e9985",27,false,1,1
"0x001d99a0","001e99a0","FUN_001e99a0",24,false,1,1
"0x001d99b8","001e99b8","FUN_001e99b8",22,false,1,1
"0x001d99ce","001e99ce","FUN_001e99ce",22,false,3,1
"0x001d99e4","001e99e4","FUN_001e99e4",22,false,1,1
"0x001d99fa","001e99fa","FUN_001e99fa",27,false,1,1
"0x001d9a15","001e9a15","FUN_001e9a15",27,false,2,1
"0x001d9a30","001e9a30","FUN_001e9a30",27,false,0,1
"0x001d9a4b","001e9a4b","FUN_001e9a4b",27,false,1,1
"0x001d9a66","001e9a66","FUN_001e9a66",27,false,1,1
"0x001d9a81","001e9a81","FUN_001e9a81",27,false,1,1
"0x001d9a9c","001e9a9c","FUN_001e9a9c",27,false,2,1
"0x001d9ab7","001e9ab7","FUN_001e9ab7",27,false,2,1
"0x001d9ad2","001e9ad2","FUN_001e9ad2",27,false,1,1
"0x001d9aed","001e9aed","FUN_001e9aed",27,false,1,1
"0x001d9b08","001e9b08","FUN_001e9b08",27,false,2,1
"0x001d9b23","001e9b23","FUN_001e9b23",95,false,7,2
"0x001d9b82","001e9b82","FUN_001e9b82",28,false,1,1
"0x001d9b9e","001e9b9e","FUN_001e9b9e",28,false,1,1
"0x001d9bba","001e9bba","FUN_001e9bba",28,false,1,1
"0x001d9bd6","001e9bd6","FUN_001e9bd6",28,false,1,1
"0x001d9bf2","001e9bf2","FUN_001e9bf2",27,false,1,1
"0x001d9c0d","001e9c0d","FUN_001e9c0d",25,false,1,1
"0x001d9c30","001e9c30","FUN_001e9c30",81,false,1,0
"0x001d9c81","001e9c81","FUN_001e9c81",63,false,1,0
"0x001d9cc0","001e9cc0","FUN_001e9cc0",121,false,2,1
"0x001d9d39","001e9d39","FUN_001e9d39",269,false,4,2
"0x001d9e46","001e9e46","FUN_001e9e46",38,false,2,1
"0x001d9e6c","001e9e6c","FUN_001e9e6c",486,false,2,3
"0x001da052","001ea052","FUN_001ea052",198,false,2,2
"0x001da118","001ea118","FUN_001ea118",81,false,2,1
"0x001da169","001ea169","FUN_001ea169",174,false,1,2
"0x001da217","001ea217","FUN_001ea217",2258,false,7,4
"0x001daae9","001eaae9","FUN_001eaae9",202,false,12,2
"0x001dabb3","001eabb3","FUN_001eabb3",665,false,2,4
"0x001dae4c","001eae4c","FUN_001eae4c",907,false,4,4
"0x001db1d7","001eb1d7","FUN_001eb1d7",808,false,4,5
"0x001db4ff","001eb4ff","FUN_001eb4ff",314,false,2,4
"0x001db639","001eb639","FUN_001eb639",661,false,2,4
"0x001db8ce","001eb8ce","FUN_001eb8ce",114,false,2,3
"0x001db940","001eb940","FUN_001eb940",177,false,6,2
"0x001db9f1","001eb9f1","FUN_001eb9f1",333,false,2,6
"0x001dbb3e","001ebb3e","FUN_001ebb3e",363,false,2,6
"0x001dbca9","001ebca9","FUN_001ebca9",58,false,4,1
"0x001dbce3","001ebce3","FUN_001ebce3",159,false,6,2
"0x001dbd82","001ebd82","FUN_001ebd82",64,false,8,3
"0x001dbdc2","001ebdc2","FUN_001ebdc2",120,false,8,2
"0x001dbe3a","001ebe3a","FUN_001ebe3a",61,false,2,2
"0x001dbe77","001ebe77","FUN_001ebe77",161,false,7,2
"0x001dbf18","001ebf18","FUN_001ebf18",118,false,8,3
"0x001dbf8e","001ebf8e","FUN_001ebf8e",635,false,2,4
"0x001dc209","001ec209","FUN_001ec209",48,false,5,1
"0x001dc239","001ec239","FUN_001ec239",178,false,1,3
"0x001dc2eb","001ec2eb","FUN_001ec2eb",48,false,1,1
"0x001dc31b","001ec31b","FUN_001ec31b",819,false,19,3
"0x001dc64e","001ec64e","FUN_001ec64e",1242,false,2,10
"0x001dcb28","001ecb28","FUN_001ecb28",777,false,1,11
"0x001dce31","001ece31","FUN_001ece31",4630,false,4,16
"0x001de047","001ee047","FUN_001ee047",2365,false,2,15
"0x001de984","001ee984","FUN_001ee984",118,false,8,4
"0x001de9fa","001ee9fa","FUN_001ee9fa",195,false,1,4
"0x001deabd","001eeabd","FUN_001eeabd",100,false,1,2
"0x001deb21","001eeb21","FUN_001eeb21",939,false,11,3
"0x001deecc","001eeecc","FUN_001eeecc",1247,false,4,11
"0x001df3b0","001ef3b0","FUN_001ef3b0",290,false,9,3
"0x001df4d2","001ef4d2","FUN_001ef4d2",224,false,1,3
"0x001df5b2","001ef5b2","FUN_001ef5b2",356,false,1,4
"0x001df716","001ef716","FUN_001ef716",214,false,2,4
"0x001df7ec","001ef7ec","FUN_001ef7ec",123,false,1,3
"0x001df867","001ef867","FUN_001ef867",213,false,2,3
"0x001df93c","001ef93c","FUN_001ef93c",252,false,3,6
"0x001dfa38","001efa38","FUN_001efa38",585,false,2,3
"0x001dfc81","001efc81","FUN_001efc81",224,false,1,3
"0x001dfd61","001efd61","FUN_001efd61",509,false,1,4
"0x001dff5e","001eff5e","FUN_001eff5e",2041,false,11,11
"0x001e0757","001f0757","FUN_001f0757",368,false,10,6
"0x001e08c7","001f08c7","FUN_001f08c7",226,false,2,5
"0x001e09a9","001f09a9","FUN_001f09a9",278,false,7,5
"0x001e0abf","001f0abf","FUN_001f0abf",642,false,1,9
"0x001e0d41","001f0d41","FUN_001f0d41",520,false,5,7
"0x001e0f49","001f0f49","FUN_001f0f49",947,false,5,8
"0x001e12fc","001f12fc","FUN_001f12fc",204,false,1,3
"0x001e13c8","001f13c8","FUN_001f13c8",267,false,11,5
"0x001e14d3","001f14d3","FUN_001f14d3",558,false,11,5
"0x001e1710","001f1710","FUN_001f1710",41,false,7,0
"0x001e1739","001f1739","FUN_001f1739",102,false,6,2
"0x001e179f","001f179f","FUN_001f179f",60,false,3,1
"0x001e17db","001f17db","FUN_001f17db",40,false,5,0
"0x001e1803","001f1803","FUN_001f1803",98,false,5,1
"0x001e1865","001f1865","FUN_001f1865",44,false,3,0
"0x001e1891","001f1891","FUN_001f1891",491,false,1,2
"0x001e1a7c","001f1a7c","FUN_001f1a7c",63,false,2,2
"0x001e1abb","001f1abb","FUN_001f1abb",1336,false,1,5
"0x001e1ff3","001f1ff3","FUN_001f1ff3",550,false,1,4
"0x001e2219","001f2219","FUN_001f2219",195,false,2,2
"0x001e22dc","001f22dc","FUN_001f22dc",539,false,2,3
"0x001e24f7","001f24f7","FUN_001f24f7",341,false,1,2
"0x001e264c","001f264c","FUN_001f264c",349,false,1,4
"0x001e27a9","001f27a9","FUN_001f27a9",890,false,1,7
"0x001e2b23","001f2b23","FUN_001f2b23",470,false,1,4
"0x001e2cf9","001f2cf9","FUN_001f2cf9",1272,false,1,7
"0x001e31f1","001f31f1","FUN_001f31f1",1717,false,1,10
"0x001e38a6","001f38a6","FUN_001f38a6",1735,false,1,16
"0x001e3f6d","001f3f6d","FUN_001f3f6d",10035,false,1,35
"0x001e66a0","001f66a0","FUN_001f66a0",341,false,1,9
"0x001e6800","001f6800","FUN_001f6800",71,false,3,0
"0x001e6847","001f6847","FUN_001f6847",94,false,3,0
"0x001e68a5","001f68a5","FUN_001f68a5",72,false,2,0
"0x001e68ed","001f68ed","FUN_001f68ed",95,false,2,0
"0x001e694c","001f694c","FUN_001f694c",48,false,2,0
"0x001e697c","001f697c","FUN_001f697c",207,false,7,1
"0x001e6a4b","001f6a4b","FUN_001f6a4b",272,false,2,2
"0x001e6b5b","001f6b5b","FUN_001f6b5b",86,false,4,0
"0x001e6bb1","001f6bb1","FUN_001f6bb1",118,false,3,0
"0x001e6c27","001f6c27","FUN_001f6c27",112,false,17,0
"0x001e6c97","001f6c97","FUN_001f6c97",34,false,22,0
"0x001e6cb9","001f6cb9","FUN_001f6cb9",16,false,1,0
"0x001e6cc9","001f6cc9","FUN_001f6cc9",82,false,11,1
"0x001e6d1b","001f6d1b","FUN_001f6d1b",27,false,4,1
"0x001e6d36","001f6d36","FUN_001f6d36",207,false,1,2
"0x001e6e05","001f6e05","FUN_001f6e05",105,false,2,1
"0x001e6e6e","001f6e6e","FUN_001f6e6e",166,false,1,1
"0x001e6f14","001f6f14","FUN_001f6f14",213,false,1,1
"0x001e6fe9","001f6fe9","FUN_001f6fe9",60,false,1,1
"0x001e7025","001f7025","FUN_001f7025",144,false,1,2
"0x001e70b5","001f70b5","FUN_001f70b5",256,false,1,2
"0x001e71b5","001f71b5","FUN_001f71b5",2241,false,2,7
"0x001e7a76","001f7a76","FUN_001f7a76",114,false,1,1
"0x001e7ae8","001f7ae8","FUN_001f7ae8",1491,false,0,5
"0x001e80bb","001f80bb","FUN_001f80bb",1509,false,0,5
"0x001e86a0","001f86a0","FUN_001f86a0",1126,false,0,3
"0x001e8b06","001f8b06","FUN_001f8b06",1444,false,0,4
"0x001e90aa","001f90aa","FUN_001f90aa",1595,false,3,2
"0x001e96e5","001f96e5","FUN_001f96e5",156,false,3,2
"0x001e9781","001f9781","FUN_001f9781",1794,false,0,5
"0x001e9e83","001f9e83","FUN_001f9e83",430,false,3,5
"0x001ea031","001fa031","FUN_001fa031",1832,false,2,6
"0x001ea759","001fa759","FUN_001fa759",416,false,2,4
"0x001ea8f9","001fa8f9","FUN_001fa8f9",504,false,2,4
"0x001eaaf1","001faaf1","FUN_001faaf1",406,false,2,5
"0x001eac87","001fac87","FUN_001fac87",258,false,2,4
"0x001ead89","001fad89","FUN_001fad89",230,false,2,7
"0x001eae6f","001fae6f","FUN_001fae6f",204,false,2,2
"0x001eaf3b","001faf3b","FUN_001faf3b",7361,false,1,21
"0x001ecbfc","001fcbfc","FUN_001fcbfc",468,false,2,7
"0x001ecdd0","001fcdd0","FUN_001fcdd0",109,false,2,2
"0x001ece3d","001fce3d","FUN_001fce3d",847,false,2,8
"0x001ed18c","001fd18c","FUN_001fd18c",1960,false,1,16
"0x001ed934","001fd934","FUN_001fd934",1696,false,1,11
"0x001edfd4","001fdfd4","FUN_001fdfd4",303,false,1,5
"0x001ee103","001fe103","FUN_001fe103",1528,false,1,13
"0x001ee6fb","001fe6fb","FUN_001fe6fb",3059,false,1,18
"0x001ef2ee","001ff2ee","FUN_001ff2ee",10871,false,1,47
"0x001f1d70","00201d70","FUN_00201d70",55,false,4,0
"0x001f1da7","00201da7","FUN_00201da7",45,false,4,0
"0x001f1dd4","00201dd4","FUN_00201dd4",189,false,1,0
"0x001f1e91","00201e91","FUN_00201e91",1029,false,1,0
"0x001f2296","00202296","FUN_00202296",947,false,2,3
"0x001f2649","00202649","FUN_00202649",260,false,2,2
"0x001f274d","0020274d","FUN_0020274d",84,false,3,0
"0x001f27a1","002027a1","FUN_002027a1",192,false,2,1
"0x001f2861","00202861","FUN_00202861",225,false,1,1
"0x001f2942","00202942","FUN_00202942",85,false,2,1
"0x001f2997","00202997","FUN_00202997",240,false,1,1
"0x001f2a87","00202a87","FUN_00202a87",312,false,1,1
"0x001f2bbf","00202bbf","FUN_00202bbf",349,false,1,0
"0x001f2d1c","00202d1c","FUN_00202d1c",185,false,3,2
"0x001f2dd5","00202dd5","FUN_00202dd5",123,false,1,2
"0x001f2e50","00202e50","FUN_00202e50",134,false,1,2
"0x001f2ed6","00202ed6","FUN_00202ed6",235,false,1,2
"0x001f2fc1","00202fc1","FUN_00202fc1",3486,false,1,6
"0x001f3d5f","00203d5f","FUN_00203d5f",68,false,2,0
"0x001f3da3","00203da3","FUN_00203da3",342,false,2,6
"0x001f3ef9","00203ef9","FUN_00203ef9",125,false,2,0
"0x001f3f76","00203f76","FUN_00203f76",61,false,1,2
"0x001f3fb3","00203fb3","FUN_00203fb3",288,false,1,3
"0x001f40d3","002040d3","FUN_002040d3",6803,false,1,16
"0x001f5b66","00205b66","FUN_00205b66",123,false,1,3
"0x001f5be1","00205be1","FUN_00205be1",6346,false,1,10
"0x001f74ab","002074ab","FUN_002074ab",8374,false,2,24
"0x001f9561","00209561","FUN_00209561",1958,false,1,17
"0x001f9d10","00209d10","FUN_00209d10",20,false,0,0
"0x001f9d24","00209d24","FUN_00209d24",23,false,0,0
"0x001f9d3b","00209d3b","FUN_00209d3b",10,false,0,0
"0x001f9d45","00209d45","FUN_00209d45",848,false,1,2
"0x001fa095","0020a095","FUN_0020a095",63,false,0,2
"0x001fa0d4","0020a0d4","FUN_0020a0d4",98,false,2,2
"0x001fa136","0020a136","FUN_0020a136",130,false,2,3
"0x001fa1b8","0020a1b8","FUN_0020a1b8",562,false,1,5
"0x001fa3ea","0020a3ea","FUN_0020a3ea",5061,false,2,7
"0x001fb7af","0020b7af","FUN_0020b7af",2726,false,1,8
"0x001fc255","0020c255","FUN_0020c255",159,false,0,2
"0x001fc300","0020c300","FUN_0020c300",55,false,3,0
"0x001fc337","0020c337","FUN_0020c337",84,false,1,0
"0x001fc38b","0020c38b","FUN_0020c38b",46,false,2,0
"0x001fc3b9","0020c3b9","FUN_0020c3b9",594,false,6,3
"0x001fc60b","0020c60b","FUN_0020c60b",2542,false,5,4
"0x001fcff9","0020cff9","FUN_0020cff9",253,false,5,5
"0x001fd0f6","0020d0f6","FUN_0020d0f6",2915,false,1,15
"0x001fdc59","0020dc59","FUN_0020dc59",2593,false,2,6
"0x001fe67a","0020e67a","FUN_0020e67a",1474,false,1,5
"0x001fec3c","0020ec3c","FUN_0020ec3c",303,false,1,4
"0x001fed6b","0020ed6b","FUN_0020ed6b",7415,false,13,13
"0x00200a62","00210a62","FUN_00210a62",4293,false,1,17
"0x00201b27","00211b27","FUN_00211b27",2936,false,1,11
"0x0020269f","0021269f","FUN_0021269f",588,false,1,4
"0x002028eb","002128eb","FUN_002128eb",1079,false,1,6
"0x00202d22","00212d22","FUN_00212d22",215,false,1,3
"0x00202df9","00212df9","FUN_00212df9",713,false,1,8
"0x002030c2","002130c2","FUN_002130c2",981,false,1,11
"0x00203497","00213497","FUN_00213497",9279,false,1,22
"0x002058d6","002158d6","FUN_002158d6",1908,false,1,5
"0x00206050","00216050","FUN_00216050",55,false,2,0
"0x00206087","00216087","FUN_00216087",46,false,1,0
"0x002060b5","002160b5","FUN_002160b5",3048,false,3,5
"0x00206c9d","00216c9d","FUN_00216c9d",294,false,3,2
"0x00206dc3","00216dc3","FUN_00216dc3",438,false,3,3
"0x00206f79","00216f79","FUN_00216f79",86,false,1,2
"0x00206fcf","00216fcf","FUN_00216fcf",804,false,4,6
"0x002072f3","002172f3","FUN_002172f3",72,false,17,1
"0x0020733b","0021733b","FUN_0021733b",494,false,1,4
"0x00207529","00217529","FUN_00217529",1355,false,6,7
"0x00207a74","00217a74","FUN_00217a74",3987,false,3,13
"0x00208a07","00218a07","FUN_00218a07",711,false,3,5
"0x00208cce","00218cce","FUN_00218cce",924,false,1,5
"0x0020906a","0021906a","FUN_0021906a",6917,false,1,11
"0x0020ab70","0021ab70","FUN_0021ab70",55,false,1,0
"0x0020aba7","0021aba7","FUN_0021aba7",58,false,3,0
"0x0020abe1","0021abe1","FUN_0021abe1",404,false,5,3
"0x0020ad75","0021ad75","FUN_0021ad75",1810,false,2,4
"0x0020b487","0021b487","FUN_0021b487",231,false,5,5
"0x0020b56e","0021b56e","FUN_0021b56e",1133,false,1,13
"0x0020b9db","0021b9db","FUN_0021b9db",1005,false,2,5
"0x0020bdc8","0021bdc8","FUN_0021bdc8",1881,false,2,11
"0x0020c521","0021c521","FUN_0021c521",71,false,8,1
"0x0020c568","0021c568","FUN_0021c568",547,false,1,5
"0x0020c78b","0021c78b","FUN_0021c78b",3996,false,1,11
"0x0020d727","0021d727","FUN_0021d727",234,false,2,3
"0x0020d811","0021d811","FUN_0021d811",2290,false,3,10
"0x0020e103","0021e103","FUN_0021e103",2046,false,1,13
"0x0020e901","0021e901","FUN_0021e901",1477,false,1,11
"0x0020eec6","0021eec6","FUN_0021eec6",1865,false,1,6
"0x0020f60f","0021f60f","FUN_0021f60f",8995,false,1,27
"0x00211940","00221940","FUN_00221940",55,false,5,0
"0x00211977","00221977","FUN_00221977",53,false,3,0
"0x002119ac","002219ac","FUN_002219ac",269,false,3,2
"0x00211ab9","00221ab9","FUN_00221ab9",126,false,2,2
"0x00211b37","00221b37","FUN_00221b37",278,false,3,2
"0x00211c4d","00221c4d","FUN_00221c4d",784,false,10,6
"0x00211f5d","00221f5d","FUN_00221f5d",891,false,3,4
"0x002122d8","002222d8","FUN_002222d8",2125,false,2,5
"0x00212b25","00222b25","FUN_00222b25",1564,false,17,12
"0x00213141","00223141","FUN_00223141",845,false,2,7
"0x0021348e","0022348e","FUN_0022348e",813,false,1,5
"0x002137bb","002237bb","FUN_002237bb",925,false,2,7
"0x00213b58","00223b58","FUN_00223b58",1107,false,3,5
"0x00213fab","00223fab","FUN_00223fab",952,false,2,7
"0x00214363","00224363","FUN_00224363",1634,false,12,5
"0x002149c5","002249c5","FUN_002249c5",1352,false,1,12
"0x00214f0d","00224f0d","FUN_00224f0d",3043,false,1,14
"0x00215af0","00225af0","FUN_00225af0",5474,false,1,10
"0x00217052","00227052","FUN_00227052",2708,false,1,9
"0x00217ae6","00227ae6","FUN_00227ae6",907,false,1,9
"0x00217e71","00227e71","FUN_00227e71",907,false,1,11
"0x002181fc","002281fc","FUN_002281fc",6044,false,1,9
"0x00219998","00229998","FUN_00229998",9443,false,1,29
"0x0021be80","0022be80","FUN_0022be80",55,false,4,0
"0x0021beb7","0022beb7","FUN_0022beb7",49,false,2,0
"0x0021bee8","0022bee8","FUN_0022bee8",244,false,2,0
"0x0021bfdc","0022bfdc","FUN_0022bfdc",332,false,1,1
"0x0021c128","0022c128","FUN_0022c128",65,false,1,0
"0x0021c169","0022c169","FUN_0022c169",719,false,2,2
"0x0021c438","0022c438","FUN_0022c438",398,false,1,2
"0x0021c5c6","0022c5c6","FUN_0022c5c6",508,false,1,4
"0x0021c7c2","0022c7c2","FUN_0022c7c2",951,false,2,3
"0x0021cb79","0022cb79","FUN_0022cb79",659,false,1,6
"0x0021ce0c","0022ce0c","FUN_0022ce0c",2451,false,2,8
"0x0021d79f","0022d79f","FUN_0022d79f",418,false,0,5
"0x0021d941","0022d941","FUN_0022d941",351,false,0,5
"0x0021daa0","0022daa0","FUN_0022daa0",308,false,1,2
"0x0021dbd4","0022dbd4","FUN_0022dbd4",441,false,1,3
"0x0021dd8d","0022dd8d","FUN_0022dd8d",846,false,1,2
"0x0021e0db","0022e0db","FUN_0022e0db",252,false,0,3
"0x0021e1d7","0022e1d7","FUN_0022e1d7",144,false,1,2
"0x0021e267","0022e267","FUN_0022e267",789,false,1,5
"0x0021e57c","0022e57c","FUN_0022e57c",741,false,1,3
"0x0021e861","0022e861","FUN_0022e861",9427,false,1,11
"0x00220d34","00230d34","FUN_00230d34",6942,false,1,10
"0x00222852","00232852","FUN_00232852",7351,false,2,27
"0x00224510","00234510","FUN_00234510",55,false,4,0
"0x00224547","00234547","FUN_00234547",53,false,1,0
"0x0022457c","0023457c","FUN_0023457c",65,false,1,0
"0x002245bd","002345bd","FUN_002345bd",71,false,1,1
"0x00224604","00234604","FUN_00234604",48,false,1,0
"0x00224634","00234634","FUN_00234634",101,false,2,1
"0x00224699","00234699","FUN_00234699",272,false,2,1
"0x002247a9","002347a9","FUN_002347a9",135,false,2,0
"0x00224830","00234830","FUN_00234830",113,false,1,0
"0x002248a1","002348a1","FUN_002348a1",99,false,1,0
"0x00224904","00234904","FUN_00234904",48,false,1,0
"0x00224934","00234934","FUN_00234934",229,false,2,1
"0x00224a19","00234a19","FUN_00234a19",586,false,1,3
"0x00224c63","00234c63","FUN_00234c63",272,false,4,2
"0x00224d73","00234d73","FUN_00234d73",1933,false,2,5
"0x00225500","00235500","FUN_00235500",609,false,1,4
"0x00225761","00235761","FUN_00235761",1356,false,1,19
"0x00225cad","00235cad","FUN_00235cad",2966,false,2,5
"0x00226843","00236843","FUN_00236843",347,false,1,2
"0x0022699e","0023699e","FUN_0023699e",295,false,2,2
"0x00226ac5","00236ac5","FUN_00236ac5",170,false,2,3
"0x00226b6f","00236b6f","FUN_00236b6f",522,false,3,4
"0x00226d79","00236d79","FUN_00236d79",1768,false,1,19
"0x00227461","00237461","FUN_00237461",702,false,1,12
"0x0022771f","0023771f","FUN_0023771f",2442,false,1,16
"0x002280a9","002380a9","FUN_002380a9",448,false,3,6
"0x00228269","00238269","FUN_00238269",298,false,2,4
"0x00228393","00238393","FUN_00238393",3534,false,0,16
"0x00229161","00239161","FUN_00239161",221,false,0,3
"0x0022923e","0023923e","FUN_0023923e",4763,false,7,22
"0x0022a4d9","0023a4d9","FUN_0023a4d9",10025,false,1,25
"0x0022cc02","0023cc02","FUN_0023cc02",114,false,1,1
"0x0022cc74","0023cc74","FUN_0023cc74",1377,false,1,8
"0x0022d1d5","0023d1d5","FUN_0023d1d5",4940,false,1,19
"0x0022e530","0023e530","FUN_0023e530",92,false,4,0
"0x0022e58c","0023e58c","FUN_0023e58c",111,false,3,0
"0x0022e5fb","0023e5fb","FUN_0023e5fb",873,false,2,3
"0x0022e964","0023e964","FUN_0023e964",28,false,1,0
"0x0022e980","0023e980","FUN_0023e980",380,false,2,2
"0x0022eafc","0023eafc","FUN_0023eafc",541,false,2,2
"0x0022ed19","0023ed19","FUN_0023ed19",234,false,1,2
"0x0022ee03","0023ee03","FUN_0023ee03",208,false,1,2
"0x0022eed3","0023eed3","FUN_0023eed3",4139,false,2,13
"0x0022fefe","0023fefe","FUN_0023fefe",1635,false,1,9
"0x00230570","00240570","FUN_00240570",55,false,1,0
"0x002305a7","002405a7","FUN_002405a7",112,false,2,0
"0x00230617","00240617","FUN_00240617",61,false,2,0
"0x00230654","00240654","FUN_00240654",34,false,3,0
"0x00230676","00240676","FUN_00240676",143,false,4,2
"0x00230705","00240705","FUN_00240705",113,false,1,1
"0x00230776","00240776","FUN_00240776",479,false,3,2
"0x00230955","00240955","FUN_00240955",437,false,1,5
"0x00230b0a","00240b0a","FUN_00240b0a",239,false,2,3
"0x00230bf9","00240bf9","FUN_00240bf9",79,false,1,1
"0x00230c48","00240c48","FUN_00240c48",348,false,1,4
"0x00230da4","00240da4","FUN_00240da4",625,false,1,5
"0x00231015","00241015","FUN_00241015",100,false,2,0
"0x00231079","00241079","FUN_00241079",101,false,1,0
"0x002310de","002410de","FUN_002410de",343,false,2,3
"0x00231235","00241235","FUN_00241235",536,false,3,3
"0x0023144d","0024144d","FUN_0024144d",128,false,1,1
"0x002314cd","002414cd","FUN_002414cd",435,false,3,3
"0x00231680","00241680","FUN_00241680",353,false,3,3
"0x002317e1","002417e1","FUN_002417e1",1044,false,1,7
"0x00231bf5","00241bf5","FUN_00241bf5",5172,false,1,16
"0x00233029","00243029","FUN_00243029",2183,false,2,9
"0x002338b0","002438b0","FUN_002438b0",6635,false,1,33
"0x002352a0","002452a0","FUN_002452a0",130,false,1,0
"0x00235322","00245322","FUN_00245322",49,false,1,0
"0x00235353","00245353","FUN_00245353",31,false,1,0
"0x00235372","00245372","FUN_00245372",124,false,1,0
"0x002353ee","002453ee","FUN_002453ee",139,false,1,2
"0x00235479","00245479","FUN_00245479",414,false,1,2
"0x00235617","00245617","FUN_00245617",140,false,4,2
"0x002356a3","002456a3","FUN_002456a3",569,false,4,4
"0x002358dc","002458dc","FUN_002458dc",285,false,2,5
"0x002359f9","002459f9","FUN_002459f9",460,false,1,6
"0x00235bc5","00245bc5","FUN_00245bc5",141,false,3,3
"0x00235c52","00245c52","FUN_00245c52",80,false,1,2
"0x00235ca2","00245ca2","FUN_00245ca2",5981,false,1,21
"0x002373ff","002473ff","FUN_002473ff",1892,false,1,9
"0x00237b63","00247b63","FUN_00247b63",8875,false,1,21
"0x00239e10","00249e10","FUN_00249e10",697,false,2,4
"0x0023a0c9","0024a0c9","FUN_0024a0c9",69,false,0,1
"0x0023a10e","0024a10e","FUN_0024a10e",1120,false,1,3
"0x0023a56e","0024a56e","FUN_0024a56e",2119,false,1,16
"0x0023adb5","0024adb5","FUN_0024adb5",1786,false,1,16
"0x0023b4af","0024b4af","FUN_0024b4af",912,false,0,12
"0x0023b840","0024b840","FUN_0024b840",88,false,4,0
"0x0023b898","0024b898","FUN_0024b898",42,false,5,1
"0x0023b8c2","0024b8c2","FUN_0024b8c2",113,false,2,2
"0x0023b933","0024b933","FUN_0024b933",125,false,2,1
"0x0023b9b0","0024b9b0","FUN_0024b9b0",150,false,3,2
"0x0023ba46","0024ba46","FUN_0024ba46",61,false,13,1
"0x0023ba83","0024ba83","FUN_0024ba83",95,false,2,1
"0x0023bae2","0024bae2","FUN_0024bae2",224,false,1,2
"0x0023bbc2","0024bbc2","FUN_0024bbc2",39,false,2,2
"0x0023bbe9","0024bbe9","FUN_0024bbe9",86,false,2,3
"0x0023bc3f","0024bc3f","FUN_0024bc3f",474,false,1,4
"0x0023be19","0024be19","FUN_0024be19",820,false,1,7
"0x0023c14d","0024c14d","FUN_0024c14d",118,false,3,3
"0x0023c1c3","0024c1c3","FUN_0024c1c3",342,false,2,3
"0x0023c319","0024c319","FUN_0024c319",2500,false,2,18
"0x0023ccdd","0024ccdd","FUN_0024ccdd",1558,false,1,11
"0x0023d300","0024d300","FUN_0024d300",49,false,1,0
"0x0023d331","0024d331","FUN_0024d331",19,false,2,0
"0x0023d344","0024d344","FUN_0024d344",21,false,3,0
"0x0023d359","0024d359","FUN_0024d359",163,false,2,2
"0x0023d3fc","0024d3fc","FUN_0024d3fc",251,false,2,2
"0x0023d4f7","0024d4f7","FUN_0024d4f7",341,false,1,4
"0x0023d64c","0024d64c","FUN_0024d64c",485,false,1,4
"0x0023d831","0024d831","FUN_0024d831",10426,false,2,8
"0x002400eb","002500eb","FUN_002500eb",131,false,1,3
"0x00240170","00250170","FUN_00250170",625,false,37,0
"0x002403e1","002503e1","FUN_002503e1",1528,false,52,0
"0x002409d9","002509d9","FUN_002509d9",96,false,1,1
"0x00240a39","00250a39","FUN_00250a39",430,false,3,0
"0x00240be7","00250be7","FUN_00250be7",707,false,30,2
"0x00240eaa","00250eaa","FUN_00250eaa",565,false,23,1
"0x002410df","002510df","FUN_002510df",1185,false,40,2
"0x00241580","00251580","FUN_00251580",1097,false,41,2
"0x002419c9","002519c9","FUN_002519c9",146,false,36,1
"0x00241a79","00251a79","FUN_00251a79",25,false,4,0
"0x00241a92","00251a92","FUN_00251a92",104,false,2,0
"0x00241afa","00251afa","FUN_00251afa",2428,false,1,7
"0x00242476","00252476","FUN_00252476",1546,false,1,8
"0x00242a80","00252a80","FUN_00252a80",1939,false,1,8
"0x00243213","00253213","FUN_00253213",2217,false,1,8
"0x00243abc","00253abc","FUN_00253abc",2868,false,1,8
"0x002445f0","002545f0","FUN_002545f0",1791,false,1,7
"0x00244cef","00254cef","FUN_00254cef",1653,false,1,7
"0x00245364","00255364","FUN_00255364",1648,false,1,7
"0x002459d4","002559d4","FUN_002559d4",978,false,1,7
"0x00245da6","00255da6","FUN_00255da6",1278,false,1,6
"0x002462a4","002562a4","FUN_002562a4",1449,false,1,7
"0x0024684d","0025684d","FUN_0025684d",1462,false,1,6
"0x00246e03","00256e03","FUN_00256e03",993,false,1,6
"0x002471e4","002571e4","FUN_002571e4",69,false,1,0
"0x00247229","00257229","FUN_00257229",999,false,1,9
"0x00247610","00257610","FUN_00257610",240,false,1,3
"0x00247700","00257700","FUN_00257700",293,false,1,3
"0x00247825","00257825","FUN_00257825",940,false,1,6
"0x00247bd1","00257bd1","FUN_00257bd1",472,false,1,7
"0x00247da9","00257da9","FUN_00257da9",3906,false,1,10
"0x00248ceb","00258ceb","FUN_00258ceb",4068,false,1,10
"0x00249ccf","00259ccf","FUN_00259ccf",3648,false,1,3
"0x0024ab0f","0025ab0f","FUN_0025ab0f",628,false,4,3
"0x0024ad83","0025ad83","FUN_0025ad83",1092,false,1,8
"0x0024b1c7","0025b1c7","FUN_0025b1c7",3251,false,1,15
"0x0024be7a","0025be7a","FUN_0025be7a",776,false,1,10
"0x0024c182","0025c182","FUN_0025c182",981,false,1,11
"0x0024c557","0025c557","FUN_0025c557",1043,false,1,12
"0x0024c96a","0025c96a","FUN_0025c96a",2803,false,1,10
"0x0024d45d","0025d45d","FUN_0025d45d",119,false,5,2
"0x0024d4d4","0025d4d4","FUN_0025d4d4",1443,false,1,10
"0x0024da77","0025da77","FUN_0025da77",1828,false,1,10
"0x0024e19b","0025e19b","FUN_0025e19b",712,false,1,7
"0x0024e463","0025e463","FUN_0025e463",1277,false,1,9
"0x0024e960","0025e960","FUN_0025e960",1511,false,1,9
"0x0024ef47","0025ef47","FUN_0025ef47",1012,false,1,7
"0x0024f33b","0025f33b","FUN_0025f33b",1464,false,1,7
"0x0024f8f3","0025f8f3","FUN_0025f8f3",1516,false,1,12
"0x0024fedf","0025fedf","FUN_0025fedf",974,false,1,8
"0x002502ad","002602ad","FUN_002602ad",309,false,1,4
"0x002503e2","002603e2","FUN_002603e2",373,false,2,3
"0x00250557","00260557","FUN_00260557",261,false,3,1
"0x0025065c","0026065c","FUN_0026065c",583,false,1,8
"0x002508a3","002608a3","FUN_002608a3",584,false,1,8
"0x00250aeb","00260aeb","FUN_00260aeb",1318,false,1,9
"0x00251011","00261011","FUN_00261011",409,false,1,4
"0x002511aa","002611aa","FUN_002611aa",1698,false,1,10
"0x0025184c","0026184c","FUN_0026184c",284,false,1,4
"0x00251968","00261968","FUN_00261968",785,false,1,6
"0x00251c79","00261c79","FUN_00261c79",1228,false,1,6
"0x00252145","00262145","FUN_00262145",692,false,1,7
"0x002523f9","002623f9","FUN_002623f9",360,false,1,5
"0x00252561","00262561","FUN_00262561",438,false,1,5
"0x00252717","00262717","FUN_00262717",276,false,1,4
"0x0025282b","0026282b","FUN_0026282b",1216,false,1,5
"0x00252ceb","00262ceb","FUN_00262ceb",194,false,1,3
"0x00252dad","00262dad","FUN_00262dad",749,false,1,8
"0x0025309a","0026309a","FUN_0026309a",7456,false,4,62
"0x00254dba","00264dba","FUN_00264dba",111,false,0,2
"0x00254e30","00264e30","FUN_00264e30",301,false,1,0
"0x00254f80","00264f80","FUN_00264f80",20,false,77,2
"0x00254fa0","00264fa0","FUN_00264fa0",56,false,1,1
"0x00254fd8","00264fd8","_fini",28,false,0,1
"0x002d6000","002e6000","getpagesize",1,true,1,0
"0x002d6004","002e6004","fputs",1,true,1,0
"0x002d6008","002e6008","abort",1,true,1,0
"0x002d600c","002e600c","__errno_location",1,true,1,0
"0x002d6010","002e6010","open",1,true,1,0
"0x002d6014","002e6014","mmap",1,true,1,0
"0x002d6018","002e6018","ffs",1,true,1,0
"0x002d601c","002e601c","drmBOUnmap",1,true,1,0
"0x002d6020","002e6020","strerror",1,true,1,0
"0x002d6024","002e6024","XML_ParserCreate",1,true,1,0
"0x002d6028","002e6028","bsearch",1,true,1,0
"0x002d602c","002e602c","drmFenceSignaled",1,true,1,0
"0x002d6030","002e6030","__fprintf_chk",1,true,1,0
"0x002d6034","002e6034","__gmon_start__",1,true,1,0
"0x002d6038","002e6038","_Jv_RegisterClasses",1,true,1,0
"0x002d603c","002e603c","sched_yield",1,true,1,0
"0x002d6044","002e6044","__printf_chk",1,true,1,0
"0x002d6048","002e6048","strtod",1,true,1,0
"0x002d604c","002e604c","strchr",1,true,1,0
"0x002d6050","002e6050","getenv",1,true,1,0
"0x002d6054","002e6054","calloc",1,true,1,0
"0x002d6058","002e6058","strncpy",1,true,1,0
"0x002d605c","002e605c","putchar",1,true,1,0
"0x002d6060","002e6060","pow",1,true,1,0
"0x002d6064","002e6064","dlclose",1,true,1,0
"0x002d6068","002e6068","drmFreeVersion",1,true,1,0
"0x002d606c","002e606c","XML_GetErrorCode",1,true,1,0
"0x002d6070","002e6070","XML_SetUserData",1,true,1,0
"0x002d6074","002e6074","memset",1,true,1,0
"0x002d6078","002e6078","__memcpy_chk",1,true,1,0
"0x002d607c","002e607c","drmBOMap",1,true,1,0
"0x002d6080","002e6080","_glapi_get_dispatch_table_size",1,true,1,0
"0x002d6084","002e6084","frexpf",1,true,0,0
"0x002d6088","002e6088","__assert_fail",1,true,1,0
"0x002d608c","002e608c","__vsnprintf_chk",1,true,1,0
"0x002d6090","002e6090","XML_GetCurrentColumnNumber",1,true,1,0
"0x002d6094","002e6094","read",1,true,1,0
"0x002d6098","002e6098","usleep",1,true,1,0
"0x002d609c","002e609c","strtol",1,true,1,0
"0x002d60a0","002e60a0","free",1,true,1,0
"0x002d60a4","002e60a4","drmUnlock",1,true,1,0
"0x002d60a8","002e60a8","dlsym",1,true,1,0
"0x002d60ac","002e60ac","__vfprintf_chk",1,true,1,0
"0x002d60b0","002e60b0","drmBOUnreference",1,true,1,0
"0x002d60b4","002e60b4","pthread_mutex_unlock",1,true,1,0
"0x002d60b8","002e60b8","drmBOWaitIdle",1,true,1,0
"0x002d60bc","002e60bc","__vsprintf_chk",1,true,1,0
"0x002d60c0","002e60c0","fclose",1,true,1,0
"0x002d60c4","002e60c4","_setjmp",1,true,1,0
"0x002d60c8","002e60c8","XML_ParseBuffer",1,true,1,0
"0x002d60cc","002e60cc","_glapi_get_dispatch",1,true,1,0
"0x002d60d4","002e60d4","memcpy",1,true,1,0
"0x002d60d8","002e60d8","fopen",1,true,1,0
"0x002d60dc","002e60dc","pthread_mutex_destroy",1,true,1,0
"0x002d60e0","002e60e0","drmCloseOnce",1,true,1,0
"0x002d60e8","002e60e8","strcpy",1,true,1,0
"0x002d60ec","002e60ec","dlopen",1,true,1,0
"0x002d60f0","002e60f0","longjmp",1,true,1,0
"0x002d60f4","002e60f4","XML_GetCurrentLineNumber",1,true,1,0
"0x002d60f8","002e60f8","pthread_mutex_init",1,true,1,0
"0x002d60fc","002e60fc","drmCommandWriteRead",1,true,1,0
"0x002d6100","002e6100","drmFenceWait",1,true,1,0
"0x002d6104","002e6104","close",1,true,1,0
"0x002d6108","002e6108","fwrite",1,true,1,0
"0x002d610c","002e610c","_glapi_get_context",1,true,1,0
"0x002d6110","002e6110","strstr",1,true,1,0
"0x002d6114","002e6114","strncat",1,true,1,0
"0x002d6118","002e6118","malloc",1,true,1,0
"0x002d611c","002e611c","drmBOSetStatus",1,true,1,0
"0x002d6120","002e6120","pthread_mutex_lock",1,true,1,0
"0x002d6124","002e6124","_glapi_add_dispatch",1,true,1,0
"0x002d6128","002e6128","XML_ErrorString",1,true,1,0
"0x002d612c","002e612c","__stack_chk_fail",1,true,1,0
"0x002d6130","002e6130","fputc",1,true,1,0
"0x002d6138","002e6138","memmove",1,true,1,0
"0x002d613c","002e613c","XML_ParserFree",1,true,1,0
"0x002d6140","002e6140","drmFenceUnreference",1,true,1,0
"0x002d6144","002e6144","drmBOReference",1,true,1,0
"0x002d6148","002e6148","XML_SetElementHandler",1,true,1,0
"0x002d614c","002e614c","puts",1,true,0,0
"0x002d6150","002e6150","drmGetVersion",1,true,1,0
"0x002d6154","002e6154","_glapi_set_warning_func",1,true,1,0
"0x002d6158","002e6158","XML_Parse",1,true,1,0
"0x002d615c","002e615c","_glapi_set_context",1,true,1,0
"0x002d6160","002e6160","XML_GetBuffer",1,true,1,0
"0x002d6164","002e6164","strspn",1,true,1,0
"0x002d6168","002e6168","_glapi_noop_enable_warnings",1,true,1,0
"0x002d616c","002e616c","__sprintf_chk",1,true,1,0
"0x002d6170","002e6170","strncmp",1,true,1,0
"0x002d6174","002e6174","drmBOCreate",1,true,1,0
"0x002d6178","002e6178","posix_memalign",1,true,1,0
"0x002d617c","002e617c","drmUnmap",1,true,1,0
"0x002d6180","002e6180","strcmp",1,true,1,0
"0x002d6184","002e6184","__cxa_finalize",1,true,1,0
"0x002d6188","002e6188","drmGetLock",1,true,1,0
"0x002d618c","002e618c","exit",1,true,1,0
"0x002d6194","002e6194","drmWaitVBlank",1,true,1,0
"0x002d6198","002e6198","drmCommandWrite",1,true,1,0
"0x002d619c","002e619c","_glapi_set_dispatch",1,true,1,0
