rel_section,target_va,target_file_offset,type,symbol_index,symbol_name,inplace_addend
.rel.dyn,0x002b2b20,0x2b1b20,8,0,,0x0025504c
.rel.dyn,0x002b2b24,0x2b1b24,8,0,,0x002b2b78
.rel.dyn,0x002b2b28,0x2b1b28,8,0,,0x0025505f
.rel.dyn,0x002b2b2c,0x2b1b2c,8,0,,0x002b2ba0
.rel.dyn,0x002b2b30,0x2b1b30,8,0,,0x00255077
.rel.dyn,0x002b2b34,0x2b1b34,8,0,,0x002b2be0
.rel.dyn,0x002b2b38,0x2b1b38,8,0,,0x00255089
.rel.dyn,0x002b2b3c,0x2b1b3c,8,0,,0x002b2cac
.rel.dyn,0x002b2b40,0x2b1b40,8,0,,0x002550a4
.rel.dyn,0x002b2b44,0x2b1b44,8,0,,0x002b2ce0
.rel.dyn,0x002b2b48,0x2b1b48,8,0,,0x002550c1
.rel.dyn,0x002b2b4c,0x2b1b4c,8,0,,0x002b2d04
.rel.dyn,0x002b2b50,0x2b1b50,8,0,,0x002550d7
.rel.dyn,0x002b2b54,0x2b1b54,8,0,,0x002b2d20
.rel.dyn,0x002b2b58,0x2b1b58,8,0,,0x002550ed
.rel.dyn,0x002b2b5c,0x2b1b5c,8,0,,0x002b2d80
.rel.dyn,0x002b2b60,0x2b1b60,8,0,,0x00255101
.rel.dyn,0x002b2b64,0x2b1b64,8,0,,0x002b2e00
.rel.dyn,0x002b2b68,0x2b1b68,8,0,,0x00255114
.rel.dyn,0x002b2b6c,0x2b1b6c,8,0,,0x002b2f40
.rel.dyn,0x002b2b78,0x2b1b78,8,0,,0x002555c0
.rel.dyn,0x002b2ba0,0x2b1ba0,8,0,,0x00255600
.rel.dyn,0x002b2bac,0x2b1bac,8,0,,0x00255640
.rel.dyn,0x002b2bb8,0x2b1bb8,8,0,,0x00255680
.rel.dyn,0x002b2bc4,0x2b1bc4,8,0,,0x002556c0
.rel.dyn,0x002b2be0,0x2b1be0,8,0,,0x00255700
.rel.dyn,0x002b2bec,0x2b1bec,8,0,,0x00255740
.rel.dyn,0x002b2bf8,0x2b1bf8,8,0,,0x00255780
.rel.dyn,0x002b2c04,0x2b1c04,8,0,,0x002557c0
.rel.dyn,0x002b2c10,0x2b1c10,8,0,,0x00255800
.rel.dyn,0x002b2c1c,0x2b1c1c,8,0,,0x00255840
.rel.dyn,0x002b2c28,0x2b1c28,8,0,,0x00255880
.rel.dyn,0x002b2c34,0x2b1c34,8,0,,0x002558c0
.rel.dyn,0x002b2c40,0x2b1c40,8,0,,0x00255900
.rel.dyn,0x002b2c4c,0x2b1c4c,8,0,,0x00255940
.rel.dyn,0x002b2c58,0x2b1c58,8,0,,0x00255980
.rel.dyn,0x002b2c64,0x2b1c64,8,0,,0x002559c0
.rel.dyn,0x002b2c70,0x2b1c70,8,0,,0x00255a00
.rel.dyn,0x002b2c7c,0x2b1c7c,8,0,,0x00255a40
.rel.dyn,0x002b2c88,0x2b1c88,8,0,,0x00255a80
.rel.dyn,0x002b2c94,0x2b1c94,8,0,,0x00255ac0
.rel.dyn,0x002b2cac,0x2b1cac,8,0,,0x00255b00
.rel.dyn,0x002b2ce0,0x2b1ce0,8,0,,0x00255b49
.rel.dyn,0x002b2cec,0x2b1cec,8,0,,0x00255b5d
.rel.dyn,0x002b2d04,0x2b1d04,8,0,,0x00255b71
.rel.dyn,0x002b2d20,0x2b1d20,8,0,,0x00255ba0
.rel.dyn,0x002b2d2c,0x2b1d2c,8,0,,0x00255be0
.rel.dyn,0x002b2d38,0x2b1d38,8,0,,0x00255c20
.rel.dyn,0x002b2d44,0x2b1d44,8,0,,0x00255c60
.rel.dyn,0x002b2d50,0x2b1d50,8,0,,0x00255c89
.rel.dyn,0x002b2d5c,0x2b1d5c,8,0,,0x00255cc0
.rel.dyn,0x002b2d80,0x2b1d80,8,0,,0x00255ce3
.rel.dyn,0x002b2d8c,0x2b1d8c,8,0,,0x00255cfb
.rel.dyn,0x002b2d98,0x2b1d98,8,0,,0x00255d14
.rel.dyn,0x002b2da4,0x2b1da4,8,0,,0x00255d2e
.rel.dyn,0x002b2db0,0x2b1db0,8,0,,0x00255d4a
.rel.dyn,0x002b2dbc,0x2b1dbc,8,0,,0x00255d80
.rel.dyn,0x002b2dc8,0x2b1dc8,8,0,,0x00255da4
.rel.dyn,0x002b2dd4,0x2b1dd4,8,0,,0x00255dc0
.rel.dyn,0x002b2de0,0x2b1de0,8,0,,0x00255e00
.rel.dyn,0x002b2e00,0x2b1e00,8,0,,0x00255700
.rel.dyn,0x002b2e0c,0x2b1e0c,8,0,,0x00255740
.rel.dyn,0x002b2e18,0x2b1e18,8,0,,0x00255e22
.rel.dyn,0x002b2e24,0x2b1e24,8,0,,0x00255780
.rel.dyn,0x002b2e30,0x2b1e30,8,0,,0x002557c0
.rel.dyn,0x002b2e3c,0x2b1e3c,8,0,,0x00255800
.rel.dyn,0x002b2e48,0x2b1e48,8,0,,0x00255e38
.rel.dyn,0x002b2e54,0x2b1e54,8,0,,0x00255840
.rel.dyn,0x002b2e60,0x2b1e60,8,0,,0x00255e50
.rel.dyn,0x002b2e6c,0x2b1e6c,8,0,,0x00255e66
.rel.dyn,0x002b2e78,0x2b1e78,8,0,,0x00255880
.rel.dyn,0x002b2e84,0x2b1e84,8,0,,0x002558c0
.rel.dyn,0x002b2e90,0x2b1e90,8,0,,0x00255e7e
.rel.dyn,0x002b2e9c,0x2b1e9c,8,0,,0x00255900
.rel.dyn,0x002b2ea8,0x2b1ea8,8,0,,0x00255940
.rel.dyn,0x002b2eb4,0x2b1eb4,8,0,,0x00255e94
.rel.dyn,0x002b2ec0,0x2b1ec0,8,0,,0x00255980
.rel.dyn,0x002b2ecc,0x2b1ecc,8,0,,0x002559c0
.rel.dyn,0x002b2ed8,0x2b1ed8,8,0,,0x00255a00
.rel.dyn,0x002b2ee4,0x2b1ee4,8,0,,0x00255a40
.rel.dyn,0x002b2ef0,0x2b1ef0,8,0,,0x00255eac
.rel.dyn,0x002b2efc,0x2b1efc,8,0,,0x00255ec4
.rel.dyn,0x002b2f08,0x2b1f08,8,0,,0x00255a80
.rel.dyn,0x002b2f14,0x2b1f14,8,0,,0x00255ac0
.rel.dyn,0x002b2f40,0x2b1f40,8,0,,0x00255eda
.rel.dyn,0x002b2f4c,0x2b1f4c,8,0,,0x00255ef3
.rel.dyn,0x002b2f58,0x2b1f58,8,0,,0x00255f0b
.rel.dyn,0x002b2f64,0x2b1f64,8,0,,0x00255f25
.rel.dyn,0x002b2f70,0x2b1f70,8,0,,0x00255f3d
.rel.dyn,0x002b2f7c,0x2b1f7c,8,0,,0x00255f57
.rel.dyn,0x002b2f88,0x2b1f88,8,0,,0x00255f6f
.rel.dyn,0x002b2f94,0x2b1f94,8,0,,0x00255f8a
.rel.dyn,0x002b2fa0,0x2b1fa0,8,0,,0x00255fa4
.rel.dyn,0x002b2fac,0x2b1fac,8,0,,0x00255fbe
.rel.dyn,0x002b2fb8,0x2b1fb8,8,0,,0x00255fd6
.rel.dyn,0x002b2fc4,0x2b1fc4,8,0,,0x00256000
.rel.dyn,0x002b2fd0,0x2b1fd0,8,0,,0x00256039
.rel.dyn,0x002b2fdc,0x2b1fdc,8,0,,0x0025604f
.rel.dyn,0x002b2fe8,0x2b1fe8,8,0,,0x00256067
.rel.dyn,0x002b2ff4,0x2b1ff4,8,0,,0x00256080
.rel.dyn,0x002b3000,0x2b2000,8,0,,0x002560a0
.rel.dyn,0x002b300c,0x2b200c,8,0,,0x002560c0
.rel.dyn,0x002b3018,0x2b2018,8,0,,0x002560d9
.rel.dyn,0x002b3024,0x2b2024,8,0,,0x002560f1
.rel.dyn,0x002b3030,0x2b2030,8,0,,0x00256109
.rel.dyn,0x002b303c,0x2b203c,8,0,,0x00256121
.rel.dyn,0x002b3048,0x2b2048,8,0,,0x00256140
.rel.dyn,0x002b3054,0x2b2054,8,0,,0x0025617a
.rel.dyn,0x002b3060,0x2b2060,8,0,,0x00256194
.rel.dyn,0x002b306c,0x2b206c,8,0,,0x002561af
.rel.dyn,0x002b3078,0x2b2078,8,0,,0x002561ca
.rel.dyn,0x002b3084,0x2b2084,8,0,,0x002561e2
.rel.dyn,0x002b3090,0x2b2090,8,0,,0x00256200
.rel.dyn,0x002b309c,0x2b209c,8,0,,0x00256220
.rel.dyn,0x002b30a8,0x2b20a8,8,0,,0x0025625a
.rel.dyn,0x002b30b4,0x2b20b4,8,0,,0x00256280
.rel.dyn,0x002b30c0,0x2b20c0,8,0,,0x002562a0
.rel.dyn,0x002b30cc,0x2b20cc,8,0,,0x002562b8
.rel.dyn,0x002b30d8,0x2b20d8,8,0,,0x002562d7
.rel.dyn,0x002b30e4,0x2b20e4,8,0,,0x00256300
.rel.dyn,0x002b30f0,0x2b20f0,8,0,,0x00256320
.rel.dyn,0x002b30fc,0x2b20fc,8,0,,0x0025633b
.rel.dyn,0x002b3108,0x2b2108,8,0,,0x00256354
.rel.dyn,0x002b3114,0x2b2114,8,0,,0x00256373
.rel.dyn,0x002b3120,0x2b2120,8,0,,0x00256389
.rel.dyn,0x002b312c,0x2b212c,8,0,,0x002563a4
.rel.dyn,0x002b3138,0x2b2138,8,0,,0x002563c0
.rel.dyn,0x002b3144,0x2b2144,8,0,,0x002563f9
.rel.dyn,0x002b3150,0x2b2150,8,0,,0x00256420
.rel.dyn,0x002b315c,0x2b215c,8,0,,0x00256460
.rel.dyn,0x002b3168,0x2b2168,8,0,,0x002564b8
.rel.dyn,0x002b3174,0x2b2174,8,0,,0x002564d2
.rel.dyn,0x002b3180,0x2b2180,8,0,,0x002564ec
.rel.dyn,0x002b318c,0x2b218c,8,0,,0x00256508
.rel.dyn,0x002b3198,0x2b2198,8,0,,0x00256527
.rel.dyn,0x002b31a4,0x2b21a4,8,0,,0x00256540
.rel.dyn,0x002b31b0,0x2b21b0,8,0,,0x00256557
.rel.dyn,0x002b31bc,0x2b21bc,8,0,,0x00256571
.rel.dyn,0x002b31c8,0x2b21c8,8,0,,0x0025658c
.rel.dyn,0x002b31d4,0x2b21d4,8,0,,0x002565a6
.rel.dyn,0x002b31e0,0x2b21e0,8,0,,0x002565c0
.rel.dyn,0x002b31ec,0x2b21ec,8,0,,0x002565e5
.rel.dyn,0x002b31f8,0x2b21f8,8,0,,0x00256602
.rel.dyn,0x002b3204,0x2b2204,8,0,,0x0025661a
.rel.dyn,0x002b3210,0x2b2210,8,0,,0x00256631
.rel.dyn,0x002b321c,0x2b221c,8,0,,0x0025664b
.rel.dyn,0x002b3228,0x2b2228,8,0,,0x00256680
.rel.dyn,0x002b3234,0x2b2234,8,0,,0x002566a5
.rel.dyn,0x002b324c,0x2b224c,8,0,,0x002569e8
.rel.dyn,0x002b3254,0x2b2254,8,0,,0x002569f9
.rel.dyn,0x002b325c,0x2b225c,8,0,,0x00021297
.rel.dyn,0x002b3260,0x2b2260,8,0,,0x00021278
.rel.dyn,0x002b3264,0x2b2264,8,0,,0x00256a10
.rel.dyn,0x002b326c,0x2b226c,8,0,,0x0002130f
.rel.dyn,0x002b3270,0x2b2270,8,0,,0x00256a22
.rel.dyn,0x002b3278,0x2b2278,8,0,,0x0002137d
.rel.dyn,0x002b327c,0x2b227c,8,0,,0x0002138b
.rel.dyn,0x002b3280,0x2b2280,8,0,,0x00256a3b
.rel.dyn,0x002b3288,0x2b2288,8,0,,0x00021e0e
.rel.dyn,0x002b328c,0x2b228c,8,0,,0x000215e2
.rel.dyn,0x002b3290,0x2b2290,8,0,,0x000214e9
.rel.dyn,0x002b3294,0x2b2294,8,0,,0x00256a46
.rel.dyn,0x002b329c,0x2b229c,8,0,,0x00021c89
.rel.dyn,0x002b32a0,0x2b22a0,8,0,,0x000216e6
.rel.dyn,0x002b32a4,0x2b22a4,8,0,,0x000215aa
.rel.dyn,0x002b32a8,0x2b22a8,8,0,,0x00256a4f
.rel.dyn,0x002b32b0,0x2b22b0,8,0,,0x000213ab
.rel.dyn,0x002b32b4,0x2b22b4,8,0,,0x00021456
.rel.dyn,0x002b32b8,0x2b22b8,8,0,,0x002a57eb
.rel.dyn,0x002b32c4,0x2b22c4,8,0,,0x0002b652
.rel.dyn,0x002b32c8,0x2b22c8,8,0,,0x002a57eb
.rel.dyn,0x002b32d4,0x2b22d4,8,0,,0x0002b4e0
.rel.dyn,0x002b32d8,0x2b22d8,8,0,,0x002a57eb
.rel.dyn,0x002b32e4,0x2b22e4,8,0,,0x0002bae0
.rel.dyn,0x002b32e8,0x2b22e8,8,0,,0x002a57eb
.rel.dyn,0x002b32f4,0x2b22f4,8,0,,0x0002bfdf
.rel.dyn,0x002b32f8,0x2b22f8,8,0,,0x002a57eb
.rel.dyn,0x002b3304,0x2b2304,8,0,,0x0002bc07
.rel.dyn,0x002b3308,0x2b2308,8,0,,0x002a57eb
.rel.dyn,0x002b3314,0x2b2314,8,0,,0x0002be59
.rel.dyn,0x002b3318,0x2b2318,8,0,,0x002a57eb
.rel.dyn,0x002b3324,0x2b2324,8,0,,0x0002c852
.rel.dyn,0x002b3328,0x2b2328,8,0,,0x002a57eb
.rel.dyn,0x002b3334,0x2b2334,8,0,,0x0002c610
.rel.dyn,0x002b3338,0x2b2338,8,0,,0x002a57eb
.rel.dyn,0x002b3344,0x2b2344,8,0,,0x0002d015
.rel.dyn,0x002b3348,0x2b2348,8,0,,0x002a57eb
.rel.dyn,0x002b3354,0x2b2354,8,0,,0x0002cc10
.rel.dyn,0x002b3358,0x2b2358,8,0,,0x002a57eb
.rel.dyn,0x002b3364,0x2b2364,8,0,,0x0002cca3
.rel.dyn,0x002b3368,0x2b2368,8,0,,0x002a57eb
.rel.dyn,0x002b3374,0x2b2374,8,0,,0x0002d124
.rel.dyn,0x002b3378,0x2b2378,8,0,,0x002a57eb
.rel.dyn,0x002b3384,0x2b2384,8,0,,0x0002d1a8
.rel.dyn,0x002b3388,0x2b2388,8,0,,0x002a57eb
.rel.dyn,0x002b3394,0x2b2394,8,0,,0x0002d2f9
.rel.dyn,0x002b3398,0x2b2398,8,0,,0x002a57eb
.rel.dyn,0x002b33a4,0x2b23a4,8,0,,0x0002daad
.rel.dyn,0x002b33a8,0x2b23a8,8,0,,0x002a57eb
.rel.dyn,0x002b33b4,0x2b23b4,8,0,,0x0002d940
.rel.dyn,0x002b33b8,0x2b23b8,8,0,,0x002a57eb
.rel.dyn,0x002b33c4,0x2b23c4,8,0,,0x0002ed5c
.rel.dyn,0x002b33e0,0x2b23e0,8,0,,0x00259436
.rel.dyn,0x002b33e8,0x2b23e8,8,0,,0x0025944b
.rel.dyn,0x002b33f0,0x2b23f0,8,0,,0x00259463
.rel.dyn,0x002b33f8,0x2b23f8,8,0,,0x0025947a
.rel.dyn,0x002b3400,0x2b2400,8,0,,0x0025948e
.rel.dyn,0x002b3408,0x2b2408,8,0,,0x002594aa
.rel.dyn,0x002b3410,0x2b2410,8,0,,0x002594b8
.rel.dyn,0x002b3418,0x2b2418,8,0,,0x00259500
.rel.dyn,0x002b3420,0x2b2420,8,0,,0x002594d4
.rel.dyn,0x002b3428,0x2b2428,8,0,,0x002594e8
.rel.dyn,0x002b3440,0x2b2440,8,0,,0x0025a83d
.rel.dyn,0x002b3444,0x2b2444,8,0,,0x002b35a0
.rel.dyn,0x002b3448,0x2b2448,8,0,,0x0025504c
.rel.dyn,0x002b344c,0x2b244c,8,0,,0x002b35b8
.rel.dyn,0x002b3450,0x2b2450,8,0,,0x0025a851
.rel.dyn,0x002b3458,0x2b2458,8,0,,0x0025a865
.rel.dyn,0x002b345c,0x2b245c,8,0,,0x002b35e0
.rel.dyn,0x002b3460,0x2b2460,8,0,,0x0025a87d
.rel.dyn,0x002b3464,0x2b2464,8,0,,0x002b3620
.rel.dyn,0x002b3468,0x2b2468,8,0,,0x0025a893
.rel.dyn,0x002b3470,0x2b2470,8,0,,0x0025a8af
.rel.dyn,0x002b3474,0x2b2474,8,0,,0x002b3800
.rel.dyn,0x002b3478,0x2b2478,8,0,,0x0025a8ca
.rel.dyn,0x002b3480,0x2b2480,8,0,,0x0025a8e2
.rel.dyn,0x002b3488,0x2b2488,8,0,,0x0025a8f9
.rel.dyn,0x002b3490,0x2b2490,8,0,,0x0025a914
.rel.dyn,0x002b3498,0x2b2498,8,0,,0x0025abec
.rel.dyn,0x002b34a0,0x2b24a0,8,0,,0x0025a92c
.rel.dyn,0x002b34a8,0x2b24a8,8,0,,0x0025a945
.rel.dyn,0x002b34ac,0x2b24ac,8,0,,0x002b3860
.rel.dyn,0x002b34b0,0x2b24b0,8,0,,0x0025a961
.rel.dyn,0x002b34b8,0x2b24b8,8,0,,0x0025a97c
.rel.dyn,0x002b34bc,0x2b24bc,8,0,,0x002b3900
.rel.dyn,0x002b34c0,0x2b24c0,8,0,,0x0025a992
.rel.dyn,0x002b34c4,0x2b24c4,8,0,,0x002b3c00
.rel.dyn,0x002b34c8,0x2b24c8,8,0,,0x00255077
.rel.dyn,0x002b34cc,0x2b24cc,8,0,,0x002b3c40
.rel.dyn,0x002b34d0,0x2b24d0,8,0,,0x0025a9a7
.rel.dyn,0x002b34d4,0x2b24d4,8,0,,0x002b3d0c
.rel.dyn,0x002b34d8,0x2b24d8,8,0,,0x0025ac0c
.rel.dyn,0x002b34dc,0x2b24dc,8,0,,0x002b3d24
.rel.dyn,0x002b34e0,0x2b24e0,8,0,,0x00255089
.rel.dyn,0x002b34e4,0x2b24e4,8,0,,0x002b3d3c
.rel.dyn,0x002b34e8,0x2b24e8,8,0,,0x0025a9ba
.rel.dyn,0x002b34ec,0x2b24ec,8,0,,0x002b3d54
.rel.dyn,0x002b34f0,0x2b24f0,8,0,,0x0025a9ce
.rel.dyn,0x002b34f8,0x2b24f8,8,0,,0x0025a9e4
.rel.dyn,0x002b34fc,0x2b24fc,8,0,,0x002b3d80
.rel.dyn,0x002b3500,0x2b2500,8,0,,0x0025a9f7
.rel.dyn,0x002b3504,0x2b2504,8,0,,0x002b3dc0
.rel.dyn,0x002b3508,0x2b2508,8,0,,0x0025aa08
.rel.dyn,0x002b350c,0x2b250c,8,0,,0x002b3e20
.rel.dyn,0x002b3510,0x2b2510,8,0,,0x0025aa22
.rel.dyn,0x002b3514,0x2b2514,8,0,,0x002b3f00
.rel.dyn,0x002b3518,0x2b2518,8,0,,0x0025aa3b
.rel.dyn,0x002b3520,0x2b2520,8,0,,0x0025aa56
.rel.dyn,0x002b3524,0x2b2524,8,0,,0x002b3f40
.rel.dyn,0x002b3528,0x2b2528,8,0,,0x0025aa6d
.rel.dyn,0x002b3530,0x2b2530,8,0,,0x0025aa81
.rel.dyn,0x002b3538,0x2b2538,8,0,,0x0025aa9b
.rel.dyn,0x002b3540,0x2b2540,8,0,,0x0025aab6
.rel.dyn,0x002b3548,0x2b2548,8,0,,0x0025ac2c
.rel.dyn,0x002b3550,0x2b2550,8,0,,0x0025aace
.rel.dyn,0x002b3558,0x2b2558,8,0,,0x0025aae6
.rel.dyn,0x002b3560,0x2b2560,8,0,,0x0025aafe
.rel.dyn,0x002b3568,0x2b2568,8,0,,0x0025ab12
.rel.dyn,0x002b3570,0x2b2570,8,0,,0x0025ab25
.rel.dyn,0x002b3574,0x2b2574,8,0,,0x002b4020
.rel.dyn,0x002b3578,0x2b2578,8,0,,0x0025ab38
.rel.dyn,0x002b3580,0x2b2580,8,0,,0x0025ab50
.rel.dyn,0x002b3584,0x2b2584,8,0,,0x002b4060
.rel.dyn,0x002b3588,0x2b2588,8,0,,0x0025948e
.rel.dyn,0x002b358c,0x2b258c,8,0,,0x002b40e0
.rel.dyn,0x002b3590,0x2b2590,8,0,,0x0025ab67
.rel.dyn,0x002b3594,0x2b2594,8,0,,0x002b4560
.rel.dyn,0x002b35a0,0x2b25a0,8,0,,0x0025acc0
.rel.dyn,0x002b35b8,0x2b25b8,8,0,,0x0025ad00
.rel.dyn,0x002b35e0,0x2b25e0,8,0,,0x0025ad40
.rel.dyn,0x002b35ec,0x2b25ec,8,0,,0x0025ada0
.rel.dyn,0x002b3620,0x2b2620,8,0,,0x0025ae00
.rel.dyn,0x002b362c,0x2b262c,8,0,,0x0025ae40
.rel.dyn,0x002b3638,0x2b2638,8,0,,0x0025ae60
.rel.dyn,0x002b3644,0x2b2644,8,0,,0x0025aea0
.rel.dyn,0x002b3650,0x2b2650,8,0,,0x0025aecf
.rel.dyn,0x002b365c,0x2b265c,8,0,,0x0025af00
.rel.dyn,0x002b3668,0x2b2668,8,0,,0x0025af21
.rel.dyn,0x002b3674,0x2b2674,8,0,,0x0025af3c
.rel.dyn,0x002b3680,0x2b2680,8,0,,0x0025af5b
.rel.dyn,0x002b368c,0x2b268c,8,0,,0x0025af80
.rel.dyn,0x002b3698,0x2b2698,8,0,,0x0025afaf
.rel.dyn,0x002b36a4,0x2b26a4,8,0,,0x0025afe0
.rel.dyn,0x002b36b0,0x2b26b0,8,0,,0x0025b002
.rel.dyn,0x002b36bc,0x2b26bc,8,0,,0x0025b020
.rel.dyn,0x002b36c8,0x2b26c8,8,0,,0x0025b060
.rel.dyn,0x002b36d4,0x2b26d4,8,0,,0x0025b0a0
.rel.dyn,0x002b36e0,0x2b26e0,8,0,,0x0025b0c2
.rel.dyn,0x002b36ec,0x2b26ec,8,0,,0x0025b0e0
.rel.dyn,0x002b36f8,0x2b26f8,8,0,,0x0025b120
.rel.dyn,0x002b3704,0x2b2704,8,0,,0x0025b160
.rel.dyn,0x002b3710,0x2b2710,8,0,,0x0025b1a0
.rel.dyn,0x002b371c,0x2b271c,8,0,,0x0025b1e0
.rel.dyn,0x002b3728,0x2b2728,8,0,,0x0025b220
.rel.dyn,0x002b3734,0x2b2734,8,0,,0x0025b260
.rel.dyn,0x002b3740,0x2b2740,8,0,,0x0025b2a0
.rel.dyn,0x002b374c,0x2b274c,8,0,,0x0025b2e0
.rel.dyn,0x002b3758,0x2b2758,8,0,,0x0025b304
.rel.dyn,0x002b3764,0x2b2764,8,0,,0x0025b340
.rel.dyn,0x002b3770,0x2b2770,8,0,,0x0025b380
.rel.dyn,0x002b377c,0x2b277c,8,0,,0x0025b3a6
.rel.dyn,0x002b3788,0x2b2788,8,0,,0x0025b3c0
.rel.dyn,0x002b3794,0x2b2794,8,0,,0x0025b400
.rel.dyn,0x002b37a0,0x2b27a0,8,0,,0x0025b440
.rel.dyn,0x002b37ac,0x2b27ac,8,0,,0x0025b460
.rel.dyn,0x002b37b8,0x2b27b8,8,0,,0x0025b480
.rel.dyn,0x002b37c4,0x2b27c4,8,0,,0x0025b4c0
.rel.dyn,0x002b37d0,0x2b27d0,8,0,,0x0025b500
.rel.dyn,0x002b37dc,0x2b27dc,8,0,,0x0025b524
.rel.dyn,0x002b37e8,0x2b27e8,8,0,,0x0025b543
.rel.dyn,0x002b3800,0x2b2800,8,0,,0x0025b560
.rel.dyn,0x002b380c,0x2b280c,8,0,,0x0025b5c0
.rel.dyn,0x002b3818,0x2b2818,8,0,,0x0025b600
.rel.dyn,0x002b3824,0x2b2824,8,0,,0x0025b640
.rel.dyn,0x002b3830,0x2b2830,8,0,,0x0025b680
.rel.dyn,0x002b383c,0x2b283c,8,0,,0x0025b6e0
.rel.dyn,0x002b3848,0x2b2848,8,0,,0x0025b720
.rel.dyn,0x002b3860,0x2b2860,8,0,,0x0025b760
.rel.dyn,0x002b386c,0x2b286c,8,0,,0x0025b7a0
.rel.dyn,0x002b3878,0x2b2878,8,0,,0x0025b7e0
.rel.dyn,0x002b3884,0x2b2884,8,0,,0x0025b820
.rel.dyn,0x002b3890,0x2b2890,8,0,,0x0025b860
.rel.dyn,0x002b389c,0x2b289c,8,0,,0x0025b898
.rel.dyn,0x002b38a8,0x2b28a8,8,0,,0x0025b8b7
.rel.dyn,0x002b38b4,0x2b28b4,8,0,,0x0025b8e0
.rel.dyn,0x002b38c0,0x2b28c0,8,0,,0x0025b920
.rel.dyn,0x002b38cc,0x2b28cc,8,0,,0x0025b960
.rel.dyn,0x002b38d8,0x2b28d8,8,0,,0x0025b9a0
.rel.dyn,0x002b3900,0x2b2900,8,0,,0x0025b9e0
.rel.dyn,0x002b390c,0x2b290c,8,0,,0x0025ba20
.rel.dyn,0x002b3918,0x2b2918,8,0,,0x0025ba60
.rel.dyn,0x002b3924,0x2b2924,8,0,,0x0025baa0
.rel.dyn,0x002b3930,0x2b2930,8,0,,0x0025bae0
.rel.dyn,0x002b393c,0x2b293c,8,0,,0x0025bb20
.rel.dyn,0x002b3948,0x2b2948,8,0,,0x0025bb60
.rel.dyn,0x002b3954,0x2b2954,8,0,,0x0025bba0
.rel.dyn,0x002b3960,0x2b2960,8,0,,0x0025bbe0
.rel.dyn,0x002b396c,0x2b296c,8,0,,0x0025bc20
.rel.dyn,0x002b3978,0x2b2978,8,0,,0x0025bc60
.rel.dyn,0x002b3984,0x2b2984,8,0,,0x0025bca0
.rel.dyn,0x002b3990,0x2b2990,8,0,,0x0025bce0
.rel.dyn,0x002b399c,0x2b299c,8,0,,0x0025bd20
.rel.dyn,0x002b39a8,0x2b29a8,8,0,,0x0025bd60
.rel.dyn,0x002b39b4,0x2b29b4,8,0,,0x0025bda0
.rel.dyn,0x002b39c0,0x2b29c0,8,0,,0x0025bde0
.rel.dyn,0x002b39cc,0x2b29cc,8,0,,0x0025be20
.rel.dyn,0x002b39d8,0x2b29d8,8,0,,0x0025be60
.rel.dyn,0x002b39e4,0x2b29e4,8,0,,0x0025bea0
.rel.dyn,0x002b39f0,0x2b29f0,8,0,,0x0025bee0
.rel.dyn,0x002b39fc,0x2b29fc,8,0,,0x0025bf20
.rel.dyn,0x002b3a08,0x2b2a08,8,0,,0x0025bf60
.rel.dyn,0x002b3a14,0x2b2a14,8,0,,0x0025bfa0
.rel.dyn,0x002b3a20,0x2b2a20,8,0,,0x0025bfe0
.rel.dyn,0x002b3a2c,0x2b2a2c,8,0,,0x0025c020
.rel.dyn,0x002b3a38,0x2b2a38,8,0,,0x0025c060
.rel.dyn,0x002b3a44,0x2b2a44,8,0,,0x0025c0a0
.rel.dyn,0x002b3a50,0x2b2a50,8,0,,0x0025c0cd
.rel.dyn,0x002b3a5c,0x2b2a5c,8,0,,0x0025c100
.rel.dyn,0x002b3a68,0x2b2a68,8,0,,0x0025c140
.rel.dyn,0x002b3a74,0x2b2a74,8,0,,0x0025c160
.rel.dyn,0x002b3a80,0x2b2a80,8,0,,0x0025c1a0
.rel.dyn,0x002b3a8c,0x2b2a8c,8,0,,0x0025c1e0
.rel.dyn,0x002b3a98,0x2b2a98,8,0,,0x0025c220
.rel.dyn,0x002b3aa4,0x2b2aa4,8,0,,0x0025c260
.rel.dyn,0x002b3ab0,0x2b2ab0,8,0,,0x0025c2a0
.rel.dyn,0x002b3abc,0x2b2abc,8,0,,0x0025c2e0
.rel.dyn,0x002b3ac8,0x2b2ac8,8,0,,0x0025c320
.rel.dyn,0x002b3ad4,0x2b2ad4,8,0,,0x0025c360
.rel.dyn,0x002b3ae0,0x2b2ae0,8,0,,0x0025c3a0
.rel.dyn,0x002b3aec,0x2b2aec,8,0,,0x0025c3e0
.rel.dyn,0x002b3af8,0x2b2af8,8,0,,0x0025c420
.rel.dyn,0x002b3b04,0x2b2b04,8,0,,0x0025c460
.rel.dyn,0x002b3b10,0x2b2b10,8,0,,0x0025c4a0
.rel.dyn,0x002b3b1c,0x2b2b1c,8,0,,0x0025c4e0
.rel.dyn,0x002b3b28,0x2b2b28,8,0,,0x0025c540
.rel.dyn,0x002b3b34,0x2b2b34,8,0,,0x0025c580
.rel.dyn,0x002b3b40,0x2b2b40,8,0,,0x0025c5a5
.rel.dyn,0x002b3b4c,0x2b2b4c,8,0,,0x0025c5c0
.rel.dyn,0x002b3b58,0x2b2b58,8,0,,0x0025c5eb
.rel.dyn,0x002b3b64,0x2b2b64,8,0,,0x0025c620
.rel.dyn,0x002b3b70,0x2b2b70,8,0,,0x0025c660
.rel.dyn,0x002b3b7c,0x2b2b7c,8,0,,0x0025c6a0
.rel.dyn,0x002b3b88,0x2b2b88,8,0,,0x0025c6e0
.rel.dyn,0x002b3b94,0x2b2b94,8,0,,0x0025c720
.rel.dyn,0x002b3ba0,0x2b2ba0,8,0,,0x0025c760
.rel.dyn,0x002b3bac,0x2b2bac,8,0,,0x0025c7a0
.rel.dyn,0x002b3bb8,0x2b2bb8,8,0,,0x0025c7e0
.rel.dyn,0x002b3bc4,0x2b2bc4,8,0,,0x0025c820
.rel.dyn,0x002b3bd0,0x2b2bd0,8,0,,0x0025c860
.rel.dyn,0x002b3bdc,0x2b2bdc,8,0,,0x0025c8a0
.rel.dyn,0x002b3c00,0x2b2c00,8,0,,0x0025c8e0
.rel.dyn,0x002b3c0c,0x2b2c0c,8,0,,0x0025c920
.rel.dyn,0x002b3c18,0x2b2c18,8,0,,0x0025c960
.rel.dyn,0x002b3c40,0x2b2c40,8,0,,0x0025c9a0
.rel.dyn,0x002b3c4c,0x2b2c4c,8,0,,0x0025c9e0
.rel.dyn,0x002b3c58,0x2b2c58,8,0,,0x0025ca20
.rel.dyn,0x002b3c64,0x2b2c64,8,0,,0x0025ca60
.rel.dyn,0x002b3c70,0x2b2c70,8,0,,0x0025caa0
.rel.dyn,0x002b3c7c,0x2b2c7c,8,0,,0x0025cae0
.rel.dyn,0x002b3c88,0x2b2c88,8,0,,0x0025cb20
.rel.dyn,0x002b3c94,0x2b2c94,8,0,,0x0025cb60
.rel.dyn,0x002b3ca0,0x2b2ca0,8,0,,0x0025cba0
.rel.dyn,0x002b3cac,0x2b2cac,8,0,,0x0025cbe0
.rel.dyn,0x002b3cb8,0x2b2cb8,8,0,,0x0025cc20
.rel.dyn,0x002b3cc4,0x2b2cc4,8,0,,0x0025cc60
.rel.dyn,0x002b3cd0,0x2b2cd0,8,0,,0x0025cca0
.rel.dyn,0x002b3cdc,0x2b2cdc,8,0,,0x0025cce0
.rel.dyn,0x002b3ce8,0x2b2ce8,8,0,,0x0025cd20
.rel.dyn,0x002b3cf4,0x2b2cf4,8,0,,0x0025cd60
.rel.dyn,0x002b3d0c,0x2b2d0c,8,0,,0x0025cda0
.rel.dyn,0x002b3d24,0x2b2d24,8,0,,0x0025cde0
.rel.dyn,0x002b3d3c,0x2b2d3c,8,0,,0x0025ce40
.rel.dyn,0x002b3d54,0x2b2d54,8,0,,0x0025cea0
.rel.dyn,0x002b3d80,0x2b2d80,8,0,,0x0025cec6
.rel.dyn,0x002b3d8c,0x2b2d8c,8,0,,0x0025cedf
.rel.dyn,0x002b3dc0,0x2b2dc0,8,0,,0x0025cef8
.rel.dyn,0x002b3dcc,0x2b2dcc,8,0,,0x0025cf16
.rel.dyn,0x002b3dd8,0x2b2dd8,8,0,,0x0025cf40
.rel.dyn,0x002b3de4,0x2b2de4,8,0,,0x0025cf80
.rel.dyn,0x002b3df0,0x2b2df0,8,0,,0x0025cfa0
.rel.dyn,0x002b3e20,0x2b2e20,8,0,,0x0025cfc0
.rel.dyn,0x002b3e2c,0x2b2e2c,8,0,,0x0025cfd7
.rel.dyn,0x002b3e38,0x2b2e38,8,0,,0x0025cff0
.rel.dyn,0x002b3e44,0x2b2e44,8,0,,0x0025d010
.rel.dyn,0x002b3e50,0x2b2e50,8,0,,0x0025d02f
.rel.dyn,0x002b3e5c,0x2b2e5c,8,0,,0x0025d060
.rel.dyn,0x002b3e68,0x2b2e68,8,0,,0x0025d0a0
.rel.dyn,0x002b3e74,0x2b2e74,8,0,,0x0025d0e0
.rel.dyn,0x002b3e80,0x2b2e80,8,0,,0x0025d101
.rel.dyn,0x002b3e8c,0x2b2e8c,8,0,,0x0025d11a
.rel.dyn,0x002b3e98,0x2b2e98,8,0,,0x0025d134
.rel.dyn,0x002b3ea4,0x2b2ea4,8,0,,0x0025d160
.rel.dyn,0x002b3eb0,0x2b2eb0,8,0,,0x0025d1a0
.rel.dyn,0x002b3ebc,0x2b2ebc,8,0,,0x0025d1cf
.rel.dyn,0x002b3ec8,0x2b2ec8,8,0,,0x0025d1eb
.rel.dyn,0x002b3ed4,0x2b2ed4,8,0,,0x0025d204
.rel.dyn,0x002b3ee0,0x2b2ee0,8,0,,0x0025d220
.rel.dyn,0x002b3f00,0x2b2f00,8,0,,0x0025d260
.rel.dyn,0x002b3f0c,0x2b2f0c,8,0,,0x0025d2a0
.rel.dyn,0x002b3f40,0x2b2f40,8,0,,0x0025d2e0
.rel.dyn,0x002b3f4c,0x2b2f4c,8,0,,0x0025d320
.rel.dyn,0x002b3f58,0x2b2f58,8,0,,0x0025d360
.rel.dyn,0x002b3f64,0x2b2f64,8,0,,0x0025d3a0
.rel.dyn,0x002b3f70,0x2b2f70,8,0,,0x0025d3e0
.rel.dyn,0x002b3f7c,0x2b2f7c,8,0,,0x0025d420
.rel.dyn,0x002b3f88,0x2b2f88,8,0,,0x0025d460
.rel.dyn,0x002b3f94,0x2b2f94,8,0,,0x0025d4a0
.rel.dyn,0x002b3fa0,0x2b2fa0,8,0,,0x0025d4e0
.rel.dyn,0x002b3fac,0x2b2fac,8,0,,0x0025d520
.rel.dyn,0x002b3fb8,0x2b2fb8,8,0,,0x0025d560
.rel.dyn,0x002b3fc4,0x2b2fc4,8,0,,0x0025d5a0
.rel.dyn,0x002b3fd0,0x2b2fd0,8,0,,0x0025d5e0
.rel.dyn,0x002b3fdc,0x2b2fdc,8,0,,0x0025d620
.rel.dyn,0x002b3fe8,0x2b2fe8,8,0,,0x0025d660
.rel.dyn,0x002b3ff4,0x2b2ff4,8,0,,0x0025d6a0
.rel.dyn,0x002b4000,0x2b3000,8,0,,0x0025d6e0
.rel.dyn,0x002b4020,0x2b3020,8,0,,0x0025d720
.rel.dyn,0x002b402c,0x2b302c,8,0,,0x0025d760
.rel.dyn,0x002b4060,0x2b3060,8,0,,0x0025d7a0
.rel.dyn,0x002b406c,0x2b306c,8,0,,0x0025d7e0
.rel.dyn,0x002b4078,0x2b3078,8,0,,0x0025d820
.rel.dyn,0x002b4084,0x2b3084,8,0,,0x0025d84e
.rel.dyn,0x002b4090,0x2b3090,8,0,,0x0025d880
.rel.dyn,0x002b409c,0x2b309c,8,0,,0x0025d8c0
.rel.dyn,0x002b40a8,0x2b30a8,8,0,,0x0025d8e7
.rel.dyn,0x002b40b4,0x2b30b4,8,0,,0x0025d920
.rel.dyn,0x002b40e0,0x2b30e0,8,0,,0x0025ae00
.rel.dyn,0x002b40ec,0x2b30ec,8,0,,0x0025d941
.rel.dyn,0x002b40f8,0x2b30f8,8,0,,0x0025cde0
.rel.dyn,0x002b4104,0x2b3104,8,0,,0x0025d955
.rel.dyn,0x002b4110,0x2b3110,8,0,,0x0025b9e0
.rel.dyn,0x002b411c,0x2b311c,8,0,,0x0025ba20
.rel.dyn,0x002b4128,0x2b3128,8,0,,0x0025ae40
.rel.dyn,0x002b4134,0x2b3134,8,0,,0x0025ba60
.rel.dyn,0x002b4140,0x2b3140,8,0,,0x0025ae60
.rel.dyn,0x002b414c,0x2b314c,8,0,,0x0025aea0
.rel.dyn,0x002b4158,0x2b3158,8,0,,0x0025baa0
.rel.dyn,0x002b4164,0x2b3164,8,0,,0x0025bae0
.rel.dyn,0x002b4170,0x2b3170,8,0,,0x0025d968
.rel.dyn,0x002b417c,0x2b317c,8,0,,0x0025bb60
.rel.dyn,0x002b4188,0x2b3188,8,0,,0x0025d982
.rel.dyn,0x002b4194,0x2b3194,8,0,,0x0025bba0
.rel.dyn,0x002b41a0,0x2b31a0,8,0,,0x0025c8e0
.rel.dyn,0x002b41ac,0x2b31ac,8,0,,0x0025af00
.rel.dyn,0x002b41b8,0x2b31b8,8,0,,0x0025d99c
.rel.dyn,0x002b41c4,0x2b31c4,8,0,,0x0025bbe0
.rel.dyn,0x002b41d0,0x2b31d0,8,0,,0x0025af3c
.rel.dyn,0x002b41dc,0x2b31dc,8,0,,0x0025d9c0
.rel.dyn,0x002b41e8,0x2b31e8,8,0,,0x0025af80
.rel.dyn,0x002b41f4,0x2b31f4,8,0,,0x0025bc60
.rel.dyn,0x002b4200,0x2b3200,8,0,,0x0025afe0
.rel.dyn,0x002b420c,0x2b320c,8,0,,0x0025bce0
.rel.dyn,0x002b4218,0x2b3218,8,0,,0x0025d9f1
.rel.dyn,0x002b4224,0x2b3224,8,0,,0x0025da03
.rel.dyn,0x002b4230,0x2b3230,8,0,,0x0025bd20
.rel.dyn,0x002b423c,0x2b323c,8,0,,0x0025bd60
.rel.dyn,0x002b4248,0x2b3248,8,0,,0x0025bda0
.rel.dyn,0x002b4254,0x2b3254,8,0,,0x0025bde0
.rel.dyn,0x002b4260,0x2b3260,8,0,,0x0025be20
.rel.dyn,0x002b426c,0x2b326c,8,0,,0x0025b020
.rel.dyn,0x002b4278,0x2b3278,8,0,,0x0025da1f
.rel.dyn,0x002b4284,0x2b3284,8,0,,0x0025b060
.rel.dyn,0x002b4290,0x2b3290,8,0,,0x0025da2d
.rel.dyn,0x002b429c,0x2b329c,8,0,,0x0025b0a0
.rel.dyn,0x002b42a8,0x2b32a8,8,0,,0x0025b0e0
.rel.dyn,0x002b42b4,0x2b32b4,8,0,,0x0025bea0
.rel.dyn,0x002b42c0,0x2b32c0,8,0,,0x0025bee0
.rel.dyn,0x002b42cc,0x2b32cc,8,0,,0x0025bf20
.rel.dyn,0x002b42d8,0x2b32d8,8,0,,0x0025c920
.rel.dyn,0x002b42e4,0x2b32e4,8,0,,0x0025bf60
.rel.dyn,0x002b42f0,0x2b32f0,8,0,,0x0025b120
.rel.dyn,0x002b42fc,0x2b32fc,8,0,,0x0025bfe0
.rel.dyn,0x002b4308,0x2b3308,8,0,,0x0025c020
.rel.dyn,0x002b4314,0x2b3314,8,0,,0x0025c060
.rel.dyn,0x002b4320,0x2b3320,8,0,,0x0025c0a0
.rel.dyn,0x002b432c,0x2b332c,8,0,,0x0025da3c
.rel.dyn,0x002b4338,0x2b3338,8,0,,0x0025b160
.rel.dyn,0x002b4344,0x2b3344,8,0,,0x0025da57
.rel.dyn,0x002b4350,0x2b3350,8,0,,0x0025b1a0
.rel.dyn,0x002b435c,0x2b335c,8,0,,0x0025c100
.rel.dyn,0x002b4368,0x2b3368,8,0,,0x0025b1e0
.rel.dyn,0x002b4374,0x2b3374,8,0,,0x0025c1a0
.rel.dyn,0x002b4380,0x2b3380,8,0,,0x0025c1e0
.rel.dyn,0x002b438c,0x2b338c,8,0,,0x0025b220
.rel.dyn,0x002b4398,0x2b3398,8,0,,0x0025b260
.rel.dyn,0x002b43a4,0x2b33a4,8,0,,0x0025c220
.rel.dyn,0x002b43b0,0x2b33b0,8,0,,0x0025b2a0
.rel.dyn,0x002b43bc,0x2b33bc,8,0,,0x0025c260
.rel.dyn,0x002b43c8,0x2b33c8,8,0,,0x0025b2e0
.rel.dyn,0x002b43d4,0x2b33d4,8,0,,0x0025c2a0
.rel.dyn,0x002b43e0,0x2b33e0,8,0,,0x0025c960
.rel.dyn,0x002b43ec,0x2b33ec,8,0,,0x0025b304
.rel.dyn,0x002b43f8,0x2b33f8,8,0,,0x0025c2e0
.rel.dyn,0x002b4404,0x2b3404,8,0,,0x0025c320
.rel.dyn,0x002b4410,0x2b3410,8,0,,0x0025c360
.rel.dyn,0x002b441c,0x2b341c,8,0,,0x0025da69
.rel.dyn,0x002b4428,0x2b3428,8,0,,0x0025da7b
.rel.dyn,0x002b4434,0x2b3434,8,0,,0x0025c3a0
.rel.dyn,0x002b4440,0x2b3440,8,0,,0x0025b340
.rel.dyn,0x002b444c,0x2b344c,8,0,,0x0025b380
.rel.dyn,0x002b4458,0x2b3458,8,0,,0x0025b3c0
.rel.dyn,0x002b4464,0x2b3464,8,0,,0x0025b400
.rel.dyn,0x002b4470,0x2b3470,8,0,,0x0025da8e
.rel.dyn,0x002b447c,0x2b347c,8,0,,0x0025c4e0
.rel.dyn,0x002b4488,0x2b3488,8,0,,0x0025b440
.rel.dyn,0x002b4494,0x2b3494,8,0,,0x0025c540
.rel.dyn,0x002b44a0,0x2b34a0,8,0,,0x0025b480
.rel.dyn,0x002b44ac,0x2b34ac,8,0,,0x0025c5c0
.rel.dyn,0x002b44b8,0x2b34b8,8,0,,0x0025b4c0
.rel.dyn,0x002b44c4,0x2b34c4,8,0,,0x0025acc0
.rel.dyn,0x002b44d0,0x2b34d0,8,0,,0x0025b500
.rel.dyn,0x002b44dc,0x2b34dc,8,0,,0x0025c660
.rel.dyn,0x002b44e8,0x2b34e8,8,0,,0x0025c6a0
.rel.dyn,0x002b44f4,0x2b34f4,8,0,,0x0025c720
.rel.dyn,0x002b4500,0x2b3500,8,0,,0x0025daa1
.rel.dyn,0x002b450c,0x2b350c,8,0,,0x0025c760
.rel.dyn,0x002b4518,0x2b3518,8,0,,0x0025c7a0
.rel.dyn,0x002b4524,0x2b3524,8,0,,0x0025c820
.rel.dyn,0x002b4530,0x2b3530,8,0,,0x0025c860
.rel.dyn,0x002b4560,0x2b3560,8,0,,0x0025d9c0
.rel.dyn,0x002b456c,0x2b356c,8,0,,0x0025dab4
.rel.dyn,0x002b4584,0x2b3584,8,0,,0x00260830
.rel.dyn,0x002b4588,0x2b3588,8,0,,0x00260864
.rel.dyn,0x002b458c,0x2b358c,8,0,,0x00260934
.rel.dyn,0x002b45a0,0x2b35a0,8,0,,0x00052fcc
.rel.dyn,0x002b45a4,0x2b35a4,8,0,,0x0026094c
.rel.dyn,0x002b45b8,0x2b35b8,8,0,,0x00052da0
.rel.dyn,0x002b45c4,0x2b35c4,8,0,,0x00259436
.rel.dyn,0x002b45d0,0x2b35d0,8,0,,0x0025a83d
.rel.dyn,0x002b45dc,0x2b35dc,8,0,,0x0025944b
.rel.dyn,0x002b45e8,0x2b35e8,8,0,,0x00270cb4
.rel.dyn,0x002b45f4,0x2b35f4,8,0,,0x00259463
.rel.dyn,0x002b4600,0x2b3600,8,0,,0x00270d33
.rel.dyn,0x002b460c,0x2b360c,8,0,,0x00270d4b
.rel.dyn,0x002b4618,0x2b3618,8,0,,0x0025504c
.rel.dyn,0x002b4624,0x2b3624,8,0,,0x0025a851
.rel.dyn,0x002b4630,0x2b3630,8,0,,0x0025ab50
.rel.dyn,0x002b463c,0x2b363c,8,0,,0x0025a961
.rel.dyn,0x002b4648,0x2b3648,8,0,,0x0025a865
.rel.dyn,0x002b4654,0x2b3654,8,0,,0x0025947a
.rel.dyn,0x002b4660,0x2b3660,8,0,,0x0025a87d
.rel.dyn,0x002b466c,0x2b366c,8,0,,0x0025948e
.rel.dyn,0x002b4678,0x2b3678,8,0,,0x00270d5a
.rel.dyn,0x002b4684,0x2b3684,8,0,,0x002594aa
.rel.dyn,0x002b4690,0x2b3690,8,0,,0x00270d76
.rel.dyn,0x002b469c,0x2b369c,8,0,,0x0025a893
.rel.dyn,0x002b46a8,0x2b36a8,8,0,,0x0025a8af
.rel.dyn,0x002b46b4,0x2b36b4,8,0,,0x0025a8ca
.rel.dyn,0x002b46c0,0x2b36c0,8,0,,0x0025a8e2
.rel.dyn,0x002b46cc,0x2b36cc,8,0,,0x0025a8f9
.rel.dyn,0x002b46d8,0x2b36d8,8,0,,0x002594b8
.rel.dyn,0x002b46e4,0x2b36e4,8,0,,0x0025a914
.rel.dyn,0x002b46f0,0x2b36f0,8,0,,0x00270d8c
.rel.dyn,0x002b46fc,0x2b36fc,8,0,,0x0025abec
.rel.dyn,0x002b4708,0x2b3708,8,0,,0x00259500
.rel.dyn,0x002b4714,0x2b3714,8,0,,0x0025a92c
.rel.dyn,0x002b4720,0x2b3720,8,0,,0x0025505f
.rel.dyn,0x002b472c,0x2b372c,8,0,,0x0025a945
.rel.dyn,0x002b4738,0x2b3738,8,0,,0x0025a97c
.rel.dyn,0x002b4744,0x2b3744,8,0,,0x0025a992
.rel.dyn,0x002b4750,0x2b3750,8,0,,0x00255077
.rel.dyn,0x002b475c,0x2b375c,8,0,,0x00270da3
.rel.dyn,0x002b4768,0x2b3768,8,0,,0x00270daf
.rel.dyn,0x002b4774,0x2b3774,8,0,,0x0025a9a7
.rel.dyn,0x002b4780,0x2b3780,8,0,,0x0025ac0c
.rel.dyn,0x002b478c,0x2b378c,8,0,,0x00255089
.rel.dyn,0x002b4798,0x2b3798,8,0,,0x00270dbb
.rel.dyn,0x002b47a4,0x2b37a4,8,0,,0x0025a9ba
.rel.dyn,0x002b47b0,0x2b37b0,8,0,,0x0025a9ce
.rel.dyn,0x002b47bc,0x2b37bc,8,0,,0x00270dd1
.rel.dyn,0x002b47c8,0x2b37c8,8,0,,0x0025a9e4
.rel.dyn,0x002b47d4,0x2b37d4,8,0,,0x002550a4
.rel.dyn,0x002b47e0,0x2b37e0,8,0,,0x00270de9
.rel.dyn,0x002b47ec,0x2b37ec,8,0,,0x00270dfc
.rel.dyn,0x002b47f8,0x2b37f8,8,0,,0x00270e10
.rel.dyn,0x002b4804,0x2b3804,8,0,,0x00270e29
.rel.dyn,0x002b4810,0x2b3810,8,0,,0x0025aa08
.rel.dyn,0x002b481c,0x2b381c,8,0,,0x00270e44
.rel.dyn,0x002b4828,0x2b3828,8,0,,0x0025a9f7
.rel.dyn,0x002b4834,0x2b3834,8,0,,0x00270e5c
.rel.dyn,0x002b4840,0x2b3840,8,0,,0x00270e7a
.rel.dyn,0x002b484c,0x2b384c,8,0,,0x0025aa22
.rel.dyn,0x002b4858,0x2b3858,8,0,,0x00270e8b
.rel.dyn,0x002b4864,0x2b3864,8,0,,0x00270ea7
.rel.dyn,0x002b4870,0x2b3870,8,0,,0x00270ebc
.rel.dyn,0x002b487c,0x2b387c,8,0,,0x0025aa3b
.rel.dyn,0x002b4888,0x2b3888,8,0,,0x00270ed4
.rel.dyn,0x002b4894,0x2b3894,8,0,,0x002550c1
.rel.dyn,0x002b48a0,0x2b38a0,8,0,,0x00270eec
.rel.dyn,0x002b48ac,0x2b38ac,8,0,,0x0025aa56
.rel.dyn,0x002b48b8,0x2b38b8,8,0,,0x00270cd4
.rel.dyn,0x002b48c4,0x2b38c4,8,0,,0x002594d4
.rel.dyn,0x002b48d0,0x2b38d0,8,0,,0x00270f02
.rel.dyn,0x002b48dc,0x2b38dc,8,0,,0x00270f20
.rel.dyn,0x002b48e8,0x2b38e8,8,0,,0x0025aa6d
.rel.dyn,0x002b48f4,0x2b38f4,8,0,,0x00270f38
.rel.dyn,0x002b4900,0x2b3900,8,0,,0x00270f4a
.rel.dyn,0x002b490c,0x2b390c,8,0,,0x00270f59
.rel.dyn,0x002b4918,0x2b3918,8,0,,0x0025abcc
.rel.dyn,0x002b4924,0x2b3924,8,0,,0x0025aa81
.rel.dyn,0x002b4930,0x2b3930,8,0,,0x00270f6a
.rel.dyn,0x002b493c,0x2b393c,8,0,,0x0025aa9b
.rel.dyn,0x002b4948,0x2b3948,8,0,,0x0025aab6
.rel.dyn,0x002b4954,0x2b3954,8,0,,0x0025ac2c
.rel.dyn,0x002b4960,0x2b3960,8,0,,0x0025aace
.rel.dyn,0x002b496c,0x2b396c,8,0,,0x00270f81
.rel.dyn,0x002b4978,0x2b3978,8,0,,0x002550d7
.rel.dyn,0x002b4984,0x2b3984,8,0,,0x00270f9d
.rel.dyn,0x002b4990,0x2b3990,8,0,,0x00270fb6
.rel.dyn,0x002b499c,0x2b399c,8,0,,0x00270fca
.rel.dyn,0x002b49a8,0x2b39a8,8,0,,0x002550ed
.rel.dyn,0x002b49b4,0x2b39b4,8,0,,0x00270fdd
.rel.dyn,0x002b49c0,0x2b39c0,8,0,,0x00270c90
.rel.dyn,0x002b49cc,0x2b39cc,8,0,,0x0025aae6
.rel.dyn,0x002b49d8,0x2b39d8,8,0,,0x00270ff5
.rel.dyn,0x002b49e4,0x2b39e4,8,0,,0x0027100c
.rel.dyn,0x002b49f0,0x2b39f0,8,0,,0x00270cf4
.rel.dyn,0x002b49fc,0x2b39fc,8,0,,0x00271029
.rel.dyn,0x002b4a08,0x2b3a08,8,0,,0x00271045
.rel.dyn,0x002b4a14,0x2b3a14,8,0,,0x00271060
.rel.dyn,0x002b4a20,0x2b3a20,8,0,,0x0025ab67
.rel.dyn,0x002b4a2c,0x2b3a2c,8,0,,0x00271077
.rel.dyn,0x002b4a38,0x2b3a38,8,0,,0x00271094
.rel.dyn,0x002b4a44,0x2b3a44,8,0,,0x00270d14
.rel.dyn,0x002b4a50,0x2b3a50,8,0,,0x002710aa
.rel.dyn,0x002b4a5c,0x2b3a5c,8,0,,0x0025aafe
.rel.dyn,0x002b4a68,0x2b3a68,8,0,,0x002710c6
.rel.dyn,0x002b4a74,0x2b3a74,8,0,,0x002710e3
.rel.dyn,0x002b4a80,0x2b3a80,8,0,,0x002710f9
.rel.dyn,0x002b4a8c,0x2b3a8c,8,0,,0x00271110
.rel.dyn,0x002b4a98,0x2b3a98,8,0,,0x00271126
.rel.dyn,0x002b4aa4,0x2b3aa4,8,0,,0x00255101
.rel.dyn,0x002b4ab0,0x2b3ab0,8,0,,0x0025ab12
.rel.dyn,0x002b4abc,0x2b3abc,8,0,,0x0027113c
.rel.dyn,0x002b4ac8,0x2b3ac8,8,0,,0x00271153
.rel.dyn,0x002b4ad4,0x2b3ad4,8,0,,0x0025ab25
.rel.dyn,0x002b4ae0,0x2b3ae0,8,0,,0x0027116c
.rel.dyn,0x002b4aec,0x2b3aec,8,0,,0x00271184
.rel.dyn,0x002b4af8,0x2b3af8,8,0,,0x00255114
.rel.dyn,0x002b4b04,0x2b3b04,8,0,,0x0027119c
.rel.dyn,0x002b4b10,0x2b3b10,8,0,,0x002711b4
.rel.dyn,0x002b4b1c,0x2b3b1c,8,0,,0x002711c7
.rel.dyn,0x002b4b28,0x2b3b28,8,0,,0x002711db
.rel.dyn,0x002b4b34,0x2b3b34,8,0,,0x002711ee
.rel.dyn,0x002b4b40,0x2b3b40,8,0,,0x0025ab38
.rel.dyn,0x002b4b4c,0x2b3b4c,8,0,,0x00271209
.rel.dyn,0x002b4b58,0x2b3b58,8,0,,0x00271226
.rel.dyn,0x002b4b64,0x2b3b64,8,0,,0x00271241
.rel.dyn,0x002b4b70,0x2b3b70,8,0,,0x002594e8
.rel.dyn,0x002b4b7c,0x2b3b7c,8,0,,0x00271255
.rel.dyn,0x002b4b88,0x2b3b88,8,0,,0x00271264
.rel.dyn,0x002b4b94,0x2b3b94,8,0,,0x0027127b
.rel.dyn,0x002b4ba0,0x2b3ba0,8,0,,0x0025a777
.rel.dyn,0x002b4ba8,0x2b3ba8,8,0,,0x0027207c
.rel.dyn,0x002b4bac,0x2b3bac,8,0,,0x00272081
.rel.dyn,0x002b4bb0,0x2b3bb0,8,0,,0x0027208c
.rel.dyn,0x002b4bb4,0x2b3bb4,8,0,,0x00272099
.rel.dyn,0x002b4bb8,0x2b3bb8,8,0,,0x002720a6
.rel.dyn,0x002b4bbc,0x2b3bbc,8,0,,0x002720b3
.rel.dyn,0x002b4bc0,0x2b3bc0,8,0,,0x002720c0
.rel.dyn,0x002b4bc4,0x2b3bc4,8,0,,0x002720cd
.rel.dyn,0x002b4bfc,0x2b3bfc,8,0,,0x000a6e8e
.rel.dyn,0x002b4c04,0x2b3c04,8,0,,0x000a6928
.rel.dyn,0x002b4c10,0x2b3c10,8,0,,0x000a698b
.rel.dyn,0x002b4c3c,0x2b3c3c,8,0,,0x000a6e8e
.rel.dyn,0x002b4c44,0x2b3c44,8,0,,0x000a6928
.rel.dyn,0x002b4c50,0x2b3c50,8,0,,0x000a698b
.rel.dyn,0x002b4c7c,0x2b3c7c,8,0,,0x000a6d08
.rel.dyn,0x002b4c84,0x2b3c84,8,0,,0x000a6854
.rel.dyn,0x002b4c90,0x2b3c90,8,0,,0x000a68b7
.rel.dyn,0x002b4cbc,0x2b3cbc,8,0,,0x000a6b82
.rel.dyn,0x002b4cc4,0x2b3cc4,8,0,,0x000a6780
.rel.dyn,0x002b4cd0,0x2b3cd0,8,0,,0x000a67e3
.rel.dyn,0x002b4cfc,0x2b3cfc,8,0,,0x000a69fc
.rel.dyn,0x002b4d04,0x2b3d04,8,0,,0x000a66ac
.rel.dyn,0x002b4d10,0x2b3d10,8,0,,0x000a670f
.rel.dyn,0x002b4d3c,0x2b3d3c,8,0,,0x000a94c5
.rel.dyn,0x002b4d44,0x2b3d44,8,0,,0x000a7d0f
.rel.dyn,0x002b4d50,0x2b3d50,8,0,,0x000a7c9e
.rel.dyn,0x002b4d7c,0x2b3d7c,8,0,,0x000a9304
.rel.dyn,0x002b4d84,0x2b3d84,8,0,,0x000a7c5c
.rel.dyn,0x002b4d90,0x2b3d90,8,0,,0x000a7be8
.rel.dyn,0x002b4da0,0x2b3da0,8,0,,0x000a72c1
.rel.dyn,0x002b4da4,0x2b3da4,8,0,,0x000a72c1
.rel.dyn,0x002b4da8,0x2b3da8,8,0,,0x000a7489
.rel.dyn,0x002b4dac,0x2b3dac,8,0,,0x000a785c
.rel.dyn,0x002b4db0,0x2b3db0,8,0,,0x000a7528
.rel.dyn,0x002b4db4,0x2b3db4,8,0,,0x000a7528
.rel.dyn,0x002b4db8,0x2b3db8,8,0,,0x000a7528
.rel.dyn,0x002b4dbc,0x2b3dbc,8,0,,0x000a7528
.rel.dyn,0x002b4de0,0x2b3de0,8,0,,0x000aeeae
.rel.dyn,0x002b4de4,0x2b3de4,8,0,,0x000aeeae
.rel.dyn,0x002b4de8,0x2b3de8,8,0,,0x000aeeae
.rel.dyn,0x002b4dec,0x2b3dec,8,0,,0x000aee6d
.rel.dyn,0x002b4df0,0x2b3df0,8,0,,0x000aee6d
.rel.dyn,0x002b4df4,0x2b3df4,8,0,,0x000aee6d
.rel.dyn,0x002b4df8,0x2b3df8,8,0,,0x000aee68
.rel.dyn,0x002b4dfc,0x2b3dfc,8,0,,0x000c7f86
.rel.dyn,0x002b4e00,0x2b3e00,8,0,,0x000c904d
.rel.dyn,0x002b4e04,0x2b3e04,8,0,,0x000c8f77
.rel.dyn,0x002b4e08,0x2b3e08,8,0,,0x000c7f86
.rel.dyn,0x002b4e0c,0x2b3e0c,8,0,,0x000c9147
.rel.dyn,0x002b4e10,0x2b3e10,8,0,,0x000c8ecb
.rel.dyn,0x002b4e14,0x2b3e14,8,0,,0x000c9147
.rel.dyn,0x002b4e18,0x2b3e18,8,0,,0x002766ac
.rel.dyn,0x002b4e1c,0x2b3e1c,8,0,,0x002766bb
.rel.dyn,0x002b4e20,0x2b3e20,8,0,,0x002766cb
.rel.dyn,0x002b4e24,0x2b3e24,8,0,,0x002766dc
.rel.dyn,0x002b4e28,0x2b3e28,8,0,,0x002766ef
.rel.dyn,0x002b4e2c,0x2b3e2c,8,0,,0x002766f9
.rel.dyn,0x002b4e30,0x2b3e30,8,0,,0x0027670a
.rel.dyn,0x002b4e34,0x2b3e34,8,0,,0x000d7c54
.rel.dyn,0x002b4e38,0x2b3e38,8,0,,0x000d7c99
.rel.dyn,0x002b4e3c,0x2b3e3c,8,0,,0x000d7cde
.rel.dyn,0x002b4e40,0x2b3e40,8,0,,0x000d7d23
.rel.dyn,0x002b4e60,0x2b3e60,8,0,,0x00277030
.rel.dyn,0x002b4e64,0x2b3e64,8,0,,0x000d9ed9
.rel.dyn,0x002b4e68,0x2b3e68,8,0,,0x000d8b81
.rel.dyn,0x002b4e6c,0x2b3e6c,8,0,,0x000d8b81
.rel.dyn,0x002b4e70,0x2b3e70,8,0,,0x000d8b81
.rel.dyn,0x002b4e74,0x2b3e74,8,0,,0x000d8b81
.rel.dyn,0x002b4e7c,0x2b3e7c,8,0,,0x00276ffb
.rel.dyn,0x002b4e80,0x2b3e80,8,0,,0x000d9eb4
.rel.dyn,0x002b4e84,0x2b3e84,8,0,,0x000d8b6b
.rel.dyn,0x002b4e88,0x2b3e88,8,0,,0x000d8b56
.rel.dyn,0x002b4e8c,0x2b3e8c,8,0,,0x000d8b56
.rel.dyn,0x002b4e90,0x2b3e90,8,0,,0x000d8b56
.rel.dyn,0x002b4e98,0x2b3e98,8,0,,0x002585c2
.rel.dyn,0x002b4e9c,0x2b3e9c,8,0,,0x000d9e90
.rel.dyn,0x002b4ea0,0x2b3ea0,8,0,,0x000d8b3c
.rel.dyn,0x002b4ea4,0x2b3ea4,8,0,,0x000d8b1e
.rel.dyn,0x002b4ea8,0x2b3ea8,8,0,,0x000d8b03
.rel.dyn,0x002b4eac,0x2b3eac,8,0,,0x000d8b03
.rel.dyn,0x002b4eb4,0x2b3eb4,8,0,,0x00276ffe
.rel.dyn,0x002b4eb8,0x2b3eb8,8,0,,0x000d9e4b
.rel.dyn,0x002b4ebc,0x2b3ebc,8,0,,0x000d8a8c
.rel.dyn,0x002b4ec0,0x2b3ec0,8,0,,0x000d8a67
.rel.dyn,0x002b4ec4,0x2b3ec4,8,0,,0x000d8a43
.rel.dyn,0x002b4ec8,0x2b3ec8,8,0,,0x000d8a22
.rel.dyn,0x002b4ed0,0x2b3ed0,8,0,,0x00277001
.rel.dyn,0x002b4ed4,0x2b3ed4,8,0,,0x000d9e09
.rel.dyn,0x002b4ed8,0x2b3ed8,8,0,,0x000d89f9
.rel.dyn,0x002b4edc,0x2b3edc,8,0,,0x000d89c7
.rel.dyn,0x002b4ee0,0x2b3ee0,8,0,,0x000d89c7
.rel.dyn,0x002b4ee4,0x2b3ee4,8,0,,0x000d89c7
.rel.dyn,0x002b4eec,0x2b3eec,8,0,,0x0027700d
.rel.dyn,0x002b4ef0,0x2b3ef0,8,0,,0x000d9dab
.rel.dyn,0x002b4ef4,0x2b3ef4,8,0,,0x000d8993
.rel.dyn,0x002b4ef8,0x2b3ef8,8,0,,0x000d894d
.rel.dyn,0x002b4efc,0x2b3efc,8,0,,0x000d8907
.rel.dyn,0x002b4f00,0x2b3f00,8,0,,0x000d8907
.rel.dyn,0x002b4f08,0x2b3f08,8,0,,0x00277019
.rel.dyn,0x002b4f0c,0x2b3f0c,8,0,,0x000d9d5f
.rel.dyn,0x002b4f10,0x2b3f10,8,0,,0x000d88bb
.rel.dyn,0x002b4f14,0x2b3f14,8,0,,0x000d8866
.rel.dyn,0x002b4f18,0x2b3f18,8,0,,0x000d8808
.rel.dyn,0x002b4f1c,0x2b3f1c,8,0,,0x000d87bc
.rel.dyn,0x002b4f24,0x2b3f24,8,0,,0x00277025
.rel.dyn,0x002b4f28,0x2b3f28,8,0,,0x000d9e6c
.rel.dyn,0x002b4f2c,0x2b3f2c,8,0,,0x000d8aad
.rel.dyn,0x002b4f30,0x2b3f30,8,0,,0x000d8aca
.rel.dyn,0x002b4f34,0x2b3f34,8,0,,0x000d8aca
.rel.dyn,0x002b4f38,0x2b3f38,8,0,,0x000d8ae8
.rel.dyn,0x002b4f40,0x2b3f40,8,0,,0x0027702c
.rel.dyn,0x002b4f44,0x2b3f44,8,0,,0x000da147
.rel.dyn,0x002b4f48,0x2b3f48,8,0,,0x000d9d0a
.rel.dyn,0x002b4f4c,0x2b3f4c,8,0,,0x000d9d0a
.rel.dyn,0x002b4f50,0x2b3f50,8,0,,0x000d9d0a
.rel.dyn,0x002b4f54,0x2b3f54,8,0,,0x000d9d0a
.rel.dyn,0x002b4f5c,0x2b3f5c,8,0,,0x00277033
.rel.dyn,0x002b4f60,0x2b3f60,8,0,,0x000da0a3
.rel.dyn,0x002b4f64,0x2b3f64,8,0,,0x000d9af0
.rel.dyn,0x002b4f68,0x2b3f68,8,0,,0x000d9a5c
.rel.dyn,0x002b4f6c,0x2b3f6c,8,0,,0x000d9992
.rel.dyn,0x002b4f70,0x2b3f70,8,0,,0x000d9992
.rel.dyn,0x002b4f78,0x2b3f78,8,0,,0x0027703e
.rel.dyn,0x002b4f7c,0x2b3f7c,8,0,,0x000da0f5
.rel.dyn,0x002b4f80,0x2b3f80,8,0,,0x000d9cac
.rel.dyn,0x002b4f84,0x2b3f84,8,0,,0x000d9c16
.rel.dyn,0x002b4f88,0x2b3f88,8,0,,0x000d9b4c
.rel.dyn,0x002b4f8c,0x2b3f8c,8,0,,0x000d9b4c
.rel.dyn,0x002b4f94,0x2b3f94,8,0,,0x00277049
.rel.dyn,0x002b4f98,0x2b3f98,8,0,,0x000d9f4f
.rel.dyn,0x002b4f9c,0x2b3f9c,8,0,,0x000d90c4
.rel.dyn,0x002b4fa0,0x2b3fa0,8,0,,0x000d902c
.rel.dyn,0x002b4fa4,0x2b3fa4,8,0,,0x000d8f5e
.rel.dyn,0x002b4fa8,0x2b3fa8,8,0,,0x000d8e5a
.rel.dyn,0x002b4fb0,0x2b3fb0,8,0,,0x00277055
.rel.dyn,0x002b4fb4,0x2b3fb4,8,0,,0x000d9fa4
.rel.dyn,0x002b4fb8,0x2b3fb8,8,0,,0x000d9390
.rel.dyn,0x002b4fbc,0x2b3fbc,8,0,,0x000d92f6
.rel.dyn,0x002b4fc0,0x2b3fc0,8,0,,0x000d9228
.rel.dyn,0x002b4fc4,0x2b3fc4,8,0,,0x000d9124
.rel.dyn,0x002b4fcc,0x2b3fcc,8,0,,0x00277061
.rel.dyn,0x002b4fd0,0x2b3fd0,8,0,,0x000d9ff9
.rel.dyn,0x002b4fd4,0x2b3fd4,8,0,,0x000d9660
.rel.dyn,0x002b4fd8,0x2b3fd8,8,0,,0x000d95c6
.rel.dyn,0x002b4fdc,0x2b3fdc,8,0,,0x000d94f6
.rel.dyn,0x002b4fe0,0x2b3fe0,8,0,,0x000d93f2
.rel.dyn,0x002b4fe8,0x2b3fe8,8,0,,0x0027706d
.rel.dyn,0x002b4fec,0x2b3fec,8,0,,0x000da04e
.rel.dyn,0x002b4ff0,0x2b3ff0,8,0,,0x000d9930
.rel.dyn,0x002b4ff4,0x2b3ff4,8,0,,0x000d9896
.rel.dyn,0x002b4ff8,0x2b3ff8,8,0,,0x000d97c6
.rel.dyn,0x002b4ffc,0x2b3ffc,8,0,,0x000d96c2
.rel.dyn,0x002b5004,0x2b4004,8,0,,0x00277079
.rel.dyn,0x002b5008,0x2b4008,8,0,,0x000d9efa
.rel.dyn,0x002b500c,0x2b400c,8,0,,0x000d8dfa
.rel.dyn,0x002b5010,0x2b4010,8,0,,0x000d8d62
.rel.dyn,0x002b5014,0x2b4014,8,0,,0x000d8c94
.rel.dyn,0x002b5018,0x2b4018,8,0,,0x000d8b90
.rel.dyn,0x002b5020,0x2b4020,8,0,,0x00277087
.rel.dyn,0x002b5040,0x2b4040,8,0,,0x000db35d
.rel.dyn,0x002b5044,0x2b4044,8,0,,0x000db5b0
.rel.dyn,0x002b5048,0x2b4048,8,0,,0x000db50d
.rel.dyn,0x002b504c,0x2b404c,8,0,,0x000db2fb
.rel.dyn,0x002b5060,0x2b4060,8,0,,0x000db38e
.rel.dyn,0x002b5064,0x2b4064,8,0,,0x000db38e
.rel.dyn,0x002b5068,0x2b4068,8,0,,0x000db38e
.rel.dyn,0x002b506c,0x2b406c,8,0,,0x000db38e
.rel.dyn,0x002b5070,0x2b4070,8,0,,0x000db445
.rel.dyn,0x002b5074,0x2b4074,8,0,,0x000db7b5
.rel.dyn,0x002b5078,0x2b4078,8,0,,0x000db7b5
.rel.dyn,0x002b507c,0x2b407c,8,0,,0x000db7b5
.rel.dyn,0x002b5080,0x2b4080,8,0,,0x000db424
.rel.dyn,0x002b5084,0x2b4084,8,0,,0x000db6f1
.rel.dyn,0x002b5088,0x2b4088,8,0,,0x000db712
.rel.dyn,0x002b508c,0x2b408c,8,0,,0x000db712
.rel.dyn,0x002b5090,0x2b4090,8,0,,0x000db3bf
.rel.dyn,0x002b5094,0x2b4094,8,0,,0x000db694
.rel.dyn,0x002b5098,0x2b4098,8,0,,0x000db5e1
.rel.dyn,0x002b509c,0x2b409c,8,0,,0x000db32c
.rel.dyn,0x002b50a0,0x2b40a0,8,0,,0x00277467
.rel.dyn,0x002b50a8,0x2b40a8,8,0,,0x000e3192
.rel.dyn,0x002b50ac,0x2b40ac,8,0,,0x000e3123
.rel.dyn,0x002b50b0,0x2b40b0,8,0,,0x000e30f7
.rel.dyn,0x002b50b4,0x2b40b4,8,0,,0x000e2710
.rel.dyn,0x002b50b8,0x2b40b8,8,0,,0x002774a0
.rel.dyn,0x002b50cc,0x2b40cc,8,0,,0x000e9b85
.rel.dyn,0x002b50d0,0x2b40d0,8,0,,0x002774df
.rel.dyn,0x002b50d8,0x2b40d8,8,0,,0x000eac99
.rel.dyn,0x002b50dc,0x2b40dc,8,0,,0x000eac0d
.rel.dyn,0x002b50e0,0x2b40e0,8,0,,0x000ea081
.rel.dyn,0x002b50e4,0x2b40e4,8,0,,0x000e9fdf
.rel.dyn,0x002b50f0,0x2b40f0,8,0,,0x000ea41c
.rel.dyn,0x002b50f4,0x2b40f4,8,0,,0x000ea2fe
.rel.dyn,0x002b50f8,0x2b40f8,8,0,,0x000ea2fe
.rel.dyn,0x002b5104,0x2b4104,8,0,,0x000ea258
.rel.dyn,0x002b5108,0x2b4108,8,0,,0x000ea18f
.rel.dyn,0x002b510c,0x2b410c,8,0,,0x000ea18f
.rel.dyn,0x002b5110,0x2b4110,8,0,,0x002774fc
.rel.dyn,0x002b5118,0x2b4118,8,0,,0x000eaecd
.rel.dyn,0x002b511c,0x2b411c,8,0,,0x000eae63
.rel.dyn,0x002b5124,0x2b4124,8,0,,0x000ead68
.rel.dyn,0x002b5128,0x2b4128,8,0,,0x00277510
.rel.dyn,0x002b5130,0x2b4130,8,0,,0x000eb4ec
.rel.dyn,0x002b5134,0x2b4134,8,0,,0x000eb47a
.rel.dyn,0x002b513c,0x2b413c,8,0,,0x000eb23c
.rel.dyn,0x002b5148,0x2b4148,8,0,,0x000eaf70
.rel.dyn,0x002b514c,0x2b414c,8,0,,0x000eb057
.rel.dyn,0x002b5150,0x2b4150,8,0,,0x000eb147
.rel.dyn,0x002b5154,0x2b4154,8,0,,0x0025a9e7
.rel.dyn,0x002b5168,0x2b4168,8,0,,0x000eb5d4
.rel.dyn,0x002b516c,0x2b416c,8,0,,0x00277553
.rel.dyn,0x002b5174,0x2b4174,8,0,,0x000ebad7
.rel.dyn,0x002b5178,0x2b4178,8,0,,0x000eba8f
.rel.dyn,0x002b5180,0x2b4180,8,0,,0x000eb6d0
.rel.dyn,0x002b5184,0x2b4184,8,0,,0x0027757c
.rel.dyn,0x002b518c,0x2b418c,8,0,,0x000ec060
.rel.dyn,0x002b5190,0x2b4190,8,0,,0x000ebfd0
.rel.dyn,0x002b5194,0x2b4194,8,0,,0x000ebbb0
.rel.dyn,0x002b5198,0x2b4198,8,0,,0x000ebc47
.rel.dyn,0x002b519c,0x2b419c,8,0,,0x00277598
.rel.dyn,0x002b51a4,0x2b41a4,8,0,,0x000f1a55
.rel.dyn,0x002b51a8,0x2b41a8,8,0,,0x000f1a0a
.rel.dyn,0x002b51ac,0x2b41ac,8,0,,0x000f1904
.rel.dyn,0x002b51b0,0x2b41b0,8,0,,0x000f1848
.rel.dyn,0x002b51b4,0x2b41b4,8,0,,0x002775a9
.rel.dyn,0x002b51bc,0x2b41bc,8,0,,0x000f1bfd
.rel.dyn,0x002b51c0,0x2b41c0,8,0,,0x000f1bb5
.rel.dyn,0x002b51c8,0x2b41c8,8,0,,0x000f1ac8
.rel.dyn,0x002b51e0,0x2b41e0,8,0,,0x000f2b48
.rel.dyn,0x002b51e4,0x2b41e4,8,0,,0x000f2dc6
.rel.dyn,0x002b51e8,0x2b41e8,8,0,,0x000f2d23
.rel.dyn,0x002b51ec,0x2b41ec,8,0,,0x000f2ae6
.rel.dyn,0x002b5200,0x2b4200,8,0,,0x000f2bdb
.rel.dyn,0x002b5204,0x2b4204,8,0,,0x000f2bdb
.rel.dyn,0x002b5208,0x2b4208,8,0,,0x000f2bdb
.rel.dyn,0x002b520c,0x2b420c,8,0,,0x000f2bdb
.rel.dyn,0x002b5210,0x2b4210,8,0,,0x000f2baa
.rel.dyn,0x002b5214,0x2b4214,8,0,,0x000f2fcb
.rel.dyn,0x002b5218,0x2b4218,8,0,,0x000f2fcb
.rel.dyn,0x002b521c,0x2b421c,8,0,,0x000f2fcb
.rel.dyn,0x002b5220,0x2b4220,8,0,,0x000f2b79
.rel.dyn,0x002b5224,0x2b4224,8,0,,0x000f2f07
.rel.dyn,0x002b5228,0x2b4228,8,0,,0x000f2f28
.rel.dyn,0x002b522c,0x2b422c,8,0,,0x000f2f28
.rel.dyn,0x002b5230,0x2b4230,8,0,,0x000f2c0c
.rel.dyn,0x002b5234,0x2b4234,8,0,,0x000f2eaa
.rel.dyn,0x002b5238,0x2b4238,8,0,,0x000f2df7
.rel.dyn,0x002b523c,0x2b423c,8,0,,0x000f2b17
.rel.dyn,0x002b5240,0x2b4240,8,0,,0x00277030
.rel.dyn,0x002b5244,0x2b4244,8,0,,0x000f5aca
.rel.dyn,0x002b5248,0x2b4248,8,0,,0x000f47b5
.rel.dyn,0x002b524c,0x2b424c,8,0,,0x000f47b5
.rel.dyn,0x002b5250,0x2b4250,8,0,,0x000f47b5
.rel.dyn,0x002b5254,0x2b4254,8,0,,0x000f47b5
.rel.dyn,0x002b525c,0x2b425c,8,0,,0x00276ffb
.rel.dyn,0x002b5260,0x2b4260,8,0,,0x000f5aa5
.rel.dyn,0x002b5264,0x2b4264,8,0,,0x000f479f
.rel.dyn,0x002b5268,0x2b4268,8,0,,0x000f478a
.rel.dyn,0x002b526c,0x2b426c,8,0,,0x000f478a
.rel.dyn,0x002b5270,0x2b4270,8,0,,0x000f478a
.rel.dyn,0x002b5278,0x2b4278,8,0,,0x002585c2
.rel.dyn,0x002b527c,0x2b427c,8,0,,0x000f5a81
.rel.dyn,0x002b5280,0x2b4280,8,0,,0x000f4770
.rel.dyn,0x002b5284,0x2b4284,8,0,,0x000f4752
.rel.dyn,0x002b5288,0x2b4288,8,0,,0x000f4737
.rel.dyn,0x002b528c,0x2b428c,8,0,,0x000f4737
.rel.dyn,0x002b5294,0x2b4294,8,0,,0x00276ffe
.rel.dyn,0x002b5298,0x2b4298,8,0,,0x000f5a3c
.rel.dyn,0x002b529c,0x2b429c,8,0,,0x000f46fb
.rel.dyn,0x002b52a0,0x2b42a0,8,0,,0x000f46d6
.rel.dyn,0x002b52a4,0x2b42a4,8,0,,0x000f46b2
.rel.dyn,0x002b52a8,0x2b42a8,8,0,,0x000f4691
.rel.dyn,0x002b52b0,0x2b42b0,8,0,,0x00277001
.rel.dyn,0x002b52b4,0x2b42b4,8,0,,0x000f5a06
.rel.dyn,0x002b52b8,0x2b42b8,8,0,,0x000f4671
.rel.dyn,0x002b52bc,0x2b42bc,8,0,,0x000f464b
.rel.dyn,0x002b52c0,0x2b42c0,8,0,,0x000f464b
.rel.dyn,0x002b52c4,0x2b42c4,8,0,,0x000f464b
.rel.dyn,0x002b52cc,0x2b42cc,8,0,,0x0027700d
.rel.dyn,0x002b52d0,0x2b42d0,8,0,,0x000f59cb
.rel.dyn,0x002b52d4,0x2b42d4,8,0,,0x000f4625
.rel.dyn,0x002b52d8,0x2b42d8,8,0,,0x000f45f9
.rel.dyn,0x002b52dc,0x2b42dc,8,0,,0x000f45c7
.rel.dyn,0x002b52e0,0x2b42e0,8,0,,0x000f45c7
.rel.dyn,0x002b52e8,0x2b42e8,8,0,,0x00277019
.rel.dyn,0x002b52ec,0x2b42ec,8,0,,0x000f5993
.rel.dyn,0x002b52f0,0x2b42f0,8,0,,0x000f4598
.rel.dyn,0x002b52f4,0x2b42f4,8,0,,0x000f4563
.rel.dyn,0x002b52f8,0x2b42f8,8,0,,0x000f4528
.rel.dyn,0x002b52fc,0x2b42fc,8,0,,0x000f44f0
.rel.dyn,0x002b5304,0x2b4304,8,0,,0x00277025
.rel.dyn,0x002b5308,0x2b4308,8,0,,0x000f5a5d
.rel.dyn,0x002b530c,0x2b430c,8,0,,0x000f618f
.rel.dyn,0x002b5310,0x2b4310,8,0,,0x000f618f
.rel.dyn,0x002b5314,0x2b4314,8,0,,0x000f618f
.rel.dyn,0x002b5318,0x2b4318,8,0,,0x000f471c
.rel.dyn,0x002b5320,0x2b4320,8,0,,0x0027702c
.rel.dyn,0x002b5324,0x2b4324,8,0,,0x000f5d38
.rel.dyn,0x002b5328,0x2b4328,8,0,,0x000f593e
.rel.dyn,0x002b532c,0x2b432c,8,0,,0x000f593e
.rel.dyn,0x002b5330,0x2b4330,8,0,,0x000f593e
.rel.dyn,0x002b5334,0x2b4334,8,0,,0x000f593e
.rel.dyn,0x002b533c,0x2b433c,8,0,,0x00277033
.rel.dyn,0x002b5340,0x2b4340,8,0,,0x000f5c94
.rel.dyn,0x002b5344,0x2b4344,8,0,,0x000f5724
.rel.dyn,0x002b5348,0x2b4348,8,0,,0x000f5690
.rel.dyn,0x002b534c,0x2b434c,8,0,,0x000f55c6
.rel.dyn,0x002b5350,0x2b4350,8,0,,0x000f55c6
.rel.dyn,0x002b5358,0x2b4358,8,0,,0x0027703e
.rel.dyn,0x002b535c,0x2b435c,8,0,,0x000f5ce6
.rel.dyn,0x002b5360,0x2b4360,8,0,,0x000f58e0
.rel.dyn,0x002b5364,0x2b4364,8,0,,0x000f584a
.rel.dyn,0x002b5368,0x2b4368,8,0,,0x000f5780
.rel.dyn,0x002b536c,0x2b436c,8,0,,0x000f5780
.rel.dyn,0x002b5374,0x2b4374,8,0,,0x00277049
.rel.dyn,0x002b5378,0x2b4378,8,0,,0x000f5b40
.rel.dyn,0x002b537c,0x2b437c,8,0,,0x000f4cf8
.rel.dyn,0x002b5380,0x2b4380,8,0,,0x000f4c60
.rel.dyn,0x002b5384,0x2b4384,8,0,,0x000f4b92
.rel.dyn,0x002b5388,0x2b4388,8,0,,0x000f4a8e
.rel.dyn,0x002b5390,0x2b4390,8,0,,0x00277055
.rel.dyn,0x002b5394,0x2b4394,8,0,,0x000f5b95
.rel.dyn,0x002b5398,0x2b4398,8,0,,0x000f4fc4
.rel.dyn,0x002b539c,0x2b439c,8,0,,0x000f4f2a
.rel.dyn,0x002b53a0,0x2b43a0,8,0,,0x000f4e5c
.rel.dyn,0x002b53a4,0x2b43a4,8,0,,0x000f4d58
.rel.dyn,0x002b53ac,0x2b43ac,8,0,,0x00277061
.rel.dyn,0x002b53b0,0x2b43b0,8,0,,0x000f5bea
.rel.dyn,0x002b53b4,0x2b43b4,8,0,,0x000f5294
.rel.dyn,0x002b53b8,0x2b43b8,8,0,,0x000f51fa
.rel.dyn,0x002b53bc,0x2b43bc,8,0,,0x000f512a
.rel.dyn,0x002b53c0,0x2b43c0,8,0,,0x000f5026
.rel.dyn,0x002b53c8,0x2b43c8,8,0,,0x0027706d
.rel.dyn,0x002b53cc,0x2b43cc,8,0,,0x000f5c3f
.rel.dyn,0x002b53d0,0x2b43d0,8,0,,0x000f5564
.rel.dyn,0x002b53d4,0x2b43d4,8,0,,0x000f54ca
.rel.dyn,0x002b53d8,0x2b43d8,8,0,,0x000f53fa
.rel.dyn,0x002b53dc,0x2b43dc,8,0,,0x000f52f6
.rel.dyn,0x002b53e4,0x2b43e4,8,0,,0x00277079
.rel.dyn,0x002b53e8,0x2b43e8,8,0,,0x000f5aeb
.rel.dyn,0x002b53ec,0x2b43ec,8,0,,0x000f4a2e
.rel.dyn,0x002b53f0,0x2b43f0,8,0,,0x000f4996
.rel.dyn,0x002b53f4,0x2b43f4,8,0,,0x000f48c8
.rel.dyn,0x002b53f8,0x2b43f8,8,0,,0x000f47c4
.rel.dyn,0x002b5400,0x2b4400,8,0,,0x00277087
.rel.dyn,0x002b541c,0x2b441c,8,0,,0x00278ea8
.rel.dyn,0x002b5420,0x2b4420,8,0,,0x002a5ebf
.rel.dyn,0x002b5424,0x2b4424,8,0,,0x00278ed4
.rel.dyn,0x002b5428,0x2b4428,8,0,,0x00278f00
.rel.dyn,0x002b542c,0x2b442c,8,0,,0x00278f30
.rel.dyn,0x002b5430,0x2b4430,8,0,,0x00278f60
.rel.dyn,0x002b5440,0x2b4440,8,0,,0x0027965d
.rel.dyn,0x002b5444,0x2b4444,8,0,,0x00279662
.rel.dyn,0x002b5448,0x2b4448,8,0,,0x00279667
.rel.dyn,0x002b544c,0x2b444c,8,0,,0x0027966c
.rel.dyn,0x002b5450,0x2b4450,8,0,,0x00279671
.rel.dyn,0x002b5454,0x2b4454,8,0,,0x00279676
.rel.dyn,0x002b5458,0x2b4458,8,0,,0x0027967b
.rel.dyn,0x002b545c,0x2b445c,8,0,,0x00279680
.rel.dyn,0x002b5460,0x2b4460,8,0,,0x00279685
.rel.dyn,0x002b5464,0x2b4464,8,0,,0x0027968a
.rel.dyn,0x002b5468,0x2b4468,8,0,,0x0027968f
.rel.dyn,0x002b546c,0x2b446c,8,0,,0x00279694
.rel.dyn,0x002b5470,0x2b4470,8,0,,0x00279699
.rel.dyn,0x002b5474,0x2b4474,8,0,,0x0027969e
.rel.dyn,0x002b5478,0x2b4478,8,0,,0x002796a3
.rel.dyn,0x002b5480,0x2b4480,8,0,,0x00279500
.rel.dyn,0x002b5484,0x2b4484,8,0,,0x002796a8
.rel.dyn,0x002b5488,0x2b4488,8,0,,0x002796ad
.rel.dyn,0x002b548c,0x2b448c,8,0,,0x00279662
.rel.dyn,0x002b5490,0x2b4490,8,0,,0x00279667
.rel.dyn,0x002b5494,0x2b4494,8,0,,0x0027966c
.rel.dyn,0x002b5498,0x2b4498,8,0,,0x0027b5e3
.rel.dyn,0x002b549c,0x2b449c,8,0,,0x002a5811
.rel.dyn,0x002b54a0,0x2b44a0,8,0,,0x00279671
.rel.dyn,0x002b54a4,0x2b44a4,8,0,,0x00279676
.rel.dyn,0x002b54a8,0x2b44a8,8,0,,0x0027967b
.rel.dyn,0x002b54ac,0x2b44ac,8,0,,0x00279680
.rel.dyn,0x002b54b0,0x2b44b0,8,0,,0x00279685
.rel.dyn,0x002b54b4,0x2b44b4,8,0,,0x0027968a
.rel.dyn,0x002b54b8,0x2b44b8,8,0,,0x0027968f
.rel.dyn,0x002b54bc,0x2b44bc,8,0,,0x00279694
.rel.dyn,0x002b54e4,0x2b44e4,8,0,,0x002a75a8
.rel.dyn,0x002b54f4,0x2b44f4,8,0,,0x002a5989
.rel.dyn,0x002b5504,0x2b4504,8,0,,0x002a72ee
.rel.dyn,0x002b5514,0x2b4514,8,0,,0x002a7559
.rel.dyn,0x002b5524,0x2b4524,8,0,,0x0027a3e8
.rel.dyn,0x002b5534,0x2b4534,8,0,,0x00279602
.rel.dyn,0x002b5544,0x2b4544,8,0,,0x0027a3ec
.rel.dyn,0x002b5554,0x2b4554,8,0,,0x00279602
.rel.dyn,0x002b5564,0x2b4564,8,0,,0x0027a3f3
.rel.dyn,0x002b5574,0x2b4574,8,0,,0x0027a3fb
.rel.dyn,0x002b5584,0x2b4584,8,0,,0x0027a402
.rel.dyn,0x002b5594,0x2b4594,8,0,,0x0027a406
.rel.dyn,0x002b55a4,0x2b45a4,8,0,,0x002a5c80
.rel.dyn,0x002b55b4,0x2b45b4,8,0,,0x0027a40a
.rel.dyn,0x002b55c4,0x2b45c4,8,0,,0x0027a40e
.rel.dyn,0x002b55d4,0x2b45d4,8,0,,0x002a766e
.rel.dyn,0x002b55e4,0x2b45e4,8,0,,0x002a5997
.rel.dyn,0x002b55f4,0x2b45f4,8,0,,0x002a599e
.rel.dyn,0x002b5604,0x2b4604,8,0,,0x0027a413
.rel.dyn,0x002b5614,0x2b4614,8,0,,0x0027a417
.rel.dyn,0x002b5624,0x2b4624,8,0,,0x002795ee
.rel.dyn,0x002b5634,0x2b4634,8,0,,0x002795f2
.rel.dyn,0x002b5644,0x2b4644,8,0,,0x002795fa
.rel.dyn,0x002b5654,0x2b4654,8,0,,0x002795f6
.rel.dyn,0x002b5664,0x2b4664,8,0,,0x0027a41c
.rel.dyn,0x002b5674,0x2b4674,8,0,,0x0025875d
.rel.dyn,0x002b5684,0x2b4684,8,0,,0x002a72a5
.rel.dyn,0x002b5694,0x2b4694,8,0,,0x0027a421
.rel.dyn,0x002b56a4,0x2b46a4,8,0,,0x0027a429
.rel.dyn,0x002b56b4,0x2b46b4,8,0,,0x0027967c
.rel.dyn,0x002b56c4,0x2b46c4,8,0,,0x002a7335
.rel.dyn,0x002b56d4,0x2b46d4,8,0,,0x002a7356
.rel.dyn,0x002b56e4,0x2b46e4,8,0,,0x002a731d
.rel.dyn,0x002b56f4,0x2b46f4,8,0,,0x002a72a8
.rel.dyn,0x002b5704,0x2b4704,8,0,,0x0027a430
.rel.dyn,0x002b5714,0x2b4714,8,0,,0x0027a434
.rel.dyn,0x002b5724,0x2b4724,8,0,,0x0027a43b
.rel.dyn,0x002b5734,0x2b4734,8,0,,0x002795ea
.rel.dyn,0x002b5744,0x2b4744,8,0,,0x002a732f
.rel.dyn,0x002b5754,0x2b4754,8,0,,0x002a58cc
.rel.dyn,0x002b5764,0x2b4764,8,0,,0x002a7300
.rel.dyn,0x002b5774,0x2b4774,8,0,,0x002a734d
.rel.dyn,0x002b5784,0x2b4784,8,0,,0x002a7347
.rel.dyn,0x002b5794,0x2b4794,8,0,,0x002a72e8
.rel.dyn,0x002b57a4,0x2b47a4,8,0,,0x002a72fa
.rel.dyn,0x002b57b4,0x2b47b4,8,0,,0x002a59b3
.rel.dyn,0x002b57c4,0x2b47c4,8,0,,0x002a59bd
.rel.dyn,0x002b57d4,0x2b47d4,8,0,,0x002a59c7
.rel.dyn,0x002b57e4,0x2b47e4,8,0,,0x002a59d1
.rel.dyn,0x002b57f4,0x2b47f4,8,0,,0x002a5a0a
.rel.dyn,0x002b5804,0x2b4804,8,0,,0x002a58bb
.rel.dyn,0x002b5814,0x2b4814,8,0,,0x002a58b3
.rel.dyn,0x002b5824,0x2b4824,8,0,,0x002a755e
.rel.dyn,0x002b5834,0x2b4834,8,0,,0x0027a43f
.rel.dyn,0x002b5844,0x2b4844,8,0,,0x0027a444
.rel.dyn,0x002b5854,0x2b4854,8,0,,0x0027a44a
.rel.dyn,0x002b5864,0x2b4864,8,0,,0x0027a44f
.rel.dyn,0x002b5874,0x2b4874,8,0,,0x002a591b
.rel.dyn,0x002b5884,0x2b4884,8,0,,0x0027a455
.rel.dyn,0x002b5894,0x2b4894,8,0,,0x00279606
.rel.dyn,0x002b58a4,0x2b48a4,8,0,,0x0027a45a
.rel.dyn,0x002b58b4,0x2b48b4,8,0,,0x002795fe
.rel.dyn,0x002b58c4,0x2b48c4,8,0,,0x002a7323
.rel.dyn,0x002b58d4,0x2b48d4,8,0,,0x0027a460
.rel.dyn,0x002b58e4,0x2b48e4,8,0,,0x0027a464
.rel.dyn,0x002b58f4,0x2b48f4,8,0,,0x002a7329
.rel.dyn,0x002b5904,0x2b4904,8,0,,0x0027a468
.rel.dyn,0x002b5914,0x2b4914,8,0,,0x002a59db
.rel.dyn,0x002b5924,0x2b4924,8,0,,0x0027a46c
.rel.dyn,0x002b5934,0x2b4934,8,0,,0x002a58ff
.rel.dyn,0x002b5944,0x2b4944,8,0,,0x002a5906
.rel.dyn,0x002b5954,0x2b4954,8,0,,0x002a7668
.rel.dyn,0x002b5964,0x2b4964,8,0,,0x002a590d
.rel.dyn,0x002b5974,0x2b4974,8,0,,0x002a5914
.rel.dyn,0x002b5984,0x2b4984,8,0,,0x0027a470
.rel.dyn,0x002b5994,0x2b4994,8,0,,0x0027a474
.rel.dyn,0x002b59a4,0x2b49a4,8,0,,0x0027a478
.rel.dyn,0x002b59b4,0x2b49b4,8,0,,0x0027a42c
.rel.dyn,0x002b59c4,0x2b49c4,8,0,,0x0027a47c
.rel.dyn,0x002b59d4,0x2b49d4,8,0,,0x002a5a1d
.rel.dyn,0x002b59e4,0x2b49e4,8,0,,0x0027a480
.rel.dyn,0x002b59f4,0x2b49f4,8,0,,0x0027a484
.rel.dyn,0x002b5a04,0x2b4a04,8,0,,0x0027a488
.rel.dyn,0x002b5a14,0x2b4a14,8,0,,0x0027a48c
.rel.dyn,0x002b5a24,0x2b4a24,8,0,,0x0027a490
.rel.dyn,0x002b5a34,0x2b4a34,8,0,,0x0027a497
.rel.dyn,0x002b5a44,0x2b4a44,8,0,,0x0027a49d
.rel.dyn,0x002b5a54,0x2b4a54,8,0,,0x0027a4a2
.rel.dyn,0x002b5a64,0x2b4a64,8,0,,0x0027a4a8
.rel.dyn,0x002b5a74,0x2b4a74,8,0,,0x0027a4ad
.rel.dyn,0x002b5a84,0x2b4a84,8,0,,0x0027a4b3
.rel.dyn,0x002b5a94,0x2b4a94,8,0,,0x0027a4b7
.rel.dyn,0x002b5aa4,0x2b4aa4,8,0,,0x0027a4bb
.rel.dyn,0x002b5ac0,0x2b4ac0,8,0,,0x00294064
.rel.dyn,0x002b5ae4,0x2b4ae4,8,0,,0x00293d38
.rel.dyn,0x002b5aec,0x2b4aec,8,0,,0x00293d3b
.rel.dyn,0x002b5af4,0x2b4af4,8,0,,0x0025503f
.rel.dyn,0x002b5afc,0x2b4afc,8,0,,0x00293d3e
.rel.dyn,0x002b5b04,0x2b4b04,8,0,,0x00293d41
.rel.dyn,0x002b5b0c,0x2b4b0c,8,0,,0x00293d3f
.rel.dyn,0x002b5b14,0x2b4b14,8,0,,0x00274638
.rel.dyn,0x002b5b1c,0x2b4b1c,8,0,,0x00293d44
.rel.dyn,0x002b5b24,0x2b4b24,8,0,,0x00293d47
.rel.dyn,0x002b5b2c,0x2b4b2c,8,0,,0x00293d49
.rel.dyn,0x002b5b34,0x2b4b34,8,0,,0x00293d4c
.rel.dyn,0x002b5b3c,0x2b4b3c,8,0,,0x00293d4e
.rel.dyn,0x002b5b44,0x2b4b44,8,0,,0x00293d51
.rel.dyn,0x002b5b4c,0x2b4b4c,8,0,,0x00293d53
.rel.dyn,0x002b5b54,0x2b4b54,8,0,,0x00293d56
.rel.dyn,0x002b5b5c,0x2b4b5c,8,0,,0x00293d58
.rel.dyn,0x002b5b60,0x2b4b60,8,0,,0x0029c0bb
.rel.dyn,0x002b5b64,0x2b4b64,8,0,,0x0029c4dc
.rel.dyn,0x002b5b68,0x2b4b68,8,0,,0x0029e44c
.rel.dyn,0x002b5b6c,0x2b4b6c,8,0,,0x0029c0f6
.rel.dyn,0x002b5b70,0x2b4b70,8,0,,0x0029c0ed
.rel.dyn,0x002b5b74,0x2b4b74,8,0,,0x0029c0ff
.rel.dyn,0x002b5b7c,0x2b4b7c,8,0,,0x0029faf8
.rel.dyn,0x002b5b80,0x2b4b80,8,0,,0x002a0389
.rel.dyn,0x002b5b88,0x2b4b88,8,0,,0x002a046c
.rel.dyn,0x002b5b90,0x2b4b90,8,0,,0x002a039a
.rel.dyn,0x002b5b98,0x2b4b98,8,0,,0x002a048c
.rel.dyn,0x002b5ba0,0x2b4ba0,8,0,,0x002a03ac
.rel.dyn,0x002b5ba8,0x2b4ba8,8,0,,0x002a03b9
.rel.dyn,0x002b5bb0,0x2b4bb0,8,0,,0x002a03cc
.rel.dyn,0x002b5bb8,0x2b4bb8,8,0,,0x002a03e0
.rel.dyn,0x002b5bc0,0x2b4bc0,8,0,,0x002a03f4
.rel.dyn,0x002b5bc8,0x2b4bc8,8,0,,0x002a0412
.rel.dyn,0x002b5bd0,0x2b4bd0,8,0,,0x002a0426
.rel.dyn,0x002b5bd8,0x2b4bd8,8,0,,0x002a0444
.rel.dyn,0x002b5c00,0x2b4c00,8,0,,0x002a084e
.rel.dyn,0x002b5c08,0x2b4c08,8,0,,0x002a4ed8
.rel.dyn,0x002b5c10,0x2b4c10,8,0,,0x002a0853
.rel.dyn,0x002b5c18,0x2b4c18,8,0,,0x002a0859
.rel.dyn,0x002b5c20,0x2b4c20,8,0,,0x002a085f
.rel.dyn,0x002b5c28,0x2b4c28,8,0,,0x00270de5
.rel.dyn,0x002b5c30,0x2b4c30,8,0,,0x002a0865
.rel.dyn,0x002b5c38,0x2b4c38,8,0,,0x002a086b
.rel.dyn,0x002b5c40,0x2b4c40,8,0,,0x002a41a1
.rel.dyn,0x002b5c48,0x2b4c48,8,0,,0x00270d9d
.rel.dyn,0x002b5c50,0x2b4c50,8,0,,0x002a0854
.rel.dyn,0x002b5c58,0x2b4c58,8,0,,0x002a085a
.rel.dyn,0x002b5c60,0x2b4c60,8,0,,0x002a4194
.rel.dyn,0x002b5c68,0x2b4c68,8,0,,0x002a0871
.rel.dyn,0x002b5c70,0x2b4c70,8,0,,0x002a0876
.rel.dyn,0x002b5c78,0x2b4c78,8,0,,0x002a087b
.rel.dyn,0x002b5c80,0x2b4c80,8,0,,0x002a0880
.rel.dyn,0x002b5c88,0x2b4c88,8,0,,0x002a0887
.rel.dyn,0x002b5c90,0x2b4c90,8,0,,0x002a088e
.rel.dyn,0x002b5c98,0x2b4c98,8,0,,0x002a0895
.rel.dyn,0x002b5ca0,0x2b4ca0,8,0,,0x002a089c
.rel.dyn,0x002b5ca8,0x2b4ca8,8,0,,0x002a08a3
.rel.dyn,0x002b5cb0,0x2b4cb0,8,0,,0x002a08aa
.rel.dyn,0x002b5cb8,0x2b4cb8,8,0,,0x002a08b4
.rel.dyn,0x002b5cc0,0x2b4cc0,8,0,,0x002a08be
.rel.dyn,0x002b5cc8,0x2b4cc8,8,0,,0x002a08c8
.rel.dyn,0x002b5cd0,0x2b4cd0,8,0,,0x002a08d4
.rel.dyn,0x002b5cd8,0x2b4cd8,8,0,,0x002a08e4
.rel.dyn,0x002b5ce0,0x2b4ce0,8,0,,0x002a08f4
.rel.dyn,0x002b5ce8,0x2b4ce8,8,0,,0x002a0902
.rel.dyn,0x002b5d00,0x2b4d00,8,0,,0x0015fda1
.rel.dyn,0x002b5d04,0x2b4d04,8,0,,0x0015fd39
.rel.dyn,0x002b5d08,0x2b4d08,8,0,,0x0015fcda
.rel.dyn,0x002b5d0c,0x2b4d0c,8,0,,0x0015fc72
.rel.dyn,0x002b5d10,0x2b4d10,8,0,,0x0015fc13
.rel.dyn,0x002b5d14,0x2b4d14,8,0,,0x0015fba6
.rel.dyn,0x002b5d18,0x2b4d18,8,0,,0x0015fb49
.rel.dyn,0x002b5d1c,0x2b4d1c,8,0,,0x0015faec
.rel.dyn,0x002b5d20,0x2b4d20,8,0,,0x0015fa69
.rel.dyn,0x002b5d24,0x2b4d24,8,0,,0x0015f9e8
.rel.dyn,0x002b5d28,0x2b4d28,8,0,,0x0015f979
.rel.dyn,0x002b5d2c,0x2b4d2c,8,0,,0x0015f8f8
.rel.dyn,0x002b5d30,0x2b4d30,8,0,,0x0015f889
.rel.dyn,0x002b5d34,0x2b4d34,8,0,,0x0015f7fe
.rel.dyn,0x002b5d38,0x2b4d38,8,0,,0x0015f7a1
.rel.dyn,0x002b5d3c,0x2b4d3c,8,0,,0x0015f744
.rel.dyn,0x002b5d40,0x2b4d40,8,0,,0x0015f6b7
.rel.dyn,0x002b5d44,0x2b4d44,8,0,,0x0015f62d
.rel.dyn,0x002b5d48,0x2b4d48,8,0,,0x0015f5b7
.rel.dyn,0x002b5d4c,0x2b4d4c,8,0,,0x0015f52d
.rel.dyn,0x002b5d50,0x2b4d50,8,0,,0x0015f4b7
.rel.dyn,0x002b5d54,0x2b4d54,8,0,,0x0015f41e
.rel.dyn,0x002b5d58,0x2b4d58,8,0,,0x0015f3c1
.rel.dyn,0x002b5d5c,0x2b4d5c,8,0,,0x0015f364
.rel.dyn,0x002b5d60,0x2b4d60,8,0,,0x0015f2c6
.rel.dyn,0x002b5d64,0x2b4d64,8,0,,0x0015f22c
.rel.dyn,0x002b5d68,0x2b4d68,8,0,,0x0015f1af
.rel.dyn,0x002b5d6c,0x2b4d6c,8,0,,0x0015f115
.rel.dyn,0x002b5d70,0x2b4d70,8,0,,0x0015f098
.rel.dyn,0x002b5d74,0x2b4d74,8,0,,0x0015efea
.rel.dyn,0x002b5d78,0x2b4d78,8,0,,0x0015ef8d
.rel.dyn,0x002b5d7c,0x2b4d7c,8,0,,0x0015ef30
.rel.dyn,0x002b5d80,0x2b4d80,8,0,,0x0015eeb9
.rel.dyn,0x002b5d84,0x2b4d84,8,0,,0x0015ee50
.rel.dyn,0x002b5d88,0x2b4d88,8,0,,0x0015ede3
.rel.dyn,0x002b5d8c,0x2b4d8c,8,0,,0x0015ed75
.rel.dyn,0x002b5d90,0x2b4d90,8,0,,0x0015ed08
.rel.dyn,0x002b5d94,0x2b4d94,8,0,,0x0015ec95
.rel.dyn,0x002b5d98,0x2b4d98,8,0,,0x0015fb49
.rel.dyn,0x002b5d9c,0x2b4d9c,8,0,,0x0015faec
.rel.dyn,0x002b5da0,0x2b4da0,8,0,,0x0015ec03
.rel.dyn,0x002b5da4,0x2b4da4,8,0,,0x0015eb86
.rel.dyn,0x002b5da8,0x2b4da8,8,0,,0x0015eb08
.rel.dyn,0x002b5dac,0x2b4dac,8,0,,0x0015ea82
.rel.dyn,0x002b5db0,0x2b4db0,8,0,,0x0015ea04
.rel.dyn,0x002b5db4,0x2b4db4,8,0,,0x0015e974
.rel.dyn,0x002b5db8,0x2b4db8,8,0,,0x0015f7a1
.rel.dyn,0x002b5dbc,0x2b4dbc,8,0,,0x0015f744
.rel.dyn,0x002b5dc0,0x2b4dc0,8,0,,0x0015e8cb
.rel.dyn,0x002b5dc4,0x2b4dc4,8,0,,0x0015e84a
.rel.dyn,0x002b5dc8,0x2b4dc8,8,0,,0x0015e7bf
.rel.dyn,0x002b5dcc,0x2b4dcc,8,0,,0x0015e727
.rel.dyn,0x002b5dd0,0x2b4dd0,8,0,,0x0015e69c
.rel.dyn,0x002b5dd4,0x2b4dd4,8,0,,0x0015e5f5
.rel.dyn,0x002b5dd8,0x2b4dd8,8,0,,0x0015f3c1
.rel.dyn,0x002b5ddc,0x2b4ddc,8,0,,0x0015f364
.rel.dyn,0x002b5de0,0x2b4de0,8,0,,0x0015e535
.rel.dyn,0x002b5de4,0x2b4de4,8,0,,0x0015e4a9
.rel.dyn,0x002b5de8,0x2b4de8,8,0,,0x0015e411
.rel.dyn,0x002b5dec,0x2b4dec,8,0,,0x0015e367
.rel.dyn,0x002b5df0,0x2b4df0,8,0,,0x0015e2cf
.rel.dyn,0x002b5df4,0x2b4df4,8,0,,0x0015e211
.rel.dyn,0x002b5df8,0x2b4df8,8,0,,0x0015ef8d
.rel.dyn,0x002b5dfc,0x2b4dfc,8,0,,0x0015ef30
.rel.dyn,0x002b5e00,0x2b4e00,8,0,,0x0015e1a8
.rel.dyn,0x002b5e04,0x2b4e04,8,0,,0x0015e140
.rel.dyn,0x002b5e08,0x2b4e08,8,0,,0x0015e0e1
.rel.dyn,0x002b5e0c,0x2b4e0c,8,0,,0x0015e079
.rel.dyn,0x002b5e10,0x2b4e10,8,0,,0x0015e01a
.rel.dyn,0x002b5e14,0x2b4e14,8,0,,0x0015dfad
.rel.dyn,0x002b5e18,0x2b4e18,8,0,,0x0015df50
.rel.dyn,0x002b5e1c,0x2b4e1c,8,0,,0x0015def3
.rel.dyn,0x002b5e20,0x2b4e20,8,0,,0x0015de70
.rel.dyn,0x002b5e24,0x2b4e24,8,0,,0x0015ddef
.rel.dyn,0x002b5e28,0x2b4e28,8,0,,0x0015dd80
.rel.dyn,0x002b5e2c,0x2b4e2c,8,0,,0x0015dcff
.rel.dyn,0x002b5e30,0x2b4e30,8,0,,0x0015dc90
.rel.dyn,0x002b5e34,0x2b4e34,8,0,,0x0015dc05
.rel.dyn,0x002b5e38,0x2b4e38,8,0,,0x0015dba8
.rel.dyn,0x002b5e3c,0x2b4e3c,8,0,,0x0015db4b
.rel.dyn,0x002b5e40,0x2b4e40,8,0,,0x0015dabe
.rel.dyn,0x002b5e44,0x2b4e44,8,0,,0x0015da34
.rel.dyn,0x002b5e48,0x2b4e48,8,0,,0x0015d9be
.rel.dyn,0x002b5e4c,0x2b4e4c,8,0,,0x0015d934
.rel.dyn,0x002b5e50,0x2b4e50,8,0,,0x0015d8be
.rel.dyn,0x002b5e54,0x2b4e54,8,0,,0x0015d825
.rel.dyn,0x002b5e58,0x2b4e58,8,0,,0x0015d7c8
.rel.dyn,0x002b5e5c,0x2b4e5c,8,0,,0x0015d76b
.rel.dyn,0x002b5e60,0x2b4e60,8,0,,0x0015d6cd
.rel.dyn,0x002b5e64,0x2b4e64,8,0,,0x0015d633
.rel.dyn,0x002b5e68,0x2b4e68,8,0,,0x0015d5b6
.rel.dyn,0x002b5e6c,0x2b4e6c,8,0,,0x0015d51c
.rel.dyn,0x002b5e70,0x2b4e70,8,0,,0x0015d49f
.rel.dyn,0x002b5e74,0x2b4e74,8,0,,0x0015d3f1
.rel.dyn,0x002b5e78,0x2b4e78,8,0,,0x0015d394
.rel.dyn,0x002b5e7c,0x2b4e7c,8,0,,0x0015d337
.rel.dyn,0x002b5e80,0x2b4e80,8,0,,0x0015d2c0
.rel.dyn,0x002b5e84,0x2b4e84,8,0,,0x0015d257
.rel.dyn,0x002b5e88,0x2b4e88,8,0,,0x0015d1ea
.rel.dyn,0x002b5e8c,0x2b4e8c,8,0,,0x0015d17c
.rel.dyn,0x002b5e90,0x2b4e90,8,0,,0x0015d10f
.rel.dyn,0x002b5e94,0x2b4e94,8,0,,0x0015d09c
.rel.dyn,0x002b5e98,0x2b4e98,8,0,,0x0015df50
.rel.dyn,0x002b5e9c,0x2b4e9c,8,0,,0x0015def3
.rel.dyn,0x002b5ea0,0x2b4ea0,8,0,,0x0015d00a
.rel.dyn,0x002b5ea4,0x2b4ea4,8,0,,0x0015cf8d
.rel.dyn,0x002b5ea8,0x2b4ea8,8,0,,0x0015cf0f
.rel.dyn,0x002b5eac,0x2b4eac,8,0,,0x0015ce89
.rel.dyn,0x002b5eb0,0x2b4eb0,8,0,,0x0015ce0b
.rel.dyn,0x002b5eb4,0x2b4eb4,8,0,,0x0015cd7b
.rel.dyn,0x002b5eb8,0x2b4eb8,8,0,,0x0015dba8
.rel.dyn,0x002b5ebc,0x2b4ebc,8,0,,0x0015db4b
.rel.dyn,0x002b5ec0,0x2b4ec0,8,0,,0x0015ccd2
.rel.dyn,0x002b5ec4,0x2b4ec4,8,0,,0x0015cc51
.rel.dyn,0x002b5ec8,0x2b4ec8,8,0,,0x0015cbc6
.rel.dyn,0x002b5ecc,0x2b4ecc,8,0,,0x0015cb2e
.rel.dyn,0x002b5ed0,0x2b4ed0,8,0,,0x0015caa3
.rel.dyn,0x002b5ed4,0x2b4ed4,8,0,,0x0015c9fc
.rel.dyn,0x002b5ed8,0x2b4ed8,8,0,,0x0015d7c8
.rel.dyn,0x002b5edc,0x2b4edc,8,0,,0x0015d76b
.rel.dyn,0x002b5ee0,0x2b4ee0,8,0,,0x0015c93c
.rel.dyn,0x002b5ee4,0x2b4ee4,8,0,,0x0015c8b0
.rel.dyn,0x002b5ee8,0x2b4ee8,8,0,,0x0015c818
.rel.dyn,0x002b5eec,0x2b4eec,8,0,,0x0015c76e
.rel.dyn,0x002b5ef0,0x2b4ef0,8,0,,0x0015c6d6
.rel.dyn,0x002b5ef4,0x2b4ef4,8,0,,0x0015c618
.rel.dyn,0x002b5ef8,0x2b4ef8,8,0,,0x0015d394
.rel.dyn,0x002b5efc,0x2b4efc,8,0,,0x0015d337
.rel.dyn,0x002b5f00,0x2b4f00,8,0,,0x002a2a47
.rel.dyn,0x002b5f04,0x2b4f04,8,0,,0x002a2c6c
.rel.dyn,0x002b5f08,0x2b4f08,8,0,,0x002a2c71
.rel.dyn,0x002b5f20,0x2b4f20,8,0,,0x002a2a75
.rel.dyn,0x002b5f24,0x2b4f24,8,0,,0x00279662
.rel.dyn,0x002b5f28,0x2b4f28,8,0,,0x00279667
.rel.dyn,0x002b5f2c,0x2b4f2c,8,0,,0x0027966c
.rel.dyn,0x002b5f30,0x2b4f30,8,0,,0x00279671
.rel.dyn,0x002b5f34,0x2b4f34,8,0,,0x00279676
.rel.dyn,0x002b5f38,0x2b4f38,8,0,,0x0027967b
.rel.dyn,0x002b5f3c,0x2b4f3c,8,0,,0x00279680
.rel.dyn,0x002b5f40,0x2b4f40,8,0,,0x00279685
.rel.dyn,0x002b5f44,0x2b4f44,8,0,,0x0027968a
.rel.dyn,0x002b5f48,0x2b4f48,8,0,,0x0027968f
.rel.dyn,0x002b5f4c,0x2b4f4c,8,0,,0x00279694
.rel.dyn,0x002b5f60,0x2b4f60,8,0,,0x002a72ee
.rel.dyn,0x002b5f74,0x2b4f74,8,0,,0x002a766e
.rel.dyn,0x002b5f88,0x2b4f88,8,0,,0x002a5997
.rel.dyn,0x002b5f9c,0x2b4f9c,8,0,,0x002a599e
.rel.dyn,0x002b5fb0,0x2b4fb0,8,0,,0x002795ee
.rel.dyn,0x002b5fc4,0x2b4fc4,8,0,,0x002795f2
.rel.dyn,0x002b5fd8,0x2b4fd8,8,0,,0x002795f6
.rel.dyn,0x002b5fec,0x2b4fec,8,0,,0x0027967c
.rel.dyn,0x002b6000,0x2b5000,8,0,,0x002a7356
.rel.dyn,0x002b6014,0x2b5014,8,0,,0x002a731d
.rel.dyn,0x002b6028,0x2b5028,8,0,,0x0027a430
.rel.dyn,0x002b603c,0x2b503c,8,0,,0x0027a43b
.rel.dyn,0x002b6050,0x2b5050,8,0,,0x002795ea
.rel.dyn,0x002b6064,0x2b5064,8,0,,0x002a58cc
.rel.dyn,0x002b6078,0x2b5078,8,0,,0x002a7300
.rel.dyn,0x002b608c,0x2b508c,8,0,,0x002a734d
.rel.dyn,0x002b60a0,0x2b50a0,8,0,,0x002a7347
.rel.dyn,0x002b60b4,0x2b50b4,8,0,,0x002a72e8
.rel.dyn,0x002b60c8,0x2b50c8,8,0,,0x002a72fa
.rel.dyn,0x002b60dc,0x2b50dc,8,0,,0x0027a43f
.rel.dyn,0x002b60f0,0x2b50f0,8,0,,0x0027a444
.rel.dyn,0x002b6104,0x2b5104,8,0,,0x0027a44a
.rel.dyn,0x002b6118,0x2b5118,8,0,,0x0027a44f
.rel.dyn,0x002b612c,0x2b512c,8,0,,0x002a591b
.rel.dyn,0x002b6140,0x2b5140,8,0,,0x002a7323
.rel.dyn,0x002b6154,0x2b5154,8,0,,0x0027a464
.rel.dyn,0x002b6168,0x2b5168,8,0,,0x002a7329
.rel.dyn,0x002b617c,0x2b517c,8,0,,0x002a59db
.rel.dyn,0x002b6190,0x2b5190,8,0,,0x0027a46c
.rel.dyn,0x002b61a4,0x2b51a4,8,0,,0x002a58ff
.rel.dyn,0x002b61b8,0x2b51b8,8,0,,0x002a5906
.rel.dyn,0x002b61cc,0x2b51cc,8,0,,0x002a7668
.rel.dyn,0x002b61e0,0x2b51e0,8,0,,0x002a590d
.rel.dyn,0x002b61f4,0x2b51f4,8,0,,0x002a5914
.rel.dyn,0x002b6208,0x2b5208,8,0,,0x0027a470
.rel.dyn,0x002b621c,0x2b521c,8,0,,0x0027a478
.rel.dyn,0x002b6230,0x2b5230,8,0,,0x0027a42c
.rel.dyn,0x002b6244,0x2b5244,8,0,,0x002a5a1d
.rel.dyn,0x002b6258,0x2b5258,8,0,,0x0027a484
.rel.dyn,0x002b626c,0x2b526c,8,0,,0x0027a48c
.rel.dyn,0x002b6280,0x2b5280,8,0,,0x0027a49d
.rel.dyn,0x002b6294,0x2b5294,8,0,,0x0027a4a2
.rel.dyn,0x002b62a8,0x2b52a8,8,0,,0x0027a4a8
.rel.dyn,0x002b62bc,0x2b52bc,8,0,,0x0027a4ad
.rel.dyn,0x002b62d0,0x2b52d0,8,0,,0x0027a4b3
.rel.dyn,0x002b62e4,0x2b52e4,8,0,,0x00279606
.rel.dyn,0x002b6320,0x2b5320,8,0,,0x002a5ec0
.rel.dyn,0x002b6324,0x2b5324,8,0,,0x002a5907
.rel.dyn,0x002b6328,0x2b5328,8,0,,0x002a59dc
.rel.dyn,0x002b632c,0x2b532c,8,0,,0x002a5915
.rel.dyn,0x002b6330,0x2b5330,8,0,,0x002a2c76
.rel.dyn,0x002b6334,0x2b5334,8,0,,0x00272af8
.rel.dyn,0x002b6338,0x2b5338,8,0,,0x002a129f
.rel.dyn,0x002b633c,0x2b533c,8,0,,0x002a2b6d
.rel.dyn,0x002b6340,0x2b5340,8,0,,0x0027a479
.rel.dyn,0x002b6344,0x2b5344,8,0,,0x0027a465
.rel.dyn,0x002b6348,0x2b5348,8,0,,0x002a5ec0
.rel.dyn,0x002b634c,0x2b534c,8,0,,0x002a2c79
.rel.dyn,0x002b6360,0x2b5360,8,0,,0x00270d9d
.rel.dyn,0x002b6364,0x2b5364,8,0,,0x00270de5
.rel.dyn,0x002b6368,0x2b5368,8,0,,0x002a4ed8
.rel.dyn,0x002b636c,0x2b536c,8,0,,0x002a0854
.rel.dyn,0x002b6370,0x2b5370,8,0,,0x002a085a
.rel.dyn,0x002b6374,0x2b5374,8,0,,0x002a4194
.rel.dyn,0x002b6378,0x2b5378,8,0,,0x002a0865
.rel.dyn,0x002b637c,0x2b537c,8,0,,0x002a086b
.rel.dyn,0x002b6380,0x2b5380,8,0,,0x002a41a1
.rel.dyn,0x002b6384,0x2b5384,8,0,,0x002a0853
.rel.dyn,0x002b6388,0x2b5388,8,0,,0x002a0859
.rel.dyn,0x002b638c,0x2b538c,8,0,,0x002a085f
.rel.dyn,0x002b6390,0x2b5390,8,0,,0x002a0871
.rel.dyn,0x002b6394,0x2b5394,8,0,,0x002a0876
.rel.dyn,0x002b6398,0x2b5398,8,0,,0x002a087b
.rel.dyn,0x002b639c,0x2b539c,8,0,,0x002a0880
.rel.dyn,0x002b63a0,0x2b53a0,8,0,,0x002a088e
.rel.dyn,0x002b63a4,0x2b53a4,8,0,,0x002a0887
.rel.dyn,0x002b63a8,0x2b53a8,8,0,,0x002a089c
.rel.dyn,0x002b63ac,0x2b53ac,8,0,,0x002a0895
.rel.dyn,0x002b63b0,0x2b53b0,8,0,,0x002a08a3
.rel.dyn,0x002b63c0,0x2b53c0,8,0,,0x002a4227
.rel.dyn,0x002b63cc,0x2b53cc,8,0,,0x002a4234
.rel.dyn,0x002b63d8,0x2b53d8,8,0,,0x002a423d
.rel.dyn,0x002b63e4,0x2b53e4,8,0,,0x002a424f
.rel.dyn,0x002b63f0,0x2b53f0,8,0,,0x002a425b
.rel.dyn,0x002b63fc,0x2b53fc,8,0,,0x002a426b
.rel.dyn,0x002b6408,0x2b5408,8,0,,0x002a427a
.rel.dyn,0x002b6420,0x2b5420,8,0,,0x002a4288
.rel.dyn,0x002b642c,0x2b542c,8,0,,0x002a4292
.rel.dyn,0x002b6438,0x2b5438,8,0,,0x002a4234
.rel.dyn,0x002b6444,0x2b5444,8,0,,0x002a423d
.rel.dyn,0x002b6450,0x2b5450,8,0,,0x002a429c
.rel.dyn,0x002b645c,0x2b545c,8,0,,0x002a42a8
.rel.dyn,0x002b6468,0x2b5468,8,0,,0x002a42ba
.rel.dyn,0x002b6474,0x2b5474,8,0,,0x002a42cc
.rel.dyn,0x002b6480,0x2b5480,8,0,,0x002a42de
.rel.dyn,0x002b648c,0x2b548c,8,0,,0x002a42f0
.rel.dyn,0x002b6498,0x2b5498,8,0,,0x002a4302
.rel.dyn,0x002b64a4,0x2b54a4,8,0,,0x002a4314
.rel.dyn,0x002b64b0,0x2b54b0,8,0,,0x002a4326
.rel.dyn,0x002b64e0,0x2b54e0,8,0,,0x002a4338
.rel.dyn,0x002b64e8,0x2b54e8,8,0,,0x002a4345
.rel.dyn,0x002b64f0,0x2b54f0,8,0,,0x002a4352
.rel.dyn,0x002b6500,0x2b5500,8,0,,0x002a435e
.rel.dyn,0x002b6508,0x2b5508,8,0,,0x002a436a
.rel.dyn,0x002b6510,0x2b5510,8,0,,0x002a4378
.rel.dyn,0x002b6518,0x2b5518,8,0,,0x002a4385
.rel.dyn,0x002b6520,0x2b5520,8,0,,0x002a439c
.rel.dyn,0x002b6528,0x2b5528,8,0,,0x002a424f
.rel.dyn,0x002b6530,0x2b5530,8,0,,0x002a425b
.rel.dyn,0x002b6538,0x2b5538,8,0,,0x002a43b2
.rel.dyn,0x002b6560,0x2b5560,8,0,,0x002a0aa6
.rel.dyn,0x002b6564,0x2b5564,8,0,,0x002a5813
.rel.dyn,0x002b6568,0x2b5568,8,0,,0x002a581f
.rel.dyn,0x002b656c,0x2b556c,8,0,,0x002a5829
.rel.dyn,0x002b6570,0x2b5570,8,0,,0x002a582f
.rel.dyn,0x002b6574,0x2b5574,8,0,,0x002a5835
.rel.dyn,0x002b6578,0x2b5578,8,0,,0x002a583c
.rel.dyn,0x002b657c,0x2b557c,8,0,,0x002a5848
.rel.dyn,0x002b6580,0x2b5580,8,0,,0x002a5851
.rel.dyn,0x002b6584,0x2b5584,8,0,,0x002a5859
.rel.dyn,0x002b6588,0x2b5588,8,0,,0x002a5861
.rel.dyn,0x002b658c,0x2b558c,8,0,,0x002a586c
.rel.dyn,0x002b6590,0x2b5590,8,0,,0x002a5874
.rel.dyn,0x002b6594,0x2b5594,8,0,,0x002a4e11
.rel.dyn,0x002b65a4,0x2b55a4,8,0,,0x002a587c
.rel.dyn,0x002b65b8,0x2b55b8,8,0,,0x002a5883
.rel.dyn,0x002b65cc,0x2b55cc,8,0,,0x002a588a
.rel.dyn,0x002b65e0,0x2b55e0,8,0,,0x002a5891
.rel.dyn,0x002b65f4,0x2b55f4,8,0,,0x002a5898
.rel.dyn,0x002b6608,0x2b5608,8,0,,0x002a58a0
.rel.dyn,0x002b661c,0x2b561c,8,0,,0x002a58a8
.rel.dyn,0x002b6630,0x2b5630,8,0,,0x002a58b0
.rel.dyn,0x002b6644,0x2b5644,8,0,,0x002a58b8
.rel.dyn,0x002b6658,0x2b5658,8,0,,0x002a58c0
.rel.dyn,0x002b666c,0x2b566c,8,0,,0x002a58c9
.rel.dyn,0x002b6680,0x2b5680,8,0,,0x002a58d0
.rel.dyn,0x002b6694,0x2b5694,8,0,,0x002a58d7
.rel.dyn,0x002b66a8,0x2b56a8,8,0,,0x002a58de
.rel.dyn,0x002b66bc,0x2b56bc,8,0,,0x002a58e7
.rel.dyn,0x002b66d0,0x2b56d0,8,0,,0x002a58f1
.rel.dyn,0x002b66e4,0x2b56e4,8,0,,0x002a58fc
.rel.dyn,0x002b66f8,0x2b56f8,8,0,,0x002a5903
.rel.dyn,0x002b670c,0x2b570c,8,0,,0x002a590a
.rel.dyn,0x002b6720,0x2b5720,8,0,,0x002a5911
.rel.dyn,0x002b6734,0x2b5734,8,0,,0x002a5918
.rel.dyn,0x002b6748,0x2b5748,8,0,,0x002a591f
.rel.dyn,0x002b675c,0x2b575c,8,0,,0x002a5928
.rel.dyn,0x002b6770,0x2b5770,8,0,,0x002a5934
.rel.dyn,0x002b6784,0x2b5784,8,0,,0x002a593c
.rel.dyn,0x002b6798,0x2b5798,8,0,,0x002a5946
.rel.dyn,0x002b67ac,0x2b57ac,8,0,,0x002a5950
.rel.dyn,0x002b67c0,0x2b57c0,8,0,,0x002a5957
.rel.dyn,0x002b67d4,0x2b57d4,8,0,,0x002a595f
.rel.dyn,0x002b67e8,0x2b57e8,8,0,,0x002a5967
.rel.dyn,0x002b67fc,0x2b57fc,8,0,,0x002a596e
.rel.dyn,0x002b6810,0x2b5810,8,0,,0x002a5975
.rel.dyn,0x002b6824,0x2b5824,8,0,,0x002a597e
.rel.dyn,0x002b6838,0x2b5838,8,0,,0x002a5986
.rel.dyn,0x002b684c,0x2b584c,8,0,,0x002a598d
.rel.dyn,0x002b6860,0x2b5860,8,0,,0x002a5994
.rel.dyn,0x002b6874,0x2b5874,8,0,,0x002a599b
.rel.dyn,0x002b6888,0x2b5888,8,0,,0x002a59a2
.rel.dyn,0x002b689c,0x2b589c,8,0,,0x002a59a9
.rel.dyn,0x002b68b0,0x2b58b0,8,0,,0x002a59b0
.rel.dyn,0x002b68c4,0x2b58c4,8,0,,0x002a59ba
.rel.dyn,0x002b68d8,0x2b58d8,8,0,,0x002a59c4
.rel.dyn,0x002b68ec,0x2b58ec,8,0,,0x002a59ce
.rel.dyn,0x002b6900,0x2b5900,8,0,,0x002a59d8
.rel.dyn,0x002b6914,0x2b5914,8,0,,0x002a59df
.rel.dyn,0x002b6928,0x2b5928,8,0,,0x002a59e8
.rel.dyn,0x002b693c,0x2b593c,8,0,,0x002a59f1
.rel.dyn,0x002b6950,0x2b5950,8,0,,0x002a59f7
.rel.dyn,0x002b6964,0x2b5964,8,0,,0x002a59ff
.rel.dyn,0x002b6978,0x2b5978,8,0,,0x002a4fe7
.rel.dyn,0x002b698c,0x2b598c,8,0,,0x002a4fb1
.rel.dyn,0x002b69a0,0x2b59a0,8,0,,0x002a5a07
.rel.dyn,0x002b69b4,0x2b59b4,8,0,,0x002a6a4b
.rel.dyn,0x002b69c8,0x2b59c8,8,0,,0x002a5a0e
.rel.dyn,0x002b69dc,0x2b59dc,8,0,,0x002a5a1a
.rel.dyn,0x002b69f0,0x2b59f0,8,0,,0x002a5a21
.rel.dyn,0x002b6a04,0x2b5a04,8,0,,0x002a4f36
.rel.dyn,0x002b6a18,0x2b5a18,8,0,,0x002a5a29
.rel.dyn,0x002b6a2c,0x2b5a2c,8,0,,0x002a5a32
.rel.dyn,0x002b6a40,0x2b5a40,8,0,,0x002a5a3b
.rel.dyn,0x002b6a54,0x2b5a54,8,0,,0x002a5a46
.rel.dyn,0x002b6a68,0x2b5a68,8,0,,0x002a5a51
.rel.dyn,0x002b6aa0,0x2b5aa0,8,0,,0x002a601f
.rel.dyn,0x002b6aa4,0x2b5aa4,8,0,,0x002a6031
.rel.dyn,0x002b6aa8,0x2b5aa8,8,0,,0x002a6048
.rel.dyn,0x002b6aac,0x2b5aac,8,0,,0x002a6061
.rel.dyn,0x002b6ab0,0x2b5ab0,8,0,,0x002a6073
.rel.dyn,0x002b6ab4,0x2b5ab4,8,0,,0x002a6088
.rel.dyn,0x002b6ab8,0x2b5ab8,8,0,,0x002a609d
.rel.dyn,0x002b6abc,0x2b5abc,8,0,,0x002a60b2
.rel.dyn,0x002b6ac0,0x2b5ac0,8,0,,0x002a60c7
.rel.dyn,0x002b6ac4,0x2b5ac4,8,0,,0x002a60dc
.rel.dyn,0x002b6ac8,0x2b5ac8,8,0,,0x002a60f1
.rel.dyn,0x002b6acc,0x2b5acc,8,0,,0x002a6106
.rel.dyn,0x002b6ad0,0x2b5ad0,8,0,,0x002a611b
.rel.dyn,0x002b6ad4,0x2b5ad4,8,0,,0x002a612f
.rel.dyn,0x002b6ad8,0x2b5ad8,8,0,,0x002a6143
.rel.dyn,0x002b6adc,0x2b5adc,8,0,,0x002a6157
.rel.dyn,0x002b6ae0,0x2b5ae0,8,0,,0x002a616b
.rel.dyn,0x002b6ae4,0x2b5ae4,8,0,,0x002a617f
.rel.dyn,0x002b6ae8,0x2b5ae8,8,0,,0x002a6193
.rel.dyn,0x002b6aec,0x2b5aec,8,0,,0x002a61a7
.rel.dyn,0x002b6b00,0x2b5b00,8,0,,0x002a61bb
.rel.dyn,0x002b6b04,0x2b5b04,8,0,,0x002a61cb
.rel.dyn,0x002b6b08,0x2b5b08,8,0,,0x002a61d9
.rel.dyn,0x002b6b0c,0x2b5b0c,8,0,,0x002a61e7
.rel.dyn,0x002b6b10,0x2b5b10,8,0,,0x002a61fc
.rel.dyn,0x002b6b14,0x2b5b14,8,0,,0x002a6213
.rel.dyn,0x002b6b18,0x2b5b18,8,0,,0x002a6223
.rel.dyn,0x002b6b1c,0x2b5b1c,8,0,,0x002a6230
.rel.dyn,0x002b6b20,0x2b5b20,8,0,,0x002a623f
.rel.dyn,0x002b6b24,0x2b5b24,8,0,,0x002a6252
.rel.dyn,0x002b6b28,0x2b5b28,8,0,,0x002a6265
.rel.dyn,0x002b6b2c,0x2b5b2c,8,0,,0x002a6278
.rel.dyn,0x002b6b30,0x2b5b30,8,0,,0x002a628b
.rel.dyn,0x002b6b34,0x2b5b34,8,0,,0x002a629e
.rel.dyn,0x002b6b38,0x2b5b38,8,0,,0x002a62b1
.rel.dyn,0x002b6b3c,0x2b5b3c,8,0,,0x002a62c4
.rel.dyn,0x002b6b40,0x2b5b40,8,0,,0x002a62d7
.rel.dyn,0x002b6b44,0x2b5b44,8,0,,0x002a62e8
.rel.dyn,0x002b6b48,0x2b5b48,8,0,,0x002a62f9
.rel.dyn,0x002b6b4c,0x2b5b4c,8,0,,0x002a630a
.rel.dyn,0x002b6b50,0x2b5b50,8,0,,0x002a631b
.rel.dyn,0x002b6b54,0x2b5b54,8,0,,0x002a632c
.rel.dyn,0x002b6b58,0x2b5b58,8,0,,0x002a633d
.rel.dyn,0x002b6b5c,0x2b5b5c,8,0,,0x002a634e
.rel.dyn,0x002b6b60,0x2b5b60,8,0,,0x002a635f
.rel.dyn,0x002b6b64,0x2b5b64,8,0,,0x002a6370
.rel.dyn,0x002b6b68,0x2b5b68,8,0,,0x002a6381
.rel.dyn,0x002b6b6c,0x2b5b6c,8,0,,0x002a6393
.rel.dyn,0x002b6b70,0x2b5b70,8,0,,0x002a63a5
.rel.dyn,0x002b6b74,0x2b5b74,8,0,,0x002a63b7
.rel.dyn,0x002b6b78,0x2b5b78,8,0,,0x002a63c9
.rel.dyn,0x002b6b7c,0x2b5b7c,8,0,,0x002a63db
.rel.dyn,0x002b6b80,0x2b5b80,8,0,,0x002a63ed
.rel.dyn,0x002b6b84,0x2b5b84,8,0,,0x002a63fd
.rel.dyn,0x002b6b88,0x2b5b88,8,0,,0x002a6412
.rel.dyn,0x002b6b8c,0x2b5b8c,8,0,,0x002a6429
.rel.dyn,0x002b6b90,0x2b5b90,8,0,,0x002a6439
.rel.dyn,0x002b6b94,0x2b5b94,8,0,,0x002a644c
.rel.dyn,0x002b6b98,0x2b5b98,8,0,,0x002a645f
.rel.dyn,0x002b6b9c,0x2b5b9c,8,0,,0x002a6472
.rel.dyn,0x002b6ba0,0x2b5ba0,8,0,,0x002a6485
.rel.dyn,0x002b6ba4,0x2b5ba4,8,0,,0x002a6498
.rel.dyn,0x002b6ba8,0x2b5ba8,8,0,,0x002a64ab
.rel.dyn,0x002b6bac,0x2b5bac,8,0,,0x002a64be
.rel.dyn,0x002b6bb0,0x2b5bb0,8,0,,0x002a64d1
.rel.dyn,0x002b6bb4,0x2b5bb4,8,0,,0x002a64e3
.rel.dyn,0x002b6bb8,0x2b5bb8,8,0,,0x002a64f5
.rel.dyn,0x002b6bbc,0x2b5bbc,8,0,,0x002a6507
.rel.dyn,0x002b6bc0,0x2b5bc0,8,0,,0x002a6519
.rel.dyn,0x002b6bc4,0x2b5bc4,8,0,,0x002a652b
.rel.dyn,0x002b6bc8,0x2b5bc8,8,0,,0x002a653d
.rel.dyn,0x002b6bcc,0x2b5bcc,8,0,,0x002a654f
.rel.dyn,0x002b6be0,0x2b5be0,8,0,,0x002a6b71
.rel.dyn,0x002b6bec,0x2b5bec,8,0,,0x002a6b84
.rel.dyn,0x002b6bf8,0x2b5bf8,8,0,,0x002a6b9e
.rel.dyn,0x002b6c04,0x2b5c04,8,0,,0x002a6d80
.rel.dyn,0x002b6c10,0x2b5c10,8,0,,0x002a6bba
.rel.dyn,0x002b6c1c,0x2b5c1c,8,0,,0x002a6bce
.rel.dyn,0x002b6c28,0x2b5c28,8,0,,0x002a6be9
.rel.dyn,0x002b6c34,0x2b5c34,8,0,,0x002a6da4
.rel.dyn,0x002b6c40,0x2b5c40,8,0,,0x002a6c06
.rel.dyn,0x002b6c4c,0x2b5c4c,8,0,,0x002a6dc8
.rel.dyn,0x002b6c58,0x2b5c58,8,0,,0x002a6dec
.rel.dyn,0x002b6c64,0x2b5c64,8,0,,0x002a6e14
.rel.dyn,0x002b6c70,0x2b5c70,8,0,,0x002a6c23
.rel.dyn,0x002b6c7c,0x2b5c7c,8,0,,0x002a6c34
.rel.dyn,0x002b6c88,0x2b5c88,8,0,,0x002a6c4c
.rel.dyn,0x002b6c94,0x2b5c94,8,0,,0x002a6e44
.rel.dyn,0x002b6ca0,0x2b5ca0,8,0,,0x002a6c66
.rel.dyn,0x002b6cc0,0x2b5cc0,8,0,,0x002a72de
.rel.dyn,0x002b6cf0,0x2b5cf0,8,0,,0x002a98bc
.rel.dyn,0x002b6d20,0x2b5d20,8,0,,0x002a72e6
.rel.dyn,0x002b6d50,0x2b5d50,8,0,,0x002a72ec
.rel.dyn,0x002b6d80,0x2b5d80,8,0,,0x002a72f2
.rel.dyn,0x002b6db0,0x2b5db0,8,0,,0x002a72f8
.rel.dyn,0x002b6de0,0x2b5de0,8,0,,0x002a72fe
.rel.dyn,0x002b6e10,0x2b5e10,8,0,,0x002a7304
.rel.dyn,0x002b6e40,0x2b5e40,8,0,,0x002a730a
.rel.dyn,0x002b6e70,0x2b5e70,8,0,,0x002a7310
.rel.dyn,0x002b6ea0,0x2b5ea0,8,0,,0x002a7315
.rel.dyn,0x002b6ed0,0x2b5ed0,8,0,,0x002a731b
.rel.dyn,0x002b6f00,0x2b5f00,8,0,,0x002a7321
.rel.dyn,0x002b6f30,0x2b5f30,8,0,,0x002a7327
.rel.dyn,0x002b6f60,0x2b5f60,8,0,,0x002a732d
.rel.dyn,0x002b6f90,0x2b5f90,8,0,,0x002a7333
.rel.dyn,0x002b6fc0,0x2b5fc0,8,0,,0x002a7339
.rel.dyn,0x002b6ff0,0x2b5ff0,8,0,,0x002a733f
.rel.dyn,0x002b7020,0x2b6020,8,0,,0x002a7345
.rel.dyn,0x002b7050,0x2b6050,8,0,,0x002a734b
.rel.dyn,0x002b7080,0x2b6080,8,0,,0x002a7351
.rel.dyn,0x002b70b0,0x2b60b0,8,0,,0x002a735a
.rel.dyn,0x002b70e0,0x2b60e0,8,0,,0x002a735f
.rel.dyn,0x002b7110,0x2b6110,8,0,,0x002a7365
.rel.dyn,0x002b7140,0x2b6140,8,0,,0x002a736b
.rel.dyn,0x002b7170,0x2b6170,8,0,,0x002a7371
.rel.dyn,0x002b71a0,0x2b61a0,8,0,,0x002a7377
.rel.dyn,0x002b71d0,0x2b61d0,8,0,,0x002a737d
.rel.dyn,0x002b7200,0x2b6200,8,0,,0x002a7383
.rel.dyn,0x002b7230,0x2b6230,8,0,,0x002a7389
.rel.dyn,0x002b7260,0x2b6260,8,0,,0x002a738f
.rel.dyn,0x002b7290,0x2b6290,8,0,,0x002a7395
.rel.dyn,0x002b72c0,0x2b62c0,8,0,,0x002a739b
.rel.dyn,0x002b72f0,0x2b62f0,8,0,,0x002a73a1
.rel.dyn,0x002b7320,0x2b6320,8,0,,0x002ae1ee
.rel.dyn,0x002b7350,0x2b6350,8,0,,0x002a73a7
.rel.dyn,0x002b7380,0x2b6380,8,0,,0x002a73ad
.rel.dyn,0x002b73b0,0x2b63b0,8,0,,0x002a73b2
.rel.dyn,0x002b73e0,0x2b63e0,8,0,,0x002a73b7
.rel.dyn,0x002b7410,0x2b6410,8,0,,0x002a73be
.rel.dyn,0x002b7440,0x2b6440,8,0,,0x002a73c4
.rel.dyn,0x002b7470,0x2b6470,8,0,,0x002a73d0
.rel.dyn,0x002b74a0,0x2b64a0,8,0,,0x002a73dc
.rel.dyn,0x002b74d0,0x2b64d0,8,0,,0x002a73e9
.rel.dyn,0x002b7500,0x2b6500,8,0,,0x002a73f6
.rel.dyn,0x002b7530,0x2b6530,8,0,,0x002a7401
.rel.dyn,0x002b7560,0x2b6560,8,0,,0x002a740b
.rel.dyn,0x002b7590,0x2b6590,8,0,,0x002a7415
.rel.dyn,0x002b75c0,0x2b65c0,8,0,,0x002a7420
.rel.dyn,0x002b75f0,0x2b65f0,8,0,,0x002a742b
.rel.dyn,0x002b7620,0x2b6620,8,0,,0x002a7438
.rel.dyn,0x002b7650,0x2b6650,8,0,,0x002a7444
.rel.dyn,0x002b7680,0x2b6680,8,0,,0x002a7450
.rel.dyn,0x002b76b0,0x2b66b0,8,0,,0x002a745c
.rel.dyn,0x002b76e0,0x2b66e0,8,0,,0x002a7469
.rel.dyn,0x002b7710,0x2b6710,8,0,,0x002a7476
.rel.dyn,0x002b7740,0x2b6740,8,0,,0x002a7481
.rel.dyn,0x002b7770,0x2b6770,8,0,,0x002a748c
.rel.dyn,0x002b77a0,0x2b67a0,8,0,,0x002a7499
.rel.dyn,0x002b77d0,0x2b67d0,8,0,,0x002a74a5
.rel.dyn,0x002b7800,0x2b6800,8,0,,0x002a74b1
.rel.dyn,0x002b7830,0x2b6830,8,0,,0x002a74bd
.rel.dyn,0x002b7860,0x2b6860,8,0,,0x002a74ca
.rel.dyn,0x002b7890,0x2b6890,8,0,,0x002a74d7
.rel.dyn,0x002b78c0,0x2b68c0,8,0,,0x002a74e4
.rel.dyn,0x002b78f0,0x2b68f0,8,0,,0x002a74ef
.rel.dyn,0x002b7920,0x2b6920,8,0,,0x002a74f8
.rel.dyn,0x002b7950,0x2b6950,8,0,,0x002a74ff
.rel.dyn,0x002b7980,0x2b6980,8,0,,0x002a7506
.rel.dyn,0x002b79b0,0x2b69b0,8,0,,0x002a7511
.rel.dyn,0x002b79e0,0x2b69e0,8,0,,0x002a751c
.rel.dyn,0x002b7a10,0x2b6a10,8,0,,0x002a752a
.rel.dyn,0x002b7a40,0x2b6a40,8,0,,0x002a7538
.rel.dyn,0x002b7a70,0x2b6a70,8,0,,0x002a7543
.rel.dyn,0x002b7aa0,0x2b6aa0,8,0,,0x002a754e
.rel.dyn,0x002b7ad0,0x2b6ad0,8,0,,0x002a7553
.rel.dyn,0x002b7b00,0x2b6b00,8,0,,0x002a7558
.rel.dyn,0x002b7b30,0x2b6b30,8,0,,0x002a755d
.rel.dyn,0x002b7b60,0x2b6b60,8,0,,0x002a7561
.rel.dyn,0x002b7b90,0x2b6b90,8,0,,0x002a7566
.rel.dyn,0x002b7bc0,0x2b6bc0,8,0,,0x002a756a
.rel.dyn,0x002b7bf0,0x2b6bf0,8,0,,0x002a7570
.rel.dyn,0x002b7c20,0x2b6c20,8,0,,0x002a7577
.rel.dyn,0x002b7c50,0x2b6c50,8,0,,0x002a757d
.rel.dyn,0x002b7c80,0x2b6c80,8,0,,0x002a7583
.rel.dyn,0x002b7cb0,0x2b6cb0,8,0,,0x002a7589
.rel.dyn,0x002b7ce0,0x2b6ce0,8,0,,0x002ab75c
.rel.dyn,0x002b7d10,0x2b6d10,8,0,,0x002a7595
.rel.dyn,0x002b7d40,0x2b6d40,8,0,,0x002a759a
.rel.dyn,0x002b7d70,0x2b6d70,8,0,,0x002a75a1
.rel.dyn,0x002b7da0,0x2b6da0,8,0,,0x002a75a7
.rel.dyn,0x002b7dd0,0x2b6dd0,8,0,,0x002a7f9d
.rel.dyn,0x002b7e00,0x2b6e00,8,0,,0x002a75ac
.rel.dyn,0x002b7e30,0x2b6e30,8,0,,0x002a7f4d
.rel.dyn,0x002b7e60,0x2b6e60,8,0,,0x002a75b2
.rel.dyn,0x002b7e90,0x2b6e90,8,0,,0x002a7fd5
.rel.dyn,0x002b7ec0,0x2b6ec0,8,0,,0x002a75b8
.rel.dyn,0x002b7ef0,0x2b6ef0,8,0,,0x002a75c0
.rel.dyn,0x002b7f20,0x2b6f20,8,0,,0x002a75c8
.rel.dyn,0x002b7f50,0x2b6f50,8,0,,0x002a75ce
.rel.dyn,0x002b7f80,0x2b6f80,8,0,,0x002a75d6
.rel.dyn,0x002b7fb0,0x2b6fb0,8,0,,0x002a75de
.rel.dyn,0x002b7fe0,0x2b6fe0,8,0,,0x002a75e9
.rel.dyn,0x002b8010,0x2b7010,8,0,,0x002a75f4
.rel.dyn,0x002b8040,0x2b7040,8,0,,0x002a75fd
.rel.dyn,0x002b8070,0x2b7070,8,0,,0x002a7606
.rel.dyn,0x002b80a0,0x2b70a0,8,0,,0x002a7612
.rel.dyn,0x002b80d0,0x2b70d0,8,0,,0x002a761e
.rel.dyn,0x002b8100,0x2b7100,8,0,,0x002a7624
.rel.dyn,0x002b8130,0x2b7130,8,0,,0x002a762e
.rel.dyn,0x002b8160,0x2b7160,8,0,,0x002a7636
.rel.dyn,0x002b8190,0x2b7190,8,0,,0x002a763e
.rel.dyn,0x002b81c0,0x2b71c0,8,0,,0x002a7646
.rel.dyn,0x002b81f0,0x2b71f0,8,0,,0x002a764e
.rel.dyn,0x002b8220,0x2b7220,8,0,,0x002a7657
.rel.dyn,0x002b8250,0x2b7250,8,0,,0x002a7660
.rel.dyn,0x002b8280,0x2b7280,8,0,,0x002a7666
.rel.dyn,0x002b82b0,0x2b72b0,8,0,,0x002a766c
.rel.dyn,0x002b82e0,0x2b72e0,8,0,,0x002a7672
.rel.dyn,0x002b8310,0x2b7310,8,0,,0x002a7679
.rel.dyn,0x002b8340,0x2b7340,8,0,,0x002a7681
.rel.dyn,0x002b8370,0x2b7370,8,0,,0x002a768b
.rel.dyn,0x002b83a0,0x2b73a0,8,0,,0x002a7695
.rel.dyn,0x002b83d0,0x2b73d0,8,0,,0x002a769f
.rel.dyn,0x002b8400,0x2b7400,8,0,,0x002a76aa
.rel.dyn,0x002b8430,0x2b7430,8,0,,0x002a76b5
.rel.dyn,0x002b8460,0x2b7460,8,0,,0x002a76c0
.rel.dyn,0x002b8494,0x2b7494,8,0,,0x002b84a8
.rel.dyn,0x002b8498,0x2b7498,8,0,,0x002b84c4
.rel.dyn,0x002b849c,0x2b749c,8,0,,0x002b84e0
.rel.dyn,0x002b84a0,0x2b74a0,8,0,,0x002b84fc
.rel.dyn,0x002b84a4,0x2b74a4,8,0,,0x002b8518
.rel.dyn,0x002b84b0,0x2b74b0,8,0,,0x002a8d3c
.rel.dyn,0x002b84cc,0x2b74cc,8,0,,0x002a8d54
.rel.dyn,0x002b84e8,0x2b74e8,8,0,,0x002a8d80
.rel.dyn,0x002b84ec,0x2b74ec,8,0,,0x002a8d80
.rel.dyn,0x002b84f0,0x2b74f0,8,0,,0x002a8d80
.rel.dyn,0x002b84f4,0x2b74f4,8,0,,0x002a8d98
.rel.dyn,0x002b84f8,0x2b74f8,8,0,,0x002a8d98
.rel.dyn,0x002b8504,0x2b7504,8,0,,0x002a8db0
.rel.dyn,0x002b8520,0x2b7520,8,0,,0x002a8dc8
.rel.dyn,0x002b8540,0x2b7540,8,0,,0x002aa187
.rel.dyn,0x002b8544,0x2b7544,8,0,,0x002aa08e
.rel.dyn,0x002b8548,0x2b7548,8,0,,0x002a57eb
.rel.dyn,0x002b854c,0x2b754c,8,0,,0x002a57eb
.rel.dyn,0x002b8550,0x2b7550,8,0,,0x002aa240
.rel.dyn,0x002b855c,0x2b755c,8,0,,0x002aa183
.rel.dyn,0x002b8560,0x2b7560,8,0,,0x002aa092
.rel.dyn,0x002b8564,0x2b7564,8,0,,0x002a57eb
.rel.dyn,0x002b8568,0x2b7568,8,0,,0x002a57eb
.rel.dyn,0x002b856c,0x2b756c,8,0,,0x002aa240
.rel.dyn,0x002b8578,0x2b7578,8,0,,0x002aa0a3
.rel.dyn,0x002b857c,0x2b757c,8,0,,0x002aa096
.rel.dyn,0x002b8580,0x2b7580,8,0,,0x002a57eb
.rel.dyn,0x002b8584,0x2b7584,8,0,,0x002a57eb
.rel.dyn,0x002b8588,0x2b7588,8,0,,0x002aa240
.rel.dyn,0x002b8594,0x2b7594,8,0,,0x002aa17f
.rel.dyn,0x002b8598,0x2b7598,8,0,,0x002aa09a
.rel.dyn,0x002b859c,0x2b759c,8,0,,0x002a57eb
.rel.dyn,0x002b85a0,0x2b75a0,8,0,,0x002a57eb
.rel.dyn,0x002b85a4,0x2b75a4,8,0,,0x002aa240
.rel.dyn,0x002b85b0,0x2b75b0,8,0,,0x002aa0ff
.rel.dyn,0x002b85b4,0x2b75b4,8,0,,0x002aa09e
.rel.dyn,0x002b85b8,0x2b75b8,8,0,,0x002a57eb
.rel.dyn,0x002b85bc,0x2b75bc,8,0,,0x002a57eb
.rel.dyn,0x002b85c0,0x2b75c0,8,0,,0x002aa280
.rel.dyn,0x002b85cc,0x2b75cc,8,0,,0x002aa18b
.rel.dyn,0x002b85d0,0x2b75d0,8,0,,0x002aa0a2
.rel.dyn,0x002b85d4,0x2b75d4,8,0,,0x002a57eb
.rel.dyn,0x002b85d8,0x2b75d8,8,0,,0x002a57eb
.rel.dyn,0x002b85dc,0x2b75dc,8,0,,0x002aa280
.rel.dyn,0x002b85e8,0x2b75e8,8,0,,0x002a57eb
.rel.dyn,0x002b85ec,0x2b75ec,8,0,,0x002aa0a6
.rel.dyn,0x002b85f0,0x2b75f0,8,0,,0x002aa0cb
.rel.dyn,0x002b85f4,0x2b75f4,8,0,,0x002aa0ce
.rel.dyn,0x002b85f8,0x2b75f8,8,0,,0x002aa2c0
.rel.dyn,0x002b8604,0x2b7604,8,0,,0x002a57eb
.rel.dyn,0x002b8608,0x2b7608,8,0,,0x002aa0aa
.rel.dyn,0x002b860c,0x2b760c,8,0,,0x002aa0cb
.rel.dyn,0x002b8610,0x2b7610,8,0,,0x002aa0d5
.rel.dyn,0x002b8614,0x2b7614,8,0,,0x002aa2c0
.rel.dyn,0x002b8620,0x2b7620,8,0,,0x002a57eb
.rel.dyn,0x002b8624,0x2b7624,8,0,,0x002aa0ae
.rel.dyn,0x002b8628,0x2b7628,8,0,,0x002aa0dc
.rel.dyn,0x002b862c,0x2b762c,8,0,,0x002aa0ce
.rel.dyn,0x002b8630,0x2b7630,8,0,,0x002aa2c0
.rel.dyn,0x002b863c,0x2b763c,8,0,,0x002a57eb
.rel.dyn,0x002b8640,0x2b7640,8,0,,0x002aa0b2
.rel.dyn,0x002b8644,0x2b7644,8,0,,0x002aa0dc
.rel.dyn,0x002b8648,0x2b7648,8,0,,0x002aa0d5
.rel.dyn,0x002b864c,0x2b764c,8,0,,0x002aa2c0
.rel.dyn,0x002b8658,0x2b7658,8,0,,0x002a57eb
.rel.dyn,0x002b865c,0x2b765c,8,0,,0x002aa0b6
.rel.dyn,0x002b8660,0x2b7660,8,0,,0x002aa0ce
.rel.dyn,0x002b8664,0x2b7664,8,0,,0x002aa0cb
.rel.dyn,0x002b8668,0x2b7668,8,0,,0x002aa2c0
.rel.dyn,0x002b8674,0x2b7674,8,0,,0x002a57eb
.rel.dyn,0x002b8678,0x2b7678,8,0,,0x002aa0ba
.rel.dyn,0x002b867c,0x2b767c,8,0,,0x002aa0d5
.rel.dyn,0x002b8680,0x2b7680,8,0,,0x002aa0cb
.rel.dyn,0x002b8684,0x2b7684,8,0,,0x002aa2c0
.rel.dyn,0x002b8690,0x2b7690,8,0,,0x002a57eb
.rel.dyn,0x002b8694,0x2b7694,8,0,,0x002aa0be
.rel.dyn,0x002b8698,0x2b7698,8,0,,0x002aa0ce
.rel.dyn,0x002b869c,0x2b769c,8,0,,0x002aa0dc
.rel.dyn,0x002b86a0,0x2b76a0,8,0,,0x002aa2c0
.rel.dyn,0x002b86ac,0x2b76ac,8,0,,0x002a57eb
.rel.dyn,0x002b86b0,0x2b76b0,8,0,,0x002aa0c2
.rel.dyn,0x002b86b4,0x2b76b4,8,0,,0x002aa0d5
.rel.dyn,0x002b86b8,0x2b76b8,8,0,,0x002aa0dc
.rel.dyn,0x002b86bc,0x2b76bc,8,0,,0x002aa2c0
.rel.dyn,0x002b86e0,0x2b76e0,8,0,,0x002aa187
.rel.dyn,0x002b86e4,0x2b76e4,8,0,,0x002aa08e
.rel.dyn,0x002b86e8,0x2b76e8,8,0,,0x002a57eb
.rel.dyn,0x002b86ec,0x2b76ec,8,0,,0x002a57eb
.rel.dyn,0x002b86f0,0x2b76f0,8,0,,0x002aa300
.rel.dyn,0x002b86fc,0x2b76fc,8,0,,0x002aa183
.rel.dyn,0x002b8700,0x2b7700,8,0,,0x002aa092
.rel.dyn,0x002b8704,0x2b7704,8,0,,0x002a57eb
.rel.dyn,0x002b8708,0x2b7708,8,0,,0x002a57eb
.rel.dyn,0x002b870c,0x2b770c,8,0,,0x002aa300
.rel.dyn,0x002b8718,0x2b7718,8,0,,0x002aa0a3
.rel.dyn,0x002b871c,0x2b771c,8,0,,0x002aa096
.rel.dyn,0x002b8720,0x2b7720,8,0,,0x002a57eb
.rel.dyn,0x002b8724,0x2b7724,8,0,,0x002a57eb
.rel.dyn,0x002b8728,0x2b7728,8,0,,0x002aa300
.rel.dyn,0x002b8734,0x2b7734,8,0,,0x002aa17f
.rel.dyn,0x002b8738,0x2b7738,8,0,,0x002aa09a
.rel.dyn,0x002b873c,0x2b773c,8,0,,0x002a57eb
.rel.dyn,0x002b8740,0x2b7740,8,0,,0x002a57eb
.rel.dyn,0x002b8744,0x2b7744,8,0,,0x002aa300
.rel.dyn,0x002b8750,0x2b7750,8,0,,0x002a57eb
.rel.dyn,0x002b8754,0x2b7754,8,0,,0x002aa0c6
.rel.dyn,0x002b8758,0x2b7758,8,0,,0x002aa0ca
.rel.dyn,0x002b875c,0x2b775c,8,0,,0x002aa0cd
.rel.dyn,0x002b8760,0x2b7760,8,0,,0x002aa340
.rel.dyn,0x002b876c,0x2b776c,8,0,,0x002a57eb
.rel.dyn,0x002b8770,0x2b7770,8,0,,0x002aa0d0
.rel.dyn,0x002b8774,0x2b7774,8,0,,0x002aa0ca
.rel.dyn,0x002b8778,0x2b7778,8,0,,0x002aa0d4
.rel.dyn,0x002b877c,0x2b777c,8,0,,0x002aa340
.rel.dyn,0x002b8788,0x2b7788,8,0,,0x002a57eb
.rel.dyn,0x002b878c,0x2b778c,8,0,,0x002aa0d7
.rel.dyn,0x002b8790,0x2b7790,8,0,,0x002aa0db
.rel.dyn,0x002b8794,0x2b7794,8,0,,0x002aa0cd
.rel.dyn,0x002b8798,0x2b7798,8,0,,0x002aa340
.rel.dyn,0x002b87a4,0x2b77a4,8,0,,0x002a57eb
.rel.dyn,0x002b87a8,0x2b77a8,8,0,,0x002aa0de
.rel.dyn,0x002b87ac,0x2b77ac,8,0,,0x002aa0db
.rel.dyn,0x002b87b0,0x2b77b0,8,0,,0x002aa0d4
.rel.dyn,0x002b87b4,0x2b77b4,8,0,,0x002aa340
.rel.dyn,0x002b87c0,0x2b77c0,8,0,,0x002a57eb
.rel.dyn,0x002b87c4,0x2b77c4,8,0,,0x002aa0e2
.rel.dyn,0x002b87c8,0x2b77c8,8,0,,0x002aa0cd
.rel.dyn,0x002b87cc,0x2b77cc,8,0,,0x002aa0ca
.rel.dyn,0x002b87d0,0x2b77d0,8,0,,0x002aa340
.rel.dyn,0x002b87dc,0x2b77dc,8,0,,0x002a57eb
.rel.dyn,0x002b87e0,0x2b77e0,8,0,,0x002aa0e6
.rel.dyn,0x002b87e4,0x2b77e4,8,0,,0x002aa0d4
.rel.dyn,0x002b87e8,0x2b77e8,8,0,,0x002aa0ca
.rel.dyn,0x002b87ec,0x2b77ec,8,0,,0x002aa340
.rel.dyn,0x002b87f8,0x2b77f8,8,0,,0x002a57eb
.rel.dyn,0x002b87fc,0x2b77fc,8,0,,0x002aa0ea
.rel.dyn,0x002b8800,0x2b7800,8,0,,0x002aa0cd
.rel.dyn,0x002b8804,0x2b7804,8,0,,0x002aa0db
.rel.dyn,0x002b8808,0x2b7808,8,0,,0x002aa340
.rel.dyn,0x002b8814,0x2b7814,8,0,,0x002a57eb
.rel.dyn,0x002b8818,0x2b7818,8,0,,0x002aa0ee
.rel.dyn,0x002b881c,0x2b781c,8,0,,0x002aa0d4
.rel.dyn,0x002b8820,0x2b7820,8,0,,0x002aa0db
.rel.dyn,0x002b8824,0x2b7824,8,0,,0x002aa340
.rel.dyn,0x002b8830,0x2b7830,8,0,,0x002a57eb
.rel.dyn,0x002b8834,0x2b7834,8,0,,0x002aa0f2
.rel.dyn,0x002b8838,0x2b7838,8,0,,0x002aa0d5
.rel.dyn,0x002b883c,0x2b783c,8,0,,0x002aa0cd
.rel.dyn,0x002b8840,0x2b7840,8,0,,0x002aa380
.rel.dyn,0x002b884c,0x2b784c,8,0,,0x002a57eb
.rel.dyn,0x002b8850,0x2b7850,8,0,,0x002aa0f2
.rel.dyn,0x002b8854,0x2b7854,8,0,,0x002aa0ce
.rel.dyn,0x002b8858,0x2b7858,8,0,,0x002aa0d4
.rel.dyn,0x002b885c,0x2b785c,8,0,,0x002aa380
.rel.dyn,0x002b8868,0x2b7868,8,0,,0x002a57eb
.rel.dyn,0x002b886c,0x2b786c,8,0,,0x002aa0f6
.rel.dyn,0x002b8870,0x2b7870,8,0,,0x002aa0dc
.rel.dyn,0x002b8874,0x2b7874,8,0,,0x002aa0ca
.rel.dyn,0x002b8878,0x2b7878,8,0,,0x002aa380
.rel.dyn,0x002b8884,0x2b7884,8,0,,0x002a57eb
.rel.dyn,0x002b8888,0x2b7888,8,0,,0x002aa0f6
.rel.dyn,0x002b888c,0x2b788c,8,0,,0x002aa0cb
.rel.dyn,0x002b8890,0x2b7890,8,0,,0x002aa0db
.rel.dyn,0x002b8894,0x2b7894,8,0,,0x002aa380
.rel.dyn,0x002b88a0,0x2b78a0,8,0,,0x002aa187
.rel.dyn,0x002b88a4,0x2b78a4,8,0,,0x002aa08e
.rel.dyn,0x002b88a8,0x2b78a8,8,0,,0x002a57eb
.rel.dyn,0x002b88ac,0x2b78ac,8,0,,0x002a57eb
.rel.dyn,0x002b88b0,0x2b78b0,8,0,,0x002aa3c0
.rel.dyn,0x002b88bc,0x2b78bc,8,0,,0x002aa183
.rel.dyn,0x002b88c0,0x2b78c0,8,0,,0x002aa092
.rel.dyn,0x002b88c4,0x2b78c4,8,0,,0x002a57eb
.rel.dyn,0x002b88c8,0x2b78c8,8,0,,0x002a57eb
.rel.dyn,0x002b88cc,0x2b78cc,8,0,,0x002aa3c0
.rel.dyn,0x002b88d8,0x2b78d8,8,0,,0x002aa0a3
.rel.dyn,0x002b88dc,0x2b78dc,8,0,,0x002aa096
.rel.dyn,0x002b88e0,0x2b78e0,8,0,,0x002a57eb
.rel.dyn,0x002b88e4,0x2b78e4,8,0,,0x002a57eb
.rel.dyn,0x002b88e8,0x2b78e8,8,0,,0x002aa3c0
.rel.dyn,0x002b88f4,0x2b78f4,8,0,,0x002aa17f
.rel.dyn,0x002b88f8,0x2b78f8,8,0,,0x002aa09a
.rel.dyn,0x002b88fc,0x2b78fc,8,0,,0x002a57eb
.rel.dyn,0x002b8900,0x2b7900,8,0,,0x002a57eb
.rel.dyn,0x002b8904,0x2b7904,8,0,,0x002aa3c0
.rel.dyn,0x002b8910,0x2b7910,8,0,,0x002a57eb
.rel.dyn,0x002b8914,0x2b7914,8,0,,0x002aa0fa
.rel.dyn,0x002b8918,0x2b7918,8,0,,0x002aa0dc
.rel.dyn,0x002b891c,0x2b791c,8,0,,0x002aa0ca
.rel.dyn,0x002b8920,0x2b7920,8,0,,0x002aa400
.rel.dyn,0x002b892c,0x2b792c,8,0,,0x002a57eb
.rel.dyn,0x002b8930,0x2b7930,8,0,,0x002aa0fa
.rel.dyn,0x002b8934,0x2b7934,8,0,,0x002aa0cb
.rel.dyn,0x002b8938,0x2b7938,8,0,,0x002aa0db
.rel.dyn,0x002b893c,0x2b793c,8,0,,0x002aa400
.rel.dyn,0x002b8960,0x2b7960,8,0,,0x002a57eb
.rel.dyn,0x002b8964,0x2b7964,8,0,,0x002aa0fe
.rel.dyn,0x002b8968,0x2b7968,8,0,,0x002aa0d5
.rel.dyn,0x002b896c,0x2b796c,8,0,,0x002aa0cd
.rel.dyn,0x002b8970,0x2b7970,8,0,,0x002aa440
.rel.dyn,0x002b897c,0x2b797c,8,0,,0x002a57eb
.rel.dyn,0x002b8980,0x2b7980,8,0,,0x002aa102
.rel.dyn,0x002b8984,0x2b7984,8,0,,0x002aa0d5
.rel.dyn,0x002b8988,0x2b7988,8,0,,0x002aa0cd
.rel.dyn,0x002b898c,0x2b798c,8,0,,0x002aa440
.rel.dyn,0x002b8998,0x2b7998,8,0,,0x002a57eb
.rel.dyn,0x002b899c,0x2b799c,8,0,,0x002aa0fe
.rel.dyn,0x002b89a0,0x2b79a0,8,0,,0x002aa0ce
.rel.dyn,0x002b89a4,0x2b79a4,8,0,,0x002aa0d4
.rel.dyn,0x002b89a8,0x2b79a8,8,0,,0x002aa440
.rel.dyn,0x002b89b4,0x2b79b4,8,0,,0x002a57eb
.rel.dyn,0x002b89b8,0x2b79b8,8,0,,0x002aa102
.rel.dyn,0x002b89bc,0x2b79bc,8,0,,0x002aa0ce
.rel.dyn,0x002b89c0,0x2b79c0,8,0,,0x002aa0d4
.rel.dyn,0x002b89c4,0x2b79c4,8,0,,0x002aa440
.rel.dyn,0x002b89e0,0x2b79e0,8,0,,0x002aa106
.rel.dyn,0x002b89e4,0x2b79e4,8,0,,0x002aa08e
.rel.dyn,0x002b89e8,0x2b79e8,8,0,,0x002a57eb
.rel.dyn,0x002b89ec,0x2b79ec,8,0,,0x002a57eb
.rel.dyn,0x002b89f0,0x2b79f0,8,0,,0x002aa480
.rel.dyn,0x002b89fc,0x2b79fc,8,0,,0x002aa10b
.rel.dyn,0x002b8a00,0x2b7a00,8,0,,0x002aa096
.rel.dyn,0x002b8a04,0x2b7a04,8,0,,0x002a57eb
.rel.dyn,0x002b8a08,0x2b7a08,8,0,,0x002a57eb
.rel.dyn,0x002b8a0c,0x2b7a0c,8,0,,0x002aa480
.rel.dyn,0x002b8a18,0x2b7a18,8,0,,0x002aa110
.rel.dyn,0x002b8a1c,0x2b7a1c,8,0,,0x002aa092
.rel.dyn,0x002b8a20,0x2b7a20,8,0,,0x002a57eb
.rel.dyn,0x002b8a24,0x2b7a24,8,0,,0x002a57eb
.rel.dyn,0x002b8a28,0x2b7a28,8,0,,0x002aa480
.rel.dyn,0x002b8a34,0x2b7a34,8,0,,0x002aa115
.rel.dyn,0x002b8a38,0x2b7a38,8,0,,0x002aa09a
.rel.dyn,0x002b8a3c,0x2b7a3c,8,0,,0x002a57eb
.rel.dyn,0x002b8a40,0x2b7a40,8,0,,0x002a57eb
.rel.dyn,0x002b8a44,0x2b7a44,8,0,,0x002aa480
.rel.dyn,0x002b8a50,0x2b7a50,8,0,,0x002a57eb
.rel.dyn,0x002b8a54,0x2b7a54,8,0,,0x002aa11a
.rel.dyn,0x002b8a58,0x2b7a58,8,0,,0x002aa0cb
.rel.dyn,0x002b8a5c,0x2b7a5c,8,0,,0x002aa0ce
.rel.dyn,0x002b8a60,0x2b7a60,8,0,,0x002aa4c0
.rel.dyn,0x002b8a6c,0x2b7a6c,8,0,,0x002a57eb
.rel.dyn,0x002b8a70,0x2b7a70,8,0,,0x002aa11e
.rel.dyn,0x002b8a74,0x2b7a74,8,0,,0x002aa0dc
.rel.dyn,0x002b8a78,0x2b7a78,8,0,,0x002aa0ce
.rel.dyn,0x002b8a7c,0x2b7a7c,8,0,,0x002aa4c0
.rel.dyn,0x002b8a88,0x2b7a88,8,0,,0x002a57eb
.rel.dyn,0x002b8a8c,0x2b7a8c,8,0,,0x002aa122
.rel.dyn,0x002b8a90,0x2b7a90,8,0,,0x002aa0cb
.rel.dyn,0x002b8a94,0x2b7a94,8,0,,0x002aa0d5
.rel.dyn,0x002b8a98,0x2b7a98,8,0,,0x002aa4c0
.rel.dyn,0x002b8aa4,0x2b7aa4,8,0,,0x002a57eb
.rel.dyn,0x002b8aa8,0x2b7aa8,8,0,,0x002aa126
.rel.dyn,0x002b8aac,0x2b7aac,8,0,,0x002aa0dc
.rel.dyn,0x002b8ab0,0x2b7ab0,8,0,,0x002aa0d5
.rel.dyn,0x002b8ab4,0x2b7ab4,8,0,,0x002aa4c0
.rel.dyn,0x002b8ac0,0x2b7ac0,8,0,,0x002aa187
.rel.dyn,0x002b8ac4,0x2b7ac4,8,0,,0x002aa08e
.rel.dyn,0x002b8ac8,0x2b7ac8,8,0,,0x002aa157
.rel.dyn,0x002b8acc,0x2b7acc,8,0,,0x002a57eb
.rel.dyn,0x002b8ad0,0x2b7ad0,8,0,,0x002aa500
.rel.dyn,0x002b8adc,0x2b7adc,8,0,,0x002aa183
.rel.dyn,0x002b8ae0,0x2b7ae0,8,0,,0x002aa092
.rel.dyn,0x002b8ae4,0x2b7ae4,8,0,,0x002aa157
.rel.dyn,0x002b8ae8,0x2b7ae8,8,0,,0x002a57eb
.rel.dyn,0x002b8aec,0x2b7aec,8,0,,0x002aa500
.rel.dyn,0x002b8af8,0x2b7af8,8,0,,0x002aa0a3
.rel.dyn,0x002b8afc,0x2b7afc,8,0,,0x002aa096
.rel.dyn,0x002b8b00,0x2b7b00,8,0,,0x002aa157
.rel.dyn,0x002b8b04,0x2b7b04,8,0,,0x002a57eb
.rel.dyn,0x002b8b08,0x2b7b08,8,0,,0x002aa500
.rel.dyn,0x002b8b14,0x2b7b14,8,0,,0x002aa17f
.rel.dyn,0x002b8b18,0x2b7b18,8,0,,0x002aa09a
.rel.dyn,0x002b8b1c,0x2b7b1c,8,0,,0x002aa157
.rel.dyn,0x002b8b20,0x2b7b20,8,0,,0x002a57eb
.rel.dyn,0x002b8b24,0x2b7b24,8,0,,0x002aa500
.rel.dyn,0x002b8b30,0x2b7b30,8,0,,0x002aa12a
.rel.dyn,0x002b8b34,0x2b7b34,8,0,,0x002aa0fe
.rel.dyn,0x002b8b38,0x2b7b38,8,0,,0x002a57eb
.rel.dyn,0x002b8b3c,0x2b7b3c,8,0,,0x002a57eb
.rel.dyn,0x002b8b40,0x2b7b40,8,0,,0x002aa540
.rel.dyn,0x002b8b4c,0x2b7b4c,8,0,,0x002aa12a
.rel.dyn,0x002b8b50,0x2b7b50,8,0,,0x002aa102
.rel.dyn,0x002b8b54,0x2b7b54,8,0,,0x002a57eb
.rel.dyn,0x002b8b58,0x2b7b58,8,0,,0x002a57eb
.rel.dyn,0x002b8b5c,0x2b7b5c,8,0,,0x002aa540
.rel.dyn,0x002b8b68,0x2b7b68,8,0,,0x002aa12f
.rel.dyn,0x002b8b6c,0x2b7b6c,8,0,,0x002aa102
.rel.dyn,0x002b8b70,0x2b7b70,8,0,,0x002a57eb
.rel.dyn,0x002b8b74,0x2b7b74,8,0,,0x002a57eb
.rel.dyn,0x002b8b78,0x2b7b78,8,0,,0x002aa540
.rel.dyn,0x002b8b84,0x2b7b84,8,0,,0x002aa12f
.rel.dyn,0x002b8b88,0x2b7b88,8,0,,0x002aa0fe
.rel.dyn,0x002b8b8c,0x2b7b8c,8,0,,0x002a57eb
.rel.dyn,0x002b8b90,0x2b7b90,8,0,,0x002a57eb
.rel.dyn,0x002b8b94,0x2b7b94,8,0,,0x002aa540
.rel.dyn,0x002b8ba0,0x2b7ba0,8,0,,0x002aa134
.rel.dyn,0x002b8ba4,0x2b7ba4,8,0,,0x002aa11e
.rel.dyn,0x002b8ba8,0x2b7ba8,8,0,,0x002a57eb
.rel.dyn,0x002b8bac,0x2b7bac,8,0,,0x002a57eb
.rel.dyn,0x002b8bb0,0x2b7bb0,8,0,,0x002aa580
.rel.dyn,0x002b8bbc,0x2b7bbc,8,0,,0x002aa139
.rel.dyn,0x002b8bc0,0x2b7bc0,8,0,,0x002aa11a
.rel.dyn,0x002b8bc4,0x2b7bc4,8,0,,0x002a57eb
.rel.dyn,0x002b8bc8,0x2b7bc8,8,0,,0x002a57eb
.rel.dyn,0x002b8bcc,0x2b7bcc,8,0,,0x002aa580
.rel.dyn,0x002b8be0,0x2b7be0,8,0,,0x002aa0ff
.rel.dyn,0x002b8be4,0x2b7be4,8,0,,0x002aa09e
.rel.dyn,0x002b8be8,0x2b7be8,8,0,,0x002aa15b
.rel.dyn,0x002b8bec,0x2b7bec,8,0,,0x002aa157
.rel.dyn,0x002b8bf0,0x2b7bf0,8,0,,0x002aa5c0
.rel.dyn,0x002b8bfc,0x2b7bfc,8,0,,0x002aa18b
.rel.dyn,0x002b8c00,0x2b7c00,8,0,,0x002aa0a2
.rel.dyn,0x002b8c04,0x2b7c04,8,0,,0x002aa157
.rel.dyn,0x002b8c08,0x2b7c08,8,0,,0x002aa15b
.rel.dyn,0x002b8c0c,0x2b7c0c,8,0,,0x002aa5c0
.rel.dyn,0x002b8c18,0x2b7c18,8,0,,0x002aa187
.rel.dyn,0x002b8c1c,0x2b7c1c,8,0,,0x002aa08e
.rel.dyn,0x002b8c20,0x2b7c20,8,0,,0x002aa157
.rel.dyn,0x002b8c24,0x2b7c24,8,0,,0x002aa15b
.rel.dyn,0x002b8c28,0x2b7c28,8,0,,0x002aa600
.rel.dyn,0x002b8c34,0x2b7c34,8,0,,0x002aa183
.rel.dyn,0x002b8c38,0x2b7c38,8,0,,0x002aa092
.rel.dyn,0x002b8c3c,0x2b7c3c,8,0,,0x002aa157
.rel.dyn,0x002b8c40,0x2b7c40,8,0,,0x002aa15b
.rel.dyn,0x002b8c44,0x2b7c44,8,0,,0x002aa600
.rel.dyn,0x002b8c50,0x2b7c50,8,0,,0x002aa187
.rel.dyn,0x002b8c54,0x2b7c54,8,0,,0x002aa13e
.rel.dyn,0x002b8c58,0x2b7c58,8,0,,0x002aa15b
.rel.dyn,0x002b8c5c,0x2b7c5c,8,0,,0x002aa157
.rel.dyn,0x002b8c60,0x2b7c60,8,0,,0x002aa600
.rel.dyn,0x002b8c6c,0x2b7c6c,8,0,,0x002aa183
.rel.dyn,0x002b8c70,0x2b7c70,8,0,,0x002aa142
.rel.dyn,0x002b8c74,0x2b7c74,8,0,,0x002aa15b
.rel.dyn,0x002b8c78,0x2b7c78,8,0,,0x002aa157
.rel.dyn,0x002b8c7c,0x2b7c7c,8,0,,0x002aa600
.rel.dyn,0x002b8c88,0x2b7c88,8,0,,0x002aa0a3
.rel.dyn,0x002b8c8c,0x2b7c8c,8,0,,0x002aa096
.rel.dyn,0x002b8c90,0x2b7c90,8,0,,0x002aa157
.rel.dyn,0x002b8c94,0x2b7c94,8,0,,0x002aa15b
.rel.dyn,0x002b8c98,0x2b7c98,8,0,,0x002aa600
.rel.dyn,0x002b8ca4,0x2b7ca4,8,0,,0x002aa17f
.rel.dyn,0x002b8ca8,0x2b7ca8,8,0,,0x002aa09a
.rel.dyn,0x002b8cac,0x2b7cac,8,0,,0x002aa157
.rel.dyn,0x002b8cb0,0x2b7cb0,8,0,,0x002aa15b
.rel.dyn,0x002b8cb4,0x2b7cb4,8,0,,0x002aa600
.rel.dyn,0x002b8cc0,0x2b7cc0,8,0,,0x002aa0a3
.rel.dyn,0x002b8cc4,0x2b7cc4,8,0,,0x002aa146
.rel.dyn,0x002b8cc8,0x2b7cc8,8,0,,0x002aa15b
.rel.dyn,0x002b8ccc,0x2b7ccc,8,0,,0x002aa157
.rel.dyn,0x002b8cd0,0x2b7cd0,8,0,,0x002aa600
.rel.dyn,0x002b8cdc,0x2b7cdc,8,0,,0x002aa17f
.rel.dyn,0x002b8ce0,0x2b7ce0,8,0,,0x002aa14a
.rel.dyn,0x002b8ce4,0x2b7ce4,8,0,,0x002aa15b
.rel.dyn,0x002b8ce8,0x2b7ce8,8,0,,0x002aa157
.rel.dyn,0x002b8cec,0x2b7cec,8,0,,0x002aa600
.rel.dyn,0x002b8cf8,0x2b7cf8,8,0,,0x002a57eb
.rel.dyn,0x002b8cfc,0x2b7cfc,8,0,,0x002aa0a6
.rel.dyn,0x002b8d00,0x2b7d00,8,0,,0x002aa14e
.rel.dyn,0x002b8d04,0x2b7d04,8,0,,0x002aa152
.rel.dyn,0x002b8d08,0x2b7d08,8,0,,0x002aa640
.rel.dyn,0x002b8d14,0x2b7d14,8,0,,0x002a57eb
.rel.dyn,0x002b8d18,0x2b7d18,8,0,,0x002aa0ae
.rel.dyn,0x002b8d1c,0x2b7d1c,8,0,,0x002aa156
.rel.dyn,0x002b8d20,0x2b7d20,8,0,,0x002aa152
.rel.dyn,0x002b8d24,0x2b7d24,8,0,,0x002aa640
.rel.dyn,0x002b8d30,0x2b7d30,8,0,,0x002a57eb
.rel.dyn,0x002b8d34,0x2b7d34,8,0,,0x002aa0aa
.rel.dyn,0x002b8d38,0x2b7d38,8,0,,0x002aa14e
.rel.dyn,0x002b8d3c,0x2b7d3c,8,0,,0x002aa15a
.rel.dyn,0x002b8d40,0x2b7d40,8,0,,0x002aa640
.rel.dyn,0x002b8d4c,0x2b7d4c,8,0,,0x002a57eb
.rel.dyn,0x002b8d50,0x2b7d50,8,0,,0x002aa0b2
.rel.dyn,0x002b8d54,0x2b7d54,8,0,,0x002aa156
.rel.dyn,0x002b8d58,0x2b7d58,8,0,,0x002aa15a
.rel.dyn,0x002b8d5c,0x2b7d5c,8,0,,0x002aa640
.rel.dyn,0x002b8d68,0x2b7d68,8,0,,0x002a57eb
.rel.dyn,0x002b8d6c,0x2b7d6c,8,0,,0x002aa0b6
.rel.dyn,0x002b8d70,0x2b7d70,8,0,,0x002aa152
.rel.dyn,0x002b8d74,0x2b7d74,8,0,,0x002aa14e
.rel.dyn,0x002b8d78,0x2b7d78,8,0,,0x002aa640
.rel.dyn,0x002b8d84,0x2b7d84,8,0,,0x002a57eb
.rel.dyn,0x002b8d88,0x2b7d88,8,0,,0x002aa0be
.rel.dyn,0x002b8d8c,0x2b7d8c,8,0,,0x002aa152
.rel.dyn,0x002b8d90,0x2b7d90,8,0,,0x002aa156
.rel.dyn,0x002b8d94,0x2b7d94,8,0,,0x002aa640
.rel.dyn,0x002b8da0,0x2b7da0,8,0,,0x002a57eb
.rel.dyn,0x002b8da4,0x2b7da4,8,0,,0x002aa0ba
.rel.dyn,0x002b8da8,0x2b7da8,8,0,,0x002aa15a
.rel.dyn,0x002b8dac,0x2b7dac,8,0,,0x002aa14e
.rel.dyn,0x002b8db0,0x2b7db0,8,0,,0x002aa640
.rel.dyn,0x002b8dbc,0x2b7dbc,8,0,,0x002a57eb
.rel.dyn,0x002b8dc0,0x2b7dc0,8,0,,0x002aa0c2
.rel.dyn,0x002b8dc4,0x2b7dc4,8,0,,0x002aa15a
.rel.dyn,0x002b8dc8,0x2b7dc8,8,0,,0x002aa156
.rel.dyn,0x002b8dcc,0x2b7dcc,8,0,,0x002aa640
.rel.dyn,0x002b8de0,0x2b7de0,8,0,,0x002a57eb
.rel.dyn,0x002b8de4,0x2b7de4,8,0,,0x002aa15e
.rel.dyn,0x002b8de8,0x2b7de8,8,0,,0x002aa0cb
.rel.dyn,0x002b8dec,0x2b7dec,8,0,,0x002aa0ce
.rel.dyn,0x002b8df0,0x2b7df0,8,0,,0x002aa680
.rel.dyn,0x002b8dfc,0x2b7dfc,8,0,,0x002a57eb
.rel.dyn,0x002b8e00,0x2b7e00,8,0,,0x002aa162
.rel.dyn,0x002b8e04,0x2b7e04,8,0,,0x002aa0cb
.rel.dyn,0x002b8e08,0x2b7e08,8,0,,0x002aa0d5
.rel.dyn,0x002b8e0c,0x2b7e0c,8,0,,0x002aa680
.rel.dyn,0x002b8e18,0x2b7e18,8,0,,0x002a57eb
.rel.dyn,0x002b8e1c,0x2b7e1c,8,0,,0x002aa166
.rel.dyn,0x002b8e20,0x2b7e20,8,0,,0x002aa0dc
.rel.dyn,0x002b8e24,0x2b7e24,8,0,,0x002aa0ce
.rel.dyn,0x002b8e28,0x2b7e28,8,0,,0x002aa680
.rel.dyn,0x002b8e34,0x2b7e34,8,0,,0x002a57eb
.rel.dyn,0x002b8e38,0x2b7e38,8,0,,0x002aa16a
.rel.dyn,0x002b8e3c,0x2b7e3c,8,0,,0x002aa0dc
.rel.dyn,0x002b8e40,0x2b7e40,8,0,,0x002aa0d5
.rel.dyn,0x002b8e44,0x2b7e44,8,0,,0x002aa680
.rel.dyn,0x002b8e50,0x2b7e50,8,0,,0x002a57eb
.rel.dyn,0x002b8e54,0x2b7e54,8,0,,0x002aa16e
.rel.dyn,0x002b8e58,0x2b7e58,8,0,,0x002aa0ce
.rel.dyn,0x002b8e5c,0x2b7e5c,8,0,,0x002aa0cb
.rel.dyn,0x002b8e60,0x2b7e60,8,0,,0x002aa680
.rel.dyn,0x002b8e6c,0x2b7e6c,8,0,,0x002a57eb
.rel.dyn,0x002b8e70,0x2b7e70,8,0,,0x002aa172
.rel.dyn,0x002b8e74,0x2b7e74,8,0,,0x002aa0d5
.rel.dyn,0x002b8e78,0x2b7e78,8,0,,0x002aa0cb
.rel.dyn,0x002b8e7c,0x2b7e7c,8,0,,0x002aa680
.rel.dyn,0x002b8e88,0x2b7e88,8,0,,0x002a57eb
.rel.dyn,0x002b8e8c,0x2b7e8c,8,0,,0x002aa176
.rel.dyn,0x002b8e90,0x2b7e90,8,0,,0x002aa0ce
.rel.dyn,0x002b8e94,0x2b7e94,8,0,,0x002aa0dc
.rel.dyn,0x002b8e98,0x2b7e98,8,0,,0x002aa680
.rel.dyn,0x002b8ea4,0x2b7ea4,8,0,,0x002a57eb
.rel.dyn,0x002b8ea8,0x2b7ea8,8,0,,0x002aa17a
.rel.dyn,0x002b8eac,0x2b7eac,8,0,,0x002aa0d5
.rel.dyn,0x002b8eb0,0x2b7eb0,8,0,,0x002aa0dc
.rel.dyn,0x002b8eb4,0x2b7eb4,8,0,,0x002aa680
.rel.dyn,0x002b8ec0,0x2b7ec0,8,0,,0x002aa187
.rel.dyn,0x002b8ec4,0x2b7ec4,8,0,,0x002aa17e
.rel.dyn,0x002b8ec8,0x2b7ec8,8,0,,0x002a57eb
.rel.dyn,0x002b8ecc,0x2b7ecc,8,0,,0x002a57eb
.rel.dyn,0x002b8ed0,0x2b7ed0,8,0,,0x002aa6c0
.rel.dyn,0x002b8edc,0x2b7edc,8,0,,0x002aa183
.rel.dyn,0x002b8ee0,0x2b7ee0,8,0,,0x002aa0a2
.rel.dyn,0x002b8ee4,0x2b7ee4,8,0,,0x002a57eb
.rel.dyn,0x002b8ee8,0x2b7ee8,8,0,,0x002a57eb
.rel.dyn,0x002b8eec,0x2b7eec,8,0,,0x002aa6c0
.rel.dyn,0x002b8ef8,0x2b7ef8,8,0,,0x002aa0a3
.rel.dyn,0x002b8efc,0x2b7efc,8,0,,0x002aa182
.rel.dyn,0x002b8f00,0x2b7f00,8,0,,0x002a57eb
.rel.dyn,0x002b8f04,0x2b7f04,8,0,,0x002a57eb
.rel.dyn,0x002b8f08,0x2b7f08,8,0,,0x002aa6c0
.rel.dyn,0x002b8f14,0x2b7f14,8,0,,0x002aa17f
.rel.dyn,0x002b8f18,0x2b7f18,8,0,,0x002aa186
.rel.dyn,0x002b8f1c,0x2b7f1c,8,0,,0x002a57eb
.rel.dyn,0x002b8f20,0x2b7f20,8,0,,0x002a57eb
.rel.dyn,0x002b8f24,0x2b7f24,8,0,,0x002aa6c0
.rel.dyn,0x002b8f30,0x2b7f30,8,0,,0x002aa0ff
.rel.dyn,0x002b8f34,0x2b7f34,8,0,,0x002aa18a
.rel.dyn,0x002b8f38,0x2b7f38,8,0,,0x002a57eb
.rel.dyn,0x002b8f3c,0x2b7f3c,8,0,,0x002a57eb
.rel.dyn,0x002b8f40,0x2b7f40,8,0,,0x002aa700
.rel.dyn,0x002b8f4c,0x2b7f4c,8,0,,0x002aa18b
.rel.dyn,0x002b8f50,0x2b7f50,8,0,,0x002aa14a
.rel.dyn,0x002b8f54,0x2b7f54,8,0,,0x002a57eb
.rel.dyn,0x002b8f58,0x2b7f58,8,0,,0x002a57eb
.rel.dyn,0x002b8f5c,0x2b7f5c,8,0,,0x002aa700
.rel.dyn,0x002b8f80,0x2b7f80,8,0,,0x002aa187
.rel.dyn,0x002b8f84,0x2b7f84,8,0,,0x002aa17e
.rel.dyn,0x002b8f88,0x2b7f88,8,0,,0x002a57eb
.rel.dyn,0x002b8f8c,0x2b7f8c,8,0,,0x002a57eb
.rel.dyn,0x002b8f90,0x2b7f90,8,0,,0x002aa740
.rel.dyn,0x002b8f9c,0x2b7f9c,8,0,,0x002aa183
.rel.dyn,0x002b8fa0,0x2b7fa0,8,0,,0x002aa0a2
.rel.dyn,0x002b8fa4,0x2b7fa4,8,0,,0x002a57eb
.rel.dyn,0x002b8fa8,0x2b7fa8,8,0,,0x002a57eb
.rel.dyn,0x002b8fac,0x2b7fac,8,0,,0x002aa740
.rel.dyn,0x002b8fb8,0x2b7fb8,8,0,,0x002aa0a3
.rel.dyn,0x002b8fbc,0x2b7fbc,8,0,,0x002aa182
.rel.dyn,0x002b8fc0,0x2b7fc0,8,0,,0x002a57eb
.rel.dyn,0x002b8fc4,0x2b7fc4,8,0,,0x002a57eb
.rel.dyn,0x002b8fc8,0x2b7fc8,8,0,,0x002aa740
.rel.dyn,0x002b8fd4,0x2b7fd4,8,0,,0x002aa17f
.rel.dyn,0x002b8fd8,0x2b7fd8,8,0,,0x002aa186
.rel.dyn,0x002b8fdc,0x2b7fdc,8,0,,0x002a57eb
.rel.dyn,0x002b8fe0,0x2b7fe0,8,0,,0x002a57eb
.rel.dyn,0x002b8fe4,0x2b7fe4,8,0,,0x002aa740
.rel.dyn,0x002b8ff0,0x2b7ff0,8,0,,0x002a57eb
.rel.dyn,0x002b8ff4,0x2b7ff4,8,0,,0x002aa18e
.rel.dyn,0x002b8ff8,0x2b7ff8,8,0,,0x002aa0d5
.rel.dyn,0x002b8ffc,0x2b7ffc,8,0,,0x002aa0cd
.rel.dyn,0x002b9000,0x2b8000,8,0,,0x002aa780
.rel.dyn,0x002b900c,0x2b800c,8,0,,0x002a57eb
.rel.dyn,0x002b9010,0x2b8010,8,0,,0x002aa192
.rel.dyn,0x002b9014,0x2b8014,8,0,,0x002aa0d5
.rel.dyn,0x002b9018,0x2b8018,8,0,,0x002aa0cd
.rel.dyn,0x002b901c,0x2b801c,8,0,,0x002aa780
.rel.dyn,0x002b9028,0x2b8028,8,0,,0x002a57eb
.rel.dyn,0x002b902c,0x2b802c,8,0,,0x002aa18e
.rel.dyn,0x002b9030,0x2b8030,8,0,,0x002aa0ce
.rel.dyn,0x002b9034,0x2b8034,8,0,,0x002aa0d4
.rel.dyn,0x002b9038,0x2b8038,8,0,,0x002aa780
.rel.dyn,0x002b9044,0x2b8044,8,0,,0x002a57eb
.rel.dyn,0x002b9048,0x2b8048,8,0,,0x002aa192
.rel.dyn,0x002b904c,0x2b804c,8,0,,0x002aa0ce
.rel.dyn,0x002b9050,0x2b8050,8,0,,0x002aa0d4
.rel.dyn,0x002b9054,0x2b8054,8,0,,0x002aa780
.rel.dyn,0x002b9060,0x2b8060,8,0,,0x002a57eb
.rel.dyn,0x002b9064,0x2b8064,8,0,,0x002aa196
.rel.dyn,0x002b9068,0x2b8068,8,0,,0x002aa0dc
.rel.dyn,0x002b906c,0x2b806c,8,0,,0x002aa0ca
.rel.dyn,0x002b9070,0x2b8070,8,0,,0x002aa780
.rel.dyn,0x002b907c,0x2b807c,8,0,,0x002a57eb
.rel.dyn,0x002b9080,0x2b8080,8,0,,0x002aa19a
.rel.dyn,0x002b9084,0x2b8084,8,0,,0x002aa0dc
.rel.dyn,0x002b9088,0x2b8088,8,0,,0x002aa0ca
.rel.dyn,0x002b908c,0x2b808c,8,0,,0x002aa780
.rel.dyn,0x002b9098,0x2b8098,8,0,,0x002a57eb
.rel.dyn,0x002b909c,0x2b809c,8,0,,0x002aa196
.rel.dyn,0x002b90a0,0x2b80a0,8,0,,0x002aa0cb
.rel.dyn,0x002b90a4,0x2b80a4,8,0,,0x002aa0db
.rel.dyn,0x002b90a8,0x2b80a8,8,0,,0x002aa780
.rel.dyn,0x002b90b4,0x2b80b4,8,0,,0x002a57eb
.rel.dyn,0x002b90b8,0x2b80b8,8,0,,0x002aa19a
.rel.dyn,0x002b90bc,0x2b80bc,8,0,,0x002aa0cb
.rel.dyn,0x002b90c0,0x2b80c0,8,0,,0x002aa0db
.rel.dyn,0x002b90c4,0x2b80c4,8,0,,0x002aa780
.rel.dyn,0x002b90e0,0x2b80e0,8,0,,0x002aa187
.rel.dyn,0x002b90e4,0x2b80e4,8,0,,0x002aa17e
.rel.dyn,0x002b90e8,0x2b80e8,8,0,,0x002a57eb
.rel.dyn,0x002b90ec,0x2b80ec,8,0,,0x002a57eb
.rel.dyn,0x002b90f0,0x2b80f0,8,0,,0x002aa7c0
.rel.dyn,0x002b90fc,0x2b80fc,8,0,,0x002aa183
.rel.dyn,0x002b9100,0x2b8100,8,0,,0x002aa0a2
.rel.dyn,0x002b9104,0x2b8104,8,0,,0x002a57eb
.rel.dyn,0x002b9108,0x2b8108,8,0,,0x002a57eb
.rel.dyn,0x002b910c,0x2b810c,8,0,,0x002aa7c0
.rel.dyn,0x002b9118,0x2b8118,8,0,,0x002aa0a3
.rel.dyn,0x002b911c,0x2b811c,8,0,,0x002aa182
.rel.dyn,0x002b9120,0x2b8120,8,0,,0x002a57eb
.rel.dyn,0x002b9124,0x2b8124,8,0,,0x002a57eb
.rel.dyn,0x002b9128,0x2b8128,8,0,,0x002aa7c0
.rel.dyn,0x002b9134,0x2b8134,8,0,,0x002aa17f
.rel.dyn,0x002b9138,0x2b8138,8,0,,0x002aa186
.rel.dyn,0x002b913c,0x2b813c,8,0,,0x002a57eb
.rel.dyn,0x002b9140,0x2b8140,8,0,,0x002a57eb
.rel.dyn,0x002b9144,0x2b8144,8,0,,0x002aa7c0
.rel.dyn,0x002b9150,0x2b8150,8,0,,0x002a57eb
.rel.dyn,0x002b9154,0x2b8154,8,0,,0x002aa0fa
.rel.dyn,0x002b9158,0x2b8158,8,0,,0x002aa0dc
.rel.dyn,0x002b915c,0x2b815c,8,0,,0x002aa0ca
.rel.dyn,0x002b9160,0x2b8160,8,0,,0x002aa800
.rel.dyn,0x002b916c,0x2b816c,8,0,,0x002a57eb
.rel.dyn,0x002b9170,0x2b8170,8,0,,0x002aa0fa
.rel.dyn,0x002b9174,0x2b8174,8,0,,0x002aa0cb
.rel.dyn,0x002b9178,0x2b8178,8,0,,0x002aa0db
.rel.dyn,0x002b917c,0x2b817c,8,0,,0x002aa800
.rel.dyn,0x002b91a0,0x2b81a0,8,0,,0x002a57eb
.rel.dyn,0x002b91a4,0x2b81a4,8,0,,0x002aa19e
.rel.dyn,0x002b91a8,0x2b81a8,8,0,,0x002aa0d5
.rel.dyn,0x002b91ac,0x2b81ac,8,0,,0x002aa0cd
.rel.dyn,0x002b91b0,0x2b81b0,8,0,,0x002aa840
.rel.dyn,0x002b91bc,0x2b81bc,8,0,,0x002a57eb
.rel.dyn,0x002b91c0,0x2b81c0,8,0,,0x002aa1a2
.rel.dyn,0x002b91c4,0x2b81c4,8,0,,0x002aa0d5
.rel.dyn,0x002b91c8,0x2b81c8,8,0,,0x002aa0cd
.rel.dyn,0x002b91cc,0x2b81cc,8,0,,0x002aa840
.rel.dyn,0x002b91d8,0x2b81d8,8,0,,0x002a57eb
.rel.dyn,0x002b91dc,0x2b81dc,8,0,,0x002aa19e
.rel.dyn,0x002b91e0,0x2b81e0,8,0,,0x002aa0ce
.rel.dyn,0x002b91e4,0x2b81e4,8,0,,0x002aa0d4
.rel.dyn,0x002b91e8,0x2b81e8,8,0,,0x002aa840
.rel.dyn,0x002b91f4,0x2b81f4,8,0,,0x002a57eb
.rel.dyn,0x002b91f8,0x2b81f8,8,0,,0x002aa1a2
.rel.dyn,0x002b91fc,0x2b81fc,8,0,,0x002aa0ce
.rel.dyn,0x002b9200,0x2b8200,8,0,,0x002aa0d4
.rel.dyn,0x002b9204,0x2b8204,8,0,,0x002aa840
.rel.dyn,0x002b9220,0x2b8220,8,0,,0x002aa1a6
.rel.dyn,0x002b9224,0x2b8224,8,0,,0x002aa19e
.rel.dyn,0x002b9228,0x2b8228,8,0,,0x002a57eb
.rel.dyn,0x002b922c,0x2b822c,8,0,,0x002a57eb
.rel.dyn,0x002b9230,0x2b8230,8,0,,0x002aa880
.rel.dyn,0x002b923c,0x2b823c,8,0,,0x002aa1ab
.rel.dyn,0x002b9240,0x2b8240,8,0,,0x002aa1a2
.rel.dyn,0x002b9244,0x2b8244,8,0,,0x002a57eb
.rel.dyn,0x002b9248,0x2b8248,8,0,,0x002a57eb
.rel.dyn,0x002b924c,0x2b824c,8,0,,0x002aa880
.rel.dyn,0x002b9258,0x2b8258,8,0,,0x002a57eb
.rel.dyn,0x002b925c,0x2b825c,8,0,,0x002aa10c
.rel.dyn,0x002b9260,0x2b8260,8,0,,0x002aa0cb
.rel.dyn,0x002b9264,0x2b8264,8,0,,0x002aa0ce
.rel.dyn,0x002b9268,0x2b8268,8,0,,0x002aa8c0
.rel.dyn,0x002b9274,0x2b8274,8,0,,0x002a57eb
.rel.dyn,0x002b9278,0x2b8278,8,0,,0x002aa107
.rel.dyn,0x002b927c,0x2b827c,8,0,,0x002aa0dc
.rel.dyn,0x002b9280,0x2b8280,8,0,,0x002aa0ce
.rel.dyn,0x002b9284,0x2b8284,8,0,,0x002aa8c0
.rel.dyn,0x002b9290,0x2b8290,8,0,,0x002a57eb
.rel.dyn,0x002b9294,0x2b8294,8,0,,0x002aa116
.rel.dyn,0x002b9298,0x2b8298,8,0,,0x002aa0cb
.rel.dyn,0x002b929c,0x2b829c,8,0,,0x002aa0d5
.rel.dyn,0x002b92a0,0x2b82a0,8,0,,0x002aa8c0
.rel.dyn,0x002b92ac,0x2b82ac,8,0,,0x002a57eb
.rel.dyn,0x002b92b0,0x2b82b0,8,0,,0x002aa111
.rel.dyn,0x002b92b4,0x2b82b4,8,0,,0x002aa0dc
.rel.dyn,0x002b92b8,0x2b82b8,8,0,,0x002aa0d5
.rel.dyn,0x002b92bc,0x2b82bc,8,0,,0x002aa8c0
.rel.dyn,0x002b92c8,0x2b82c8,8,0,,0x002aa187
.rel.dyn,0x002b92cc,0x2b82cc,8,0,,0x002aa17e
.rel.dyn,0x002b92d0,0x2b82d0,8,0,,0x002aa158
.rel.dyn,0x002b92d4,0x2b82d4,8,0,,0x002a57eb
.rel.dyn,0x002b92d8,0x2b82d8,8,0,,0x002aa900
.rel.dyn,0x002b92e4,0x2b82e4,8,0,,0x002aa183
.rel.dyn,0x002b92e8,0x2b82e8,8,0,,0x002aa0a2
.rel.dyn,0x002b92ec,0x2b82ec,8,0,,0x002aa158
.rel.dyn,0x002b92f0,0x2b82f0,8,0,,0x002a57eb
.rel.dyn,0x002b92f4,0x2b82f4,8,0,,0x002aa900
.rel.dyn,0x002b9300,0x2b8300,8,0,,0x002aa0a3
.rel.dyn,0x002b9304,0x2b8304,8,0,,0x002aa182
.rel.dyn,0x002b9308,0x2b8308,8,0,,0x002aa158
.rel.dyn,0x002b930c,0x2b830c,8,0,,0x002a57eb
.rel.dyn,0x002b9310,0x2b8310,8,0,,0x002aa900
.rel.dyn,0x002b931c,0x2b831c,8,0,,0x002aa17f
.rel.dyn,0x002b9320,0x2b8320,8,0,,0x002aa186
.rel.dyn,0x002b9324,0x2b8324,8,0,,0x002aa158
.rel.dyn,0x002b9328,0x2b8328,8,0,,0x002a57eb
.rel.dyn,0x002b932c,0x2b832c,8,0,,0x002aa900
.rel.dyn,0x002b9338,0x2b8338,8,0,,0x002aa12a
.rel.dyn,0x002b933c,0x2b833c,8,0,,0x002aa19e
.rel.dyn,0x002b9340,0x2b8340,8,0,,0x002a57eb
.rel.dyn,0x002b9344,0x2b8344,8,0,,0x002a57eb
.rel.dyn,0x002b9348,0x2b8348,8,0,,0x002aa940
.rel.dyn,0x002b9354,0x2b8354,8,0,,0x002aa12f
.rel.dyn,0x002b9358,0x2b8358,8,0,,0x002aa19e
.rel.dyn,0x002b935c,0x2b835c,8,0,,0x002a57eb
.rel.dyn,0x002b9360,0x2b8360,8,0,,0x002a57eb
.rel.dyn,0x002b9364,0x2b8364,8,0,,0x002aa940
.rel.dyn,0x002b9370,0x2b8370,8,0,,0x002aa12a
.rel.dyn,0x002b9374,0x2b8374,8,0,,0x002aa1a2
.rel.dyn,0x002b9378,0x2b8378,8,0,,0x002a57eb
.rel.dyn,0x002b937c,0x2b837c,8,0,,0x002a57eb
.rel.dyn,0x002b9380,0x2b8380,8,0,,0x002aa940
.rel.dyn,0x002b938c,0x2b838c,8,0,,0x002aa12f
.rel.dyn,0x002b9390,0x2b8390,8,0,,0x002aa1a2
.rel.dyn,0x002b9394,0x2b8394,8,0,,0x002a57eb
.rel.dyn,0x002b9398,0x2b8398,8,0,,0x002a57eb
.rel.dyn,0x002b939c,0x2b839c,8,0,,0x002aa940
.rel.dyn,0x002b93a8,0x2b83a8,8,0,,0x002aa134
.rel.dyn,0x002b93ac,0x2b83ac,8,0,,0x002aa107
.rel.dyn,0x002b93b0,0x2b83b0,8,0,,0x002a57eb
.rel.dyn,0x002b93b4,0x2b83b4,8,0,,0x002a57eb
.rel.dyn,0x002b93b8,0x2b83b8,8,0,,0x002aa980
.rel.dyn,0x002b93c4,0x2b83c4,8,0,,0x002aa139
.rel.dyn,0x002b93c8,0x2b83c8,8,0,,0x002aa10c
.rel.dyn,0x002b93cc,0x2b83cc,8,0,,0x002a57eb
.rel.dyn,0x002b93d0,0x2b83d0,8,0,,0x002a57eb
.rel.dyn,0x002b93d4,0x2b83d4,8,0,,0x002aa980
.rel.dyn,0x002b93e0,0x2b83e0,8,0,,0x002aa0ff
.rel.dyn,0x002b93e4,0x2b83e4,8,0,,0x002aa18a
.rel.dyn,0x002b93e8,0x2b83e8,8,0,,0x002aa15c
.rel.dyn,0x002b93ec,0x2b83ec,8,0,,0x002aa157
.rel.dyn,0x002b93f0,0x2b83f0,8,0,,0x002aa9c0
.rel.dyn,0x002b93fc,0x2b83fc,8,0,,0x002aa18b
.rel.dyn,0x002b9400,0x2b8400,8,0,,0x002aa14a
.rel.dyn,0x002b9404,0x2b8404,8,0,,0x002aa158
.rel.dyn,0x002b9408,0x2b8408,8,0,,0x002aa15b
.rel.dyn,0x002b940c,0x2b840c,8,0,,0x002aa9c0
.rel.dyn,0x002b9418,0x2b8418,8,0,,0x002aa187
.rel.dyn,0x002b941c,0x2b841c,8,0,,0x002aa17e
.rel.dyn,0x002b9420,0x2b8420,8,0,,0x002aa158
.rel.dyn,0x002b9424,0x2b8424,8,0,,0x002aa15b
.rel.dyn,0x002b9428,0x2b8428,8,0,,0x002aaa00
.rel.dyn,0x002b9434,0x2b8434,8,0,,0x002aa183
.rel.dyn,0x002b9438,0x2b8438,8,0,,0x002aa0a2
.rel.dyn,0x002b943c,0x2b843c,8,0,,0x002aa158
.rel.dyn,0x002b9440,0x2b8440,8,0,,0x002aa15b
.rel.dyn,0x002b9444,0x2b8444,8,0,,0x002aaa00
.rel.dyn,0x002b9450,0x2b8450,8,0,,0x002aa187
.rel.dyn,0x002b9454,0x2b8454,8,0,,0x002aa096
.rel.dyn,0x002b9458,0x2b8458,8,0,,0x002aa15c
.rel.dyn,0x002b945c,0x2b845c,8,0,,0x002aa157
.rel.dyn,0x002b9460,0x2b8460,8,0,,0x002aaa00
.rel.dyn,0x002b946c,0x2b846c,8,0,,0x002aa183
.rel.dyn,0x002b9470,0x2b8470,8,0,,0x002aa09a
.rel.dyn,0x002b9474,0x2b8474,8,0,,0x002aa15c
.rel.dyn,0x002b9478,0x2b8478,8,0,,0x002aa157
.rel.dyn,0x002b947c,0x2b847c,8,0,,0x002aaa00
.rel.dyn,0x002b9488,0x2b8488,8,0,,0x002aa0a3
.rel.dyn,0x002b948c,0x2b848c,8,0,,0x002aa182
.rel.dyn,0x002b9490,0x2b8490,8,0,,0x002aa158
.rel.dyn,0x002b9494,0x2b8494,8,0,,0x002aa15b
.rel.dyn,0x002b9498,0x2b8498,8,0,,0x002aaa00
.rel.dyn,0x002b94a4,0x2b84a4,8,0,,0x002aa17f
.rel.dyn,0x002b94a8,0x2b84a8,8,0,,0x002aa186
.rel.dyn,0x002b94ac,0x2b84ac,8,0,,0x002aa158
.rel.dyn,0x002b94b0,0x2b84b0,8,0,,0x002aa15b
.rel.dyn,0x002b94b4,0x2b84b4,8,0,,0x002aaa00
.rel.dyn,0x002b94c0,0x2b84c0,8,0,,0x002aa0a3
.rel.dyn,0x002b94c4,0x2b84c4,8,0,,0x002aa08e
.rel.dyn,0x002b94c8,0x2b84c8,8,0,,0x002aa15c
.rel.dyn,0x002b94cc,0x2b84cc,8,0,,0x002aa157
.rel.dyn,0x002b94d0,0x2b84d0,8,0,,0x002aaa00
.rel.dyn,0x002b94dc,0x2b84dc,8,0,,0x002aa17f
.rel.dyn,0x002b94e0,0x2b84e0,8,0,,0x002aa092
.rel.dyn,0x002b94e4,0x2b84e4,8,0,,0x002aa15c
.rel.dyn,0x002b94e8,0x2b84e8,8,0,,0x002aa157
.rel.dyn,0x002b94ec,0x2b84ec,8,0,,0x002aaa00
.rel.dyn,0x002b94f8,0x2b84f8,8,0,,0x002a57eb
.rel.dyn,0x002b94fc,0x2b84fc,8,0,,0x002aa15e
.rel.dyn,0x002b9500,0x2b8500,8,0,,0x002aa19f
.rel.dyn,0x002b9504,0x2b8504,8,0,,0x002aa152
.rel.dyn,0x002b9508,0x2b8508,8,0,,0x002aaa40
.rel.dyn,0x002b9514,0x2b8514,8,0,,0x002a57eb
.rel.dyn,0x002b9518,0x2b8518,8,0,,0x002aa166
.rel.dyn,0x002b951c,0x2b851c,8,0,,0x002aa1a3
.rel.dyn,0x002b9520,0x2b8520,8,0,,0x002aa152
.rel.dyn,0x002b9524,0x2b8524,8,0,,0x002aaa40
.rel.dyn,0x002b9530,0x2b8530,8,0,,0x002a57eb
.rel.dyn,0x002b9534,0x2b8534,8,0,,0x002aa162
.rel.dyn,0x002b9538,0x2b8538,8,0,,0x002aa19f
.rel.dyn,0x002b953c,0x2b853c,8,0,,0x002aa15a
.rel.dyn,0x002b9540,0x2b8540,8,0,,0x002aaa40
.rel.dyn,0x002b954c,0x2b854c,8,0,,0x002a57eb
.rel.dyn,0x002b9550,0x2b8550,8,0,,0x002aa16a
.rel.dyn,0x002b9554,0x2b8554,8,0,,0x002aa1a3
.rel.dyn,0x002b9558,0x2b8558,8,0,,0x002aa15a
.rel.dyn,0x002b955c,0x2b855c,8,0,,0x002aaa40
.rel.dyn,0x002b9568,0x2b8568,8,0,,0x002a57eb
.rel.dyn,0x002b956c,0x2b856c,8,0,,0x002aa16e
.rel.dyn,0x002b9570,0x2b8570,8,0,,0x002aa1b0
.rel.dyn,0x002b9574,0x2b8574,8,0,,0x002aa14e
.rel.dyn,0x002b9578,0x2b8578,8,0,,0x002aaa40
.rel.dyn,0x002b9584,0x2b8584,8,0,,0x002a57eb
.rel.dyn,0x002b9588,0x2b8588,8,0,,0x002aa176
.rel.dyn,0x002b958c,0x2b858c,8,0,,0x002aa1b0
.rel.dyn,0x002b9590,0x2b8590,8,0,,0x002aa156
.rel.dyn,0x002b9594,0x2b8594,8,0,,0x002aaa40
.rel.dyn,0x002b95a0,0x2b85a0,8,0,,0x002a57eb
.rel.dyn,0x002b95a4,0x2b85a4,8,0,,0x002aa172
.rel.dyn,0x002b95a8,0x2b85a8,8,0,,0x002a5991
.rel.dyn,0x002b95ac,0x2b85ac,8,0,,0x002aa14e
.rel.dyn,0x002b95b0,0x2b85b0,8,0,,0x002aaa40
.rel.dyn,0x002b95bc,0x2b85bc,8,0,,0x002a57eb
.rel.dyn,0x002b95c0,0x2b85c0,8,0,,0x002aa17a
.rel.dyn,0x002b95c4,0x2b85c4,8,0,,0x002a5991
.rel.dyn,0x002b95c8,0x2b85c8,8,0,,0x002aa156
.rel.dyn,0x002b95cc,0x2b85cc,8,0,,0x002aaa40
.rel.dyn,0x002b95e0,0x2b85e0,8,0,,0x001e8b06
.rel.dyn,0x002b95e8,0x2b85e8,8,0,,0x001e86a0
.rel.dyn,0x002b95f0,0x2b85f0,8,0,,0x001e9781
.rel.dyn,0x002b95f8,0x2b85f8,8,0,,0x001e80bb
.rel.dyn,0x002b9600,0x2b8600,8,0,,0x001e7ae8
.rel.dyn,0x002b9620,0x2b8620,8,0,,0x00256a32
.rel.dyn,0x002b962c,0x2b862c,8,0,,0x00021f8d
.rel.dyn,0x002b9630,0x2b8630,8,0,,0x000213a0
.rel.dyn,0x002b9634,0x2b8634,8,0,,0x0001ec1d
.rel.dyn,0x002b9638,0x2b8638,8,0,,0x0001ec67
.rel.dyn,0x002b9640,0x2b8640,8,0,,0x00021846
.rel.dyn,0x002b9644,0x2b8644,8,0,,0x00021790
.rel.dyn,0x002b964c,0x2b864c,8,0,,0x00021396
.rel.dyn,0x002b9650,0x2b8650,8,0,,0x00021757
.rel.dyn,0x002b9654,0x2b8654,8,0,,0x000219fa
.rel.dyn,0x002b9658,0x2b8658,8,0,,0x000211d1
.rel.dyn,0x002b9660,0x2b8660,8,0,,0x0004be92
.rel.dyn,0x002b9664,0x2b8664,8,0,,0x0004be07
.rel.dyn,0x002b9668,0x2b8668,8,0,,0x0004bd92
.rel.dyn,0x002b966c,0x2b866c,8,0,,0x000483ef
.rel.dyn,0x002b9670,0x2b8670,8,0,,0x0004bb8b
.rel.dyn,0x002b9674,0x2b8674,8,0,,0x0004bb65
.rel.dyn,0x002b9678,0x2b8678,8,0,,0x000477b3
.rel.dyn,0x002b967c,0x2b867c,8,0,,0x0004825a
.rel.dyn,0x002b9680,0x2b8680,8,0,,0x000483d4
.rel.dyn,0x002b9684,0x2b8684,8,0,,0x0004baa0
.rel.dyn,0x002b9688,0x2b8688,8,0,,0x00020b90
.rel.dyn,0x002b9694,0x2b8694,8,0,,0x00047716
.rel.dyn,0x002b9698,0x2b8698,8,0,,0x00020d8c
.rel.dyn,0x002b96bc,0x2b86bc,8,0,,0x000c2af0
.rel.dyn,0x002b96c0,0x2b86c0,8,0,,0x000aba60
.rel.dyn,0x002b96c4,0x2b86c4,8,0,,0x000ac61f
.rel.dyn,0x002b96c8,0x2b86c8,8,0,,0x000ad2ff
.rel.dyn,0x002b96cc,0x2b86cc,8,0,,0x000aba76
.rel.dyn,0x002b96d0,0x2b86d0,8,0,,0x000ac63c
.rel.dyn,0x002b96d4,0x2b86d4,8,0,,0x000ad327
.rel.dyn,0x002b96d8,0x2b86d8,8,0,,0x000ad39d
.rel.dyn,0x002b96fc,0x2b86fc,8,0,,0x000c2af0
.rel.dyn,0x002b9700,0x2b8700,8,0,,0x000abad6
.rel.dyn,0x002b9704,0x2b8704,8,0,,0x000ac6a1
.rel.dyn,0x002b9708,0x2b8708,8,0,,0x000ad3ee
.rel.dyn,0x002b970c,0x2b870c,8,0,,0x000abb01
.rel.dyn,0x002b9710,0x2b8710,8,0,,0x000ac6d3
.rel.dyn,0x002b9714,0x2b8714,8,0,,0x000ad43c
.rel.dyn,0x002b9718,0x2b8718,8,0,,0x000ad4af
.rel.dyn,0x002b973c,0x2b873c,8,0,,0x000c2af0
.rel.dyn,0x002b9740,0x2b8740,8,0,,0x000abb5c
.rel.dyn,0x002b9744,0x2b8744,8,0,,0x000ac735
.rel.dyn,0x002b9748,0x2b8748,8,0,,0x000ad4f9
.rel.dyn,0x002b9758,0x2b8758,8,0,,0x000ad53e
.rel.dyn,0x002b977c,0x2b877c,8,0,,0x000c2af0
.rel.dyn,0x002b9780,0x2b8780,8,0,,0x000abb7e
.rel.dyn,0x002b9784,0x2b8784,8,0,,0x000ac75e
.rel.dyn,0x002b9788,0x2b8788,8,0,,0x000ad568
.rel.dyn,0x002b9798,0x2b8798,8,0,,0x000ad5ac
.rel.dyn,0x002b97bc,0x2b87bc,8,0,,0x000c2af0
.rel.dyn,0x002b97c0,0x2b87c0,8,0,,0x000abb9f
.rel.dyn,0x002b97c4,0x2b87c4,8,0,,0x000ac786
.rel.dyn,0x002b97c8,0x2b87c8,8,0,,0x000ad5d5
.rel.dyn,0x002b97d8,0x2b87d8,8,0,,0x000ad623
.rel.dyn,0x002b97fc,0x2b87fc,8,0,,0x000c2af0
.rel.dyn,0x002b9800,0x2b8800,8,0,,0x000abbca
.rel.dyn,0x002b9804,0x2b8804,8,0,,0x000ac7b8
.rel.dyn,0x002b9808,0x2b8808,8,0,,0x000ad665
.rel.dyn,0x002b9818,0x2b8818,8,0,,0x000ad6b0
.rel.dyn,0x002b983c,0x2b883c,8,0,,0x000bc472
.rel.dyn,0x002b984c,0x2b884c,8,0,,0x000b0fa5
.rel.dyn,0x002b9850,0x2b8850,8,0,,0x000b0ec0
.rel.dyn,0x002b9854,0x2b8854,8,0,,0x000b0dd2
.rel.dyn,0x002b9858,0x2b8858,8,0,,0x000ae857
.rel.dyn,0x002b987c,0x2b887c,8,0,,0x000c2621
.rel.dyn,0x002b988c,0x2b888c,8,0,,0x000b0ce5
.rel.dyn,0x002b9890,0x2b8890,8,0,,0x000b0bf1
.rel.dyn,0x002b9894,0x2b8894,8,0,,0x000b0af4
.rel.dyn,0x002b9898,0x2b8898,8,0,,0x000ae8a1
.rel.dyn,0x002b98bc,0x2b88bc,8,0,,0x000c0156
.rel.dyn,0x002b98cc,0x2b88cc,8,0,,0x000b0a3d
.rel.dyn,0x002b98d0,0x2b88d0,8,0,,0x000b097f
.rel.dyn,0x002b98d4,0x2b88d4,8,0,,0x000b08b8
.rel.dyn,0x002b98d8,0x2b88d8,8,0,,0x000ae8eb
.rel.dyn,0x002b98fc,0x2b88fc,8,0,,0x000c0734
.rel.dyn,0x002b990c,0x2b890c,8,0,,0x000b07ee
.rel.dyn,0x002b9910,0x2b8910,8,0,,0x000b071d
.rel.dyn,0x002b9914,0x2b8914,8,0,,0x000b0643
.rel.dyn,0x002b9918,0x2b8918,8,0,,0x000ae914
.rel.dyn,0x002b993c,0x2b893c,8,0,,0x000becb7
.rel.dyn,0x002b994c,0x2b894c,8,0,,0x000abc57
.rel.dyn,0x002b9950,0x2b8950,8,0,,0x000ac85a
.rel.dyn,0x002b9954,0x2b8954,8,0,,0x000ad7d6
.rel.dyn,0x002b9958,0x2b8958,8,0,,0x000ad823
.rel.dyn,0x002b997c,0x2b897c,8,0,,0x000beaa9
.rel.dyn,0x002b998c,0x2b898c,8,0,,0x000b05d1
.rel.dyn,0x002b9990,0x2b8990,8,0,,0x000b055a
.rel.dyn,0x002b9994,0x2b8994,8,0,,0x000b04da
.rel.dyn,0x002b9998,0x2b8998,8,0,,0x000aff3f
.rel.dyn,0x002b99bc,0x2b89bc,8,0,,0x000becb7
.rel.dyn,0x002b99cc,0x2b89cc,8,0,,0x000abc81
.rel.dyn,0x002b99d0,0x2b89d0,8,0,,0x000ac88b
.rel.dyn,0x002b99d4,0x2b89d4,8,0,,0x000ad870
.rel.dyn,0x002b99d8,0x2b89d8,8,0,,0x000ad8c9
.rel.dyn,0x002b99fc,0x2b89fc,8,0,,0x000beaa9
.rel.dyn,0x002b9a0c,0x2b8a0c,8,0,,0x000b0470
.rel.dyn,0x002b9a10,0x2b8a10,8,0,,0x000b03ff
.rel.dyn,0x002b9a14,0x2b8a14,8,0,,0x000b0385
.rel.dyn,0x002b9a18,0x2b8a18,8,0,,0x000afef3
.rel.dyn,0x002b9a3c,0x2b8a3c,8,0,,0x000becb7
.rel.dyn,0x002b9a4c,0x2b8a4c,8,0,,0x000abcb1
.rel.dyn,0x002b9a50,0x2b8a50,8,0,,0x000ac8c2
.rel.dyn,0x002b9a54,0x2b8a54,8,0,,0x000ad8f1
.rel.dyn,0x002b9a58,0x2b8a58,8,0,,0x000ad942
.rel.dyn,0x002b9a7c,0x2b8a7c,8,0,,0x000beaa9
.rel.dyn,0x002b9a8c,0x2b8a8c,8,0,,0x000b033b
.rel.dyn,0x002b9a90,0x2b8a90,8,0,,0x000b02ea
.rel.dyn,0x002b9a94,0x2b8a94,8,0,,0x000b028a
.rel.dyn,0x002b9a98,0x2b8a98,8,0,,0x000afea6
.rel.dyn,0x002b9abc,0x2b8abc,8,0,,0x000becb7
.rel.dyn,0x002b9acc,0x2b8acc,8,0,,0x000abcd9
.rel.dyn,0x002b9ad0,0x2b8ad0,8,0,,0x000ac8f1
.rel.dyn,0x002b9ad4,0x2b8ad4,8,0,,0x000ad96b
.rel.dyn,0x002b9ad8,0x2b8ad8,8,0,,0x000ad9b9
.rel.dyn,0x002b9afc,0x2b8afc,8,0,,0x000beaa9
.rel.dyn,0x002b9b0c,0x2b8b0c,8,0,,0x000b0242
.rel.dyn,0x002b9b10,0x2b8b10,8,0,,0x000b01f3
.rel.dyn,0x002b9b14,0x2b8b14,8,0,,0x000b0195
.rel.dyn,0x002b9b18,0x2b8b18,8,0,,0x000afe5a
.rel.dyn,0x002b9b3c,0x2b8b3c,8,0,,0x000becb7
.rel.dyn,0x002b9b4c,0x2b8b4c,8,0,,0x000abcfe
.rel.dyn,0x002b9b50,0x2b8b50,8,0,,0x000ac91d
.rel.dyn,0x002b9b54,0x2b8b54,8,0,,0x000ad9e1
.rel.dyn,0x002b9b58,0x2b8b58,8,0,,0x000ada28
.rel.dyn,0x002b9b7c,0x2b8b7c,8,0,,0x000beaa9
.rel.dyn,0x002b9b8c,0x2b8b8c,8,0,,0x000b013b
.rel.dyn,0x002b9b90,0x2b8b90,8,0,,0x000b00dc
.rel.dyn,0x002b9b94,0x2b8b94,8,0,,0x000b0074
.rel.dyn,0x002b9b98,0x2b8b98,8,0,,0x000afdf8
.rel.dyn,0x002b9bbc,0x2b8bbc,8,0,,0x000becb7
.rel.dyn,0x002b9bcc,0x2b8bcc,8,0,,0x000abd22
.rel.dyn,0x002b9bd0,0x2b8bd0,8,0,,0x000ac948
.rel.dyn,0x002b9bd4,0x2b8bd4,8,0,,0x000ada69
.rel.dyn,0x002b9bd8,0x2b8bd8,8,0,,0x000adaab
.rel.dyn,0x002b9bfc,0x2b8bfc,8,0,,0x000beaa9
.rel.dyn,0x002b9c0c,0x2b8c0c,8,0,,0x000b0030
.rel.dyn,0x002b9c10,0x2b8c10,8,0,,0x000affe5
.rel.dyn,0x002b9c14,0x2b8c14,8,0,,0x000aff8b
.rel.dyn,0x002b9c18,0x2b8c18,8,0,,0x000afdac
.rel.dyn,0x002b9c3c,0x2b8c3c,8,0,,0x000c216b
.rel.dyn,0x002b9c40,0x2b8c40,8,0,,0x000abd41
.rel.dyn,0x002b9c44,0x2b8c44,8,0,,0x000ac96e
.rel.dyn,0x002b9c48,0x2b8c48,8,0,,0x000adad3
.rel.dyn,0x002b9c58,0x2b8c58,8,0,,0x000adb24
.rel.dyn,0x002b9c7c,0x2b8c7c,8,0,,0x000c216b
.rel.dyn,0x002b9c80,0x2b8c80,8,0,,0x000abd6f
.rel.dyn,0x002b9c84,0x2b8c84,8,0,,0x000ac9a3
.rel.dyn,0x002b9c88,0x2b8c88,8,0,,0x000adb79
.rel.dyn,0x002b9c98,0x2b8c98,8,0,,0x000adbc8
.rel.dyn,0x002b9cbc,0x2b8cbc,8,0,,0x000c19e2
.rel.dyn,0x002b9cc0,0x2b8cc0,8,0,,0x000abd9b
.rel.dyn,0x002b9cc4,0x2b8cc4,8,0,,0x000ac9d6
.rel.dyn,0x002b9cc8,0x2b8cc8,8,0,,0x000adc1d
.rel.dyn,0x002b9cd8,0x2b8cd8,8,0,,0x000adc6c
.rel.dyn,0x002b9cfc,0x2b8cfc,8,0,,0x000c19e2
.rel.dyn,0x002b9d00,0x2b8d00,8,0,,0x000abdc7
.rel.dyn,0x002b9d04,0x2b8d04,8,0,,0x000aca09
.rel.dyn,0x002b9d08,0x2b8d08,8,0,,0x000adcc1
.rel.dyn,0x002b9d18,0x2b8d18,8,0,,0x000add12
.rel.dyn,0x002b9d3c,0x2b8d3c,8,0,,0x000c15aa
.rel.dyn,0x002b9d40,0x2b8d40,8,0,,0x000abdf5
.rel.dyn,0x002b9d44,0x2b8d44,8,0,,0x000aca3e
.rel.dyn,0x002b9d48,0x2b8d48,8,0,,0x000add67
.rel.dyn,0x002b9d58,0x2b8d58,8,0,,0x000addb5
.rel.dyn,0x002b9d7c,0x2b8d7c,8,0,,0x000c1175
.rel.dyn,0x002b9d80,0x2b8d80,8,0,,0x000abe20
.rel.dyn,0x002b9d84,0x2b8d84,8,0,,0x000aca70
.rel.dyn,0x002b9d88,0x2b8d88,8,0,,0x000addff
.rel.dyn,0x002b9d98,0x2b8d98,8,0,,0x000ade4d
.rel.dyn,0x002b9dbc,0x2b8dbc,8,0,,0x000c26cc
.rel.dyn,0x002b9dc0,0x2b8dc0,8,0,,0x000abe4b
.rel.dyn,0x002b9dc4,0x2b8dc4,8,0,,0x000acaa2
.rel.dyn,0x002b9dc8,0x2b8dc8,8,0,,0x000ade97
.rel.dyn,0x002b9dd8,0x2b8dd8,8,0,,0x000adeff
.rel.dyn,0x002b9dfc,0x2b8dfc,8,0,,0x000c26cc
.rel.dyn,0x002b9e00,0x2b8e00,8,0,,0x000abea1
.rel.dyn,0x002b9e04,0x2b8e04,8,0,,0x000acaff
.rel.dyn,0x002b9e08,0x2b8e08,8,0,,0x000adf4d
.rel.dyn,0x002b9e18,0x2b8e18,8,0,,0x000adfb5
.rel.dyn,0x002b9e3c,0x2b8e3c,8,0,,0x000c0f51
.rel.dyn,0x002b9e40,0x2b8e40,8,0,,0x000abef7
.rel.dyn,0x002b9e44,0x2b8e44,8,0,,0x000acb5c
.rel.dyn,0x002b9e48,0x2b8e48,8,0,,0x000ae004
.rel.dyn,0x002b9e58,0x2b8e58,8,0,,0x000ae06f
.rel.dyn,0x002b9e7c,0x2b8e7c,8,0,,0x000c0cc2
.rel.dyn,0x002b9e80,0x2b8e80,8,0,,0x000abf52
.rel.dyn,0x002b9e84,0x2b8e84,8,0,,0x000acbbe
.rel.dyn,0x002b9e88,0x2b8e88,8,0,,0x000ae0c7
.rel.dyn,0x002b9e98,0x2b8e98,8,0,,0x000ae141
.rel.dyn,0x002b9ebc,0x2b8ebc,8,0,,0x000c0cc2
.rel.dyn,0x002b9ec0,0x2b8ec0,8,0,,0x000abfbc
.rel.dyn,0x002b9ec4,0x2b8ec4,8,0,,0x000acc2f
.rel.dyn,0x002b9ec8,0x2b8ec8,8,0,,0x000ae199
.rel.dyn,0x002b9ed8,0x2b8ed8,8,0,,0x000ae207
.rel.dyn,0x002b9efc,0x2b8efc,8,0,,0x000c0a9c
.rel.dyn,0x002b9f00,0x2b8f00,8,0,,0x000ac01a
.rel.dyn,0x002b9f04,0x2b8f04,8,0,,0x000acc94
.rel.dyn,0x002b9f08,0x2b8f08,8,0,,0x000ae260
.rel.dyn,0x002b9f18,0x2b8f18,8,0,,0x000ae2ce
.rel.dyn,0x002b9f3c,0x2b8f3c,8,0,,0x000c07df
.rel.dyn,0x002b9f40,0x2b8f40,8,0,,0x000ac078
.rel.dyn,0x002b9f44,0x2b8f44,8,0,,0x000accf9
.rel.dyn,0x002b9f48,0x2b8f48,8,0,,0x000ae32a
.rel.dyn,0x002b9f58,0x2b8f58,8,0,,0x000ae39e
.rel.dyn,0x002b9f7c,0x2b8f7c,8,0,,0x000c07df
.rel.dyn,0x002b9f80,0x2b8f80,8,0,,0x000ac0dc
.rel.dyn,0x002b9f84,0x2b8f84,8,0,,0x000acd64
.rel.dyn,0x002b9f88,0x2b8f88,8,0,,0x000ae409
.rel.dyn,0x002b9f98,0x2b8f98,8,0,,0x000ae481
.rel.dyn,0x002b9fbc,0x2b8fbc,8,0,,0x000c03e7
.rel.dyn,0x002b9fc0,0x2b8fc0,8,0,,0x000ac144
.rel.dyn,0x002b9fc4,0x2b8fc4,8,0,,0x000acdd3
.rel.dyn,0x002b9fc8,0x2b8fc8,8,0,,0x000ae4f8
.rel.dyn,0x002b9fd8,0x2b8fd8,8,0,,0x000ae53f
.rel.dyn,0x002b9ffc,0x2b8ffc,8,0,,0x000c03e7
.rel.dyn,0x002ba000,0x2b9000,8,0,,0x000ac168
.rel.dyn,0x002ba004,0x2b9004,8,0,,0x000acdfe
.rel.dyn,0x002ba008,0x2b9008,8,0,,0x000ae583
.rel.dyn,0x002ba018,0x2b9018,8,0,,0x000ae5cc
.rel.dyn,0x002ba03c,0x2b903c,8,0,,0x000c01ec
.rel.dyn,0x002ba040,0x2b9040,8,0,,0x000ac18e
.rel.dyn,0x002ba044,0x2b9044,8,0,,0x000ace2b
.rel.dyn,0x002ba048,0x2b9048,8,0,,0x000ae610
.rel.dyn,0x002ba058,0x2b9058,8,0,,0x000ae692
.rel.dyn,0x002ba07c,0x2b907c,8,0,,0x000bfe9b
.rel.dyn,0x002ba080,0x2b9080,8,0,,0x000ac1e7
.rel.dyn,0x002ba084,0x2b9084,8,0,,0x000ace8b
.rel.dyn,0x002ba088,0x2b9088,8,0,,0x000ae6e6
.rel.dyn,0x002ba098,0x2b9098,8,0,,0x000ae72b
.rel.dyn,0x002ba0bc,0x2b90bc,8,0,,0x000bfe9b
.rel.dyn,0x002ba0c0,0x2b90c0,8,0,,0x000ac209
.rel.dyn,0x002ba0c4,0x2b90c4,8,0,,0x000aceb4
.rel.dyn,0x002ba0c8,0x2b90c8,8,0,,0x000ae755
.rel.dyn,0x002ba0d8,0x2b90d8,8,0,,0x000ae799
.rel.dyn,0x002ba0fc,0x2b90fc,8,0,,0x000bfe9b
.rel.dyn,0x002ba100,0x2b9100,8,0,,0x000ac22a
.rel.dyn,0x002ba104,0x2b9104,8,0,,0x000acedc
.rel.dyn,0x002ba108,0x2b9108,8,0,,0x000ae7c2
.rel.dyn,0x002ba118,0x2b9118,8,0,,0x000ae805
.rel.dyn,0x002ba13c,0x2b913c,8,0,,0x000bf988
.rel.dyn,0x002ba140,0x2b9140,8,0,,0x000af25f
.rel.dyn,0x002ba144,0x2b9144,8,0,,0x000af0af
.rel.dyn,0x002ba148,0x2b9148,8,0,,0x000aeeee
.rel.dyn,0x002ba158,0x2b9158,8,0,,0x000ae82e
.rel.dyn,0x002ba17c,0x2b917c,8,0,,0x000be0d9
.rel.dyn,0x002ba180,0x2b9180,8,0,,0x000ac24a
.rel.dyn,0x002ba184,0x2b9184,8,0,,0x000acf03
.rel.dyn,0x002ba188,0x2b9188,8,0,,0x000ae956
.rel.dyn,0x002ba198,0x2b9198,8,0,,0x000aeb13
.rel.dyn,0x002ba1bc,0x2b91bc,8,0,,0x000be0d9
.rel.dyn,0x002ba1c0,0x2b91c0,8,0,,0x000ac3f3
.rel.dyn,0x002ba1c4,0x2b91c4,8,0,,0x000ad0bb
.rel.dyn,0x002ba1c8,0x2b91c8,8,0,,0x000aeb18
.rel.dyn,0x002ba1d8,0x2b91d8,8,0,,0x000aece1
.rel.dyn,0x002ba1fc,0x2b91fc,8,0,,0x000bf672
.rel.dyn,0x002ba20c,0x2b920c,8,0,,0x000ac5ad
.rel.dyn,0x002ba210,0x2b9210,8,0,,0x000ad27f
.rel.dyn,0x002ba214,0x2b9214,8,0,,0x000aece6
.rel.dyn,0x002ba218,0x2b9218,8,0,,0x000aed41
.rel.dyn,0x002ba23c,0x2b923c,8,0,,0x000bf259
.rel.dyn,0x002ba24c,0x2b924c,8,0,,0x000ac5e5
.rel.dyn,0x002ba250,0x2b9250,8,0,,0x000ad2be
.rel.dyn,0x002ba254,0x2b9254,8,0,,0x000aeda5
.rel.dyn,0x002ba258,0x2b9258,8,0,,0x000aee02
.rel.dyn,0x002ba27c,0x2b927c,8,0,,0x000beead
.rel.dyn,0x002ba28c,0x2b928c,8,0,,0x000abc27
.rel.dyn,0x002ba290,0x2b9290,8,0,,0x000ac823
.rel.dyn,0x002ba294,0x2b9294,8,0,,0x000ad759
.rel.dyn,0x002ba298,0x2b9298,8,0,,0x000ad7ac
.rel.dyn,0x002ba2bc,0x2b92bc,8,0,,0x000bf081
.rel.dyn,0x002ba2cc,0x2b92cc,8,0,,0x000abbf2
.rel.dyn,0x002ba2d0,0x2b92d0,8,0,,0x000ac7e7
.rel.dyn,0x002ba2d4,0x2b92d4,8,0,,0x000ad6d9
.rel.dyn,0x002ba2d8,0x2b92d8,8,0,,0x000ad731
.rel.dyn,0x002ba3d4,0x2b93d4,8,0,,0x002c9980
.rel.dyn,0x002ba3d8,0x2b93d8,8,0,,0x002b9ae0
.rel.dyn,0x002ba3dc,0x2b93dc,8,0,,0x0016eb90
.rel.dyn,0x002ba3e0,0x2b93e0,8,0,,0x0015aa00
.rel.dyn,0x002ba3e4,0x2b93e4,8,0,,0x00073d89
.rel.dyn,0x002ba3e8,0x2b93e8,8,0,,0x0015a800
.rel.dyn,0x002ba3ec,0x2b93ec,8,0,,0x0018fd1f
.rel.dyn,0x002ba3f0,0x2b93f0,8,0,,0x00094b56
.rel.dyn,0x002ba3f4,0x2b93f4,8,0,,0x00171851
.rel.dyn,0x002ba3f8,0x2b93f8,8,0,,0x002b9860
.rel.dyn,0x002ba3fc,0x2b93fc,8,0,,0x0018e10b
.rel.dyn,0x002ba400,0x2b9400,8,0,,0x002b1240
.rel.dyn,0x002ba404,0x2b9404,8,0,,0x000593e7
.rel.dyn,0x002ba408,0x2b9408,8,0,,0x000d6fc1
.rel.dyn,0x002ba40c,0x2b940c,8,0,,0x00092a37
.rel.dyn,0x002ba410,0x2b9410,8,0,,0x00159cd0
.rel.dyn,0x002ba414,0x2b9414,8,0,,0x002b4ce0
.rel.dyn,0x002ba418,0x2b9418,8,0,,0x0018e935
.rel.dyn,0x002ba41c,0x2b941c,8,0,,0x00193066
.rel.dyn,0x002ba420,0x2b9420,8,0,,0x0004b028
.rel.dyn,0x002ba424,0x2b9424,8,0,,0x001024b1
.rel.dyn,0x002ba428,0x2b9428,8,0,,0x0016e738
.rel.dyn,0x002ba42c,0x2b942c,8,0,,0x0006fee7
.rel.dyn,0x002ba430,0x2b9430,8,0,,0x002ba020
.rel.dyn,0x002ba434,0x2b9434,8,0,,0x000a0510
.rel.dyn,0x002ba438,0x2b9438,8,0,,0x0007d557
.rel.dyn,0x002ba43c,0x2b943c,8,0,,0x00114ce4
.rel.dyn,0x002ba440,0x2b9440,8,0,,0x000a499f
.rel.dyn,0x002ba444,0x2b9444,8,0,,0x000b704f
.rel.dyn,0x002ba448,0x2b9448,8,0,,0x000909e4
.rel.dyn,0x002ba44c,0x2b944c,8,0,,0x002bb580
.rel.dyn,0x002ba450,0x2b9450,8,0,,0x00191f34
.rel.dyn,0x002ba454,0x2b9454,8,0,,0x0015acc0
.rel.dyn,0x002ba458,0x2b9458,8,0,,0x000b8b3f
.rel.dyn,0x002ba45c,0x2b945c,8,0,,0x000a16c9
.rel.dyn,0x002ba460,0x2b9460,8,0,,0x000a0fce
.rel.dyn,0x002ba464,0x2b9464,8,0,,0x000f5f1b
.rel.dyn,0x002ba468,0x2b9468,8,0,,0x000904dc
.rel.dyn,0x002ba46c,0x2b946c,8,0,,0x000bc8a0
.rel.dyn,0x002ba470,0x2b9470,8,0,,0x0015a540
.rel.dyn,0x002ba474,0x2b9474,8,0,,0x00058eb3
.rel.dyn,0x002ba478,0x2b9478,8,0,,0x002a7100
.rel.dyn,0x002ba47c,0x2b947c,8,0,,0x0007435f
.rel.dyn,0x002ba480,0x2b9480,8,0,,0x00054989
.rel.dyn,0x002ba484,0x2b9484,8,0,,0x000fc03b
.rel.dyn,0x002ba488,0x2b9488,8,0,,0x000f63a8
.rel.dyn,0x002ba48c,0x2b948c,8,0,,0x000a1852
.rel.dyn,0x002ba490,0x2b9490,8,0,,0x0015b2bc
.rel.dyn,0x002ba494,0x2b9494,8,0,,0x002b9960
.rel.dyn,0x002ba498,0x2b9498,8,0,,0x00159a50
.rel.dyn,0x002ba49c,0x2b949c,8,0,,0x000a11c9
.rel.dyn,0x002ba4a0,0x2b94a0,8,0,,0x000fe4c3
.rel.dyn,0x002ba4a4,0x2b94a4,8,0,,0x001956cc
.rel.dyn,0x002ba4a8,0x2b94a8,8,0,,0x000af6e4
.rel.dyn,0x002ba4ac,0x2b94ac,8,0,,0x000a1381
.rel.dyn,0x002ba4b0,0x2b94b0,8,0,,0x0009d61b
.rel.dyn,0x002ba4b4,0x2b94b4,8,0,,0x0007a0bc
.rel.dyn,0x002ba4b8,0x2b94b8,8,0,,0x00094d5c
.rel.dyn,0x002ba4bc,0x2b94bc,8,0,,0x0015b0ac
.rel.dyn,0x002ba4c0,0x2b94c0,8,0,,0x00102e2a
.rel.dyn,0x002ba4c4,0x2b94c4,8,0,,0x0007cfc4
.rel.dyn,0x002ba4c8,0x2b94c8,8,0,,0x0007149a
.rel.dyn,0x002ba4cc,0x2b94cc,8,0,,0x000fba49
.rel.dyn,0x002ba4d0,0x2b94d0,8,0,,0x0015b34c
.rel.dyn,0x002ba4d4,0x2b94d4,8,0,,0x00092fff
.rel.dyn,0x002ba4d8,0x2b94d8,8,0,,0x000a0024
.rel.dyn,0x002ba4dc,0x2b94dc,8,0,,0x000a0a09
.rel.dyn,0x002ba4e0,0x2b94e0,8,0,,0x000a14f8
.rel.dyn,0x002ba4e4,0x2b94e4,8,0,,0x0018eaca
.rel.dyn,0x002ba4e8,0x2b94e8,8,0,,0x0015b020
.rel.dyn,0x002ba4ec,0x2b94ec,8,0,,0x00054f3d
.rel.dyn,0x002ba4f0,0x2b94f0,8,0,,0x00103577
.rel.dyn,0x002ba4f4,0x2b94f4,8,0,,0x000c4201
.rel.dyn,0x002ba4f8,0x2b94f8,8,0,,0x000a174a
.rel.dyn,0x002ba4fc,0x2b94fc,8,0,,0x0018ee3c
.rel.dyn,0x002ba500,0x2b9500,8,0,,0x000a1198
.rel.dyn,0x002ba504,0x2b9504,8,0,,0x000fe07a
.rel.dyn,0x002ba508,0x2b9508,8,0,,0x0011d7c4
.rel.dyn,0x002ba50c,0x2b950c,8,0,,0x001ac651
.rel.dyn,0x002ba510,0x2b9510,8,0,,0x001597b0
.rel.dyn,0x002ba514,0x2b9514,8,0,,0x000fc96f
.rel.dyn,0x002ba518,0x2b9518,8,0,,0x0007ceb7
.rel.dyn,0x002ba51c,0x2b951c,8,0,,0x0011dd5c
.rel.dyn,0x002ba520,0x2b9520,8,0,,0x00103a80
.rel.dyn,0x002ba524,0x2b9524,8,0,,0x000b7c54
.rel.dyn,0x002ba528,0x2b9528,8,0,,0x002b9f20
.rel.dyn,0x002ba52c,0x2b952c,8,0,,0x000fe24e
.rel.dyn,0x002ba530,0x2b9530,8,0,,0x000c43cc
.rel.dyn,0x002ba534,0x2b9534,8,0,,0x0009c9e7
.rel.dyn,0x002ba538,0x2b9538,8,0,,0x0015ad50
.rel.dyn,0x002ba53c,0x2b953c,8,0,,0x0015a750
.rel.dyn,0x002ba540,0x2b9540,8,0,,0x002ba160
.rel.dyn,0x002ba544,0x2b9544,8,0,,0x0018f076
.rel.dyn,0x002ba548,0x2b9548,8,0,,0x000bc896
.rel.dyn,0x002ba54c,0x2b954c,8,0,,0x0016f339
.rel.dyn,0x002ba550,0x2b9550,8,0,,0x00070005
.rel.dyn,0x002ba554,0x2b9554,8,0,,0x00091e01
.rel.dyn,0x002ba558,0x2b9558,8,0,,0x000bd9fd
.rel.dyn,0x002ba55c,0x2b955c,8,0,,0x001599c0
.rel.dyn,0x002ba568,0x2b9568,8,0,,0x0011ffd5
.rel.dyn,0x002ba56c,0x2b956c,8,0,,0x001bade0
.rel.dyn,0x002ba570,0x2b9570,8,0,,0x000ddf61
.rel.dyn,0x002ba574,0x2b9574,8,0,,0x002b9aa0
.rel.dyn,0x002ba578,0x2b9578,8,0,,0x002d3cc0
.rel.dyn,0x002ba57c,0x2b957c,8,0,,0x00177d83
.rel.dyn,0x002ba580,0x2b9580,8,0,,0x00059646
.rel.dyn,0x002ba584,0x2b9584,8,0,,0x0018ef3d
.rel.dyn,0x002ba588,0x2b9588,8,0,,0x002a70a0
.rel.dyn,0x002ba58c,0x2b958c,8,0,,0x002b9820
.rel.dyn,0x002ba590,0x2b9590,8,0,,0x000950ad
.rel.dyn,0x002ba594,0x2b9594,8,0,,0x000c454b
.rel.dyn,0x002ba598,0x2b9598,8,0,,0x000fbdd0
.rel.dyn,0x002ba59c,0x2b959c,8,0,,0x002a70c0
.rel.dyn,0x002ba5a0,0x2b95a0,8,0,,0x0009371c
.rel.dyn,0x002ba5a4,0x2b95a4,8,0,,0x000a129a
.rel.dyn,0x002ba5a8,0x2b95a8,8,0,,0x000b80fd
.rel.dyn,0x002ba5ac,0x2b95ac,8,0,,0x00173490
.rel.dyn,0x002ba5b0,0x2b95b0,8,0,,0x002b97a0
.rel.dyn,0x002ba5b4,0x2b95b4,8,0,,0x000febff
.rel.dyn,0x002ba5b8,0x2b95b8,8,0,,0x00094dda
.rel.dyn,0x002ba5bc,0x2b95bc,8,0,,0x00194f7b
.rel.dyn,0x002ba5c0,0x2b95c0,8,0,,0x000948b4
.rel.dyn,0x002ba5c4,0x2b95c4,8,0,,0x000fc454
.rel.dyn,0x002ba5c8,0x2b95c8,8,0,,0x00169f90
.rel.dyn,0x002ba5cc,0x2b95cc,8,0,,0x000fd8ee
.rel.dyn,0x002ba5d0,0x2b95d0,8,0,,0x000b37a4
.rel.dyn,0x002ba5d4,0x2b95d4,8,0,,0x000f5fc8
.rel.dyn,0x002ba5d8,0x2b95d8,8,0,,0x00080aa2
.rel.dyn,0x002ba5dc,0x2b95dc,8,0,,0x000a1167
.rel.dyn,0x002ba5e0,0x2b95e0,8,0,,0x0018f108
.rel.dyn,0x002ba5e4,0x2b95e4,8,0,,0x000c33c3
.rel.dyn,0x002ba5e8,0x2b95e8,8,0,,0x0011fea0
.rel.dyn,0x002ba5ec,0x2b95ec,8,0,,0x0009e558
.rel.dyn,0x002ba5f0,0x2b95f0,8,0,,0x00170a91
.rel.dyn,0x002ba5f4,0x2b95f4,8,0,,0x00073053
.rel.dyn,0x002ba5f8,0x2b95f8,8,0,,0x0018ff8f
.rel.dyn,0x002ba5fc,0x2b95fc,8,0,,0x0005f250
.rel.dyn,0x002ba600,0x2b9600,8,0,,0x000a1222
.rel.dyn,0x002ba604,0x2b9604,8,0,,0x0007d46a
.rel.dyn,0x002ba608,0x2b9608,8,0,,0x0006ce1d
.rel.dyn,0x002ba60c,0x2b960c,8,0,,0x00107b1b
.rel.dyn,0x002ba610,0x2b9610,8,0,,0x000758d2
.rel.dyn,0x002ba614,0x2b9614,8,0,,0x002d46a0
.rel.dyn,0x002ba618,0x2b9618,8,0,,0x0009de46
.rel.dyn,0x002ba61c,0x2b961c,8,0,,0x0005f325
.rel.dyn,0x002ba620,0x2b9620,8,0,,0x0004fbac
.rel.dyn,0x002ba624,0x2b9624,8,0,,0x0011dad5
.rel.dyn,0x002ba628,0x2b9628,8,0,,0x00169e72
.rel.dyn,0x002ba62c,0x2b962c,8,0,,0x001598f0
.rel.dyn,0x002ba630,0x2b9630,8,0,,0x0005092a
.rel.dyn,0x002ba634,0x2b9634,8,0,,0x000a4718
.rel.dyn,0x002ba638,0x2b9638,8,0,,0x000a1106
.rel.dyn,0x002ba63c,0x2b963c,8,0,,0x0009f6eb
.rel.dyn,0x002ba640,0x2b9640,8,0,,0x0009fe20
.rel.dyn,0x002ba644,0x2b9644,8,0,,0x001ac511
.rel.dyn,0x002ba648,0x2b9648,8,0,,0x000748a3
.rel.dyn,0x002ba64c,0x2b964c,8,0,,0x00047f51
.rel.dyn,0x002ba650,0x2b9650,8,0,,0x00069e79
.rel.dyn,0x002ba654,0x2b9654,8,0,,0x001ac47c
.rel.dyn,0x002ba658,0x2b9658,8,0,,0x000c451a
.rel.dyn,0x002ba65c,0x2b965c,8,0,,0x00071f88
.rel.dyn,0x002ba660,0x2b9660,8,0,,0x000b9520
.rel.dyn,0x002ba664,0x2b9664,8,0,,0x000555ee
.rel.dyn,0x002ba668,0x2b9668,8,0,,0x00059b48
.rel.dyn,0x002ba66c,0x2b966c,8,0,,0x002b97e0
.rel.dyn,0x002ba670,0x2b9670,8,0,,0x00113313
.rel.dyn,0x002ba674,0x2b9674,8,0,,0x0009f622
.rel.dyn,0x002ba678,0x2b9678,8,0,,0x00050f3e
.rel.dyn,0x002ba67c,0x2b967c,8,0,,0x001706fd
.rel.dyn,0x002ba680,0x2b9680,8,0,,0x000fbad0
.rel.dyn,0x002ba684,0x2b9684,8,0,,0x0005018c
.rel.dyn,0x002ba688,0x2b9688,8,0,,0x0016a8b5
.rel.dyn,0x002ba68c,0x2b968c,8,0,,0x001945a8
.rel.dyn,0x002ba690,0x2b9690,8,0,,0x000a11fa
.rel.dyn,0x002ba694,0x2b9694,8,0,,0x001953c5
.rel.dyn,0x002ba698,0x2b9698,8,0,,0x000b8bb5
.rel.dyn,0x002ba69c,0x2b969c,8,0,,0x0007b0ac
.rel.dyn,0x002ba6a0,0x2b96a0,8,0,,0x0009c2d1
.rel.dyn,0x002ba6a4,0x2b96a4,8,0,,0x0015b810
.rel.dyn,0x002ba6a8,0x2b96a8,8,0,,0x000c15aa
.rel.dyn,0x002ba6ac,0x2b96ac,8,0,,0x002ba060
.rel.dyn,0x002ba6b0,0x2b96b0,8,0,,0x000bdbe6
.rel.dyn,0x002ba6b4,0x2b96b4,8,0,,0x000a18df
.rel.dyn,0x002ba6b8,0x2b96b8,8,0,,0x00071395
.rel.dyn,0x002ba6bc,0x2b96bc,8,0,,0x002b01c0
.rel.dyn,0x002ba6c0,0x2b96c0,8,0,,0x00159db0
.rel.dyn,0x002ba6c4,0x2b96c4,8,0,,0x001baa40
.rel.dyn,0x002ba6c8,0x2b96c8,8,0,,0x0018e578
.rel.dyn,0x002ba6cc,0x2b96cc,8,0,,0x00094a64
.rel.dyn,0x002ba6d0,0x2b96d0,8,0,,0x0018f14a
.rel.dyn,0x002ba6d4,0x2b96d4,8,0,,0x000b743f
.rel.dyn,0x002ba6d8,0x2b96d8,8,0,,0x00071227
.rel.dyn,0x002ba6dc,0x2b96dc,8,0,,0x00093aa8
.rel.dyn,0x002ba6e0,0x2b96e0,8,0,,0x0009192c
.rel.dyn,0x002ba6e4,0x2b96e4,8,0,,0x00055938
.rel.dyn,0x002ba6e8,0x2b96e8,8,0,,0x002b9b60
.rel.dyn,0x002ba6ec,0x2b96ec,8,0,,0x0004facc
.rel.dyn,0x002ba6f0,0x2b96f0,8,0,,0x00050be6
.rel.dyn,0x002ba6f4,0x2b96f4,8,0,,0x00072cbf
.rel.dyn,0x002ba6f8,0x2b96f8,8,0,,0x000a01a0
.rel.dyn,0x002ba6fc,0x2b96fc,8,0,,0x000fe005
.rel.dyn,0x002ba700,0x2b9700,8,0,,0x00171131
.rel.dyn,0x002ba704,0x2b9704,8,0,,0x0018e666
.rel.dyn,0x002ba708,0x2b9708,8,0,,0x00074220
.rel.dyn,0x002ba70c,0x2b970c,8,0,,0x0025de60
.rel.dyn,0x002ba710,0x2b9710,8,0,,0x0015c4bc
.rel.dyn,0x002ba714,0x2b9714,8,0,,0x002b9ba0
.rel.dyn,0x002ba718,0x2b9718,8,0,,0x0009fe25
.rel.dyn,0x002ba71c,0x2b971c,8,0,,0x000c3db1
.rel.dyn,0x002ba720,0x2b9720,8,0,,0x000a1022
.rel.dyn,0x002ba724,0x2b9724,8,0,,0x002ba0a0
.rel.dyn,0x002ba728,0x2b9728,8,0,,0x0007a638
.rel.dyn,0x002ba72c,0x2b972c,8,0,,0x002bb528
.rel.dyn,0x002ba730,0x2b9730,8,0,,0x000b6e09
.rel.dyn,0x002ba734,0x2b9734,8,0,,0x00193003
.rel.dyn,0x002ba738,0x2b9738,8,0,,0x0016ef93
.rel.dyn,0x002ba73c,0x2b973c,8,0,,0x002ba2a0
.rel.dyn,0x002ba740,0x2b9740,8,0,,0x00073949
.rel.dyn,0x002ba744,0x2b9744,8,0,,0x00103402
.rel.dyn,0x002ba748,0x2b9748,8,0,,0x00074794
.rel.dyn,0x002ba74c,0x2b974c,8,0,,0x000fd07a
.rel.dyn,0x002ba750,0x2b9750,8,0,,0x0007515a
.rel.dyn,0x002ba754,0x2b9754,8,0,,0x000feaae
.rel.dyn,0x002ba758,0x2b9758,8,0,,0x000717ee
.rel.dyn,0x002ba75c,0x2b975c,8,0,,0x000c30d4
.rel.dyn,0x002ba760,0x2b9760,8,0,,0x0009f732
.rel.dyn,0x002ba764,0x2b9764,8,0,,0x0018eef4
.rel.dyn,0x002ba768,0x2b9768,8,0,,0x00092971
.rel.dyn,0x002ba76c,0x2b976c,8,0,,0x000fe163
.rel.dyn,0x002ba770,0x2b9770,8,0,,0x000a1824
.rel.dyn,0x002ba774,0x2b9774,8,0,,0x0018e842
.rel.dyn,0x002ba778,0x2b9778,8,0,,0x0009255b
.rel.dyn,0x002ba77c,0x2b977c,8,0,,0x0018eeb9
.rel.dyn,0x002ba780,0x2b9780,8,0,,0x000a1636
.rel.dyn,0x002ba784,0x2b9784,8,0,,0x00050aaf
.rel.dyn,0x002ba788,0x2b9788,8,0,,0x000807de
.rel.dyn,0x002ba78c,0x2b978c,8,0,,0x000a0b4d
.rel.dyn,0x002ba790,0x2b9790,8,0,,0x0011d9f5
.rel.dyn,0x002ba794,0x2b9794,8,0,,0x00191552
.rel.dyn,0x002ba798,0x2b9798,8,0,,0x000c3d79
.rel.dyn,0x002ba79c,0x2b979c,8,0,,0x0009d4d2
.rel.dyn,0x002ba7a0,0x2b97a0,8,0,,0x002bb540
.rel.dyn,0x002ba7a4,0x2b97a4,8,0,,0x0015a3e0
.rel.dyn,0x002ba7a8,0x2b97a8,8,0,,0x002bb500
.rel.dyn,0x002ba7ac,0x2b97ac,8,0,,0x001739ec
.rel.dyn,0x002ba7b0,0x2b97b0,8,0,,0x002d42a0
.rel.dyn,0x002ba7b4,0x2b97b4,8,0,,0x000c4701
.rel.dyn,0x002ba7b8,0x2b97b8,8,0,,0x0018ea28
.rel.dyn,0x002ba7bc,0x2b97bc,8,0,,0x0005b4f0
.rel.dyn,0x002ba7c0,0x2b97c0,8,0,,0x002d46b4
.rel.dyn,0x002ba7c4,0x2b97c4,8,0,,0x0018e370
.rel.dyn,0x002ba7c8,0x2b97c8,8,0,,0x00054a30
.rel.dyn,0x002ba7cc,0x2b97cc,8,0,,0x000a13b0
.rel.dyn,0x002ba7d0,0x2b97d0,8,0,,0x000c300a
.rel.dyn,0x002ba7d4,0x2b97d4,8,0,,0x001727e0
.rel.dyn,0x002ba7d8,0x2b97d8,8,0,,0x0016bbd6
.rel.dyn,0x002ba7dc,0x2b97dc,8,0,,0x0018e501
.rel.dyn,0x002ba7e0,0x2b97e0,8,0,,0x00092697
.rel.dyn,0x002ba7e4,0x2b97e4,8,0,,0x0009f473
.rel.dyn,0x002ba7e8,0x2b97e8,8,0,,0x0010298a
.rel.dyn,0x002ba7ec,0x2b97ec,8,0,,0x0005b667
.rel.dyn,0x002ba7f0,0x2b97f0,8,0,,0x001389b7
.rel.dyn,0x002ba7f4,0x2b97f4,8,0,,0x00107c72
.rel.dyn,0x002ba7f8,0x2b97f8,8,0,,0x0015a020
.rel.dyn,0x002ba7fc,0x2b97fc,8,0,,0x0009fed5
.rel.dyn,0x002ba800,0x2b9800,8,0,,0x000c3f44
.rel.dyn,0x002ba804,0x2b9804,8,0,,0x0016b00e
.rel.dyn,0x002ba808,0x2b9808,8,0,,0x002b98e0
.rel.dyn,0x002ba80c,0x2b980c,8,0,,0x001156cf
.rel.dyn,0x002ba810,0x2b9810,8,0,,0x001ac6f3
.rel.dyn,0x002ba814,0x2b9814,8,0,,0x002b96e0
.rel.dyn,0x002ba818,0x2b9818,8,0,,0x000fbe18
.rel.dyn,0x002ba81c,0x2b981c,8,0,,0x0011d52f
.rel.dyn,0x002ba820,0x2b9820,8,0,,0x0018f475
.rel.dyn,0x002ba824,0x2b9824,8,0,,0x002b4d60
.rel.dyn,0x002ba828,0x2b9828,8,0,,0x0018ed16
.rel.dyn,0x002ba82c,0x2b982c,8,0,,0x000a1698
.rel.dyn,0x002ba830,0x2b9830,8,0,,0x0007b6cb
.rel.dyn,0x002ba834,0x2b9834,8,0,,0x00159b00
.rel.dyn,0x002ba838,0x2b9838,8,0,,0x001383de
.rel.dyn,0x002ba83c,0x2b983c,8,0,,0x00193100
.rel.dyn,0x002ba840,0x2b9840,8,0,,0x0007580a
.rel.dyn,0x002ba844,0x2b9844,8,0,,0x00072f01
.rel.dyn,0x002ba848,0x2b9848,8,0,,0x00170bf9
.rel.dyn,0x002ba84c,0x2b984c,8,0,,0x000d701f
.rel.dyn,0x002ba850,0x2b9850,8,0,,0x000951c6
.rel.dyn,0x002ba854,0x2b9854,8,0,,0x000fe0f2
.rel.dyn,0x002ba858,0x2b9858,8,0,,0x002ba120
.rel.dyn,0x002ba85c,0x2b985c,8,0,,0x00092dce
.rel.dyn,0x002ba860,0x2b9860,8,0,,0x000db936
.rel.dyn,0x002ba864,0x2b9864,8,0,,0x000b6075
.rel.dyn,0x002ba868,0x2b9868,8,0,,0x0009f42d
.rel.dyn,0x002ba86c,0x2b986c,8,0,,0x000a12f6
.rel.dyn,0x002ba870,0x2b9870,8,0,,0x000fc54d
.rel.dyn,0x002ba874,0x2b9874,8,0,,0x0015a5a0
.rel.dyn,0x002ba878,0x2b9878,8,0,,0x0005a91c
.rel.dyn,0x002ba87c,0x2b987c,8,0,,0x000b7c0d
.rel.dyn,0x002ba880,0x2b9880,8,0,,0x00159f00
.rel.dyn,0x002ba884,0x2b9884,8,0,,0x0018f625
.rel.dyn,0x002ba888,0x2b9888,8,0,,0x000b4fdb
.rel.dyn,0x002ba88c,0x2b988c,8,0,,0x0016aa33
.rel.dyn,0x002ba890,0x2b9890,8,0,,0x0018ee77
.rel.dyn,0x002ba894,0x2b9894,8,0,,0x00071ccc
.rel.dyn,0x002ba898,0x2b9898,8,0,,0x0018ea79
.rel.dyn,0x002ba89c,0x2b989c,8,0,,0x00102b4c
.rel.dyn,0x002ba8a0,0x2b98a0,8,0,,0x000759a5
.rel.dyn,0x002ba8a4,0x2b98a4,8,0,,0x001596b0
.rel.dyn,0x002ba8a8,0x2b98a8,8,0,,0x001ac4b5
.rel.dyn,0x002ba8ac,0x2b98ac,8,0,,0x000a6518
.rel.dyn,0x002ba8b0,0x2b98b0,8,0,,0x000a1667
.rel.dyn,0x002ba8b4,0x2b98b4,8,0,,0x002ba260
.rel.dyn,0x002ba8b8,0x2b98b8,8,0,,0x0018ebf6
.rel.dyn,0x002ba8bc,0x2b98bc,8,0,,0x000c3197
.rel.dyn,0x002ba8c0,0x2b98c0,8,0,,0x000c32f4
.rel.dyn,0x002ba8c4,0x2b98c4,8,0,,0x0018ec48
.rel.dyn,0x002ba8c8,0x2b98c8,8,0,,0x0018f0bf
.rel.dyn,0x002ba8cc,0x2b98cc,8,0,,0x00094d9b
.rel.dyn,0x002ba8d0,0x2b98d0,8,0,,0x000b8ef4
.rel.dyn,0x002ba8d4,0x2b98d4,8,0,,0x000a10a6
.rel.dyn,0x002ba8d8,0x2b98d8,8,0,,0x00094a33
.rel.dyn,0x002ba8dc,0x2b98dc,8,0,,0x000b786e
.rel.dyn,0x002ba8e0,0x2b98e0,8,0,,0x0016ecbe
.rel.dyn,0x002ba8e4,0x2b98e4,8,0,,0x00102753
.rel.dyn,0x002ba8e8,0x2b98e8,8,0,,0x000bddcd
.rel.dyn,0x002ba8ec,0x2b98ec,8,0,,0x0018f19a
.rel.dyn,0x002ba8f0,0x2b98f0,8,0,,0x001baba0
.rel.dyn,0x002ba8f4,0x2b98f4,8,0,,0x00103613
.rel.dyn,0x002ba8f8,0x2b98f8,8,0,,0x000a14ce
.rel.dyn,0x002ba8fc,0x2b98fc,8,0,,0x0015b408
.rel.dyn,0x002ba900,0x2b9900,8,0,,0x00172bd3
.rel.dyn,0x002ba904,0x2b9904,8,0,,0x000b4064
.rel.dyn,0x002ba908,0x2b9908,8,0,,0x0018ed74
.rel.dyn,0x002ba90c,0x2b990c,8,0,,0x00195820
.rel.dyn,0x002ba910,0x2b9910,8,0,,0x000a0ff8
.rel.dyn,0x002ba914,0x2b9914,8,0,,0x00191b5f
.rel.dyn,0x002ba918,0x2b9918,8,0,,0x002cab48
.rel.dyn,0x002ba91c,0x2b991c,8,0,,0x000fbc5b
.rel.dyn,0x002ba920,0x2b9920,8,0,,0x000fd317
.rel.dyn,0x002ba924,0x2b9924,8,0,,0x000bd5cc
.rel.dyn,0x002ba928,0x2b9928,8,0,,0x002a8b60
.rel.dyn,0x002ba92c,0x2b992c,8,0,,0x00074d12
.rel.dyn,0x002ba930,0x2b9930,8,0,,0x000bc89b
.rel.dyn,0x002ba934,0x2b9934,8,0,,0x0009edd4
.rel.dyn,0x002ba938,0x2b9938,8,0,,0x002a7060
.rel.dyn,0x002ba93c,0x2b993c,8,0,,0x000a06ad
.rel.dyn,0x002ba940,0x2b9940,8,0,,0x000b9525
.rel.dyn,0x002ba944,0x2b9944,8,0,,0x000a063e
.rel.dyn,0x002ba948,0x2b9948,8,0,,0x0018f4a7
.rel.dyn,0x002ba94c,0x2b994c,8,0,,0x002b9c60
.rel.dyn,0x002ba950,0x2b9950,8,0,,0x000a16fa
.rel.dyn,0x002ba954,0x2b9954,8,0,,0x000e1a49
.rel.dyn,0x002ba958,0x2b9958,8,0,,0x000a10d6
.rel.dyn,0x002ba95c,0x2b995c,8,0,,0x000c40c6
.rel.dyn,0x002ba960,0x2b9960,8,0,,0x000a5d8b
.rel.dyn,0x002ba964,0x2b9964,8,0,,0x0018edc6
.rel.dyn,0x002ba968,0x2b9968,8,0,,0x000fc240
.rel.dyn,0x002ba96c,0x2b996c,8,0,,0x000a1272
.rel.dyn,0x002ba970,0x2b9970,8,0,,0x0007023f
.rel.dyn,0x002ba974,0x2b9974,8,0,,0x00169a8d
.rel.dyn,0x002ba978,0x2b9978,8,0,,0x00102d14
.rel.dyn,0x002ba97c,0x2b997c,8,0,,0x0015add0
.rel.dyn,0x002ba980,0x2b9980,8,0,,0x0015b1c0
.rel.dyn,0x002ba984,0x2b9984,8,0,,0x001869f5
.rel.dyn,0x002ba988,0x2b9988,8,0,,0x00159e40
.rel.dyn,0x002ba98c,0x2b998c,8,0,,0x000b3bed
.rel.dyn,0x002ba990,0x2b9990,8,0,,0x0005978d
.rel.dyn,0x002ba994,0x2b9994,8,0,,0x00054009
.rel.dyn,0x002ba998,0x2b9998,8,0,,0x0007d1e9
.rel.dyn,0x002ba99c,0x2b999c,8,0,,0x000b6bb9
.rel.dyn,0x002ba9a0,0x2b99a0,8,0,,0x00159890
.rel.dyn,0x002ba9a4,0x2b99a4,8,0,,0x0010302a
.rel.dyn,0x002ba9a8,0x2b99a8,8,0,,0x0018f2b4
.rel.dyn,0x002ba9ac,0x2b99ac,8,0,,0x0007d65d
.rel.dyn,0x002ba9b0,0x2b99b0,8,0,,0x00073bb4
.rel.dyn,0x002ba9b4,0x2b99b4,8,0,,0x0007c8f2
.rel.dyn,0x002ba9b8,0x2b99b8,8,0,,0x00177d1c
.rel.dyn,0x002ba9bc,0x2b99bc,8,0,,0x00178010
.rel.dyn,0x002ba9c0,0x2b99c0,8,0,,0x000a1881
.rel.dyn,0x002ba9c4,0x2b99c4,8,0,,0x0011dbdc
.rel.dyn,0x002ba9cc,0x2b99cc,8,0,,0x002b9660
.rel.dyn,0x002ba9d0,0x2b99d0,8,0,,0x002b9ce0
.rel.dyn,0x002ba9d4,0x2b99d4,8,0,,0x002d46c8
.rel.dyn,0x002ba9d8,0x2b99d8,8,0,,0x0015a230
.rel.dyn,0x002ba9dc,0x2b99dc,8,0,,0x0010937e
.rel.dyn,0x002ba9e0,0x2b99e0,8,0,,0x000fc0b1
.rel.dyn,0x002ba9e4,0x2b99e4,8,0,,0x0015a0a0
.rel.dyn,0x002ba9e8,0x2b99e8,8,0,,0x00170570
.rel.dyn,0x002ba9ec,0x2b99ec,8,0,,0x000a124a
.rel.dyn,0x002ba9f0,0x2b99f0,8,0,,0x000d27a2
.rel.dyn,0x002ba9f4,0x2b99f4,8,0,,0x0007a668
.rel.dyn,0x002ba9f8,0x2b99f8,8,0,,0x0007495d
.rel.dyn,0x002ba9fc,0x2b99fc,8,0,,0x000c324c
.rel.dyn,0x002baa00,0x2b9a00,8,0,,0x000d2fcc
.rel.dyn,0x002baa04,0x2b9a04,8,0,,0x000b44bd
.rel.dyn,0x002baa08,0x2b9a08,8,0,,0x000a15a6
.rel.dyn,0x002baa0c,0x2b9a0c,8,0,,0x0017f3da
.rel.dyn,0x002baa10,0x2b9a10,8,0,,0x00171243
.rel.dyn,0x002baa14,0x2b9a14,8,0,,0x000a1352
.rel.dyn,0x002baa18,0x2b9a18,8,0,,0x0016f6f1
.rel.dyn,0x002baa1c,0x2b9a1c,8,0,,0x000f6441
.rel.dyn,0x002baa20,0x2b9a20,8,0,,0x0016ea58
.rel.dyn,0x002baa24,0x2b9a24,8,0,,0x000a02c3
.rel.dyn,0x002baa28,0x2b9a28,8,0,,0x000a5c41
.rel.dyn,0x002baa2c,0x2b9a2c,8,0,,0x00075239
.rel.dyn,0x002baa30,0x2b9a30,8,0,,0x002b98a0
.rel.dyn,0x002baa34,0x2b9a34,8,0,,0x0015b498
.rel.dyn,0x002baa38,0x2b9a38,8,0,,0x002d46dc
.rel.dyn,0x002baa3c,0x2b9a3c,8,0,,0x000fb920
.rel.dyn,0x002baa40,0x2b9a40,8,0,,0x0007b0e6
.rel.dyn,0x002baa44,0x2b9a44,8,0,,0x0004b084
.rel.dyn,0x002baa48,0x2b9a48,8,0,,0x002b9e60
.rel.dyn,0x002baa4c,0x2b9a4c,8,0,,0x00186a61
.rel.dyn,0x002baa50,0x2b9a50,8,0,,0x000742b3
.rel.dyn,0x002baa54,0x2b9a54,8,0,,0x002b4dc0
.rel.dyn,0x002baa58,0x2b9a58,8,0,,0x00058bbf
.rel.dyn,0x002baa5c,0x2b9a5c,8,0,,0x000d70f1
.rel.dyn,0x002baa60,0x2b9a60,8,0,,0x000a17c8
.rel.dyn,0x002baa64,0x2b9a64,8,0,,0x00055286
.rel.dyn,0x002baa68,0x2b9a68,8,0,,0x00192fd2
.rel.dyn,0x002baa6c,0x2b9a6c,8,0,,0x000fd481
.rel.dyn,0x002baa70,0x2b9a70,8,0,,0x000bc891
.rel.dyn,0x002baa74,0x2b9a74,8,0,,0x000fbea6
.rel.dyn,0x002baa78,0x2b9a78,8,0,,0x000fc7e4
.rel.dyn,0x002baa7c,0x2b9a7c,8,0,,0x002c9780
.rel.dyn,0x002baa84,0x2b9a84,8,0,,0x00094c77
.rel.dyn,0x002baa88,0x2b9a88,8,0,,0x0011dfa8
.rel.dyn,0x002baa8c,0x2b9a8c,8,0,,0x00159740
.rel.dyn,0x002baa90,0x2b9a90,8,0,,0x000bc95c
.rel.dyn,0x002baa94,0x2b9a94,8,0,,0x000b4b3f
.rel.dyn,0x002baa98,0x2b9a98,8,0,,0x002b4ca0
.rel.dyn,0x002baa9c,0x2b9a9c,8,0,,0x001035c4
.rel.dyn,0x002baaa0,0x2b9aa0,8,0,,0x0018eb98
.rel.dyn,0x002baaa4,0x2b9aa4,8,0,,0x0018f5e3
.rel.dyn,0x002baaa8,0x2b9aa8,8,0,,0x0005a305
.rel.dyn,0x002baaac,0x2b9aac,8,0,,0x0015b118
.rel.dyn,0x002baab0,0x2b9ab0,8,0,,0x000bcbf7
.rel.dyn,0x002baab4,0x2b9ab4,8,0,,0x00102320
.rel.dyn,0x002baab8,0x2b9ab8,8,0,,0x0018e3ab
.rel.dyn,0x002baabc,0x2b9abc,8,0,,0x001707c2
.rel.dyn,0x002baac0,0x2b9ac0,8,0,,0x0018ecb2
.rel.dyn,0x002baac4,0x2b9ac4,8,0,,0x00103528
.rel.dyn,0x002baac8,0x2b9ac8,8,0,,0x0004fdd9
.rel.dyn,0x002baacc,0x2b9acc,8,0,,0x000d2788
.rel.dyn,0x002baad0,0x2b9ad0,8,0,,0x002cab40
.rel.dyn,0x002baad4,0x2b9ad4,8,0,,0x00054d76
.rel.dyn,0x002baad8,0x2b9ad8,8,0,,0x0009d8fc
.rel.dyn,0x002baadc,0x2b9adc,8,0,,0x000703c6
.rel.dyn,0x002baae0,0x2b9ae0,8,0,,0x002b9a20
.rel.dyn,0x002baae4,0x2b9ae4,8,0,,0x000d78c1
.rel.dyn,0x002baae8,0x2b9ae8,8,0,,0x0018f37e
.rel.dyn,0x002baaec,0x2b9aec,8,0,,0x0018e893
.rel.dyn,0x002baaf0,0x2b9af0,8,0,,0x00059fc8
.rel.dyn,0x002baaf4,0x2b9af4,8,0,,0x00055636
.rel.dyn,0x002baaf8,0x2b9af8,8,0,,0x000a03eb
.rel.dyn,0x002baafc,0x2b9afc,8,0,,0x002b9d60
.rel.dyn,0x002bab00,0x2b9b00,8,0,,0x0018e5ef
.rel.dyn,0x002bab04,0x2b9b04,8,0,,0x00191621
.rel.dyn,0x002bab08,0x2b9b08,8,0,,0x0016f21e
.rel.dyn,0x002bab0c,0x2b9b0c,8,0,,0x002b9760
.rel.dyn,0x002bab10,0x2b9b10,8,0,,0x000a5543
.rel.dyn,0x002bab14,0x2b9b14,8,0,,0x000c4c9f
.rel.dyn,0x002bab18,0x2b9b18,8,0,,0x000fed0f
.rel.dyn,0x002bab1c,0x2b9b1c,8,0,,0x002b99a0
.rel.dyn,0x002bab20,0x2b9b20,8,0,,0x000fcb21
.rel.dyn,0x002bab24,0x2b9b24,8,0,,0x0015a600
.rel.dyn,0x002bab28,0x2b9b28,8,0,,0x0016d985
.rel.dyn,0x002bab2c,0x2b9b2c,8,0,,0x0006fe1b
.rel.dyn,0x002bab30,0x2b9b30,8,0,,0x000592c5
.rel.dyn,0x002bab34,0x2b9b34,8,0,,0x000752fd
.rel.dyn,0x002bab38,0x2b9b38,8,0,,0x000f314c
.rel.dyn,0x002bab3c,0x2b9b3c,8,0,,0x002ba1a0
.rel.dyn,0x002bab40,0x2b9b40,8,0,,0x00191660
.rel.dyn,0x002bab44,0x2b9b44,8,0,,0x002b4e60
.rel.dyn,0x002bab48,0x2b9b48,8,0,,0x001901b7
.rel.dyn,0x002bab4c,0x2b9b4c,8,0,,0x000fd17a
.rel.dyn,0x002bab50,0x2b9b50,8,0,,0x000ddf94
.rel.dyn,0x002bab54,0x2b9b54,8,0,,0x002ba1e0
.rel.dyn,0x002bab58,0x2b9b58,8,0,,0x000c3a86
.rel.dyn,0x002bab5c,0x2b9b5c,8,0,,0x00102f2a
.rel.dyn,0x002bab60,0x2b9b60,8,0,,0x0018e754
.rel.dyn,0x002bab64,0x2b9b64,8,0,,0x001226e7
.rel.dyn,0x002bab68,0x2b9b68,8,0,,0x000a1772
.rel.dyn,0x002bab6c,0x2b9b6c,8,0,,0x0018f1ea
.rel.dyn,0x002bab70,0x2b9b70,8,0,,0x000b4296
.rel.dyn,0x002bab74,0x2b9b74,8,0,,0x00173df9
.rel.dyn,0x002bab78,0x2b9b78,8,0,,0x00103298
.rel.dyn,0x002bab7c,0x2b9b7c,8,0,,0x00050e4c
.rel.dyn,0x002bab80,0x2b9b80,8,0,,0x00093ce1
.rel.dyn,0x002bab84,0x2b9b84,8,0,,0x00075a86
.rel.dyn,0x002bab88,0x2b9b88,8,0,,0x002b5240
.rel.dyn,0x002bab8c,0x2b9b8c,8,0,,0x0013bb62
.rel.dyn,0x002bab90,0x2b9b90,8,0,,0x0005b3c8
.rel.dyn,0x002bab94,0x2b9b94,8,0,,0x0004fc8b
.rel.dyn,0x002bab98,0x2b9b98,8,0,,0x0016ad6f
.rel.dyn,0x002bab9c,0x2b9b9c,8,0,,0x002b9720
.rel.dyn,0x002baba0,0x2b9ba0,8,0,,0x000b8dc9
.rel.dyn,0x002baba4,0x2b9ba4,8,0,,0x0018f558
.rel.dyn,0x002baba8,0x2b9ba8,8,0,,0x000b5a32
.rel.dyn,0x002babac,0x2b9bac,8,0,,0x002b4c60
.rel.dyn,0x002babb0,0x2b9bb0,8,0,,0x00073ab7
.rel.dyn,0x002babb4,0x2b9bb4,8,0,,0x0018f51d
.rel.dyn,0x002babb8,0x2b9bb8,8,0,,0x000a1076
.rel.dyn,0x002babbc,0x2b9bbc,8,0,,0x0015afa0
.rel.dyn,0x002babc0,0x2b9bc0,8,0,,0x000a15d6
.rel.dyn,0x002babc4,0x2b9bc4,8,0,,0x0009e256
.rel.dyn,0x002babc8,0x2b9bc8,8,0,,0x00093b5e
.rel.dyn,0x002babcc,0x2b9bcc,8,0,,0x0009299b
.rel.dyn,0x002babd0,0x2b9bd0,8,0,,0x000fd395
.rel.dyn,0x002babd4,0x2b9bd4,8,0,,0x00194054
.rel.dyn,0x002babd8,0x2b9bd8,8,0,,0x00071644
.rel.dyn,0x002babdc,0x2b9bdc,8,0,,0x00193a8d
.rel.dyn,0x002babe0,0x2b9be0,8,0,,0x000a1576
.rel.dyn,0x002babe4,0x2b9be4,8,0,,0x000ddfaf
.rel.dyn,0x002babe8,0x2b9be8,8,0,,0x001955ad
.rel.dyn,0x002babec,0x2b9bec,8,0,,0x00170fb3
.rel.dyn,0x002babf0,0x2b9bf0,8,0,,0x00090990
.rel.dyn,0x002babf4,0x2b9bf4,8,0,,0x000a1522
.rel.dyn,0x002babf8,0x2b9bf8,8,0,,0x0013b7f2
.rel.dyn,0x002babfc,0x2b9bfc,8,0,,0x0018eb34
.rel.dyn,0x002bac00,0x2b9c00,8,0,,0x0018f706
.rel.dyn,0x002bac04,0x2b9c04,8,0,,0x000b89a8
.rel.dyn,0x002bac08,0x2b9c08,8,0,,0x00170202
.rel.dyn,0x002bac0c,0x2b9c0c,8,0,,0x00054bf8
.rel.dyn,0x002bac10,0x2b9c10,8,0,,0x000b3e37
.rel.dyn,0x002bac14,0x2b9c14,8,0,,0x00094664
.rel.dyn,0x002bac18,0x2b9c18,8,0,,0x0009f403
.rel.dyn,0x002bac1c,0x2b9c1c,8,0,,0x002d4700
.rel.dyn,0x002bac20,0x2b9c20,8,0,,0x0009f4a3
.rel.dyn,0x002bac24,0x2b9c24,8,0,,0x0009495b
.rel.dyn,0x002bac28,0x2b9c28,8,0,,0x00171d08
.rel.dyn,0x002bac2c,0x2b9c2c,8,0,,0x0015a9a0
.rel.dyn,0x002bac30,0x2b9c30,8,0,,0x0015ab60
.rel.dyn,0x002bac34,0x2b9c34,8,0,,0x00170c3d
.rel.dyn,0x002bac38,0x2b9c38,8,0,,0x001386ef
.rel.dyn,0x002bac3c,0x2b9c3c,8,0,,0x0018f24f
.rel.dyn,0x002bac40,0x2b9c40,8,0,,0x00159590
.rel.dyn,0x002bac44,0x2b9c44,8,0,,0x0007a5a4
.rel.dyn,0x002bac48,0x2b9c48,8,0,,0x00094e1c
.rel.dyn,0x002bac4c,0x2b9c4c,8,0,,0x0015aecc
.rel.dyn,0x002bac50,0x2b9c50,8,0,,0x0016f604
.rel.dyn,0x002bac54,0x2b9c54,8,0,,0x000509ae
.rel.dyn,0x002bac58,0x2b9c58,8,0,,0x002a711c
.rel.dyn,0x002bac5c,0x2b9c5c,8,0,,0x0016a160
.rel.dyn,0x002bac60,0x2b9c60,8,0,,0x00090b3c
.rel.dyn,0x002bac64,0x2b9c64,8,0,,0x002b9d20
.rel.dyn,0x002bac68,0x2b9c68,8,0,,0x000a56c6
.rel.dyn,0x002bac6c,0x2b9c6c,8,0,,0x0015b780
.rel.dyn,0x002bac70,0x2b9c70,8,0,,0x001033a7
.rel.dyn,0x002bac74,0x2b9c74,8,0,,0x00159c70
.rel.dyn,0x002bac78,0x2b9c78,8,0,,0x002ba0e0
.rel.dyn,0x002bac7c,0x2b9c7c,8,0,,0x00103120
.rel.dyn,0x002bac80,0x2b9c80,8,0,,0x0018f2f6
.rel.dyn,0x002bac84,0x2b9c84,8,0,,0x000b4d85
.rel.dyn,0x002bac88,0x2b9c88,8,0,,0x00177e49
.rel.dyn,0x002bac8c,0x2b9c8c,8,0,,0x0018e48a
.rel.dyn,0x002bac90,0x2b9c90,8,0,,0x0018f3c4
.rel.dyn,0x002bac94,0x2b9c94,8,0,,0x0016f153
.rel.dyn,0x002bac98,0x2b9c98,8,0,,0x0019309d
.rel.dyn,0x002bac9c,0x2b9c9c,8,0,,0x0018f443
.rel.dyn,0x002baca0,0x2b9ca0,8,0,,0x000a104c
.rel.dyn,0x002baca4,0x2b9ca4,8,0,,0x000c4394
.rel.dyn,0x002baca8,0x2b9ca8,8,0,,0x000b8c39
.rel.dyn,0x002bacac,0x2b9cac,8,0,,0x002a8a20
.rel.dyn,0x002bacb0,0x2b9cb0,8,0,,0x002b9920
.rel.dyn,0x002bacb4,0x2b9cb4,8,0,,0x0007b538
.rel.dyn,0x002bacb8,0x2b9cb8,8,0,,0x000a18b0
.rel.dyn,0x002bacbc,0x2b9cbc,8,0,,0x00071f52
.rel.dyn,0x002bacc0,0x2b9cc0,8,0,,0x000fc40c
.rel.dyn,0x002bacc4,0x2b9cc4,8,0,,0x000fc8c7
.rel.dyn,0x002bacc8,0x2b9cc8,8,0,,0x0009db93
.rel.dyn,0x002baccc,0x2b9ccc,8,0,,0x0018ee01
.rel.dyn,0x002bacd0,0x2b9cd0,8,0,,0x0015b910
.rel.dyn,0x002bacd4,0x2b9cd4,8,0,,0x000fc3c4
.rel.dyn,0x002bacdc,0x2b9cdc,8,0,,0x001026a5
.rel.dyn,0x002bace0,0x2b9ce0,8,0,,0x000bb3b9
.rel.dyn,0x002bace4,0x2b9ce4,8,0,,0x002b6cc0
.rel.dyn,0x002bace8,0x2b9ce8,8,0,,0x0018e9d7
.rel.dyn,0x002bacec,0x2b9cec,8,0,,0x0007134f
.rel.dyn,0x002bacf0,0x2b9cf0,8,0,,0x00094b1e
.rel.dyn,0x002bacf4,0x2b9cf4,8,0,,0x001711a4
.rel.dyn,0x002bacf8,0x2b9cf8,8,0,,0x00071469
.rel.dyn,0x002bacfc,0x2b9cfc,8,0,,0x0015b524
.rel.dyn,0x002bad00,0x2b9d00,8,0,,0x0007442c
.rel.dyn,0x002bad04,0x2b9d04,8,0,,0x0015a110
.rel.dyn,0x002bad08,0x2b9d08,8,0,,0x0009b655
.rel.dyn,0x002bad0c,0x2b9d0c,8,0,,0x000bd29a
.rel.dyn,0x002bad10,0x2b9d10,8,0,,0x000b92c5
.rel.dyn,0x002bad14,0x2b9d14,8,0,,0x000b6427
.rel.dyn,0x002bad18,0x2b9d18,8,0,,0x002d4780
.rel.dyn,0x002bad1c,0x2b9d1c,8,0,,0x000fdf93
.rel.dyn,0x002bad20,0x2b9d20,8,0,,0x002b9ee0
.rel.dyn,0x002bad24,0x2b9d24,8,0,,0x000bd73e
.rel.dyn,0x002bad28,0x2b9d28,8,0,,0x000a13df
.rel.dyn,0x002bad2c,0x2b9d2c,8,0,,0x0015a6b0
.rel.dyn,0x002bad30,0x2b9d30,8,0,,0x002bb280
.rel.dyn,0x002bad34,0x2b9d34,8,0,,0x00117d55
.rel.dyn,0x002bad38,0x2b9d38,8,0,,0x0015af18
.rel.dyn,0x002bad3c,0x2b9d3c,8,0,,0x00094cb9
.rel.dyn,0x002bad40,0x2b9d40,8,0,,0x000c1175
.rel.dyn,0x002bad44,0x2b9d44,8,0,,0x002b9c20
.rel.dyn,0x002bad48,0x2b9d48,8,0,,0x002b9fe0
.rel.dyn,0x002bad4c,0x2b9d4c,8,0,,0x0018e986
.rel.dyn,0x002bad50,0x2b9d50,8,0,,0x00159640
.rel.dyn,0x002bad54,0x2b9d54,8,0,,0x002b96a0
.rel.dyn,0x002bad58,0x2b9d58,8,0,,0x000501d2
.rel.dyn,0x002bad5c,0x2b9d5c,8,0,,0x000a58f2
.rel.dyn,0x002bad60,0x2b9d60,8,0,,0x000fe1d7
.rel.dyn,0x002bad64,0x2b9d64,8,0,,0x000fbe5e
.rel.dyn,0x002bad68,0x2b9d68,8,0,,0x0015a470
.rel.dyn,0x002bad6c,0x2b9d6c,8,0,,0x000da2fb
.rel.dyn,0x002bad70,0x2b9d70,8,0,,0x000a30cb
.rel.dyn,0x002bad74,0x2b9d74,8,0,,0x0016fa36
.rel.dyn,0x002bad78,0x2b9d78,8,0,,0x0018f4e2
.rel.dyn,0x002bad7c,0x2b9d7c,8,0,,0x0015a380
.rel.dyn,0x002bad80,0x2b9d80,8,0,,0x000b30eb
.rel.dyn,0x002bad84,0x2b9d84,8,0,,0x000fca4a
.rel.dyn,0x002bad88,0x2b9d88,8,0,,0x000a12c8
.rel.dyn,0x002bad8c,0x2b9d8c,8,0,,0x00094eae
.rel.dyn,0x002bad90,0x2b9d90,8,0,,0x000a6194
.rel.dyn,0x002bad94,0x2b9d94,8,0,,0x000b6805
.rel.dyn,0x002bad98,0x2b9d98,8,0,,0x00050ec6
.rel.dyn,0x002bad9c,0x2b9d9c,8,0,,0x00074bc8
.rel.dyn,0x002bada0,0x2b9da0,8,0,,0x00138f29
.rel.dyn,0x002bada4,0x2b9da4,8,0,,0x0005415b
.rel.dyn,0x002bada8,0x2b9da8,8,0,,0x000a17f6
.rel.dyn,0x002badac,0x2b9dac,8,0,,0x0015a2e0
.rel.dyn,0x002badb0,0x2b9db0,8,0,,0x00054ee8
.rel.dyn,0x002badb4,0x2b9db4,8,0,,0x0007bbc7
.rel.dyn,0x002badb8,0x2b9db8,8,0,,0x000a5fcd
.rel.dyn,0x002badbc,0x2b9dbc,8,0,,0x000c4095
.rel.dyn,0x002badc0,0x2b9dc0,8,0,,0x0015ac20
.rel.dyn,0x002badc4,0x2b9dc4,8,0,,0x00070137
.rel.dyn,0x002badc8,0x2b9dc8,8,0,,0x000a2fd2
.rel.dyn,0x002badcc,0x2b9dcc,8,0,,0x00094347
.rel.dyn,0x002badd0,0x2b9dd0,8,0,,0x001709d0
.rel.dyn,0x002badd4,0x2b9dd4,8,0,,0x0009eeb7
.rel.dyn,0x002badd8,0x2b9dd8,8,0,,0x000bd8b3
.rel.dyn,0x002baddc,0x2b9ddc,8,0,,0x0007b810
.rel.dyn,0x002bade0,0x2b9de0,8,0,,0x0007d7ad
.rel.dyn,0x002bade4,0x2b9de4,8,0,,0x0016ec9b
.rel.dyn,0x002bade8,0x2b9de8,8,0,,0x000a1722
.rel.dyn,0x002badec,0x2b9dec,8,0,,0x0015a890
.rel.dyn,0x002badf0,0x2b9df0,8,0,,0x001915dc
.rel.dyn,0x002badf4,0x2b9df4,8,0,,0x0005457f
.rel.dyn,0x002badf8,0x2b9df8,8,0,,0x000a1324
.rel.dyn,0x002badfc,0x2b9dfc,8,0,,0x000bd3d8
.rel.dyn,0x002bae00,0x2b9e00,8,0,,0x00053ff0
.rel.dyn,0x002bae04,0x2b9e04,8,0,,0x0018f338
.rel.dyn,0x002bae08,0x2b9e08,8,0,,0x002b99e0
.rel.dyn,0x002bae0c,0x2b9e0c,8,0,,0x002b9fa0
.rel.dyn,0x002bae10,0x2b9e10,8,0,,0x0007d0cb
.rel.dyn,0x002bae14,0x2b9e14,8,0,,0x0005b59c
.rel.dyn,0x002bae18,0x2b9e18,8,0,,0x002b9b20
.rel.dyn,0x002bae1c,0x2b9e1c,8,0,,0x0019230c
.rel.dyn,0x002bae20,0x2b9e20,8,0,,0x00050a2f
.rel.dyn,0x002bae24,0x2b9e24,8,0,,0x00094fa9
.rel.dyn,0x002bae28,0x2b9e28,8,0,,0x00075606
.rel.dyn,0x002bae2c,0x2b9e2c,8,0,,0x001ab1af
.rel.dyn,0x002bae30,0x2b9e30,8,0,,0x0018f026
.rel.dyn,0x002bae34,0x2b9e34,8,0,,0x00054290
.rel.dyn,0x002bae38,0x2b9e38,8,0,,0x000bb46f
.rel.dyn,0x002bae3c,0x2b9e3c,8,0,,0x00173790
.rel.dyn,0x002bae40,0x2b9e40,8,0,,0x0018e6dd
.rel.dyn,0x002bae44,0x2b9e44,8,0,,0x000fd6fb
.rel.dyn,0x002bae48,0x2b9e48,8,0,,0x0009fac0
.rel.dyn,0x002bae4c,0x2b9e4c,8,0,,0x00159f90
.rel.dyn,0x002bae50,0x2b9e50,8,0,,0x00159b80
.rel.dyn,0x002bae54,0x2b9e54,8,0,,0x0015b668
.rel.dyn,0x002bae58,0x2b9e58,8,0,,0x000a0bbb
.rel.dyn,0x002bae5c,0x2b9e5c,8,0,,0x000559ba
.rel.dyn,0x002bae60,0x2b9e60,8,0,,0x0018f5a1
.rel.dyn,0x002bae64,0x2b9e64,8,0,,0x002b4be0
.rel.dyn,0x002bae68,0x2b9e68,8,0,,0x0018e8e4
.rel.dyn,0x002bae6c,0x2b9e6c,8,0,,0x00229161
.rel.dyn,0x002bae70,0x2b9e70,8,0,,0x00054f78
.rel.dyn,0x002bae74,0x2b9e74,8,0,,0x001025ae
.rel.dyn,0x002bae78,0x2b9e78,8,0,,0x000741be
.rel.dyn,0x002bae7c,0x2b9e7c,8,0,,0x00159828
.rel.dyn,0x002bae80,0x2b9e80,8,0,,0x000f61b3
.rel.dyn,0x002bae84,0x2b9e84,8,0,,0x00103881
.rel.dyn,0x002bae88,0x2b9e88,8,0,,0x0016e84d
.rel.dyn,0x002bae8c,0x2b9e8c,8,0,,0x002b9da0
.rel.dyn,0x002bae90,0x2b9e90,8,0,,0x0019c950
.rel.dyn,0x002bae94,0x2b9e94,8,0,,0x0009498c
.rel.dyn,0x002bae98,0x2b9e98,8,0,,0x002b9be0
.rel.dyn,0x002bae9c,0x2b9e9c,8,0,,0x0004afd4
.rel.dyn,0x002baea0,0x2b9ea0,8,0,,0x0009f908
.rel.dyn,0x002baea4,0x2b9ea4,8,0,,0x000a08f6
.rel.dyn,0x002baea8,0x2b9ea8,8,0,,0x0015aac0
.rel.dyn,0x002baeac,0x2b9eac,8,0,,0x00094c38
.rel.dyn,0x002baeb0,0x2b9eb0,8,0,,0x000945cd
.rel.dyn,0x002baeb4,0x2b9eb4,8,0,,0x000a154c
.rel.dyn,0x002baeb8,0x2b9eb8,8,0,,0x0017034d
.rel.dyn,0x002baebc,0x2b9ebc,8,0,,0x00094bf9
.rel.dyn,0x002baec0,0x2b9ec0,8,0,,0x002cab44
.rel.dyn,0x002baec4,0x2b9ec4,8,0,,0x00092a61
.rel.dyn,0x002baec8,0x2b9ec8,8,0,,0x0015b5e0
.rel.dyn,0x002baecc,0x2b9ecc,8,0,,0x00093b8f
.rel.dyn,0x002baed0,0x2b9ed0,8,0,,0x000e270b
.rel.dyn,0x002baed4,0x2b9ed4,8,0,,0x000c3759
.rel.dyn,0x002baed8,0x2b9ed8,8,0,,0x00071c7a
.rel.dyn,0x002baedc,0x2b9edc,8,0,,0x000a0b70
.rel.dyn,0x002baee0,0x2b9ee0,8,0,,0x002cab4c
.rel.dyn,0x002baee4,0x2b9ee4,8,0,,0x0018f800
.rel.dyn,0x002baee8,0x2b9ee8,8,0,,0x000599e6
.rel.dyn,0x002baeec,0x2b9eec,8,0,,0x000a1606
.rel.dyn,0x002baef0,0x2b9ef0,8,0,,0x0009c961
.rel.dyn,0x002baef4,0x2b9ef4,8,0,,0x002b9f60
.rel.dyn,0x002baef8,0x2b9ef8,8,0,,0x002d3580
.rel.dyn,0x002baefc,0x2b9efc,8,0,,0x000c3bae
.rel.dyn,0x002baf00,0x2b9f00,8,0,,0x002b9a60
.rel.dyn,0x002baf04,0x2b9f04,8,0,,0x0009f9e3
.rel.dyn,0x002baf08,0x2b9f08,8,0,,0x00055342
.rel.dyn,0x002baf0c,0x2b9f0c,8,0,,0x00072b1a
.rel.dyn,0x002baf10,0x2b9f10,8,0,,0x000c3598
.rel.dyn,0x002baf14,0x2b9f14,8,0,,0x000727f2
.rel.dyn,0x002baf18,0x2b9f18,8,0,,0x000fe8bb
.rel.dyn,0x002baf1c,0x2b9f1c,8,0,,0x00074e1e
.rel.dyn,0x002baf20,0x2b9f20,8,0,,0x000a1136
.rel.dyn,0x002baf24,0x2b9f24,8,0,,0x00103991
.rel.dyn,0x002baf28,0x2b9f28,8,0,,0x001712e2
.rel.dyn,0x002baf2c,0x2b9f2c,8,0,,0x001bac20
.rel.dyn,0x002baf30,0x2b9f30,8,0,,0x00159c00
.rel.dyn,0x002baf34,0x2b9f34,8,0,,0x000c3b84
.rel.dyn,0x002baf38,0x2b9f38,8,0,,0x000548e2
.rel.dyn,0x002baf40,0x2b9f40,8,0,,0x0018f73f
.rel.dyn,0x002baf44,0x2b9f44,8,0,,0x001bad00
.rel.dyn,0x002baf48,0x2b9f48,8,0,,0x002b9ca0
.rel.dyn,0x002baf4c,0x2b9f4c,8,0,,0x00054428
.rel.dyn,0x002baf50,0x2b9f50,8,0,,0x0018e413
.rel.dyn,0x002baf54,0x2b9f54,8,0,,0x000ddfca
.rel.dyn,0x002baf58,0x2b9f58,8,0,,0x002b9e20
.rel.dyn,0x002baf5c,0x2b9f5c,8,0,,0x00114b32
.rel.dyn,0x002baf60,0x2b9f60,8,0,,0x0016fcf1
.rel.dyn,0x002baf64,0x2b9f64,8,0,,0x000cce93
.rel.dyn,0x002baf68,0x2b9f68,8,0,,0x00059181
.rel.dyn,0x002baf70,0x2b9f70,8,0,,0x0009e034
.rel.dyn,0x002baf74,0x2b9f74,8,0,,0x002d4740
.rel.dyn,0x002baf78,0x2b9f78,8,0,,0x000a5448
.rel.dyn,0x002baf7c,0x2b9f7c,8,0,,0x0005a64e
.rel.dyn,0x002baf80,0x2b9f80,8,0,,0x0015ae40
.rel.dyn,0x002baf84,0x2b9f84,8,0,,0x002a7020
.rel.dyn,0x002baf88,0x2b9f88,8,0,,0x00091aa2
.rel.dyn,0x002baf8c,0x2b9f8c,8,0,,0x000fe733
.rel.dyn,0x002baf90,0x2b9f90,8,0,,0x0018ef86
.rel.dyn,0x002baf94,0x2b9f94,8,0,,0x0015a920
.rel.dyn,0x002baf98,0x2b9f98,8,0,,0x0018e7cb
.rel.dyn,0x002baf9c,0x2b9f9c,8,0,,0x002b9ea0
.rel.dyn,0x002bafa0,0x2b9fa0,8,0,,0x0018efd6
.rel.dyn,0x002bafa4,0x2b9fa4,8,0,,0x002b9de0
.rel.dyn,0x002bafa8,0x2b9fa8,8,0,,0x0015a4d0
.rel.dyn,0x002bafac,0x2b9fac,8,0,,0x000b3978
.rel.dyn,0x002bafb0,0x2b9fb0,8,0,,0x0009fd71
.rel.dyn,0x002bafb4,0x2b9fb4,8,0,,0x00138c5d
.rel.dyn,0x002bafb8,0x2b9fb8,8,0,,0x0016f4b1
.rel.dyn,0x002bafbc,0x2b9fbc,8,0,,0x00093bf3
.rel.dyn,0x002bafc0,0x2b9fc0,8,0,,0x001ac607
.rel.dyn,0x002bafc4,0x2b9fc4,8,0,,0x000a59d2
.rel.dyn,0x002bafc8,0x2b9fc8,8,0,,0x002b4d20
.rel.dyn,0x002bafcc,0x2b9fcc,8,0,,0x0016f0af
.rel.dyn,0x002bafd0,0x2b9fd0,8,0,,0x0015b25c
.rel.dyn,0x002bafd4,0x2b9fd4,8,0,,0x00177dea
.rel.dyn,0x002bafd8,0x2b9fd8,8,0,,0x0007b875
.rel.dyn,0x002bafdc,0x2b9fdc,8,0,,0x000a179a
.rel.dyn,0x002bb1a0,0x2ba1a0,8,0,,0x002bb1a0
.rel.dyn,0x002bb1a8,0x2ba1a8,8,0,,0x002ba060
.rel.dyn,0x002bb1ac,0x2ba1ac,8,0,,0x002ba120
.rel.dyn,0x002bb1b0,0x2ba1b0,8,0,,0x002ba0e0
.rel.dyn,0x002bb1b4,0x2ba1b4,8,0,,0x002ba0a0
.rel.dyn,0x002bb1bc,0x2ba1bc,8,0,,0x002b9620
.rel.dyn,0x002bb1c0,0x2ba1c0,8,0,,0x002b3280
.rel.dyn,0x002bb1c4,0x2ba1c4,8,0,,0x002b3294
.rel.dyn,0x002bb1cc,0x2ba1cc,8,0,,0x00256b63
.rel.dyn,0x002bb1d0,0x2ba1d0,8,0,,0x00256b6f
.rel.dyn,0x002bb1d4,0x2ba1d4,8,0,,0x00256b76
.rel.dyn,0x002bb1d8,0x2ba1d8,8,0,,0x00256b7e
.rel.dyn,0x002bb1dc,0x2ba1dc,8,0,,0x00256b85
.rel.dyn,0x002bb1e0,0x2ba1e0,8,0,,0x00256b91
.rel.dyn,0x002bb1e4,0x2ba1e4,8,0,,0x00256b49
.rel.dyn,0x002bb1e8,0x2ba1e8,8,0,,0x00256b7e
.rel.dyn,0x002bb1ec,0x2ba1ec,8,0,,0x00256b99
.rel.dyn,0x002bb1f0,0x2ba1f0,8,0,,0x00256ba1
.rel.dyn,0x002bb1f4,0x2ba1f4,8,0,,0x00279512
.rel.dyn,0x002bb1f8,0x2ba1f8,8,0,,0x002a3f8b
.rel.dyn,0x002bb1fc,0x2ba1fc,8,0,,0x002a72e0
.rel.dyn,0x002bb200,0x2ba200,8,0,,0x002b32d8
.rel.dyn,0x002bb204,0x2ba204,8,0,,0x002b32b8
.rel.dyn,0x002bb208,0x2ba208,8,0,,0x002b3368
.rel.dyn,0x002bb20c,0x2ba20c,8,0,,0x002b32c8
.rel.dyn,0x002bb210,0x2ba210,8,0,,0x002b33b8
.rel.dyn,0x002bb214,0x2ba214,8,0,,0x002b3388
.rel.dyn,0x002bb218,0x2ba218,8,0,,0x002b3318
.rel.dyn,0x002bb21c,0x2ba21c,8,0,,0x002b3328
.rel.dyn,0x002bb220,0x2ba220,8,0,,0x002b3398
.rel.dyn,0x002bb224,0x2ba224,8,0,,0x002b33a8
.rel.dyn,0x002bb228,0x2ba228,8,0,,0x002b32e8
.rel.dyn,0x002bb22c,0x2ba22c,8,0,,0x002b32f8
.rel.dyn,0x002bb230,0x2ba230,8,0,,0x002b3308
.rel.dyn,0x002bb234,0x2ba234,8,0,,0x002b3338
.rel.dyn,0x002bb238,0x2ba238,8,0,,0x002b3348
.rel.dyn,0x002bb23c,0x2ba23c,8,0,,0x002b3358
.rel.dyn,0x002bb240,0x2ba240,8,0,,0x002b3378
.rel.dyn,0x002bb2a0,0x2ba2a0,8,0,,0x002b45a4
.rel.dyn,0x002bb2a4,0x2ba2a4,8,0,,0x002b5128
.rel.dyn,0x002bb2a8,0x2ba2a8,8,0,,0x002b5154
.rel.dyn,0x002bb2ac,0x2ba2ac,8,0,,0x002b519c
.rel.dyn,0x002bb2b0,0x2ba2b0,8,0,,0x002b5184
.rel.dyn,0x002bb2b4,0x2ba2b4,8,0,,0x002b516c
.rel.dyn,0x002bb2b8,0x2ba2b8,8,0,,0x002b50d0
.rel.dyn,0x002bb2bc,0x2ba2bc,8,0,,0x002b5110
.rel.dyn,0x002bb2c0,0x2ba2c0,8,0,,0x002b51b4
.rel.dyn,0x002bb2c4,0x2ba2c4,8,0,,0x002b50a0
.rel.dyn,0x002bb2c8,0x2ba2c8,8,0,,0x002b458c
.rel.dyn,0x002bb2d0,0x2ba2d0,8,0,,0x002b324c
.rel.dyn,0x002bb2d4,0x2ba2d4,8,0,,0x002b3264
.rel.dyn,0x002bb2d8,0x2ba2d8,8,0,,0x002b3270
.rel.dyn,0x002bb2dc,0x2ba2dc,8,0,,0x002b32a8
.rel.dyn,0x002bb2e0,0x2ba2e0,8,0,,0x002b3254
.rel.dyn,0x002bb300,0x2ba300,8,0,,0x00261c1a
.rel.dyn,0x002bb304,0x2ba304,8,0,,0x00261c24
.rel.dyn,0x002bb308,0x2ba308,8,0,,0x00261c2d
.rel.dyn,0x002bb30c,0x2ba30c,8,0,,0x00261c3a
.rel.dyn,0x002bb310,0x2ba310,8,0,,0x00261c48
.rel.dyn,0x002bb314,0x2ba314,8,0,,0x00261c55
.rel.dyn,0x002bb318,0x2ba318,8,0,,0x00261c67
.rel.dyn,0x002bb31c,0x2ba31c,8,0,,0x00261c77
.rel.dyn,0x002bb320,0x2ba320,8,0,,0x00261c80
.rel.dyn,0x002bb324,0x2ba324,8,0,,0x00261c8e
.rel.dyn,0x002bb328,0x2ba328,8,0,,0x00261c99
.rel.dyn,0x002bb32c,0x2ba32c,8,0,,0x00261cab
.rel.dyn,0x002bb330,0x2ba330,8,0,,0x00261cc3
.rel.dyn,0x002bb3a0,0x2ba3a0,8,0,,0x000c7d19
.rel.dyn,0x002bb3a4,0x2ba3a4,8,0,,0x000c7c88
.rel.dyn,0x002bb3a8,0x2ba3a8,8,0,,0x000c7c05
.rel.dyn,0x002bb3ac,0x2ba3ac,8,0,,0x000c7b6d
.rel.dyn,0x002bb3b0,0x2ba3b0,8,0,,0x000c7aea
.rel.dyn,0x002bb3b4,0x2ba3b4,8,0,,0x000c7a57
.rel.dyn,0x002bb3b8,0x2ba3b8,8,0,,0x000c79cc
.rel.dyn,0x002bb3bc,0x2ba3bc,8,0,,0x000c7941
.rel.dyn,0x002bb3c0,0x2ba3c0,8,0,,0x000c78af
.rel.dyn,0x002bb3c4,0x2ba3c4,8,0,,0x000c7824
.rel.dyn,0x002bb3c8,0x2ba3c8,8,0,,0x000c7799
.rel.dyn,0x002bb3cc,0x2ba3cc,8,0,,0x000c7707
.rel.dyn,0x002bb3d0,0x2ba3d0,8,0,,0x000c7648
.rel.dyn,0x002bb3d4,0x2ba3d4,8,0,,0x000c7589
.rel.dyn,0x002bb3d8,0x2ba3d8,8,0,,0x000c74fe
.rel.dyn,0x002bb3dc,0x2ba3dc,8,0,,0x000c7473
.rel.dyn,0x002bb3e0,0x2ba3e0,8,0,,0x000c73da
.rel.dyn,0x002bb3e4,0x2ba3e4,8,0,,0x000c7348
.rel.dyn,0x002bb3e8,0x2ba3e8,8,0,,0x000c72b6
.rel.dyn,0x002bb3ec,0x2ba3ec,8,0,,0x000c721d
.rel.dyn,0x002bb3f0,0x2ba3f0,8,0,,0x000c718b
.rel.dyn,0x002bb3f4,0x2ba3f4,8,0,,0x000c70eb
.rel.dyn,0x002bb3f8,0x2ba3f8,8,0,,0x000c7059
.rel.dyn,0x002bb3fc,0x2ba3fc,8,0,,0x000c6fb2
.rel.dyn,0x002bb400,0x2ba400,8,0,,0x000c6f20
.rel.dyn,0x002bb404,0x2ba404,8,0,,0x000c6e87
.rel.dyn,0x002bb408,0x2ba408,8,0,,0x000c6dfc
.rel.dyn,0x002bb40c,0x2ba40c,8,0,,0x000c6d2f
.rel.dyn,0x002bb410,0x2ba410,8,0,,0x000c6c70
.rel.dyn,0x002bb414,0x2ba414,8,0,,0x000c6be5
.rel.dyn,0x002bb418,0x2ba418,8,0,,0x000c6b5a
.rel.dyn,0x002bb41c,0x2ba41c,8,0,,0x000c6ac8
.rel.dyn,0x002bb420,0x2ba420,8,0,,0x000c6a3a
.rel.dyn,0x002bb424,0x2ba424,8,0,,0x000c699e
.rel.dyn,0x002bb428,0x2ba428,8,0,,0x000c6910
.rel.dyn,0x002bb42c,0x2ba42c,8,0,,0x000c686d
.rel.dyn,0x002bb430,0x2ba430,8,0,,0x000c67df
.rel.dyn,0x002bb434,0x2ba434,8,0,,0x000c674a
.rel.dyn,0x002bb438,0x2ba438,8,0,,0x000c66bc
.rel.dyn,0x002bb43c,0x2ba43c,8,0,,0x000c6620
.rel.dyn,0x002bb440,0x2ba440,8,0,,0x000c6592
.rel.dyn,0x002bb444,0x2ba444,8,0,,0x000c64ef
.rel.dyn,0x002bb448,0x2ba448,8,0,,0x000c6461
.rel.dyn,0x002bb44c,0x2ba44c,8,0,,0x000c63db
.rel.dyn,0x002bb450,0x2ba450,8,0,,0x000c6347
.rel.dyn,0x002bb454,0x2ba454,8,0,,0x000c62c1
.rel.dyn,0x002bb458,0x2ba458,8,0,,0x000c6237
.rel.dyn,0x002bb45c,0x2ba45c,8,0,,0x000c616e
.rel.dyn,0x002bb460,0x2ba460,8,0,,0x000c60a5
.rel.dyn,0x002bb464,0x2ba464,8,0,,0x000c5fd5
.rel.dyn,0x002bb468,0x2ba468,8,0,,0x000c5f0c
.rel.dyn,0x002bb46c,0x2ba46c,8,0,,0x000c5e35
.rel.dyn,0x002bb470,0x2ba470,8,0,,0x000c5d6c
.rel.dyn,0x002bb474,0x2ba474,8,0,,0x000c5c8e
.rel.dyn,0x002bb478,0x2ba478,8,0,,0x000c5bc5
.rel.dyn,0x002bb47c,0x2ba47c,8,0,,0x000c5afc
.rel.dyn,0x002bb480,0x2ba480,8,0,,0x000c5a33
.rel.dyn,0x002bb484,0x2ba484,8,0,,0x000c5963
.rel.dyn,0x002bb488,0x2ba488,8,0,,0x000c589a
.rel.dyn,0x002bb48c,0x2ba48c,8,0,,0x000c57c3
.rel.dyn,0x002bb490,0x2ba490,8,0,,0x000c56fa
.rel.dyn,0x002bb494,0x2ba494,8,0,,0x000c561c
.rel.dyn,0x002bb498,0x2ba498,8,0,,0x000c5553
.rel.dyn,0x002bb49c,0x2ba49c,8,0,,0x000c54b0
.rel.dyn,0x002bb4a0,0x2ba4a0,8,0,,0x000c5414
.rel.dyn,0x002bb4a4,0x2ba4a4,8,0,,0x000c5371
.rel.dyn,0x002bb4a8,0x2ba4a8,8,0,,0x000c52c0
.rel.dyn,0x002bb4ac,0x2ba4ac,8,0,,0x000c5224
.rel.dyn,0x002bb4b0,0x2ba4b0,8,0,,0x000c517a
.rel.dyn,0x002bb500,0x2ba500,8,0,,0x002b5128
.rel.dyn,0x002bb504,0x2ba504,8,0,,0x002b519c
.rel.dyn,0x002bb508,0x2ba508,8,0,,0x002b5184
.rel.dyn,0x002bb50c,0x2ba50c,8,0,,0x002b50d0
.rel.dyn,0x002bb510,0x2ba510,8,0,,0x002b5110
.rel.dyn,0x002bb514,0x2ba514,8,0,,0x002b51b4
.rel.dyn,0x002bb518,0x2ba518,8,0,,0x002b50a0
.rel.dyn,0x002bb51c,0x2ba51c,8,0,,0x002b516c
.rel.dyn,0x002bb520,0x2ba520,8,0,,0x002b50b8
.rel.dyn,0x002bb528,0x2ba528,8,0,,0x002b50a0
.rel.dyn,0x002bb52c,0x2ba52c,8,0,,0x002b50b8
.rel.dyn,0x002bb540,0x2ba540,8,0,,0x000e850a
.rel.dyn,0x002bb544,0x2ba544,8,0,,0x000e854b
.rel.dyn,0x002bb548,0x2ba548,8,0,,0x000e8626
.rel.dyn,0x002bb54c,0x2ba54c,8,0,,0x000e85ba
.rel.dyn,0x002bb550,0x2ba550,8,0,,0x000e86dd
.rel.dyn,0x002bb554,0x2ba554,8,0,,0x000e8798
.rel.dyn,0x002bb558,0x2ba558,8,0,,0x000e8902
.rel.dyn,0x002bb55c,0x2ba55c,8,0,,0x000e8c5c
.rel.dyn,0x002bb560,0x2ba560,8,0,,0x000e8d25
.rel.dyn,0x002bb564,0x2ba564,8,0,,0x000e8a4a
.rel.dyn,0x002bb568,0x2ba568,8,0,,0x000e8eb0
.rel.dyn,0x002bb580,0x2ba580,8,0,,0x000e8eb5
.rel.dyn,0x002bb584,0x2ba584,8,0,,0x000e8ef6
.rel.dyn,0x002bb588,0x2ba588,8,0,,0x000e901a
.rel.dyn,0x002bb58c,0x2ba58c,8,0,,0x000e8f8e
.rel.dyn,0x002bb590,0x2ba590,8,0,,0x000e9102
.rel.dyn,0x002bb594,0x2ba594,8,0,,0x000e9206
.rel.dyn,0x002bb598,0x2ba598,8,0,,0x000e93c0
.rel.dyn,0x002bb59c,0x2ba59c,8,0,,0x000e97f5
.rel.dyn,0x002bb5a0,0x2ba5a0,8,0,,0x000e9909
.rel.dyn,0x002bb5a4,0x2ba5a4,8,0,,0x000e9570
.rel.dyn,0x002bb5a8,0x2ba5a8,8,0,,0x000e9b07
.rel.dyn,0x002bb5c0,0x2ba5c0,8,0,,0x000e6f8a
.rel.dyn,0x002bb5c4,0x2ba5c4,8,0,,0x000e6fcb
.rel.dyn,0x002bb5c8,0x2ba5c8,8,0,,0x000e7196
.rel.dyn,0x002bb5cc,0x2ba5cc,8,0,,0x000e70b3
.rel.dyn,0x002bb5d0,0x2ba5d0,8,0,,0x000e7342
.rel.dyn,0x002bb5d4,0x2ba5d4,8,0,,0x000e7529
.rel.dyn,0x002bb5d8,0x2ba5d8,8,0,,0x000e77d2
.rel.dyn,0x002bb5dc,0x2ba5dc,8,0,,0x000e7e6f
.rel.dyn,0x002bb5e0,0x2ba5e0,8,0,,0x000e80ab
.rel.dyn,0x002bb5e4,0x2ba5e4,8,0,,0x000e7a5f
.rel.dyn,0x002bb5e8,0x2ba5e8,8,0,,0x000e83c9
.rel.dyn,0x002bb600,0x2ba600,8,0,,0x000e5f06
.rel.dyn,0x002bb604,0x2ba604,8,0,,0x000e5f47
.rel.dyn,0x002bb608,0x2ba608,8,0,,0x000e60aa
.rel.dyn,0x002bb60c,0x2ba60c,8,0,,0x000e5ff8
.rel.dyn,0x002bb610,0x2ba610,8,0,,0x000e621a
.rel.dyn,0x002bb614,0x2ba614,8,0,,0x000e6391
.rel.dyn,0x002bb618,0x2ba618,8,0,,0x000e65e4
.rel.dyn,0x002bb61c,0x2ba61c,8,0,,0x000e6b31
.rel.dyn,0x002bb620,0x2ba620,8,0,,0x000e6cf7
.rel.dyn,0x002bb624,0x2ba624,8,0,,0x000e67fb
.rel.dyn,0x002bb628,0x2ba628,8,0,,0x000e6f85
.rel.dyn,0x002c9a60,0x2c8a60,8,0,,0x002a3fed
.rel.dyn,0x002c9a70,0x2c8a70,8,0,,0x002a3ff6
.rel.dyn,0x002c9a80,0x2c8a80,8,0,,0x002a4004
.rel.dyn,0x002c9a90,0x2c8a90,8,0,,0x002a4012
.rel.dyn,0x002c9aa0,0x2c8aa0,8,0,,0x002a401b
.rel.dyn,0x002c9ab0,0x2c8ab0,8,0,,0x002a4024
.rel.dyn,0x002c9ac0,0x2c8ac0,8,0,,0x002a402d
.rel.dyn,0x002c9ad0,0x2c8ad0,8,0,,0x002a4036
.rel.dyn,0x002c9ae0,0x2c8ae0,8,0,,0x002a403f
.rel.dyn,0x002c9af0,0x2c8af0,8,0,,0x002a404a
.rel.dyn,0x002c9b00,0x2c8b00,8,0,,0x002a4053
.rel.dyn,0x002c9b10,0x2c8b10,8,0,,0x002a405c
.rel.dyn,0x002c9b20,0x2c8b20,8,0,,0x002a4065
.rel.dyn,0x002c9b30,0x2c8b30,8,0,,0x002a4070
.rel.dyn,0x002c9b40,0x2c8b40,8,0,,0x002a4079
.rel.dyn,0x002c9b50,0x2c8b50,8,0,,0x002a4082
.rel.dyn,0x002c9b60,0x2c8b60,8,0,,0x002a408b
.rel.dyn,0x002c9b70,0x2c8b70,8,0,,0x002a4094
.rel.dyn,0x002c9b80,0x2c8b80,8,0,,0x002a409d
.rel.dyn,0x002c9b90,0x2c8b90,8,0,,0x002a40a6
.rel.dyn,0x002c9ba0,0x2c8ba0,8,0,,0x002a40b0
.rel.dyn,0x002c9bb0,0x2c8bb0,8,0,,0x002a40bb
.rel.dyn,0x002c9bc0,0x2c8bc0,8,0,,0x002a40c5
.rel.dyn,0x002c9bd0,0x2c8bd0,8,0,,0x002a40ce
.rel.dyn,0x002c9be0,0x2c8be0,8,0,,0x002a40da
.rel.dyn,0x002c9bf0,0x2c8bf0,8,0,,0x002a40e3
.rel.dyn,0x002c9c00,0x2c8c00,8,0,,0x002a40ec
.rel.dyn,0x002c9c10,0x2c8c10,8,0,,0x002a40f8
.rel.dyn,0x002c9c20,0x2c8c20,8,0,,0x002a4103
.rel.dyn,0x002c9c30,0x2c8c30,8,0,,0x002a410f
.rel.dyn,0x002c9c40,0x2c8c40,8,0,,0x002a411b
.rel.dyn,0x002c9c50,0x2c8c50,8,0,,0x002a4126
.rel.dyn,0x002c9c60,0x2c8c60,8,0,,0x002a4132
.rel.dyn,0x002c9c70,0x2c8c70,8,0,,0x002a413e
.rel.dyn,0x002c9c80,0x2c8c80,8,0,,0x002a4149
.rel.dyn,0x002c9c90,0x2c8c90,8,0,,0x002a4155
.rel.dyn,0x002c9ca0,0x2c8ca0,8,0,,0x002a4161
.rel.dyn,0x002c9cb0,0x2c8cb0,8,0,,0x002a416e
.rel.dyn,0x002c9cc0,0x2c8cc0,8,0,,0x002a417c
.rel.dyn,0x002c9cd0,0x2c8cd0,8,0,,0x002a418b
.rel.dyn,0x002c9ce0,0x2c8ce0,8,0,,0x002a4199
.rel.dyn,0x002c9cf0,0x2c8cf0,8,0,,0x002a41a7
.rel.dyn,0x002c9d00,0x2c8d00,8,0,,0x002a41b1
.rel.dyn,0x002c9d10,0x2c8d10,8,0,,0x002a41bc
.rel.dyn,0x002c9d20,0x2c8d20,8,0,,0x002a41c7
.rel.dyn,0x002c9d30,0x2c8d30,8,0,,0x002a41d1
.rel.dyn,0x002c9d40,0x2c8d40,8,0,,0x002a41db
.rel.dyn,0x002c9d50,0x2c8d50,8,0,,0x002a41e6
.rel.dyn,0x002c9d60,0x2c8d60,8,0,,0x002a41f3
.rel.dyn,0x002c9d70,0x2c8d70,8,0,,0x002a4200
.rel.dyn,0x002c9d80,0x2c8d80,8,0,,0x002a420d
.rel.dyn,0x002c9d90,0x2c8d90,8,0,,0x002a421a
.rel.dyn,0x002ba560,0x2b9560,6,14,__gmon_start__,0x00000000
.rel.dyn,0x002ba564,0x2b9564,6,15,_Jv_RegisterClasses,0x00000000
.rel.dyn,0x002ba9c8,0x2b99c8,6,53,stderr,0x00000000
.rel.dyn,0x002baa80,0x2b9a80,6,58,_glapi_Dispatch,0x00000000
.rel.dyn,0x002bacd8,0x2b9cd8,6,78,program_invocation_short_name,0x00000000
.rel.dyn,0x002baf3c,0x2b9f3c,6,98,__cxa_finalize,0x00000000
.rel.dyn,0x002baf6c,0x2b9f6c,6,101,_glapi_Context,0x00000000
.rel.plt,0x002bb000,0x2ba000,7,1,getpagesize,0x0001e3ea
.rel.plt,0x002bb004,0x2ba004,7,2,fputs,0x0001e3fa
.rel.plt,0x002bb008,0x2ba008,7,3,abort,0x0001e40a
.rel.plt,0x002bb00c,0x2ba00c,7,4,__errno_location,0x0001e41a
.rel.plt,0x002bb010,0x2ba010,7,5,open,0x0001e42a
.rel.plt,0x002bb014,0x2ba014,7,6,mmap,0x0001e43a
.rel.plt,0x002bb018,0x2ba018,7,7,ffs,0x0001e44a
.rel.plt,0x002bb01c,0x2ba01c,7,8,drmBOUnmap,0x0001e45a
.rel.plt,0x002bb020,0x2ba020,7,9,strerror,0x0001e46a
.rel.plt,0x002bb024,0x2ba024,7,10,XML_ParserCreate,0x0001e47a
.rel.plt,0x002bb028,0x2ba028,7,11,bsearch,0x0001e48a
.rel.plt,0x002bb02c,0x2ba02c,7,12,drmFenceSignaled,0x0001e49a
.rel.plt,0x002bb030,0x2ba030,7,13,__fprintf_chk,0x0001e4aa
.rel.plt,0x002bb034,0x2ba034,7,14,__gmon_start__,0x0001e4ba
.rel.plt,0x002bb038,0x2ba038,7,16,sched_yield,0x0001e4ca
.rel.plt,0x002bb03c,0x2ba03c,7,18,__printf_chk,0x0001e4da
.rel.plt,0x002bb040,0x2ba040,7,19,strtod,0x0001e4ea
.rel.plt,0x002bb044,0x2ba044,7,20,strchr,0x0001e4fa
.rel.plt,0x002bb048,0x2ba048,7,21,getenv,0x0001e50a
.rel.plt,0x002bb04c,0x2ba04c,7,22,calloc,0x0001e51a
.rel.plt,0x002bb050,0x2ba050,7,23,strncpy,0x0001e52a
.rel.plt,0x002bb054,0x2ba054,7,24,putchar,0x0001e53a
.rel.plt,0x002bb058,0x2ba058,7,25,pow,0x0001e54a
.rel.plt,0x002bb05c,0x2ba05c,7,26,dlclose,0x0001e55a
.rel.plt,0x002bb060,0x2ba060,7,27,drmFreeVersion,0x0001e56a
.rel.plt,0x002bb064,0x2ba064,7,28,XML_GetErrorCode,0x0001e57a
.rel.plt,0x002bb068,0x2ba068,7,29,XML_SetUserData,0x0001e58a
.rel.plt,0x002bb06c,0x2ba06c,7,30,memset,0x0001e59a
.rel.plt,0x002bb070,0x2ba070,7,31,__memcpy_chk,0x0001e5aa
.rel.plt,0x002bb074,0x2ba074,7,32,drmBOMap,0x0001e5ba
.rel.plt,0x002bb078,0x2ba078,7,33,_glapi_get_dispatch_table_size,0x0001e5ca
.rel.plt,0x002bb07c,0x2ba07c,7,34,frexpf,0x0001e5da
.rel.plt,0x002bb080,0x2ba080,7,35,__assert_fail,0x0001e5ea
.rel.plt,0x002bb084,0x2ba084,7,36,__vsnprintf_chk,0x0001e5fa
.rel.plt,0x002bb088,0x2ba088,7,37,XML_GetCurrentColumnNumber,0x0001e60a
.rel.plt,0x002bb08c,0x2ba08c,7,38,read,0x0001e61a
.rel.plt,0x002bb090,0x2ba090,7,39,usleep,0x0001e62a
.rel.plt,0x002bb094,0x2ba094,7,40,strtol,0x0001e63a
.rel.plt,0x002bb098,0x2ba098,7,41,free,0x0001e64a
.rel.plt,0x002bb09c,0x2ba09c,7,42,drmUnlock,0x0001e65a
.rel.plt,0x002bb0a0,0x2ba0a0,7,43,dlsym,0x0001e66a
.rel.plt,0x002bb0a4,0x2ba0a4,7,44,__vfprintf_chk,0x0001e67a
.rel.plt,0x002bb0a8,0x2ba0a8,7,45,drmBOUnreference,0x0001e68a
.rel.plt,0x002bb0ac,0x2ba0ac,7,46,pthread_mutex_unlock,0x0001e69a
.rel.plt,0x002bb0b0,0x2ba0b0,7,47,drmBOWaitIdle,0x0001e6aa
.rel.plt,0x002bb0b4,0x2ba0b4,7,48,__vsprintf_chk,0x0001e6ba
.rel.plt,0x002bb0b8,0x2ba0b8,7,49,fclose,0x0001e6ca
.rel.plt,0x002bb0bc,0x2ba0bc,7,50,_setjmp,0x0001e6da
.rel.plt,0x002bb0c0,0x2ba0c0,7,51,XML_ParseBuffer,0x0001e6ea
.rel.plt,0x002bb0c4,0x2ba0c4,7,52,_glapi_get_dispatch,0x0001e6fa
.rel.plt,0x002bb0c8,0x2ba0c8,7,54,memcpy,0x0001e70a
.rel.plt,0x002bb0cc,0x2ba0cc,7,55,fopen,0x0001e71a
.rel.plt,0x002bb0d0,0x2ba0d0,7,56,pthread_mutex_destroy,0x0001e72a
.rel.plt,0x002bb0d4,0x2ba0d4,7,57,drmCloseOnce,0x0001e73a
.rel.plt,0x002bb0d8,0x2ba0d8,7,59,strcpy,0x0001e74a
.rel.plt,0x002bb0dc,0x2ba0dc,7,60,dlopen,0x0001e75a
.rel.plt,0x002bb0e0,0x2ba0e0,7,61,longjmp,0x0001e76a
.rel.plt,0x002bb0e4,0x2ba0e4,7,62,XML_GetCurrentLineNumber,0x0001e77a
.rel.plt,0x002bb0e8,0x2ba0e8,7,63,pthread_mutex_init,0x0001e78a
.rel.plt,0x002bb0ec,0x2ba0ec,7,64,drmCommandWriteRead,0x0001e79a
.rel.plt,0x002bb0f0,0x2ba0f0,7,65,drmFenceWait,0x0001e7aa
.rel.plt,0x002bb0f4,0x2ba0f4,7,66,close,0x0001e7ba
.rel.plt,0x002bb0f8,0x2ba0f8,7,67,fwrite,0x0001e7ca
.rel.plt,0x002bb0fc,0x2ba0fc,7,68,_glapi_get_context,0x0001e7da
.rel.plt,0x002bb100,0x2ba100,7,69,strstr,0x0001e7ea
.rel.plt,0x002bb104,0x2ba104,7,70,strncat,0x0001e7fa
.rel.plt,0x002bb108,0x2ba108,7,71,malloc,0x0001e80a
.rel.plt,0x002bb10c,0x2ba10c,7,72,drmBOSetStatus,0x0001e81a
.rel.plt,0x002bb110,0x2ba110,7,73,pthread_mutex_lock,0x0001e82a
.rel.plt,0x002bb114,0x2ba114,7,74,_glapi_add_dispatch,0x0001e83a
.rel.plt,0x002bb118,0x2ba118,7,75,XML_ErrorString,0x0001e84a
.rel.plt,0x002bb11c,0x2ba11c,7,76,__stack_chk_fail,0x0001e85a
.rel.plt,0x002bb120,0x2ba120,7,77,fputc,0x0001e86a
.rel.plt,0x002bb124,0x2ba124,7,79,memmove,0x0001e87a
.rel.plt,0x002bb128,0x2ba128,7,80,XML_ParserFree,0x0001e88a
.rel.plt,0x002bb12c,0x2ba12c,7,81,drmFenceUnreference,0x0001e89a
.rel.plt,0x002bb130,0x2ba130,7,82,drmBOReference,0x0001e8aa
.rel.plt,0x002bb134,0x2ba134,7,83,XML_SetElementHandler,0x0001e8ba
.rel.plt,0x002bb138,0x2ba138,7,84,puts,0x0001e8ca
.rel.plt,0x002bb13c,0x2ba13c,7,85,drmGetVersion,0x0001e8da
.rel.plt,0x002bb140,0x2ba140,7,86,_glapi_set_warning_func,0x0001e8ea
.rel.plt,0x002bb144,0x2ba144,7,87,XML_Parse,0x0001e8fa
.rel.plt,0x002bb148,0x2ba148,7,88,_glapi_set_context,0x0001e90a
.rel.plt,0x002bb14c,0x2ba14c,7,89,XML_GetBuffer,0x0001e91a
.rel.plt,0x002bb150,0x2ba150,7,90,strspn,0x0001e92a
.rel.plt,0x002bb154,0x2ba154,7,91,_glapi_noop_enable_warnings,0x0001e93a
.rel.plt,0x002bb158,0x2ba158,7,92,__sprintf_chk,0x0001e94a
.rel.plt,0x002bb15c,0x2ba15c,7,93,strncmp,0x0001e95a
.rel.plt,0x002bb160,0x2ba160,7,94,drmBOCreate,0x0001e96a
.rel.plt,0x002bb164,0x2ba164,7,95,posix_memalign,0x0001e97a
.rel.plt,0x002bb168,0x2ba168,7,96,drmUnmap,0x0001e98a
.rel.plt,0x002bb16c,0x2ba16c,7,97,strcmp,0x0001e99a
.rel.plt,0x002bb170,0x2ba170,7,98,__cxa_finalize,0x0001e9aa
.rel.plt,0x002bb174,0x2ba174,7,99,drmGetLock,0x0001e9ba
.rel.plt,0x002bb178,0x2ba178,7,100,exit,0x0001e9ca
.rel.plt,0x002bb17c,0x2ba17c,7,102,drmWaitVBlank,0x0001e9da
.rel.plt,0x002bb180,0x2ba180,7,103,drmCommandWrite,0x0001e9ea
.rel.plt,0x002bb184,0x2ba184,7,104,_glapi_set_dispatch,0x0001e9fa
