string_elf_va,ref_from_elf_va,function_elf_va,function_name,reference_type
"0x00255008","0x0001f57f","0x0001f55a","FUN_0002f55a","DATA"
"0x00255008","0x0001f585","0x0001f55a","FUN_0002f55a","DATA"
"0x00255500","0x0001ee46","0x0001ed61","FUN_0002ed61","DATA"
"0x00255500","0x0001ee4c","0x0001ed61","FUN_0002ed61","DATA"
"0x00255560","0x0001edbf","0x0001ed61","FUN_0002ed61","DATA"
"0x00255560","0x0001edc5","0x0001ed61","FUN_0002ed61","DATA"
"0x00255560","0x0001eebe","0x0001ed61","FUN_0002ed61","DATA"
"0x00255560","0x0001eec4","0x0001ed61","FUN_0002ed61","DATA"
"0x00256954","0x00020f8e","0x00020f59","FUN_00030f59","DATA"
"0x00256954","0x00020f94","0x00020f59","FUN_00030f59","DATA"
"0x00256990","0x00021b97","0x00021b6a","FUN_00031b6a","DATA"
"0x00256990","0x00021b9d","0x00021b6a","FUN_00031b6a","DATA"
"0x00256990","0x00021ba0","0x00021b6a","FUN_00031b6a","DATA"
"0x00256990","0x00021bd4","0x00021b6a","FUN_00031b6a","READ"
"0x002569a4","0x00021ba3","0x00021b6a","FUN_00031b6a","DATA"
"0x002569a4","0x00021ba9","0x00021b6a","FUN_00031b6a","DATA"
"0x002569a4","0x00021bac","0x00021b6a","FUN_00031b6a","DATA"
"0x002569a4","0x00021bfe","0x00021b6a","FUN_00031b6a","READ"
"0x002569af","0x00021baf","0x00021b6a","FUN_00031b6a","DATA"
"0x002569af","0x00021bb5","0x00021b6a","FUN_00031b6a","DATA"
"0x002569af","0x00021bb8","0x00021b6a","FUN_00031b6a","DATA"
"0x002569af","0x00021c28","0x00021b6a","FUN_00031b6a","READ"
"0x002569be","0x00021bbb","0x00021b6a","FUN_00031b6a","DATA"
"0x002569be","0x00021bc1","0x00021b6a","FUN_00031b6a","DATA"
"0x002569be","0x00021bc4","0x00021b6a","FUN_00031b6a","DATA"
"0x002569be","0x00021c52","0x00021b6a","FUN_00031b6a","READ"
"0x002569e8","0x002b324c","","","DATA"
"0x002569f9","0x002b3254","","","DATA"
"0x00256a10","0x002b3264","","","DATA"
"0x00256a22","0x002b3270","","","DATA"
"0x00256a3b","0x002b3280","","","DATA"
"0x00256a46","0x002b3294","","","DATA"
"0x00256a4f","0x002b32a8","","","DATA"
"0x00256aa0","0x0002221c","0x000221e6","FUN_000321e6","DATA"
"0x00256aa0","0x00022222","0x000221e6","FUN_000321e6","DATA"
"0x00256bd0","0x00022477","0x000223fb","FUN_000323fb","DATA"
"0x00256bd0","0x0002247d","0x000223fb","FUN_000323fb","DATA"
"0x00256bf4","0x00022516","0x00022495","FUN_00032495","DATA"
"0x00256bf4","0x0002251c","0x00022495","FUN_00032495","DATA"
"0x00256c38","0x000225b0","0x00022534","FUN_00032534","DATA"
"0x00256c38","0x000225b6","0x00022534","FUN_00032534","DATA"
"0x00257de7","0x000254b9","0x00025451","FUN_00035451","DATA"
"0x00257de7","0x000254bf","0x00025451","FUN_00035451","DATA"
"0x00257e10","0x000254a7","0x00025451","FUN_00035451","DATA"
"0x00257e10","0x000254ad","0x00025451","FUN_00035451","DATA"
"0x00257e25","0x000256d1","0x00025680","FUN_00035680","DATA"
"0x00257e25","0x000256d7","0x00025680","FUN_00035680","DATA"
"0x00257e25","0x0002577e","0x00025733","FUN_00035733","DATA"
"0x00257e25","0x00025784","0x00025733","FUN_00035733","DATA"
"0x00257e62","0x000256bf","0x00025680","FUN_00035680","DATA"
"0x00257e62","0x000256c5","0x00025680","FUN_00035680","DATA"
"0x00257e79","0x0002576c","0x00025733","FUN_00035733","DATA"
"0x00257e79","0x00025772","0x00025733","FUN_00035733","DATA"
"0x00257e90","0x0002619f","0x00025970","FUN_00035970","DATA"
"0x00257e90","0x000261a5","0x00025970","FUN_00035970","DATA"
"0x00257ecc","0x0002618d","0x00025970","FUN_00035970","DATA"
"0x00257ecc","0x00026193","0x00025970","FUN_00035970","DATA"
"0x00257ee9","0x00026949","0x00026896","FUN_00036896","DATA"
"0x00257ee9","0x0002694f","0x00026896","FUN_00036896","DATA"
"0x00257ee9","0x000269d8","0x00026896","FUN_00036896","DATA"
"0x00257ee9","0x000269de","0x00026896","FUN_00036896","DATA"
"0x00257ee9","0x00026b9f","0x00026b5c","FUN_00036b5c","DATA"
"0x00257ee9","0x00026ba5","0x00026b5c","FUN_00036b5c","DATA"
"0x00257ee9","0x00026bd2","0x00026b5c","FUN_00036b5c","DATA"
"0x00257ee9","0x00026bd8","0x00026b5c","FUN_00036b5c","DATA"
"0x00257ee9","0x00026ce3","0x00026c9f","FUN_00036c9f","DATA"
"0x00257ee9","0x00026ce9","0x00026c9f","FUN_00036c9f","DATA"
"0x00257ee9","0x00026d13","0x00026c9f","FUN_00036c9f","DATA"
"0x00257ee9","0x00026d19","0x00026c9f","FUN_00036c9f","DATA"
"0x00257ee9","0x00026d95","0x00026c9f","FUN_00036c9f","DATA"
"0x00257ee9","0x00026d9b","0x00026c9f","FUN_00036c9f","DATA"
"0x00257ee9","0x0002681f","0x000267e2","FUN_000367e2","DATA"
"0x00257ee9","0x00026825","0x000267e2","FUN_000367e2","DATA"
"0x00257ee9","0x0002684e","0x000267e2","FUN_000367e2","DATA"
"0x00257ee9","0x00026854","0x000267e2","FUN_000367e2","DATA"
"0x00257ee9","0x00026b3a","0x00026aa1","FUN_00036aa1","DATA"
"0x00257ee9","0x00026b40","0x00026aa1","FUN_00036aa1","DATA"
"0x00257ee9","0x00026df5","0x00026dbd","FUN_00036dbd","DATA"
"0x00257ee9","0x00026dfb","0x00026dbd","FUN_00036dbd","DATA"
"0x00257ee9","0x00026e42","0x00026dbd","FUN_00036dbd","DATA"
"0x00257ee9","0x00026e48","0x00026dbd","FUN_00036dbd","DATA"
"0x00257ee9","0x00026ea6","0x00026dbd","FUN_00036dbd","DATA"
"0x00257ee9","0x00026eac","0x00026dbd","FUN_00036dbd","DATA"
"0x00257ee9","0x00026fa5","0x00026dbd","FUN_00036dbd","DATA"
"0x00257ee9","0x00026fab","0x00026dbd","FUN_00036dbd","DATA"
"0x00257ee9","0x00027027","0x00026fdf","FUN_00036fdf","DATA"
"0x00257ee9","0x0002702d","0x00026fdf","FUN_00036fdf","DATA"
"0x00257f35","0x00026dff","0x00026dbd","FUN_00036dbd","DATA"
"0x00257f35","0x00026e05","0x00026dbd","FUN_00036dbd","DATA"
"0x00257f58","0x00026ced","0x00026c9f","FUN_00036c9f","DATA"
"0x00257f58","0x00026cf3","0x00026c9f","FUN_00036c9f","DATA"
"0x00257f58","0x00026829","0x000267e2","FUN_000367e2","DATA"
"0x00257f58","0x0002682f","0x000267e2","FUN_000367e2","DATA"
"0x00258120","0x00027143","0x00027060","FUN_00037060","DATA"
"0x00258120","0x00027149","0x00027060","FUN_00037060","DATA"
"0x00258120","0x0002719a","0x00027060","FUN_00037060","DATA"
"0x00258120","0x000271a0","0x00027060","FUN_00037060","DATA"
"0x00258120","0x000271e9","0x00027060","FUN_00037060","DATA"
"0x00258120","0x000271ef","0x00027060","FUN_00037060","DATA"
"0x00258120","0x00027222","0x00027060","FUN_00037060","DATA"
"0x00258120","0x00027228","0x00027060","FUN_00037060","DATA"
"0x00258120","0x00027261","0x00027060","FUN_00037060","DATA"
"0x00258120","0x00027267","0x00027060","FUN_00037060","DATA"
"0x00258120","0x00027623","0x00027060","FUN_00037060","DATA"
"0x00258120","0x00027629","0x00027060","FUN_00037060","DATA"
"0x002581b1","0x00027131","0x00027060","FUN_00037060","DATA"
"0x002581b1","0x00027137","0x00027060","FUN_00037060","DATA"
"0x002581b1","0x00027188","0x00027060","FUN_00037060","DATA"
"0x002581b1","0x0002718e","0x00027060","FUN_00037060","DATA"
"0x002581b1","0x000271d7","0x00027060","FUN_00037060","DATA"
"0x002581b1","0x000271dd","0x00027060","FUN_00037060","DATA"
"0x002581b1","0x00027210","0x00027060","FUN_00037060","DATA"
"0x002581b1","0x00027216","0x00027060","FUN_00037060","DATA"
"0x002581b1","0x0002724f","0x00027060","FUN_00037060","DATA"
"0x002581b1","0x00027255","0x00027060","FUN_00037060","DATA"
"0x002581b1","0x00027611","0x00027060","FUN_00037060","DATA"
"0x002581b1","0x00027617","0x00027060","FUN_00037060","DATA"
"0x002581e0","0x0002798c","0x0002794b","FUN_0003794b","DATA"
"0x002581e0","0x00027992","0x0002794b","FUN_0003794b","DATA"
"0x00258206","0x00027970","0x0002794b","FUN_0003794b","DATA"
"0x00258206","0x00027976","0x0002794b","FUN_0003794b","DATA"
"0x00258206","0x000279e5","0x0002794b","FUN_0003794b","DATA"
"0x00258206","0x000279eb","0x0002794b","FUN_0003794b","DATA"
"0x0025821b","0x00027f46","0x00027f03","FUN_00037f03","DATA"
"0x0025821b","0x00027f4c","0x00027f03","FUN_00037f03","DATA"
"0x0025821b","0x0002821a","0x00027fa0","FUN_00037fa0","DATA"
"0x0025821b","0x00028220","0x00027fa0","FUN_00037fa0","DATA"
"0x0025821b","0x000281e6","0x00027fa0","FUN_00037fa0","DATA"
"0x0025821b","0x000281ec","0x00027fa0","FUN_00037fa0","DATA"
"0x0025827f","0x00028208","0x00027fa0","FUN_00037fa0","DATA"
"0x0025827f","0x0002820e","0x00027fa0","FUN_00037fa0","DATA"
"0x0025827f","0x000281d4","0x00027fa0","FUN_00037fa0","DATA"
"0x0025827f","0x000281da","0x00027fa0","FUN_00037fa0","DATA"
"0x00258297","0x00027f34","0x00027f03","FUN_00037f03","DATA"
"0x00258297","0x00027f3a","0x00027f03","FUN_00037f03","DATA"
"0x002582ac","0x00028390","0x00028301","FUN_00038301","DATA"
"0x002582ac","0x00028396","0x00028301","FUN_00038301","DATA"
"0x002582ce","0x0002837e","0x00028301","FUN_00038301","DATA"
"0x002582ce","0x00028384","0x00028301","FUN_00038301","DATA"
"0x002582e1","0x00029620","0x00029385","FUN_00039385","DATA"
"0x002582e1","0x00029626","0x00029385","FUN_00039385","DATA"
"0x002582e1","0x000297cf","0x00029385","FUN_00039385","DATA"
"0x002582e1","0x000297d5","0x00029385","FUN_00039385","DATA"
"0x002582e1","0x00029a68","0x00029385","FUN_00039385","DATA"
"0x002582e1","0x00029a6e","0x00029385","FUN_00039385","DATA"
"0x002582e1","0x00029826","0x00029385","FUN_00039385","DATA"
"0x002582e1","0x0002982c","0x00029385","FUN_00039385","DATA"
"0x002582e1","0x00029193","0x00028fff","FUN_00038fff","DATA"
"0x002582e1","0x00029199","0x00028fff","FUN_00038fff","DATA"
"0x002582e1","0x00028882","0x000287ff","FUN_000387ff","DATA"
"0x002582e1","0x00028888","0x000287ff","FUN_000387ff","DATA"
"0x002582e1","0x00028c2a","0x000287ff","FUN_000387ff","DATA"
"0x002582e1","0x00028c30","0x000287ff","FUN_000387ff","DATA"
"0x00258308","0x000403ff","0x00040355","FUN_00050355","DATA"
"0x00258308","0x00040405","0x00040355","FUN_00050355","DATA"
"0x00258308","0x00028cf4","0x000287ff","FUN_000387ff","DATA"
"0x00258308","0x00028cfa","0x000287ff","FUN_000387ff","DATA"
"0x00258374","0x00029a56","0x00029385","FUN_00039385","DATA"
"0x00258374","0x00029a5c","0x00029385","FUN_00039385","DATA"
"0x002583aa","0x00029181","0x00028fff","FUN_00038fff","DATA"
"0x002583aa","0x00029187","0x00028fff","FUN_00038fff","DATA"
"0x002583be","0x00028c18","0x000287ff","FUN_000387ff","DATA"
"0x002583be","0x00028c1e","0x000287ff","FUN_000387ff","DATA"
"0x0025840e","0x0002a759","0x0002a57b","FUN_0003a57b","DATA"
"0x0025840e","0x0002a75f","0x0002a57b","FUN_0003a57b","DATA"
"0x00258425","0x0002a804","0x0002a794","FUN_0003a794","DATA"
"0x00258425","0x0002a80a","0x0002a794","FUN_0003a794","DATA"
"0x00258425","0x0002a85e","0x0002a794","FUN_0003a794","DATA"
"0x00258425","0x0002a864","0x0002a794","FUN_0003a794","DATA"
"0x0025846b","0x0002a7f2","0x0002a794","FUN_0003a794","DATA"
"0x0025846b","0x0002a7f8","0x0002a794","FUN_0003a794","DATA"
"0x0025846b","0x0002a84c","0x0002a794","FUN_0003a794","DATA"
"0x0025846b","0x0002a852","0x0002a794","FUN_0003a794","DATA"
"0x0025847c","0x0002b5c4","0x0002b574","FUN_0003b574","DATA"
"0x0025847c","0x0002b5ca","0x0002b574","FUN_0003b574","DATA"
"0x0025847c","0x0002b634","0x0002b5e7","FUN_0003b5e7","DATA"
"0x0025847c","0x0002b63a","0x0002b5e7","FUN_0003b5e7","DATA"
"0x002584ac","0x0002bd5c","0x0002bce9","FUN_0003bce9","DATA"
"0x002584ac","0x0002bd62","0x0002bce9","FUN_0003bce9","DATA"
"0x002584ac","0x0002be34","0x0002bd7f","FUN_0003bd7f","DATA"
"0x002584ac","0x0002be3a","0x0002bd7f","FUN_0003bd7f","DATA"
"0x002584ac","0x0002c0c5","0x0002bfdf","FUN_0003bfdf","DATA"
"0x002584ac","0x0002c0cb","0x0002bfdf","FUN_0003bfdf","DATA"
"0x002584ac","0x0002c17c","0x0002bfdf","FUN_0003bfdf","DATA"
"0x002584ac","0x0002c182","0x0002bfdf","FUN_0003bfdf","DATA"
"0x00258500","0x0002c0b3","0x0002bfdf","FUN_0003bfdf","DATA"
"0x00258500","0x0002c0b9","0x0002bfdf","FUN_0003bfdf","DATA"
"0x00258517","0x0002c16a","0x0002bfdf","FUN_0003bfdf","DATA"
"0x00258517","0x0002c170","0x0002bfdf","FUN_0003bfdf","DATA"
"0x0025852f","0x0002bd4a","0x0002bce9","FUN_0003bce9","DATA"
"0x0025852f","0x0002bd50","0x0002bce9","FUN_0003bce9","DATA"
"0x0025854a","0x0002be22","0x0002bd7f","FUN_0003bd7f","DATA"
"0x0025854a","0x0002be28","0x0002bd7f","FUN_0003bd7f","DATA"
"0x00258563","0x0002ca4c","0x0002c852","FUN_0003c852","DATA"
"0x00258563","0x0002ca52","0x0002c852","FUN_0003c852","DATA"
"0x002585a0","0x0002d3f6","0x0002d2f9","FUN_0003d2f9","DATA"
"0x002585a0","0x0002d3fc","0x0002d2f9","FUN_0003d2f9","DATA"
"0x002585a0","0x0002d5bd","0x0002d2f9","FUN_0003d2f9","DATA"
"0x002585a0","0x0002d5c3","0x0002d2f9","FUN_0003d2f9","DATA"
"0x002585a0","0x0002d662","0x0002d2f9","FUN_0003d2f9","DATA"
"0x002585a0","0x0002d668","0x0002d2f9","FUN_0003d2f9","DATA"
"0x002585a0","0x0002d614","0x0002d2f9","FUN_0003d2f9","DATA"
"0x002585a0","0x0002d61a","0x0002d2f9","FUN_0003d2f9","DATA"
"0x002585a0","0x0002d75c","0x0002d2f9","FUN_0003d2f9","DATA"
"0x002585a0","0x0002d762","0x0002d2f9","FUN_0003d2f9","DATA"
"0x002586c0","0x0002d3e4","0x0002d2f9","FUN_0003d2f9","DATA"
"0x002586c0","0x0002d3ea","0x0002d2f9","FUN_0003d2f9","DATA"
"0x002586c0","0x0002d5ab","0x0002d2f9","FUN_0003d2f9","DATA"
"0x002586c0","0x0002d5b1","0x0002d2f9","FUN_0003d2f9","DATA"
"0x002586c0","0x0002d650","0x0002d2f9","FUN_0003d2f9","DATA"
"0x002586c0","0x0002d656","0x0002d2f9","FUN_0003d2f9","DATA"
"0x002586c0","0x0002d602","0x0002d2f9","FUN_0003d2f9","DATA"
"0x002586c0","0x0002d608","0x0002d2f9","FUN_0003d2f9","DATA"
"0x0025870f","0x0002daf6","0x0002daad","FUN_0003daad","DATA"
"0x0025870f","0x0002dafc","0x0002daad","FUN_0003daad","DATA"
"0x00258716","0x0002dada","0x0002daad","FUN_0003daad","DATA"
"0x00258716","0x0002dae0","0x0002daad","FUN_0003daad","DATA"
"0x00258716","0x0002dfa6","0x0002daad","FUN_0003daad","DATA"
"0x00258716","0x0002dfac","0x0002daad","FUN_0003daad","DATA"
"0x00258716","0x0002ddf5","0x0002daad","FUN_0003daad","DATA"
"0x00258716","0x0002ddfb","0x0002daad","FUN_0003daad","DATA"
"0x00258716","0x0002e36a","0x0002daad","FUN_0003daad","DATA"
"0x00258716","0x0002e370","0x0002daad","FUN_0003daad","DATA"
"0x00258732","0x0002ec98","0x0002e864","FUN_0003e864","DATA"
"0x00258732","0x0002ec9e","0x0002e864","FUN_0003e864","DATA"
"0x00258774","0x0002f420","0x0002f317","FUN_0003f317","DATA"
"0x00258774","0x0002f426","0x0002f317","FUN_0003f317","DATA"
"0x00258774","0x0002f451","0x0002f317","FUN_0003f317","DATA"
"0x00258774","0x0002f457","0x0002f317","FUN_0003f317","DATA"
"0x002587c0","0x0002f40e","0x0002f317","FUN_0003f317","DATA"
"0x002587c0","0x0002f414","0x0002f317","FUN_0003f317","DATA"
"0x002587c0","0x0002f43f","0x0002f317","FUN_0003f317","DATA"
"0x002587c0","0x0002f445","0x0002f317","FUN_0003f317","DATA"
"0x002587e3","0x0002faeb","0x0002fabd","FUN_0003fabd","DATA"
"0x002587e3","0x0002faf1","0x0002fabd","FUN_0003fabd","DATA"
"0x002587e3","0x00030c91","0x00030b76","FUN_00040b76","DATA"
"0x002587e3","0x00030c97","0x00030b76","FUN_00040b76","DATA"
"0x002587e3","0x00030cf5","0x00030cb1","FUN_00040cb1","DATA"
"0x002587e3","0x00030cfb","0x00030cb1","FUN_00040cb1","DATA"
"0x002587e3","0x00030f7f","0x00030f51","FUN_00040f51","DATA"
"0x002587e3","0x00030f85","0x00030f51","FUN_00040f51","DATA"
"0x002587e3","0x000304a4","0x00030466","FUN_00040466","DATA"
"0x002587e3","0x000304aa","0x00030466","FUN_00040466","DATA"
"0x002587e3","0x00030517","0x000304d9","FUN_000404d9","DATA"
"0x002587e3","0x0003051d","0x000304d9","FUN_000404d9","DATA"
"0x002587e3","0x00030581","0x00030549","FUN_00040549","DATA"
"0x002587e3","0x00030587","0x00030549","FUN_00040549","DATA"
"0x002587e3","0x00030604","0x000305a1","FUN_000405a1","DATA"
"0x002587e3","0x0003060a","0x000305a1","FUN_000405a1","DATA"
"0x002587e3","0x00030674","0x00030624","FUN_00040624","DATA"
"0x002587e3","0x0003067a","0x00030624","FUN_00040624","DATA"
"0x00258c7c","0x0003119e","0x00031145","FUN_00041145","DATA"
"0x00258c7c","0x000311a4","0x00031145","FUN_00041145","DATA"
"0x00258c7c","0x00031234","0x000311b6","FUN_000411b6","DATA"
"0x00258c7c","0x0003123a","0x000311b6","FUN_000411b6","DATA"
"0x00258c7c","0x00032b33","0x00031381","FUN_00041381","DATA"
"0x00258c7c","0x00032b39","0x00031381","FUN_00041381","DATA"
"0x00258c7c","0x000326cc","0x00031381","FUN_00041381","DATA"
"0x00258c7c","0x000326d2","0x00031381","FUN_00041381","DATA"
"0x00258c7c","0x0003285a","0x00031381","FUN_00041381","DATA"
"0x00258c7c","0x00032860","0x00031381","FUN_00041381","DATA"
"0x00258e9d","0x00033e44","0x00033bd6","FUN_00043bd6","DATA"
"0x00258e9d","0x00033e4a","0x00033bd6","FUN_00043bd6","DATA"
"0x00258e9d","0x00033ca7","0x00033bd6","FUN_00043bd6","DATA"
"0x00258e9d","0x00033cad","0x00033bd6","FUN_00043bd6","DATA"
"0x00258e9d","0x0003340c","0x00033257","FUN_00043257","DATA"
"0x00258e9d","0x00033412","0x00033257","FUN_00043257","DATA"
"0x00258e9d","0x00033398","0x00033257","FUN_00043257","DATA"
"0x00258e9d","0x0003339e","0x00033257","FUN_00043257","DATA"
"0x00258e9d","0x00033594","0x00033490","FUN_00043490","DATA"
"0x00258e9d","0x0003359a","0x00033490","FUN_00043490","DATA"
"0x00258e9d","0x00033667","0x00033490","FUN_00043490","DATA"
"0x00258e9d","0x0003366d","0x00033490","FUN_00043490","DATA"
"0x0025900b","0x000342dc","0x00034269","FUN_00044269","DATA"
"0x0025900b","0x000342e2","0x00034269","FUN_00044269","DATA"
"0x0025900b","0x000343f3","0x0003435d","FUN_0004435d","DATA"
"0x0025900b","0x000343f9","0x0003435d","FUN_0004435d","DATA"
"0x0025900b","0x00034497","0x0003441e","FUN_0004441e","DATA"
"0x0025900b","0x0003449d","0x0003441e","FUN_0004441e","DATA"
"0x0025900b","0x000346d3","0x00034613","FUN_00044613","DATA"
"0x0025900b","0x000346d9","0x00034613","FUN_00044613","DATA"
"0x002590e2","0x000352f0","0x0003503d","FUN_0004503d","DATA"
"0x002590e2","0x000352f6","0x0003503d","FUN_0004503d","DATA"
"0x002590e2","0x00035326","0x0003503d","FUN_0004503d","DATA"
"0x002590e2","0x0003532c","0x0003503d","FUN_0004503d","DATA"
"0x002590e2","0x000354d9","0x0003503d","FUN_0004503d","DATA"
"0x002590e2","0x000354df","0x0003503d","FUN_0004503d","DATA"
"0x002590e2","0x00035509","0x0003503d","FUN_0004503d","DATA"
"0x002590e2","0x0003550f","0x0003503d","FUN_0004503d","DATA"
"0x002590e2","0x000352ba","0x0003503d","FUN_0004503d","DATA"
"0x002590e2","0x000352c0","0x0003503d","FUN_0004503d","DATA"
"0x002590e2","0x00034cc6","0x000348a5","FUN_000448a5","DATA"
"0x002590e2","0x00034ccc","0x000348a5","FUN_000448a5","DATA"
"0x002590e2","0x00034fb9","0x00034ce4","FUN_00044ce4","DATA"
"0x002590e2","0x00034fbf","0x00034ce4","FUN_00044ce4","DATA"
"0x002590e2","0x00034ea3","0x00034ce4","FUN_00044ce4","DATA"
"0x002590e2","0x00034ea9","0x00034ce4","FUN_00044ce4","DATA"
"0x002590f5","0x00035287","0x0003503d","FUN_0004503d","DATA"
"0x002590f5","0x0003528d","0x0003503d","FUN_0004503d","DATA"
"0x002590f5","0x00034e70","0x00034ce4","FUN_00044ce4","DATA"
"0x002590f5","0x00034e76","0x00034ce4","FUN_00044ce4","DATA"
"0x00259218","0x00034cb4","0x000348a5","FUN_000448a5","DATA"
"0x00259218","0x00034cba","0x000348a5","FUN_000448a5","DATA"
"0x002593e9","0x00036048","0x00036002","FUN_00046002","DATA"
"0x002593e9","0x0003604e","0x00036002","FUN_00046002","DATA"
"0x002593e9","0x0003636c","0x0003631b","FUN_0004631b","DATA"
"0x002593e9","0x00036372","0x0003631b","FUN_0004631b","DATA"
"0x002593e9","0x000364c8","0x00036487","FUN_00046487","DATA"
"0x002593e9","0x000364ce","0x00036487","FUN_00046487","DATA"
"0x002593e9","0x000366c4","0x000364ed","FUN_000464ed","DATA"
"0x002593e9","0x000366ca","0x000364ed","FUN_000464ed","DATA"
"0x00259520","0x000378a8","0x00037854","FUN_00047854","DATA"
"0x00259520","0x000378ae","0x00037854","FUN_00047854","DATA"
"0x00259520","0x000378eb","0x00037854","FUN_00047854","DATA"
"0x00259520","0x000378f1","0x00037854","FUN_00047854","DATA"
"0x00259520","0x0003791b","0x00037854","FUN_00047854","DATA"
"0x00259520","0x00037921","0x00037854","FUN_00047854","DATA"
"0x00259520","0x000375e0","0x00037534","FUN_00047534","DATA"
"0x00259520","0x000375e6","0x00037534","FUN_00047534","DATA"
"0x00259520","0x0003766f","0x00037621","FUN_00047621","DATA"
"0x00259520","0x00037675","0x00037621","FUN_00047621","DATA"
"0x00259520","0x00037789","0x0003773b","FUN_0004773b","DATA"
"0x00259520","0x0003778f","0x0003773b","FUN_0004773b","DATA"
"0x00259536","0x00037aca","0x00037a7b","FUN_00047a7b","DATA"
"0x00259536","0x00037ad0","0x00037a7b","FUN_00047a7b","DATA"
"0x00259542","0x00038109","0x00037b51","FUN_00047b51","DATA"
"0x00259542","0x0003810f","0x00037b51","FUN_00047b51","DATA"
"0x00259550","0x000375ea","0x00037534","FUN_00047534","DATA"
"0x00259550","0x000375f0","0x00037534","FUN_00047534","DATA"
"0x00259570","0x000378b2","0x00037854","FUN_00047854","DATA"
"0x00259570","0x000378b8","0x00037854","FUN_00047854","DATA"
"0x00259570","0x00037679","0x00037621","FUN_00047621","DATA"
"0x00259570","0x0003767f","0x00037621","FUN_00047621","DATA"
"0x00259570","0x00037793","0x0003773b","FUN_0004773b","DATA"
"0x00259570","0x00037799","0x0003773b","FUN_0004773b","DATA"
"0x002595c9","0x0003765d","0x00037621","FUN_00047621","DATA"
"0x002595c9","0x00037663","0x00037621","FUN_00047621","DATA"
"0x002595e1","0x00037777","0x0003773b","FUN_0004773b","DATA"
"0x002595e1","0x0003777d","0x0003773b","FUN_0004773b","DATA"
"0x002595f8","0x00037896","0x00037854","FUN_00047854","DATA"
"0x002595f8","0x0003789c","0x00037854","FUN_00047854","DATA"
"0x002595f8","0x000378d9","0x00037854","FUN_00047854","DATA"
"0x002595f8","0x000378df","0x00037854","FUN_00047854","DATA"
"0x002595f8","0x00037909","0x00037854","FUN_00047854","DATA"
"0x002595f8","0x0003790f","0x00037854","FUN_00047854","DATA"
"0x0025960f","0x00038305","0x000382ce","FUN_000482ce","DATA"
"0x0025960f","0x0003830b","0x000382ce","FUN_000482ce","DATA"
"0x0025960f","0x00038337","0x000382ce","FUN_000482ce","DATA"
"0x0025960f","0x0003833d","0x000382ce","FUN_000482ce","DATA"
"0x0025960f","0x000383d4","0x0003838b","FUN_0004838b","DATA"
"0x0025960f","0x000383da","0x0003838b","FUN_0004838b","DATA"
"0x0025960f","0x00038404","0x0003838b","FUN_0004838b","DATA"
"0x0025960f","0x0003840a","0x0003838b","FUN_0004838b","DATA"
"0x0025960f","0x0003843c","0x0003838b","FUN_0004838b","DATA"
"0x0025960f","0x00038442","0x0003838b","FUN_0004838b","DATA"
"0x0025960f","0x000384f6","0x000384ab","FUN_000484ab","DATA"
"0x0025960f","0x000384fc","0x000384ab","FUN_000484ab","DATA"
"0x0025960f","0x0003852b","0x000384ab","FUN_000484ab","DATA"
"0x0025960f","0x00038531","0x000384ab","FUN_000484ab","DATA"
"0x0025960f","0x00038597","0x00038560","FUN_00048560","DATA"
"0x0025960f","0x0003859d","0x00038560","FUN_00048560","DATA"
"0x0025960f","0x00038624","0x000385ed","FUN_000485ed","DATA"
"0x0025960f","0x0003862a","0x000385ed","FUN_000485ed","DATA"
"0x0025960f","0x0003869b","0x0003865f","FUN_0004865f","DATA"
"0x0025960f","0x000386a1","0x0003865f","FUN_0004865f","DATA"
"0x0025960f","0x000386cb","0x0003865f","FUN_0004865f","DATA"
"0x0025960f","0x000386d1","0x0003865f","FUN_0004865f","DATA"
"0x0025960f","0x000387b6","0x00038762","FUN_00048762","DATA"
"0x0025960f","0x000387bc","0x00038762","FUN_00048762","DATA"
"0x0025960f","0x000387ea","0x00038762","FUN_00048762","DATA"
"0x0025960f","0x000387f0","0x00038762","FUN_00048762","DATA"
"0x0025960f","0x0003881a","0x00038762","FUN_00048762","DATA"
"0x0025960f","0x00038820","0x00038762","FUN_00048762","DATA"
"0x0025960f","0x00038871","0x00038762","FUN_00048762","DATA"
"0x0025960f","0x00038877","0x00038762","FUN_00048762","DATA"
"0x0025960f","0x00038941","0x00038762","FUN_00048762","DATA"
"0x0025960f","0x00038947","0x00038762","FUN_00048762","DATA"
"0x0025960f","0x00038a23","0x00038762","FUN_00048762","DATA"
"0x0025960f","0x00038a29","0x00038762","FUN_00048762","DATA"
"0x0025961c","0x000383de","0x0003838b","FUN_0004838b","DATA"
"0x0025961c","0x000383e4","0x0003838b","FUN_0004838b","DATA"
"0x00259632","0x0003840e","0x0003838b","FUN_0004838b","DATA"
"0x00259632","0x00038414","0x0003838b","FUN_0004838b","DATA"
"0x0025964f","0x000386a5","0x0003865f","FUN_0004865f","DATA"
"0x0025964f","0x000386ab","0x0003865f","FUN_0004865f","DATA"
"0x0025966a","0x000386d5","0x0003865f","FUN_0004865f","DATA"
"0x0025966a","0x000386db","0x0003865f","FUN_0004865f","DATA"
"0x00259685","0x000387c0","0x00038762","FUN_00048762","DATA"
"0x00259685","0x000387c6","0x00038762","FUN_00048762","DATA"
"0x002596a0","0x00038824","0x00038762","FUN_00048762","DATA"
"0x002596a0","0x0003882a","0x00038762","FUN_00048762","DATA"
"0x002596b8","0x00038a2d","0x00038762","FUN_00048762","DATA"
"0x002596b8","0x00038a33","0x00038762","FUN_00048762","DATA"
"0x002596c4","0x0003830f","0x000382ce","FUN_000482ce","DATA"
"0x002596c4","0x00038315","0x000382ce","FUN_000482ce","DATA"
"0x002596ec","0x00038341","0x000382ce","FUN_000482ce","DATA"
"0x002596ec","0x00038347","0x000382ce","FUN_000482ce","DATA"
"0x0025970c","0x00038500","0x000384ab","FUN_000484ab","DATA"
"0x0025970c","0x00038506","0x000384ab","FUN_000484ab","DATA"
"0x00259738","0x00038535","0x000384ab","FUN_000484ab","DATA"
"0x00259738","0x0003853b","0x000384ab","FUN_000484ab","DATA"
"0x00259764","0x000385a1","0x00038560","FUN_00048560","DATA"
"0x00259764","0x000385a7","0x00038560","FUN_00048560","DATA"
"0x00259784","0x0003862e","0x000385ed","FUN_000485ed","DATA"
"0x00259784","0x00038634","0x000385ed","FUN_000485ed","DATA"
"0x002597b0","0x000387f4","0x00038762","FUN_00048762","DATA"
"0x002597b0","0x000387fa","0x00038762","FUN_00048762","DATA"
"0x002597e0","0x0003887b","0x00038762","FUN_00048762","DATA"
"0x002597e0","0x00038881","0x00038762","FUN_00048762","DATA"
"0x00259800","0x0003894b","0x00038762","FUN_00048762","DATA"
"0x00259800","0x00038951","0x00038762","FUN_00048762","DATA"
"0x00259824","0x000382f3","0x000382ce","FUN_000482ce","DATA"
"0x00259824","0x000382f9","0x000382ce","FUN_000482ce","DATA"
"0x00259824","0x00038325","0x000382ce","FUN_000482ce","DATA"
"0x00259824","0x0003832b","0x000382ce","FUN_000482ce","DATA"
"0x00259843","0x000383c2","0x0003838b","FUN_0004838b","DATA"
"0x00259843","0x000383c8","0x0003838b","FUN_0004838b","DATA"
"0x00259843","0x000383f2","0x0003838b","FUN_0004838b","DATA"
"0x00259843","0x000383f8","0x0003838b","FUN_0004838b","DATA"
"0x00259843","0x0003842a","0x0003838b","FUN_0004838b","DATA"
"0x00259843","0x00038430","0x0003838b","FUN_0004838b","DATA"
"0x0025985e","0x000384e4","0x000384ab","FUN_000484ab","DATA"
"0x0025985e","0x000384ea","0x000384ab","FUN_000484ab","DATA"
"0x0025985e","0x00038519","0x000384ab","FUN_000484ab","DATA"
"0x0025985e","0x0003851f","0x000384ab","FUN_000484ab","DATA"
"0x00259871","0x00038585","0x00038560","FUN_00048560","DATA"
"0x00259871","0x0003858b","0x00038560","FUN_00048560","DATA"
"0x00259881","0x000387a4","0x00038762","FUN_00048762","DATA"
"0x00259881","0x000387aa","0x00038762","FUN_00048762","DATA"
"0x00259881","0x000387d8","0x00038762","FUN_00048762","DATA"
"0x00259881","0x000387de","0x00038762","FUN_00048762","DATA"
"0x00259881","0x00038808","0x00038762","FUN_00048762","DATA"
"0x00259881","0x0003880e","0x00038762","FUN_00048762","DATA"
"0x00259881","0x0003892f","0x00038762","FUN_00048762","DATA"
"0x00259881","0x00038935","0x00038762","FUN_00048762","DATA"
"0x00259881","0x00038a11","0x00038762","FUN_00048762","DATA"
"0x00259881","0x00038a17","0x00038762","FUN_00048762","DATA"
"0x00259898","0x0003885f","0x00038762","FUN_00048762","DATA"
"0x00259898","0x00038865","0x00038762","FUN_00048762","DATA"
"0x002598b7","0x00038612","0x000385ed","FUN_000485ed","DATA"
"0x002598b7","0x00038618","0x000385ed","FUN_000485ed","DATA"
"0x002598c8","0x00038689","0x0003865f","FUN_0004865f","DATA"
"0x002598c8","0x0003868f","0x0003865f","FUN_0004865f","DATA"
"0x002598c8","0x000386b9","0x0003865f","FUN_0004865f","DATA"
"0x002598c8","0x000386bf","0x0003865f","FUN_0004865f","DATA"
"0x002598d9","0x00038bd3","0x00038b5c","FUN_00048b5c","DATA"
"0x002598d9","0x00038bd9","0x00038b5c","FUN_00048b5c","DATA"
"0x0025990e","0x00038bc1","0x00038b5c","FUN_00048b5c","DATA"
"0x0025990e","0x00038bc7","0x00038b5c","FUN_00048b5c","DATA"
"0x0025992a","0x00039816","0x000397e1","FUN_000497e1","DATA"
"0x0025992a","0x0003981c","0x000397e1","FUN_000497e1","DATA"
"0x0025992a","0x00039a9f","0x000399d7","FUN_000499d7","DATA"
"0x0025992a","0x00039aa5","0x000399d7","FUN_000499d7","DATA"
"0x00259995","0x00039c33","0x00039ac4","FUN_00049ac4","DATA"
"0x00259995","0x00039c39","0x00039ac4","FUN_00049ac4","DATA"
"0x002599bd","0x00039c21","0x00039ac4","FUN_00049ac4","DATA"
"0x002599bd","0x00039c27","0x00039ac4","FUN_00049ac4","DATA"
"0x002599cf","0x00039e74","0x00039c5c","FUN_00049c5c","DATA"
"0x002599cf","0x00039e7a","0x00039c5c","FUN_00049c5c","DATA"
"0x002599dd","0x00039e62","0x00039c5c","FUN_00049c5c","DATA"
"0x002599dd","0x00039e68","0x00039c5c","FUN_00049c5c","DATA"
"0x002599f4","0x00039f0a","0x00039ea0","FUN_00049ea0","DATA"
"0x002599f4","0x00039f10","0x00039ea0","FUN_00049ea0","DATA"
"0x002599f4","0x0003a499","0x00039ea0","FUN_00049ea0","DATA"
"0x002599f4","0x0003a49f","0x00039ea0","FUN_00049ea0","DATA"
"0x002599f4","0x0003a226","0x00039ea0","FUN_00049ea0","DATA"
"0x002599f4","0x0003a22c","0x00039ea0","FUN_00049ea0","DATA"
"0x00259a08","0x00039ef8","0x00039ea0","FUN_00049ea0","DATA"
"0x00259a08","0x00039efe","0x00039ea0","FUN_00049ea0","DATA"
"0x00259a46","0x0003b2f9","0x0003b125","FUN_0004b125","DATA"
"0x00259a46","0x0003b2ff","0x0003b125","FUN_0004b125","DATA"
"0x00259a46","0x0003aa60","0x0003aa2a","FUN_0004aa2a","DATA"
"0x00259a46","0x0003aa66","0x0003aa2a","FUN_0004aa2a","DATA"
"0x00259a46","0x0003acfe","0x0003aa2a","FUN_0004aa2a","DATA"
"0x00259a46","0x0003ad04","0x0003aa2a","FUN_0004aa2a","DATA"
"0x00259a46","0x0003ad2e","0x0003aa2a","FUN_0004aa2a","DATA"
"0x00259a46","0x0003ad34","0x0003aa2a","FUN_0004aa2a","DATA"
"0x00259a46","0x0003b0fc","0x0003aa2a","FUN_0004aa2a","DATA"
"0x00259a46","0x0003b102","0x0003aa2a","FUN_0004aa2a","DATA"
"0x00259a46","0x0003ad8b","0x0003aa2a","FUN_0004aa2a","DATA"
"0x00259a46","0x0003ad91","0x0003aa2a","FUN_0004aa2a","DATA"
"0x00259a46","0x0003adbd","0x0003aa2a","FUN_0004aa2a","DATA"
"0x00259a46","0x0003adc3","0x0003aa2a","FUN_0004aa2a","DATA"
"0x00259ac0","0x0003b106","0x0003aa2a","FUN_0004aa2a","DATA"
"0x00259ac0","0x0003b10c","0x0003aa2a","FUN_0004aa2a","DATA"
"0x00259af5","0x0003b2e7","0x0003b125","FUN_0004b125","DATA"
"0x00259af5","0x0003b2ed","0x0003b125","FUN_0004b125","DATA"
"0x00259b09","0x0003b90a","0x0003b890","FUN_0004b890","DATA"
"0x00259b09","0x0003b910","0x0003b890","FUN_0004b890","DATA"
"0x00259b09","0x0003b947","0x0003b890","FUN_0004b890","DATA"
"0x00259b09","0x0003b94d","0x0003b890","FUN_0004b890","DATA"
"0x00259b09","0x0003b5c4","0x0003b430","FUN_0004b430","DATA"
"0x00259b09","0x0003b5ca","0x0003b430","FUN_0004b430","DATA"
"0x00259b09","0x0003b58f","0x0003b430","FUN_0004b430","DATA"
"0x00259b09","0x0003b595","0x0003b430","FUN_0004b430","DATA"
"0x00259b09","0x0003b5ee","0x0003b430","FUN_0004b430","DATA"
"0x00259b09","0x0003b5f4","0x0003b430","FUN_0004b430","DATA"
"0x00259b09","0x0003b565","0x0003b430","FUN_0004b430","DATA"
"0x00259b09","0x0003b56b","0x0003b430","FUN_0004b430","DATA"
"0x00259b09","0x0003b532","0x0003b430","FUN_0004b430","DATA"
"0x00259b09","0x0003b538","0x0003b430","FUN_0004b430","DATA"
"0x00259b09","0x0003b4b0","0x0003b430","FUN_0004b430","DATA"
"0x00259b09","0x0003b4b6","0x0003b430","FUN_0004b430","DATA"
"0x00259b09","0x0003b704","0x0003b606","FUN_0004b606","DATA"
"0x00259b09","0x0003b70a","0x0003b606","FUN_0004b606","DATA"
"0x00259b09","0x0003b859","0x0003b73b","FUN_0004b73b","DATA"
"0x00259b09","0x0003b85f","0x0003b73b","FUN_0004b73b","DATA"
"0x00259b18","0x0003b70e","0x0003b606","FUN_0004b606","DATA"
"0x00259b18","0x0003b714","0x0003b606","FUN_0004b606","DATA"
"0x00259b18","0x0003b863","0x0003b73b","FUN_0004b73b","DATA"
"0x00259b18","0x0003b869","0x0003b73b","FUN_0004b73b","DATA"
"0x00259b84","0x0003b951","0x0003b890","FUN_0004b890","DATA"
"0x00259b84","0x0003b957","0x0003b890","FUN_0004b890","DATA"
"0x00259bba","0x0003b6f2","0x0003b606","FUN_0004b606","DATA"
"0x00259bba","0x0003b6f8","0x0003b606","FUN_0004b606","DATA"
"0x00259bcd","0x0003b847","0x0003b73b","FUN_0004b73b","DATA"
"0x00259bcd","0x0003b84d","0x0003b73b","FUN_0004b73b","DATA"
"0x00259bda","0x0003b8f8","0x0003b890","FUN_0004b890","DATA"
"0x00259bda","0x0003b8fe","0x0003b890","FUN_0004b890","DATA"
"0x00259bda","0x0003b935","0x0003b890","FUN_0004b890","DATA"
"0x00259bda","0x0003b93b","0x0003b890","FUN_0004b890","DATA"
"0x00259bec","0x0003b5b2","0x0003b430","FUN_0004b430","DATA"
"0x00259bec","0x0003b5b8","0x0003b430","FUN_0004b430","DATA"
"0x00259bec","0x0003b57d","0x0003b430","FUN_0004b430","DATA"
"0x00259bec","0x0003b583","0x0003b430","FUN_0004b430","DATA"
"0x00259bec","0x0003b5dc","0x0003b430","FUN_0004b430","DATA"
"0x00259bec","0x0003b5e2","0x0003b430","FUN_0004b430","DATA"
"0x00259bec","0x0003b553","0x0003b430","FUN_0004b430","DATA"
"0x00259bec","0x0003b559","0x0003b430","FUN_0004b430","DATA"
"0x00259bec","0x0003b520","0x0003b430","FUN_0004b430","DATA"
"0x00259bec","0x0003b526","0x0003b430","FUN_0004b430","DATA"
"0x00259bec","0x0003b49e","0x0003b430","FUN_0004b430","DATA"
"0x00259bec","0x0003b4a4","0x0003b430","FUN_0004b430","DATA"
"0x00259c43","0x0003c216","0x0003bfae","FUN_0004bfae","DATA"
"0x00259c43","0x0003c21c","0x0003bfae","FUN_0004bfae","DATA"
"0x00259c6c","0x0003c4a1","0x0003bfae","FUN_0004bfae","DATA"
"0x00259c6c","0x0003c4a7","0x0003bfae","FUN_0004bfae","DATA"
"0x00259c9a","0x0003c204","0x0003bfae","FUN_0004bfae","DATA"
"0x00259c9a","0x0003c20a","0x0003bfae","FUN_0004bfae","DATA"
"0x00259cad","0x0003e566","0x0003d96d","FUN_0004d96d","DATA"
"0x00259cad","0x0003e56c","0x0003d96d","FUN_0004d96d","DATA"
"0x00259cad","0x0003f32f","0x0003d96d","FUN_0004d96d","DATA"
"0x00259cad","0x0003f335","0x0003d96d","FUN_0004d96d","DATA"
"0x00259d48","0x0003e554","0x0003d96d","FUN_0004d96d","DATA"
"0x00259d48","0x0003e55a","0x0003d96d","FUN_0004d96d","DATA"
"0x00259d48","0x0003f31d","0x0003d96d","FUN_0004d96d","DATA"
"0x00259d48","0x0003f323","0x0003d96d","FUN_0004d96d","DATA"
"0x00259dc0","0x0003f8db","0x0003f87a","FUN_0004f87a","DATA"
"0x00259dc0","0x0003f8e1","0x0003f87a","FUN_0004f87a","DATA"
"0x00259dc0","0x0003d13d","0x0003d0d1","FUN_0004d0d1","DATA"
"0x00259dc0","0x0003d143","0x0003d0d1","FUN_0004d0d1","DATA"
"0x00259dc0","0x0003d2e4","0x0003d275","FUN_0004d275","DATA"
"0x00259dc0","0x0003f3c1","0x0003f382","FUN_0004f382","DATA"
"0x00259dc0","0x0003f3c7","0x0003f382","FUN_0004f382","DATA"
"0x00259dc0","0x0003f3f6","0x0003f382","FUN_0004f382","DATA"
"0x00259dc0","0x0003f3fc","0x0003f382","FUN_0004f382","DATA"
"0x00259dc0","0x0003f4c4","0x0003f492","FUN_0004f492","DATA"
"0x00259dc0","0x0003f4ca","0x0003f492","FUN_0004f492","DATA"
"0x00259dc0","0x0003f53b","0x0003f505","FUN_0004f505","DATA"
"0x00259dc0","0x0003f541","0x0003f505","FUN_0004f505","DATA"
"0x00259dc0","0x0003f56b","0x0003f505","FUN_0004f505","DATA"
"0x00259dc0","0x0003f571","0x0003f505","FUN_0004f505","DATA"
"0x00259dc0","0x0003f657","0x0003f610","FUN_0004f610","DATA"
"0x00259dc0","0x0003f65d","0x0003f610","FUN_0004f610","DATA"
"0x00259dc0","0x0003f687","0x0003f610","FUN_0004f610","DATA"
"0x00259dc0","0x0003f68d","0x0003f610","FUN_0004f610","DATA"
"0x00259dc0","0x0003f7d8","0x0003f610","FUN_0004f610","DATA"
"0x00259dc0","0x0003f7de","0x0003f610","FUN_0004f610","DATA"
"0x00259dc0","0x0003f730","0x0003f610","FUN_0004f610","DATA"
"0x00259dc0","0x0003f736","0x0003f610","FUN_0004f610","DATA"
"0x00259dc0","0x0003cdea","0x0003cd88","FUN_0004cd88","DATA"
"0x00259dc0","0x0003cef4","0x0003ce8c","FUN_0004ce8c","DATA"
"0x00259dc0","0x0003d033","0x0003cf9a","FUN_0004cf9a","DATA"
"0x00259ec7","0x0003f3af","0x0003f382","FUN_0004f382","DATA"
"0x00259ec7","0x0003f3b5","0x0003f382","FUN_0004f382","DATA"
"0x00259ec7","0x0003f3e4","0x0003f382","FUN_0004f382","DATA"
"0x00259ec7","0x0003f3ea","0x0003f382","FUN_0004f382","DATA"
"0x00259eda","0x0003f645","0x0003f610","FUN_0004f610","DATA"
"0x00259eda","0x0003f64b","0x0003f610","FUN_0004f610","DATA"
"0x00259eda","0x0003f675","0x0003f610","FUN_0004f610","DATA"
"0x00259eda","0x0003f67b","0x0003f610","FUN_0004f610","DATA"
"0x00259eda","0x0003f7c6","0x0003f610","FUN_0004f610","DATA"
"0x00259eda","0x0003f7cc","0x0003f610","FUN_0004f610","DATA"
"0x00259eeb","0x0003f71e","0x0003f610","FUN_0004f610","DATA"
"0x00259eeb","0x0003f724","0x0003f610","FUN_0004f610","DATA"
"0x00259f07","0x0003f4b2","0x0003f492","FUN_0004f492","DATA"
"0x00259f07","0x0003f4b8","0x0003f492","FUN_0004f492","DATA"
"0x00259f15","0x0003f529","0x0003f505","FUN_0004f505","DATA"
"0x00259f15","0x0003f52f","0x0003f505","FUN_0004f505","DATA"
"0x00259f15","0x0003f559","0x0003f505","FUN_0004f505","DATA"
"0x00259f15","0x0003f55f","0x0003f505","FUN_0004f505","DATA"
"0x00259f23","0x0003f8c9","0x0003f87a","FUN_0004f87a","DATA"
"0x00259f23","0x0003f8cf","0x0003f87a","FUN_0004f87a","DATA"
"0x00259f39","0x00040582","0x00040355","FUN_00050355","DATA"
"0x00259f39","0x00040588","0x00040355","FUN_00050355","DATA"
"0x00259f39","0x000426f3","0x0004252d","FUN_0005252d","DATA"
"0x00259f39","0x000426f9","0x0004252d","FUN_0005252d","DATA"
"0x00259f7e","0x0004308f","0x00043052","FUN_00053052","DATA"
"0x00259f7e","0x00043095","0x00043052","FUN_00053052","DATA"
"0x00259f7e","0x000430fb","0x000430c3","FUN_000530c3","DATA"
"0x00259f7e","0x00043101","0x000430c3","FUN_000530c3","DATA"
"0x00259fc5","0x000437d1","0x0004379a","FUN_0005379a","DATA"
"0x00259fc5","0x000437d7","0x0004379a","FUN_0005379a","DATA"
"0x00259ff8","0x00043ea9","0x00043e74","FUN_00053e74","DATA"
"0x00259ff8","0x00043eaf","0x00043e74","FUN_00053e74","DATA"
"0x00259ff8","0x00043f33","0x00043efe","FUN_00053efe","DATA"
"0x00259ff8","0x00043f39","0x00043efe","FUN_00053efe","DATA"
"0x00259ff8","0x00043fb3","0x00043f7e","FUN_00053f7e","DATA"
"0x00259ff8","0x00043fb9","0x00043f7e","FUN_00053f7e","DATA"
"0x00259ff8","0x0004403f","0x00043ffe","FUN_00053ffe","DATA"
"0x00259ff8","0x00044045","0x00043ffe","FUN_00053ffe","DATA"
"0x00259ff8","0x000450f7","0x000450a7","FUN_000550a7","DATA"
"0x00259ff8","0x000450fd","0x000450a7","FUN_000550a7","DATA"
"0x00259ff8","0x00045179","0x00045124","FUN_00055124","DATA"
"0x00259ff8","0x0004517f","0x00045124","FUN_00055124","DATA"
"0x00259ff8","0x000451f6","0x000451a0","FUN_000551a0","DATA"
"0x00259ff8","0x000451fc","0x000451a0","FUN_000551a0","DATA"
"0x00259ff8","0x0004525e","0x0004521d","FUN_0005521d","DATA"
"0x00259ff8","0x00045264","0x0004521d","FUN_0005521d","DATA"
"0x00259ff8","0x0004529a","0x0004521d","FUN_0005521d","DATA"
"0x00259ff8","0x000452a0","0x0004521d","FUN_0005521d","DATA"
"0x00259ff8","0x00045337","0x000452c7","FUN_000552c7","DATA"
"0x00259ff8","0x0004533d","0x000452c7","FUN_000552c7","DATA"
"0x00259ff8","0x000448fa","0x000448a6","FUN_000548a6","DATA"
"0x00259ff8","0x00044900","0x000448a6","FUN_000548a6","DATA"
"0x00259ff8","0x0004492e","0x000448a6","FUN_000548a6","DATA"
"0x00259ff8","0x00044934","0x000448a6","FUN_000548a6","DATA"
"0x00259ff8","0x000449ad","0x0004494f","FUN_0005494f","DATA"
"0x00259ff8","0x000449b3","0x0004494f","FUN_0005494f","DATA"
"0x00259ff8","0x000449fb","0x0004494f","FUN_0005494f","DATA"
"0x00259ff8","0x00044a01","0x0004494f","FUN_0005494f","DATA"
"0x00259ff8","0x00044a57","0x0004494f","FUN_0005494f","DATA"
"0x00259ff8","0x00044a5d","0x0004494f","FUN_0005494f","DATA"
"0x00259ff8","0x00044b1e","0x00044aa4","FUN_00054aa4","DATA"
"0x00259ff8","0x00044b24","0x00044aa4","FUN_00054aa4","DATA"
"0x00259ff8","0x00044b73","0x00044aa4","FUN_00054aa4","DATA"
"0x00259ff8","0x00044b79","0x00044aa4","FUN_00054aa4","DATA"
"0x00259ff8","0x00044c14","0x00044b9a","FUN_00054b9a","DATA"
"0x00259ff8","0x00044c1a","0x00044b9a","FUN_00054b9a","DATA"
"0x00259ff8","0x00044c69","0x00044b9a","FUN_00054b9a","DATA"
"0x00259ff8","0x00044c6f","0x00044b9a","FUN_00054b9a","DATA"
"0x00259ff8","0x00044d18","0x00044c90","FUN_00054c90","DATA"
"0x00259ff8","0x00044d1e","0x00044c90","FUN_00054c90","DATA"
"0x00259ff8","0x00044db0","0x00044c90","FUN_00054c90","DATA"
"0x00259ff8","0x00044db6","0x00044c90","FUN_00054c90","DATA"
"0x00259ff8","0x00045067","0x00044c90","FUN_00054c90","DATA"
"0x00259ff8","0x0004506d","0x00044c90","FUN_00054c90","DATA"
"0x00259ff8","0x00044f46","0x00044c90","FUN_00054c90","DATA"
"0x00259ff8","0x00044f4c","0x00044c90","FUN_00054c90","DATA"
"0x00259ff8","0x00044f86","0x00044c90","FUN_00054c90","DATA"
"0x00259ff8","0x00044f8c","0x00044c90","FUN_00054c90","DATA"
"0x00259ff8","0x00044fd9","0x00044c90","FUN_00054c90","DATA"
"0x00259ff8","0x00044fdf","0x00044c90","FUN_00054c90","DATA"
"0x00259ff8","0x000441c0","0x0004418f","FUN_0005418f","DATA"
"0x00259ff8","0x000441c6","0x0004418f","FUN_0005418f","DATA"
"0x00259ff8","0x0004420b","0x0004418f","FUN_0005418f","DATA"
"0x00259ff8","0x00044296","0x0004423a","FUN_0005423a","DATA"
"0x00259ff8","0x0004429c","0x0004423a","FUN_0005423a","DATA"
"0x00259ff8","0x000442f9","0x000442bd","FUN_000542bd","DATA"
"0x00259ff8","0x000442ff","0x000442bd","FUN_000542bd","DATA"
"0x00259ff8","0x00044881","0x000443d1","FUN_000543d1","DATA"
"0x00259ff8","0x00044887","0x000443d1","FUN_000543d1","DATA"
"0x00259ff8","0x0004464f","0x000443d1","FUN_000543d1","DATA"
"0x00259ff8","0x00044655","0x000443d1","FUN_000543d1","DATA"
"0x0025a125","0x000442ef","0x000442bd","FUN_000542bd","DATA"
"0x0025a125","0x000442f5","0x000442bd","FUN_000542bd","DATA"
"0x0025a138","0x0004428c","0x0004423a","FUN_0005423a","DATA"
"0x0025a138","0x00044292","0x0004423a","FUN_0005423a","DATA"
"0x0025a218","0x0004532d","0x000452c7","FUN_000552c7","DATA"
"0x0025a218","0x00045333","0x000452c7","FUN_000552c7","DATA"
"0x0025a229","0x0004559c","0x00045509","FUN_00055509","DATA"
"0x0025a229","0x000455a2","0x00045509","FUN_00055509","DATA"
"0x0025a23d","0x00045805","0x000456e0","FUN_000556e0","DATA"
"0x0025a23d","0x0004580b","0x000456e0","FUN_000556e0","DATA"
"0x0025a23d","0x00045869","0x000456e0","FUN_000556e0","DATA"
"0x0025a278","0x00045992","0x000456e0","FUN_000556e0","DATA"
"0x0025a278","0x00045998","0x000456e0","FUN_000556e0","DATA"
"0x0025a294","0x00045c35","0x000456e0","FUN_000556e0","DATA"
"0x0025a294","0x00045c3b","0x000456e0","FUN_000556e0","DATA"
"0x0025a2e8","0x000461a3","0x000456e0","FUN_000556e0","DATA"
"0x0025a2e8","0x000461a9","0x000456e0","FUN_000556e0","DATA"
"0x0025a2fc","0x000455be","0x00045509","FUN_00055509","DATA"
"0x0025a2fc","0x000455c4","0x00045509","FUN_00055509","DATA"
"0x0025a374","0x00045a2b","0x000456e0","FUN_000556e0","DATA"
"0x0025a374","0x00045a31","0x000456e0","FUN_000556e0","DATA"
"0x0025a3d8","0x00045915","0x000456e0","FUN_000556e0","DATA"
"0x0025a3d8","0x0004591b","0x000456e0","FUN_000556e0","DATA"
"0x0025a3d8","0x00045aca","0x000456e0","FUN_000556e0","DATA"
"0x0025a400","0x00045bca","0x000456e0","FUN_000556e0","DATA"
"0x0025a400","0x00045bd0","0x000456e0","FUN_000556e0","DATA"
"0x0025a438","0x00045c4b","0x000456e0","FUN_000556e0","DATA"
"0x0025a438","0x00045c51","0x000456e0","FUN_000556e0","DATA"
"0x0025a45c","0x00045c82","0x000456e0","FUN_000556e0","DATA"
"0x0025a45c","0x00045c88","0x000456e0","FUN_000556e0","DATA"
"0x0025a514","0x00046694","0x000464e0","FUN_000564e0","DATA"
"0x0025a514","0x0004669a","0x000464e0","FUN_000564e0","DATA"
"0x0025a514","0x000466d6","0x000464e0","FUN_000564e0","DATA"
"0x0025a514","0x000466dc","0x000464e0","FUN_000564e0","DATA"
"0x0025a514","0x000464c8","0x000464a4","FUN_000564a4","DATA"
"0x0025a514","0x000464ce","0x000464a4","FUN_000564a4","DATA"
"0x0025a647","0x00046ebe","0x00046e88","FUN_00056e88","DATA"
"0x0025a647","0x00046ec4","0x00046e88","FUN_00056e88","DATA"
"0x0025a647","0x00046eee","0x00046e88","FUN_00056e88","DATA"
"0x0025a647","0x00046ef4","0x00046e88","FUN_00056e88","DATA"
"0x0025a647","0x00046f5e","0x00046f27","FUN_00056f27","DATA"
"0x0025a647","0x00046f64","0x00046f27","FUN_00056f27","DATA"
"0x0025a647","0x00046fe4","0x00046fb3","FUN_00056fb3","DATA"
"0x0025a647","0x00046fea","0x00046fb3","FUN_00056fb3","DATA"
"0x0025a647","0x00047053","0x00047022","FUN_00057022","DATA"
"0x0025a647","0x00047059","0x00047022","FUN_00057022","DATA"
"0x0025a647","0x00047167","0x0004712f","FUN_0005712f","DATA"
"0x0025a647","0x0004716d","0x0004712f","FUN_0005712f","DATA"
"0x0025a696","0x000478d8","0x00047897","FUN_00057897","DATA"
"0x0025a696","0x000478de","0x00047897","FUN_00057897","DATA"
"0x0025a704","0x00047b24","0x00047a12","FUN_00057a12","DATA"
"0x0025a704","0x00047b2a","0x00047a12","FUN_00057a12","DATA"
"0x0025a72f","0x0004912f","0x000490d0","FUN_000590d0","DATA"
"0x0025a72f","0x00049135","0x000490d0","FUN_000590d0","DATA"
"0x0025a72f","0x0004841f","0x000483ef","FUN_000583ef","DATA"
"0x0025a72f","0x00048425","0x000483ef","FUN_000583ef","DATA"
"0x0025a75d","0x00048755","0x00048592","FUN_00058592","DATA"
"0x0025a75d","0x0004875b","0x00048592","FUN_00058592","DATA"
"0x0025a82d","0x000491ea","0x00049161","FUN_00059161","DATA"
"0x0025a82d","0x00049202","0x00049161","FUN_00059161","DATA"
"0x0025a87d","0x002b3460","","","DATA"
"0x0025a992","0x002b34c0","","","DATA"
"0x0025ab80","0x0004c19f","0x0004c133","FUN_0005c133","DATA"
"0x0025ab80","0x0004c1a5","0x0004c133","FUN_0005c133","DATA"
"0x0025ab80","0x000489ac","0x00048592","FUN_00058592","DATA"
"0x0025ab80","0x000489b2","0x00048592","FUN_00058592","DATA"
"0x0025db25","0x0004a434","0x0004a354","FUN_0005a354","DATA"
"0x0025db25","0x0004a43a","0x0004a354","FUN_0005a354","DATA"
"0x0025dbb9","0x0004a9b2","0x0004a96d","FUN_0005a96d","DATA"
"0x0025dbb9","0x0004a9b8","0x0004a96d","FUN_0005a96d","DATA"
"0x0025dbb9","0x0004a9e7","0x0004a96d","FUN_0005a96d","DATA"
"0x0025dbb9","0x0004a9ed","0x0004a96d","FUN_0005a96d","DATA"
"0x0025dbb9","0x0004aab4","0x0004aa21","FUN_0005aa21","DATA"
"0x0025dbb9","0x0004aaba","0x0004aa21","FUN_0005aa21","DATA"
"0x0025dbb9","0x0004ac2c","0x0004ab91","FUN_0005ab91","DATA"
"0x0025dbb9","0x0004ac32","0x0004ab91","FUN_0005ab91","DATA"
"0x0025dbb9","0x0004ad3c","0x0004aca5","FUN_0005aca5","DATA"
"0x0025dbb9","0x0004ad42","0x0004aca5","FUN_0005aca5","DATA"
"0x0025dc97","0x0004b133","0x0004b104","FUN_0005b104","DATA"
"0x0025dc97","0x0004b139","0x0004b104","FUN_0005b104","DATA"
"0x0025dc97","0x0004b1d9","0x0004b195","FUN_0005b195","DATA"
"0x0025dc97","0x0004b1df","0x0004b195","FUN_0005b195","DATA"
"0x0025dc97","0x0004b574","0x0004b541","FUN_0005b541","DATA"
"0x0025dc97","0x0004b57a","0x0004b541","FUN_0005b541","DATA"
"0x0025dd4d","0x0004c276","0x0004c1bc","FUN_0005c1bc","DATA"
"0x0025dd4d","0x0004c27c","0x0004c1bc","FUN_0005c1bc","DATA"
"0x0025dd4d","0x0004bcf4","0x0004bb8b","FUN_0005bb8b","DATA"
"0x0025dd4d","0x0004bcfa","0x0004bb8b","FUN_0005bb8b","DATA"
"0x0025dd90","0x0004bee8","0x0004be92","FUN_0005be92","DATA"
"0x0025dd90","0x0004beee","0x0004be92","FUN_0005be92","DATA"
"0x0026034c","0x0004d4a6","0x0004d445","FUN_0005d445","DATA"
"0x0026034c","0x0004d4ac","0x0004d445","FUN_0005d445","DATA"
"0x0026034c","0x0004d657","0x0004d5f5","FUN_0005d5f5","DATA"
"0x0026034c","0x0004d65d","0x0004d5f5","FUN_0005d5f5","DATA"
"0x0026034c","0x0004d801","0x0004d7a5","FUN_0005d7a5","DATA"
"0x0026034c","0x0004d807","0x0004d7a5","FUN_0005d7a5","DATA"
"0x0026034c","0x0004d9a8","0x0004d94f","FUN_0005d94f","DATA"
"0x0026034c","0x0004d9ae","0x0004d94f","FUN_0005d94f","DATA"
"0x0026034c","0x0004db85","0x0004db2a","FUN_0005db2a","DATA"
"0x0026034c","0x0004db8b","0x0004db2a","FUN_0005db2a","DATA"
"0x0026034c","0x0004dd26","0x0004dcce","FUN_0005dcce","DATA"
"0x0026034c","0x0004dd2c","0x0004dcce","FUN_0005dcce","DATA"
"0x0026034c","0x0004df0e","0x0004deb9","FUN_0005deb9","DATA"
"0x0026034c","0x0004df14","0x0004deb9","FUN_0005deb9","DATA"
"0x0026034c","0x0004e0f4","0x0004e09c","FUN_0005e09c","DATA"
"0x0026034c","0x0004e0fa","0x0004e09c","FUN_0005e09c","DATA"
"0x0026034c","0x0004e21a","0x0004e1b8","FUN_0005e1b8","DATA"
"0x0026034c","0x0004e220","0x0004e1b8","FUN_0005e1b8","DATA"
"0x0026034c","0x0004e327","0x0004e2cb","FUN_0005e2cb","DATA"
"0x0026034c","0x0004e32d","0x0004e2cb","FUN_0005e2cb","DATA"
"0x0026034c","0x0004e4c4","0x0004e46b","FUN_0005e46b","DATA"
"0x0026034c","0x0004e4ca","0x0004e46b","FUN_0005e46b","DATA"
"0x0026034c","0x0004e693","0x0004e638","FUN_0005e638","DATA"
"0x0026034c","0x0004e699","0x0004e638","FUN_0005e638","DATA"
"0x0026034c","0x0004e826","0x0004e7ce","FUN_0005e7ce","DATA"
"0x0026034c","0x0004e82c","0x0004e7ce","FUN_0005e7ce","DATA"
"0x0026034c","0x0004e9f9","0x0004e9a4","FUN_0005e9a4","DATA"
"0x0026034c","0x0004e9ff","0x0004e9a4","FUN_0005e9a4","DATA"
"0x0026034c","0x0004ebd6","0x0004eb7a","FUN_0005eb7a","DATA"
"0x0026034c","0x0004ebdc","0x0004eb7a","FUN_0005eb7a","DATA"
"0x0026034c","0x0004eceb","0x0004ec8f","FUN_0005ec8f","DATA"
"0x0026034c","0x0004ecf1","0x0004ec8f","FUN_0005ec8f","DATA"
"0x0026034c","0x0004edfc","0x0004eda0","FUN_0005eda0","DATA"
"0x0026034c","0x0004ee02","0x0004eda0","FUN_0005eda0","DATA"
"0x0026034c","0x0004ef0f","0x0004eeb5","FUN_0005eeb5","DATA"
"0x0026034c","0x0004ef15","0x0004eeb5","FUN_0005eeb5","DATA"
"0x002605d7","0x000500e3","0x00050059","FUN_00060059","DATA"
"0x002605d7","0x000500e9","0x00050059","FUN_00060059","DATA"
"0x002605d7","0x0005034c","0x00050216","FUN_00060216","DATA"
"0x002605d7","0x00050352","0x00050216","FUN_00060216","DATA"
"0x002605d7","0x000503fc","0x00050216","FUN_00060216","DATA"
"0x002605d7","0x00050402","0x00050216","FUN_00060216","DATA"
"0x002605d7","0x00050608","0x00050216","FUN_00060216","DATA"
"0x002605d7","0x0005060e","0x00050216","FUN_00060216","DATA"
"0x002605d7","0x00050675","0x00050216","FUN_00060216","DATA"
"0x002605d7","0x0005067b","0x00050216","FUN_00060216","DATA"
"0x002605d7","0x000507bb","0x00050216","FUN_00060216","DATA"
"0x002605d7","0x000507c1","0x00050216","FUN_00060216","DATA"
"0x0026068c","0x00051181","0x00051136","FUN_00061136","DATA"
"0x0026068c","0x00051187","0x00051136","FUN_00061136","DATA"
"0x0026068c","0x000516c1","0x00051136","FUN_00061136","DATA"
"0x0026068c","0x000516c7","0x00051136","FUN_00061136","DATA"
"0x0026068c","0x000514db","0x00051136","FUN_00061136","DATA"
"0x0026068c","0x000514e1","0x00051136","FUN_00061136","DATA"
"0x00260730","0x000519f4","0x00051860","FUN_00061860","DATA"
"0x00260730","0x000519fa","0x00051860","FUN_00061860","DATA"
"0x00260730","0x000518ee","0x00051860","FUN_00061860","DATA"
"0x00260730","0x000518f4","0x00051860","FUN_00061860","DATA"
"0x0026078d","0x00051b05","0x00051ad0","FUN_00061ad0","DATA"
"0x0026078d","0x00051b0b","0x00051ad0","FUN_00061ad0","DATA"
"0x002607b7","0x000528f9","0x000528b9","FUN_000628b9","DATA"
"0x002607b7","0x000528ff","0x000528b9","FUN_000628b9","DATA"
"0x002607b7","0x0005292e","0x000528b9","FUN_000628b9","DATA"
"0x002607b7","0x00052934","0x000528b9","FUN_000628b9","DATA"
"0x002607b7","0x000526a1","0x00052670","FUN_00062670","DATA"
"0x002607b7","0x000526a7","0x00052670","FUN_00062670","DATA"
"0x00260979","0x00053bae","0x000537eb","FUN_000637eb","DATA"
"0x00260979","0x00053bb4","0x000537eb","FUN_000637eb","DATA"
"0x00260979","0x00053f37","0x00053bd9","FUN_00063bd9","DATA"
"0x00260979","0x00053f3d","0x00053bd9","FUN_00063bd9","DATA"
"0x00260979","0x00053fc9","0x00053f62","FUN_00063f62","DATA"
"0x00260979","0x00053fcf","0x00053f62","FUN_00063f62","DATA"
"0x00260cc6","0x00055a7e","0x00055a3c","_mesa_initialize_visual","DATA"
"0x00260cc6","0x00055a84","0x00055a3c","_mesa_initialize_visual","DATA"
"0x00260cc6","0x00055ac4","0x00055a3c","_mesa_initialize_visual","DATA"
"0x00260cc6","0x00055aca","0x00055a3c","_mesa_initialize_visual","DATA"
"0x00260cc6","0x00055af4","0x00055a3c","_mesa_initialize_visual","DATA"
"0x00260cc6","0x00055afa","0x00055a3c","_mesa_initialize_visual","DATA"
"0x00260cc6","0x00055b24","0x00055a3c","_mesa_initialize_visual","DATA"
"0x00260cc6","0x00055b2a","0x00055a3c","_mesa_initialize_visual","DATA"
"0x00260cc6","0x00055b54","0x00055a3c","_mesa_initialize_visual","DATA"
"0x00260cc6","0x00055b5a","0x00055a3c","_mesa_initialize_visual","DATA"
"0x00260cc6","0x00055ed8","0x00055e88","_mesa_share_state","DATA"
"0x00260cc6","0x00055ede","0x00055e88","_mesa_share_state","DATA"
"0x00260cc6","0x00056c6a","0x00056a9f","_mesa_free_context_data","DATA"
"0x00260cc6","0x00056c70","0x00056a9f","_mesa_free_context_data","DATA"
"0x00260cc6","0x00056e73","0x00056e41","_mesa_initialize_context","DATA"
"0x00260cc6","0x00056e79","0x00056e41","_mesa_initialize_context","DATA"
"0x00260cc6","0x00056ea9","0x00056e41","_mesa_initialize_context","DATA"
"0x00260cc6","0x00056eaf","0x00056e41","_mesa_initialize_context","DATA"
"0x00260cc6","0x0005726f","0x00056e41","_mesa_initialize_context","DATA"
"0x00260cc6","0x00057275","0x00056e41","_mesa_initialize_context","DATA"
"0x00260cc6","0x000570e9","0x00056e41","_mesa_initialize_context","DATA"
"0x00260cc6","0x000570ef","0x00056e41","_mesa_initialize_context","DATA"
"0x00260cc6","0x00056268","0x00056044","_mesa_make_current","DATA"
"0x00260cc6","0x0005626e","0x00056044","_mesa_make_current","DATA"
"0x00260cc6","0x0005629d","0x00056044","_mesa_make_current","DATA"
"0x00260cc6","0x000562a3","0x00056044","_mesa_make_current","DATA"
"0x00260cc6","0x000562d2","0x00056044","_mesa_make_current","DATA"
"0x00260cc6","0x000562d8","0x00056044","_mesa_make_current","DATA"
"0x00260cc6","0x00056301","0x00056044","_mesa_make_current","DATA"
"0x00260cc6","0x00056307","0x00056044","_mesa_make_current","DATA"
"0x00260cc6","0x0005632f","0x00056044","_mesa_make_current","DATA"
"0x00260cc6","0x00056335","0x00056044","_mesa_make_current","DATA"
"0x00260cc6","0x00056365","0x00056044","_mesa_make_current","DATA"
"0x00260cc6","0x0005636b","0x00056044","_mesa_make_current","DATA"
"0x00260cc6","0x0005639b","0x00056044","_mesa_make_current","DATA"
"0x00260cc6","0x000563a1","0x00056044","_mesa_make_current","DATA"
"0x00260cc6","0x000563dc","0x00056044","_mesa_make_current","DATA"
"0x00260cc6","0x000563e2","0x00056044","_mesa_make_current","DATA"
"0x00260cc6","0x0005641d","0x00056044","_mesa_make_current","DATA"
"0x00260cc6","0x00056423","0x00056044","_mesa_make_current","DATA"
"0x00260cc6","0x0005645e","0x00056044","_mesa_make_current","DATA"
"0x00260cc6","0x00056464","0x00056044","_mesa_make_current","DATA"
"0x00260cc6","0x00056491","0x00056044","_mesa_make_current","DATA"
"0x00260cc6","0x00056497","0x00056044","_mesa_make_current","DATA"
"0x0026124c","0x0005aad4","0x0005a91c","_mesa_ConvolutionFilter2D","DATA"
"0x0026124c","0x0005aada","0x0005a91c","_mesa_ConvolutionFilter2D","DATA"
"0x00271316","0x00073e52","0x00073e00","_mesa_set_texture_attachment","DATA"
"0x00271316","0x00073e58","0x00073e00","_mesa_set_texture_attachment","DATA"
"0x00271316","0x00073240","0x00073053","_mesa_RenderbufferStorageEXT","DATA"
"0x00271316","0x00073246","0x00073053","_mesa_RenderbufferStorageEXT","DATA"
"0x00271316","0x00073272","0x00073053","_mesa_RenderbufferStorageEXT","DATA"
"0x00271316","0x00073278","0x00073053","_mesa_RenderbufferStorageEXT","DATA"
"0x00271316","0x000732a4","0x00073053","_mesa_RenderbufferStorageEXT","DATA"
"0x00271316","0x000732aa","0x00073053","_mesa_RenderbufferStorageEXT","DATA"
"0x00271316","0x000732dd","0x00073053","_mesa_RenderbufferStorageEXT","DATA"
"0x00271316","0x000732e3","0x00073053","_mesa_RenderbufferStorageEXT","DATA"
"0x00271316","0x0007338e","0x0007334f","FUN_0008334f","DATA"
"0x00271316","0x00073394","0x0007334f","FUN_0008334f","DATA"
"0x00271316","0x00073544","0x0007334f","FUN_0008334f","DATA"
"0x00271316","0x0007354a","0x0007334f","FUN_0008334f","DATA"
"0x00271316","0x000735b9","0x0007358a","_mesa_test_framebuffer_completeness","DATA"
"0x00271316","0x000735bf","0x0007358a","_mesa_test_framebuffer_completeness","DATA"
"0x00271316","0x0007386e","0x0007358a","_mesa_test_framebuffer_completeness","DATA"
"0x00271316","0x00073874","0x0007358a","_mesa_test_framebuffer_completeness","DATA"
"0x00271316","0x000738e1","0x0007358a","_mesa_test_framebuffer_completeness","DATA"
"0x00271316","0x000738e7","0x0007358a","_mesa_test_framebuffer_completeness","DATA"
"0x00271316","0x0007378d","0x0007358a","_mesa_test_framebuffer_completeness","DATA"
"0x00271316","0x00073793","0x0007358a","_mesa_test_framebuffer_completeness","DATA"
"0x00271316","0x00074b84","0x0007495d","_mesa_FramebufferRenderbufferEXT","DATA"
"0x00271316","0x00074b8a","0x0007495d","_mesa_FramebufferRenderbufferEXT","DATA"
"0x00271b97","0x000754ce","0x000754a2","FUN_000854a2","DATA"
"0x00271b97","0x000754d4","0x000754a2","FUN_000854a2","DATA"
"0x00271ef1","0x0007b123","0x0007b0e6","_mesa_resize_framebuffer","DATA"
"0x00271ef1","0x0007b129","0x0007b0e6","_mesa_resize_framebuffer","DATA"
"0x00271ef1","0x0007b2d3","0x0007b2a0","_mesa_unreference_framebuffer","DATA"
"0x00271ef1","0x0007b2d9","0x0007b2a0","_mesa_unreference_framebuffer","DATA"
"0x00271ef1","0x0007b364","0x0007b32e","_mesa_reference_framebuffer","DATA"
"0x00271ef1","0x0007b36a","0x0007b32e","_mesa_reference_framebuffer","DATA"
"0x00271ef1","0x0007b3ac","0x0007b32e","_mesa_reference_framebuffer","DATA"
"0x00271ef1","0x0007b3b2","0x0007b32e","_mesa_reference_framebuffer","DATA"
"0x00271ef1","0x0007b3da","0x0007b32e","_mesa_reference_framebuffer","DATA"
"0x00271ef1","0x0007b3e0","0x0007b32e","_mesa_reference_framebuffer","DATA"
"0x00271ef1","0x0007b441","0x0007b415","_mesa_free_framebuffer_data","DATA"
"0x00271ef1","0x0007b447","0x0007b415","_mesa_free_framebuffer_data","DATA"
"0x00271ef1","0x0007b474","0x0007b415","_mesa_free_framebuffer_data","DATA"
"0x00271ef1","0x0007b47a","0x0007b415","_mesa_free_framebuffer_data","DATA"
"0x00271ef1","0x0007b5a2","0x0007b570","_mesa_initialize_framebuffer","DATA"
"0x00271ef1","0x0007b5a8","0x0007b570","_mesa_initialize_framebuffer","DATA"
"0x00271ef1","0x0007b5d2","0x0007b570","_mesa_initialize_framebuffer","DATA"
"0x00271ef1","0x0007b5d8","0x0007b570","_mesa_initialize_framebuffer","DATA"
"0x00271ef1","0x0007b6fe","0x0007b6cb","_mesa_new_framebuffer","DATA"
"0x00271ef1","0x0007b704","0x0007b6cb","_mesa_new_framebuffer","DATA"
"0x00271ef1","0x0007b7ce","0x0007b78f","_mesa_create_framebuffer","DATA"
"0x00271ef1","0x0007b7d4","0x0007b78f","_mesa_create_framebuffer","DATA"
"0x00271ef1","0x0007afa5","0x0007af16","_mesa_resizebuffers","DATA"
"0x00271ef1","0x0007afab","0x0007af16","_mesa_resizebuffers","DATA"
"0x00271ef1","0x0007b032","0x0007af16","_mesa_resizebuffers","DATA"
"0x00271ef1","0x0007b038","0x0007af16","_mesa_resizebuffers","DATA"
"0x0027203f","0x0007bc4a","0x0007bbc7","_mesa_GetString","DATA"
"0x0027203f","0x0007bc50","0x0007bbc7","_mesa_GetString","DATA"
"0x0027208c","0x0007bfb7","0x0007bbc7","_mesa_GetString","DATA"
"0x0027208c","0x002b4bb0","","","DATA"
"0x00272099","0x002b4bb4","","","DATA"
"0x002720a6","0x002b4bb8","","","DATA"
"0x002720b3","0x002b4bbc","","","DATA"
"0x002720c0","0x002b4bc0","","","DATA"
"0x002720cd","0x002b4bc4","","","DATA"
"0x002720ea","0x0007c102","0x0007c0d2","_mesa_HashNextEntry","DATA"
"0x002720ea","0x0007c108","0x0007c0d2","_mesa_HashNextEntry","DATA"
"0x002720ea","0x0007c130","0x0007c0d2","_mesa_HashNextEntry","DATA"
"0x002720ea","0x0007c136","0x0007c0d2","_mesa_HashNextEntry","DATA"
"0x002720ea","0x0007c207","0x0007c1da","_mesa_HashFirstEntry","DATA"
"0x002720ea","0x0007c20d","0x0007c1da","_mesa_HashFirstEntry","DATA"
"0x002720ea","0x0007c29f","0x0007c270","_mesa_HashLookup","DATA"
"0x002720ea","0x0007c2a5","0x0007c270","_mesa_HashLookup","DATA"
"0x002720ea","0x0007c2cd","0x0007c270","_mesa_HashLookup","DATA"
"0x002720ea","0x0007c2d3","0x0007c270","_mesa_HashLookup","DATA"
"0x002720ea","0x0007c42d","0x0007c3f4","_mesa_HashPrint","DATA"
"0x002720ea","0x0007c433","0x0007c3f4","_mesa_HashPrint","DATA"
"0x002720ea","0x0007c55e","0x0007c52e","_mesa_HashRemove","DATA"
"0x002720ea","0x0007c564","0x0007c52e","_mesa_HashRemove","DATA"
"0x002720ea","0x0007c58c","0x0007c52e","_mesa_HashRemove","DATA"
"0x002720ea","0x0007c592","0x0007c52e","_mesa_HashRemove","DATA"
"0x002720ea","0x0007c688","0x0007c659","_mesa_HashInsert","DATA"
"0x002720ea","0x0007c68e","0x0007c659","_mesa_HashInsert","DATA"
"0x002720ea","0x0007c6b6","0x0007c659","_mesa_HashInsert","DATA"
"0x002720ea","0x0007c6bc","0x0007c659","_mesa_HashInsert","DATA"
"0x002720ea","0x0007c7b8","0x0007c77c","_mesa_DeleteHashTable","DATA"
"0x002720ea","0x0007c7be","0x0007c77c","_mesa_DeleteHashTable","DATA"
"0x00272892","0x00083a21","0x000838ff","_mesa_image_address","DATA"
"0x00272892","0x00083a27","0x000838ff","_mesa_image_address","DATA"
"0x00272892","0x00083f64","0x00083e53","_mesa_unpack_image","DATA"
"0x00272892","0x00083f6a","0x00083e53","_mesa_unpack_image","DATA"
"0x00272892","0x0008f549","0x0008f381","_mesa_unpack_color_span_chan","DATA"
"0x00272892","0x0008f54f","0x0008f381","_mesa_unpack_color_span_chan","DATA"
"0x00272892","0x0008f57c","0x0008f381","_mesa_unpack_color_span_chan","DATA"
"0x00272892","0x0008f582","0x0008f381","_mesa_unpack_color_span_chan","DATA"
"0x00272892","0x0008f9d2","0x0008f381","_mesa_unpack_color_span_chan","DATA"
"0x00272892","0x0008f9d8","0x0008f381","_mesa_unpack_color_span_chan","DATA"
"0x00272892","0x0008f902","0x0008f381","_mesa_unpack_color_span_chan","DATA"
"0x00272892","0x0008f908","0x0008f381","_mesa_unpack_color_span_chan","DATA"
"0x00272892","0x0008f94b","0x0008f381","_mesa_unpack_color_span_chan","DATA"
"0x00272892","0x0008f951","0x0008f381","_mesa_unpack_color_span_chan","DATA"
"0x00272892","0x0008f4eb","0x0008f381","_mesa_unpack_color_span_chan","DATA"
"0x00272892","0x0008f4f1","0x0008f381","_mesa_unpack_color_span_chan","DATA"
"0x00272892","0x0008abd3","0x0008ab05","_mesa_unpack_stencil_span","DATA"
"0x00272892","0x0008abd9","0x0008ab05","_mesa_unpack_stencil_span","DATA"
"0x00272892","0x0008ae03","0x0008ad3e","_mesa_unpack_index_span","DATA"
"0x00272892","0x0008ae09","0x0008ad3e","_mesa_unpack_index_span","DATA"
"0x00272892","0x0008eebe","0x0008ee7d","_mesa_unpack_color_span_float","DATA"
"0x00272892","0x0008eec4","0x0008ee7d","_mesa_unpack_color_span_float","DATA"
"0x00272892","0x0008eef1","0x0008ee7d","_mesa_unpack_color_span_float","DATA"
"0x00272892","0x0008eef7","0x0008ee7d","_mesa_unpack_color_span_float","DATA"
"0x00272892","0x0008f2b7","0x0008ee7d","_mesa_unpack_color_span_float","DATA"
"0x00272892","0x0008f2bd","0x0008ee7d","_mesa_unpack_color_span_float","DATA"
"0x00272892","0x0008f20b","0x0008ee7d","_mesa_unpack_color_span_float","DATA"
"0x00272892","0x0008f211","0x0008ee7d","_mesa_unpack_color_span_float","DATA"
"0x00272892","0x0008f251","0x0008ee7d","_mesa_unpack_color_span_float","DATA"
"0x00272892","0x0008f257","0x0008ee7d","_mesa_unpack_color_span_float","DATA"
"0x00272ff0","0x00095aeb","0x00095aac","FUN_000a5aac","DATA"
"0x00272ff0","0x00095af1","0x00095aac","FUN_000a5aac","DATA"
"0x00272ff0","0x0009b6c4","0x0009b655","_mesa_generate_mipmap","DATA"
"0x00272ff0","0x0009b6ca","0x0009b655","_mesa_generate_mipmap","DATA"
"0x0027364c","0x000a0b9d","0x000a0b70","_mesa_wait_query","DATA"
"0x0027364c","0x000a0ba3","0x000a0b70","_mesa_wait_query","DATA"
"0x002737e3","0x000a3a1a","0x000a3968","_mesa_add_aux_renderbuffers","DATA"
"0x002737e3","0x000a3a20","0x000a3968","_mesa_add_aux_renderbuffers","DATA"
"0x002737e3","0x000a39cf","0x000a3968","_mesa_add_aux_renderbuffers","DATA"
"0x002737e3","0x000a39d5","0x000a3968","_mesa_add_aux_renderbuffers","DATA"
"0x002737e3","0x000a3b14","0x000a3aa6","_mesa_add_accum_renderbuffer","DATA"
"0x002737e3","0x000a3b1a","0x000a3aa6","_mesa_add_accum_renderbuffer","DATA"
"0x002737e3","0x000a3bff","0x000a3ba0","_mesa_add_stencil_renderbuffer","DATA"
"0x002737e3","0x000a3c05","0x000a3ba0","_mesa_add_stencil_renderbuffer","DATA"
"0x002737e3","0x000a3cef","0x000a3c90","_mesa_add_depth_renderbuffer","DATA"
"0x002737e3","0x000a3cf5","0x000a3c90","_mesa_add_depth_renderbuffer","DATA"
"0x002737e3","0x000a3de2","0x000a3d97","_mesa_add_alpha_renderbuffers","DATA"
"0x002737e3","0x000a3de8","0x000a3d97","_mesa_add_alpha_renderbuffers","DATA"
"0x002737e3","0x000a3eba","0x000a3d97","_mesa_add_alpha_renderbuffers","DATA"
"0x002737e3","0x000a3ec0","0x000a3d97","_mesa_add_alpha_renderbuffers","DATA"
"0x002737e3","0x000a3eed","0x000a3d97","_mesa_add_alpha_renderbuffers","DATA"
"0x002737e3","0x000a3ef3","0x000a3d97","_mesa_add_alpha_renderbuffers","DATA"
"0x002737e3","0x000a40c4","0x000a3fee","_mesa_add_color_index_renderbuffers","DATA"
"0x002737e3","0x000a40ca","0x000a3fee","_mesa_add_color_index_renderbuffers","DATA"
"0x002737e3","0x000a423c","0x000a415d","_mesa_add_color_renderbuffers","DATA"
"0x002737e3","0x000a4242","0x000a415d","_mesa_add_color_renderbuffers","DATA"
"0x002737e3","0x000a42c5","0x000a415d","_mesa_add_color_renderbuffers","DATA"
"0x002737e3","0x000a42cb","0x000a415d","_mesa_add_color_renderbuffers","DATA"
"0x002737e3","0x000a43ae","0x000a4322","_mesa_add_soft_renderbuffers","DATA"
"0x002737e3","0x000a43b4","0x000a4322","_mesa_add_soft_renderbuffers","DATA"
"0x002737e3","0x000a43dd","0x000a4322","_mesa_add_soft_renderbuffers","DATA"
"0x002737e3","0x000a43e3","0x000a4322","_mesa_add_soft_renderbuffers","DATA"
"0x002737e3","0x000a4488","0x000a4322","_mesa_add_soft_renderbuffers","DATA"
"0x002737e3","0x000a448e","0x000a4322","_mesa_add_soft_renderbuffers","DATA"
"0x002737e3","0x000a44d3","0x000a4322","_mesa_add_soft_renderbuffers","DATA"
"0x002737e3","0x000a44d9","0x000a4322","_mesa_add_soft_renderbuffers","DATA"
"0x002737e3","0x000a4521","0x000a4322","_mesa_add_soft_renderbuffers","DATA"
"0x002737e3","0x000a4527","0x000a4322","_mesa_add_soft_renderbuffers","DATA"
"0x002737e3","0x000a4552","0x000a4322","_mesa_add_soft_renderbuffers","DATA"
"0x002737e3","0x000a4558","0x000a4322","_mesa_add_soft_renderbuffers","DATA"
"0x002737e3","0x000a4583","0x000a4322","_mesa_add_soft_renderbuffers","DATA"
"0x002737e3","0x000a4589","0x000a4322","_mesa_add_soft_renderbuffers","DATA"
"0x002737e3","0x000a45b4","0x000a4322","_mesa_add_soft_renderbuffers","DATA"
"0x002737e3","0x000a45ba","0x000a4322","_mesa_add_soft_renderbuffers","DATA"
"0x002737e3","0x000a460d","0x000a4322","_mesa_add_soft_renderbuffers","DATA"
"0x002737e3","0x000a4613","0x000a4322","_mesa_add_soft_renderbuffers","DATA"
"0x002737e3","0x000a463e","0x000a4322","_mesa_add_soft_renderbuffers","DATA"
"0x002737e3","0x000a4644","0x000a4322","_mesa_add_soft_renderbuffers","DATA"
"0x002737e3","0x000a4693","0x000a4322","_mesa_add_soft_renderbuffers","DATA"
"0x002737e3","0x000a4699","0x000a4322","_mesa_add_soft_renderbuffers","DATA"
"0x002737e3","0x000a46c4","0x000a4322","_mesa_add_soft_renderbuffers","DATA"
"0x002737e3","0x000a46ca","0x000a4322","_mesa_add_soft_renderbuffers","DATA"
"0x002737e3","0x000a25da","0x000a25a8","_mesa_reference_renderbuffer","DATA"
"0x002737e3","0x000a25e0","0x000a25a8","_mesa_reference_renderbuffer","DATA"
"0x002737e3","0x000a2622","0x000a25a8","_mesa_reference_renderbuffer","DATA"
"0x002737e3","0x000a2628","0x000a25a8","_mesa_reference_renderbuffer","DATA"
"0x002737e3","0x000a2662","0x000a25a8","_mesa_reference_renderbuffer","DATA"
"0x002737e3","0x000a2668","0x000a25a8","_mesa_reference_renderbuffer","DATA"
"0x002737e3","0x000a26ca","0x000a25a8","_mesa_reference_renderbuffer","DATA"
"0x002737e3","0x000a26d0","0x000a25a8","_mesa_reference_renderbuffer","DATA"
"0x002737e3","0x000a274b","0x000a2714","_mesa_remove_renderbuffer","DATA"
"0x002737e3","0x000a2751","0x000a2714","_mesa_remove_renderbuffer","DATA"
"0x002737e3","0x000a27d4","0x000a27a2","_mesa_add_renderbuffer","DATA"
"0x002737e3","0x000a27da","0x000a27a2","_mesa_add_renderbuffer","DATA"
"0x002737e3","0x000a2802","0x000a27a2","_mesa_add_renderbuffer","DATA"
"0x002737e3","0x000a2808","0x000a27a2","_mesa_add_renderbuffer","DATA"
"0x002737e3","0x000a2831","0x000a27a2","_mesa_add_renderbuffer","DATA"
"0x002737e3","0x000a2837","0x000a27a2","_mesa_add_renderbuffer","DATA"
"0x002737e3","0x000a2870","0x000a27a2","_mesa_add_renderbuffer","DATA"
"0x002737e3","0x000a2876","0x000a27a2","_mesa_add_renderbuffer","DATA"
"0x002737e3","0x000a28a6","0x000a27a2","_mesa_add_renderbuffer","DATA"
"0x002737e3","0x000a28ac","0x000a27a2","_mesa_add_renderbuffer","DATA"
"0x002737e3","0x000a28d6","0x000a27a2","_mesa_add_renderbuffer","DATA"
"0x002737e3","0x000a28dc","0x000a27a2","_mesa_add_renderbuffer","DATA"
"0x0027435d","0x000a9120","0x000a90e9","FUN_000b90e9","DATA"
"0x0027435d","0x000a9126","0x000a90e9","FUN_000b90e9","DATA"
"0x00274440","0x000a8dec","0x000a7d5e","FUN_000b7d5e","READ"
"0x00274c82","0x000b3abc","0x000b3978","_mesa_CompressedTexSubImage3DARB","DATA"
"0x00274c82","0x000b3ac2","0x000b3978","_mesa_CompressedTexSubImage3DARB","DATA"
"0x00274c82","0x000b3d33","0x000b3bed","_mesa_CompressedTexSubImage2DARB","DATA"
"0x00274c82","0x000b3d39","0x000b3bed","_mesa_CompressedTexSubImage2DARB","DATA"
"0x00274c82","0x000b3f85","0x000b3e37","_mesa_CompressedTexSubImage1DARB","DATA"
"0x00274c82","0x000b3f8b","0x000b3e37","_mesa_CompressedTexSubImage1DARB","DATA"
"0x00274c82","0x000b5127","0x000b4fdb","_mesa_TexSubImage1D","DATA"
"0x00274c82","0x000b512d","0x000b4fdb","_mesa_TexSubImage1D","DATA"
"0x002756ab","0x000b7e1c","0x000b7de8","_mesa_unlock_context_textures","DATA"
"0x002756ab","0x000b7e22","0x000b7de8","_mesa_unlock_context_textures","DATA"
"0x002756ab","0x000b7f9a","0x000b7f68","_mesa_reference_texobj","DATA"
"0x002756ab","0x000b7fa0","0x000b7f68","_mesa_reference_texobj","DATA"
"0x002756ab","0x000b7fec","0x000b7f68","_mesa_reference_texobj","DATA"
"0x002756ab","0x000b7ff2","0x000b7f68","_mesa_reference_texobj","DATA"
"0x002756ab","0x000b808c","0x000b7f68","_mesa_reference_texobj","DATA"
"0x002756ab","0x000b8092","0x000b7f68","_mesa_reference_texobj","DATA"
"0x002756ab","0x000b9068","0x000b8ef4","_mesa_BindTexture","DATA"
"0x002756ab","0x000b906e","0x000b8ef4","_mesa_BindTexture","DATA"
"0x002756ab","0x000b9236","0x000b8ef4","_mesa_BindTexture","DATA"
"0x002756ab","0x000b923c","0x000b8ef4","_mesa_BindTexture","DATA"
"0x00275f2c","0x000c1f20","0x000c19e2","_mesa_texstore_argb8888","DATA"
"0x00275f2c","0x000c1f26","0x000c19e2","_mesa_texstore_argb8888","DATA"
"0x00275f2c","0x000bcd97","0x000bcbf7","_mesa_get_teximage","DATA"
"0x00275f2c","0x000bcd9d","0x000bcbf7","_mesa_get_teximage","DATA"
"0x00276974","0x000d110f","0x000d106d","FUN_000e106d","DATA"
"0x00276974","0x000d1115","0x000d106d","FUN_000e106d","DATA"
"0x00276994","0x000d12d5","0x000d11c4","FUN_000e11c4","DATA"
"0x00276994","0x000d12db","0x000d11c4","FUN_000e11c4","DATA"
"0x002769a9","0x000d136a","0x000d12f5","FUN_000e12f5","DATA"
"0x002769a9","0x000d1370","0x000d12f5","FUN_000e12f5","DATA"
"0x002769c4","0x000d14d4","0x000d1441","FUN_000e1441","DATA"
"0x002769c4","0x000d14da","0x000d1441","FUN_000e1441","DATA"
"0x002769ee","0x000d18a7","0x000d1580","vbo_exec_vtx_flush","DATA"
"0x002769ee","0x000d18ad","0x000d1580","vbo_exec_vtx_flush","DATA"
"0x00276ae1","0x000d3d5d","0x000d3d1d","FUN_000e3d1d","DATA"
"0x00276ae1","0x000d3d63","0x000d3d1d","FUN_000e3d1d","DATA"
"0x00276ae1","0x000d3d8b","0x000d3d1d","FUN_000e3d1d","DATA"
"0x00276ae1","0x000d3d91","0x000d3d1d","FUN_000e3d1d","DATA"
"0x00276ae1","0x000d4067","0x000d3e51","FUN_000e3e51","DATA"
"0x00276ae1","0x000d406d","0x000d3e51","FUN_000e3e51","DATA"
"0x00276ae1","0x000d3eb7","0x000d3e51","FUN_000e3e51","DATA"
"0x00276ae1","0x000d3ebd","0x000d3e51","FUN_000e3e51","DATA"
"0x00276ae1","0x000d70cc","0x000d701f","vbo_save_EndList","DATA"
"0x00276ae1","0x000d70d2","0x000d701f","vbo_save_EndList","DATA"
"0x00276ae1","0x000d5128","0x000d50db","FUN_000e50db","DATA"
"0x00276ae1","0x000d512e","0x000d50db","FUN_000e50db","DATA"
"0x00276ae1","0x000d3374","0x000d3287","FUN_000e3287","DATA"
"0x00276ae1","0x000d337a","0x000d3287","FUN_000e3287","DATA"
"0x00276ae1","0x000d370c","0x000d3287","FUN_000e3287","DATA"
"0x00276ae1","0x000d3712","0x000d3287","FUN_000e3287","DATA"
"0x00276ae1","0x000d37f7","0x000d3287","FUN_000e3287","DATA"
"0x00276ae1","0x000d37fd","0x000d3287","FUN_000e3287","DATA"
"0x00276ae1","0x000d386e","0x000d3287","FUN_000e3287","DATA"
"0x00276ae1","0x000d3874","0x000d3287","FUN_000e3287","DATA"
"0x00276ae1","0x000d2e42","0x000d2e11","FUN_000e2e11","DATA"
"0x00276ae1","0x000d2e48","0x000d2e11","FUN_000e2e11","DATA"
"0x00276ae1","0x000d2e72","0x000d2e11","FUN_000e2e11","DATA"
"0x00276ae1","0x000d2e78","0x000d2e11","FUN_000e2e11","DATA"
"0x00276ae1","0x000d2ec2","0x000d2e11","FUN_000e2e11","DATA"
"0x00276ae1","0x000d2ec8","0x000d2e11","FUN_000e2e11","DATA"
"0x00276ae1","0x000d2f4a","0x000d2eea","FUN_000e2eea","DATA"
"0x00276ae1","0x000d2f50","0x000d2eea","FUN_000e2eea","DATA"
"0x00276ae1","0x000d3018","0x000d2fcc","vbo_save_NotifyBegin","DATA"
"0x00276ae1","0x000d301e","0x000d2fcc","vbo_save_NotifyBegin","DATA"
"0x00276ae1","0x000d6f8a","0x000d6ef2","FUN_000e6ef2","DATA"
"0x00276ae1","0x000d6f90","0x000d6ef2","FUN_000e6ef2","DATA"
"0x00276ae1","0x000d75e1","0x000d7599","FUN_000e7599","DATA"
"0x00276ae1","0x000d75e7","0x000d7599","FUN_000e7599","DATA"
"0x00276ec0","0x000d7bad","0x000d78c1","vbo_save_playback_vertex_list","DATA"
"0x00276ec0","0x000d7bb3","0x000d78c1","vbo_save_playback_vertex_list","DATA"
"0x00276f06","0x000d7ec0","0x000d7d68","vbo_loopback_vertex_list","DATA"
"0x00276f06","0x000d7ec6","0x000d7d68","vbo_loopback_vertex_list","DATA"
"0x00276f47","0x000d842a","0x000d83f3","vf_set_vp_scale_translate","DATA"
"0x00276f47","0x000d8430","0x000d83f3","vf_set_vp_scale_translate","DATA"
"0x00276f47","0x000d84c2","0x000d848f","vf_set_vp_matrix","DATA"
"0x00276f47","0x000d84c8","0x000d848f","vf_set_vp_matrix","DATA"
"0x00276f47","0x000d8555","0x000d8529","vf_set_vertex_attributes","DATA"
"0x00276f47","0x000d855b","0x000d8529","vf_set_vertex_attributes","DATA"
"0x00276f47","0x000d86af","0x000d8529","vf_set_vertex_attributes","DATA"
"0x00276f47","0x000d86b5","0x000d8529","vf_set_vertex_attributes","DATA"
"0x00276f47","0x000d85e9","0x000d8529","vf_set_vertex_attributes","DATA"
"0x00276f47","0x000d85ef","0x000d8529","vf_set_vertex_attributes","DATA"
"0x00277110","0x000dd19d","0x000dd16d","clip_set_render","DATA"
"0x00277110","0x000dd1a3","0x000dd16d","clip_set_render","DATA"
"0x00277110","0x000dd407","0x000dd3cc","clip_set_prim_vertex_format","DATA"
"0x00277110","0x000dd40d","0x000dd3cc","clip_set_prim_vertex_format","DATA"
"0x00277110","0x000dd4bf","0x000dd484","clip_set_hw_vertex_format","DATA"
"0x00277110","0x000dd4c5","0x000dd484","clip_set_hw_vertex_format","DATA"
"0x00277110","0x000dd577","0x000dd53c","clip_set_viewport","DATA"
"0x00277110","0x000dd57d","0x000dd53c","clip_set_viewport","DATA"
"0x00277110","0x000dcc2c","0x000dcb01","clip_prim_info","DATA"
"0x00277110","0x000dcc32","0x000dcb01","clip_prim_info","DATA"
"0x0027720f","0x000de6b6","0x000de33e","FUN_000ee33e","DATA"
"0x0027720f","0x000de6bc","0x000de33e","FUN_000ee33e","DATA"
"0x0027720f","0x000de795","0x000de749","FUN_000ee749","DATA"
"0x0027720f","0x000de79b","0x000de749","FUN_000ee749","DATA"
"0x00277285","0x000de8bc","0x000de85b","FUN_000ee85b","DATA"
"0x00277285","0x000de8c2","0x000de85b","FUN_000ee85b","DATA"
"0x00277285","0x000de91c","0x000de85b","FUN_000ee85b","DATA"
"0x00277285","0x000de922","0x000de85b","FUN_000ee85b","DATA"
"0x00277285","0x000deb2e","0x000deae2","FUN_000eeae2","DATA"
"0x00277285","0x000deb34","0x000deae2","FUN_000eeae2","DATA"
"0x002772f7","0x000dedc7","0x000ded7a","FUN_000eed7a","DATA"
"0x002772f7","0x000dedcd","0x000ded7a","FUN_000eed7a","DATA"
"0x002773d4","0x000e225f","0x000e1a49","_tnl_draw_prims","DATA"
"0x002773d4","0x000e2265","0x000e1a49","_tnl_draw_prims","DATA"
"0x002773d4","0x000e2524","0x000e1a49","_tnl_draw_prims","DATA"
"0x002773d4","0x000e252a","0x000e1a49","_tnl_draw_prims","DATA"
"0x002773d4","0x000e1bc6","0x000e1a49","_tnl_draw_prims","DATA"
"0x002773d4","0x000e1bcc","0x000e1a49","_tnl_draw_prims","DATA"
"0x00277476","0x000e9c8e","0x000e9b85","FUN_000f9b85","DATA"
"0x00277476","0x000e9c94","0x000e9b85","FUN_000f9b85","DATA"
"0x002775c0","0x000f227c","0x000f2209","FUN_00102209","DATA"
"0x002775c0","0x000f2282","0x000f2209","FUN_00102209","DATA"
"0x002775c0","0x000f22b1","0x000f2209","FUN_00102209","DATA"
"0x002775c0","0x000f22b7","0x000f2209","FUN_00102209","DATA"
"0x002775c0","0x000f253d","0x000f24fb","_tnl_install_attrs","DATA"
"0x002775c0","0x000f2543","0x000f24fb","_tnl_install_attrs","DATA"
"0x002775c0","0x000f2573","0x000f24fb","_tnl_install_attrs","DATA"
"0x002775c0","0x000f2579","0x000f24fb","_tnl_install_attrs","DATA"
"0x002775c0","0x000f2703","0x000f24fb","_tnl_install_attrs","DATA"
"0x002775c0","0x000f2709","0x000f24fb","_tnl_install_attrs","DATA"
"0x002776a2","0x000f4445","0x000f314c","_tnl_generate_sse_emit","DATA"
"0x002776a2","0x000f444b","0x000f314c","_tnl_generate_sse_emit","DATA"
"0x002776a2","0x000f4490","0x000f314c","_tnl_generate_sse_emit","DATA"
"0x002776a2","0x000f4496","0x000f314c","_tnl_generate_sse_emit","DATA"
"0x0027774a","0x000f620c","0x000f61b3","_tnl_generic_interp_extras","DATA"
"0x0027774a","0x000f6212","0x000f61b3","_tnl_generic_interp_extras","DATA"
"0x0027774a","0x000f62bd","0x000f61b3","_tnl_generic_interp_extras","DATA"
"0x0027774a","0x000f62c3","0x000f61b3","_tnl_generic_interp_extras","DATA"
"0x0027786d","0x000f811c","0x000f8087","FUN_00108087","DATA"
"0x0027786d","0x000f8122","0x000f8087","FUN_00108087","DATA"
"0x00277c78","0x000f8f82","0x000f8eb4","FUN_00108eb4","DATA"
"0x00277c78","0x000f8f88","0x000f8eb4","FUN_00108eb4","DATA"
"0x00278954","0x000fd929","0x000fd8ee","_mesa_SetFragmentShaderConstantATI","DATA"
"0x00278954","0x000fd92f","0x000fd8ee","_mesa_SetFragmentShaderConstantATI","DATA"
"0x00278978","0x000fdb7e","0x000fdb42","FUN_0010db42","DATA"
"0x00278978","0x000fdb84","0x000fdb42","FUN_0010db42","DATA"
"0x00278998","0x000fe4ff","0x000fe4c3","_mesa_PassTexCoordATI","DATA"
"0x00278998","0x000fe505","0x000fe4c3","_mesa_PassTexCoordATI","DATA"
"0x002789bc","0x000fe76f","0x000fe733","_mesa_EndFragmentShaderATI","DATA"
"0x002789bc","0x000fe775","0x000fe733","_mesa_EndFragmentShaderATI","DATA"
"0x002789e4","0x000fe7a0","0x000fe733","_mesa_EndFragmentShaderATI","DATA"
"0x002789e4","0x000fe7a6","0x000fe733","_mesa_EndFragmentShaderATI","DATA"
"0x00278a10","0x000fe7ef","0x000fe733","_mesa_EndFragmentShaderATI","DATA"
"0x00278a10","0x000fe7f5","0x000fe733","_mesa_EndFragmentShaderATI","DATA"
"0x00278a34","0x000fe8eb","0x000fe8bb","_mesa_BeginFragmentShaderATI","DATA"
"0x00278a34","0x000fe8f1","0x000fe8bb","_mesa_BeginFragmentShaderATI","DATA"
"0x00278a5c","0x000feaea","0x000feaae","_mesa_BindFragmentShaderATI","DATA"
"0x00278a5c","0x000feaf0","0x000feaae","_mesa_BindFragmentShaderATI","DATA"
"0x00278a84","0x000fec35","0x000febff","_mesa_DeleteFragmentShaderATI","DATA"
"0x00278a84","0x000fec3b","0x000febff","_mesa_DeleteFragmentShaderATI","DATA"
"0x00278aac","0x000fed3d","0x000fed0f","_mesa_GenFragmentShadersATI","DATA"
"0x00278aac","0x000fed43","0x000fed0f","_mesa_GenFragmentShadersATI","DATA"
"0x00278acc","0x000fed6d","0x000fed0f","_mesa_GenFragmentShadersATI","DATA"
"0x00278acc","0x000fed73","0x000fed0f","_mesa_GenFragmentShadersATI","DATA"
"0x00278ba2","0x000fe28a","0x000fe24e","_mesa_SampleMapATI","DATA"
"0x00278ba2","0x000fe290","0x000fe24e","_mesa_SampleMapATI","DATA"
"0x00278c78","0x000febad","0x000feaae","_mesa_BindFragmentShaderATI","DATA"
"0x00278c78","0x000febb3","0x000feaae","_mesa_BindFragmentShaderATI","DATA"
"0x0027962e","0x00106ced","0x00105ff0","_mesa_parse_nv_vertex_program","DATA"
"0x0027962e","0x00106cf3","0x00105ff0","_mesa_parse_nv_vertex_program","DATA"
"0x00279a32","0x00107a4f","0x00107a03","_mesa_update_default_objects_program","DATA"
"0x00279a32","0x00107a55","0x00107a03","_mesa_update_default_objects_program","DATA"
"0x00279a32","0x00107a9d","0x00107a03","_mesa_update_default_objects_program","DATA"
"0x00279a32","0x00107aa3","0x00107a03","_mesa_update_default_objects_program","DATA"
"0x00279a32","0x00107af8","0x00107a03","_mesa_update_default_objects_program","DATA"
"0x00279a32","0x00107afe","0x00107a03","_mesa_update_default_objects_program","DATA"
"0x00279a32","0x00107ee9","0x00107e65","_mesa_init_program","DATA"
"0x00279a32","0x00107eef","0x00107e65","_mesa_init_program","DATA"
"0x00279a32","0x00107f67","0x00107e65","_mesa_init_program","DATA"
"0x00279a32","0x00107f6d","0x00107e65","_mesa_init_program","DATA"
"0x00279a32","0x00107fb2","0x00107e65","_mesa_init_program","DATA"
"0x00279a32","0x00107fb8","0x00107e65","_mesa_init_program","DATA"
"0x00279a32","0x001073b7","0x001070ef","_mesa_combine_programs","DATA"
"0x00279a32","0x001073bd","0x001070ef","_mesa_combine_programs","DATA"
"0x00279a32","0x0010761f","0x001075c0","_mesa_clone_program","DATA"
"0x00279a32","0x00107625","0x001075c0","_mesa_clone_program","DATA"
"0x00279a32","0x0010764f","0x001075c0","_mesa_clone_program","DATA"
"0x00279a32","0x00107655","0x001075c0","_mesa_clone_program","DATA"
"0x00279a32","0x00106e56","0x00106e20","_mesa_reference_program","DATA"
"0x00279a32","0x00106e5c","0x00106e20","_mesa_reference_program","DATA"
"0x00279a32","0x00106f00","0x00106eb1","_mesa_find_free_register","DATA"
"0x00279a32","0x00106f06","0x00106eb1","_mesa_find_free_register","DATA"
"0x00279b74","0x00107b02","0x00107a03","_mesa_update_default_objects_program","DATA"
"0x00279b74","0x00107b08","0x00107a03","_mesa_update_default_objects_program","DATA"
"0x00279b74","0x00107fbc","0x00107e65","_mesa_init_program","DATA"
"0x00279b74","0x00107fc2","0x00107e65","_mesa_init_program","DATA"
"0x00279c58","0x00108022","0x00107fe0","FUN_00117fe0","DATA"
"0x00279c58","0x00108028","0x00107fe0","FUN_00117fe0","DATA"
"0x0027a8b0","0x0010e9c8","0x0010e867","_mesa_load_tracked_matrices","DATA"
"0x0027a8b0","0x0010e9ce","0x0010e867","_mesa_load_tracked_matrices","DATA"
"0x0027a8b0","0x0010e931","0x0010e867","_mesa_load_tracked_matrices","DATA"
"0x0027a8b0","0x0010e937","0x0010e867","_mesa_load_tracked_matrices","DATA"
"0x0027b160","0x00112490","0x00112427","_mesa_update_shader_textures_used","DATA"
"0x0027b160","0x00112496","0x00112427","_mesa_update_shader_textures_used","DATA"
"0x0027b182","0x00112cc7","0x00112ca4","_mesa_reference_shader","DATA"
"0x0027b182","0x00112ccd","0x00112ca4","_mesa_reference_shader","DATA"
"0x0027b199","0x0011210f","0x001120ea","_mesa_new_shader","DATA"
"0x0027b199","0x00112115","0x001120ea","_mesa_new_shader","DATA"
"0x0027b1ac","0x0011322d","0x0011320a","_mesa_reference_shader_program","DATA"
"0x0027b1ac","0x00113233","0x0011320a","_mesa_reference_shader_program","DATA"
"0x0027b1cc","0x00113111","0x001130f2","_mesa_free_shader_program_data","DATA"
"0x0027b1cc","0x00113117","0x001130f2","_mesa_free_shader_program_data","DATA"
"0x0027b3f6","0x00111417","0x00111400","FUN_00121400","DATA"
"0x0027b3f6","0x0011141d","0x00111400","FUN_00121400","DATA"
"0x0027b40b","0x0011152a","0x00111518","FUN_00121518","DATA"
"0x0027b40b","0x00111530","0x00111518","FUN_00121518","DATA"
"0x0027b41d","0x00111605","0x001115d8","FUN_001215d8","DATA"
"0x0027b41d","0x0011160b","0x001115d8","FUN_001215d8","DATA"
"0x0027b4ad","0x00111ac3","0x00111aac","FUN_00121aac","DATA"
"0x0027b4ad","0x00111ac9","0x00111aac","FUN_00121aac","DATA"
"0x0027b4f7","0x00111d40","0x00111d2a","FUN_00121d2a","DATA"
"0x0027b4f7","0x00111d46","0x00111d2a","FUN_00121d2a","DATA"
"0x0027b505","0x00111e12","0x00111d2a","FUN_00121d2a","DATA"
"0x0027b505","0x00111e18","0x00111d2a","FUN_00121d2a","DATA"
"0x0027b55c","0x00113123","0x001130f2","_mesa_free_shader_program_data","DATA"
"0x0027b55c","0x00113129","0x001130f2","_mesa_free_shader_program_data","DATA"
"0x0027b55c","0x0011323f","0x0011320a","_mesa_reference_shader_program","DATA"
"0x0027b55c","0x00113245","0x0011320a","_mesa_reference_shader_program","DATA"
"0x0027b55c","0x00112cd9","0x00112ca4","_mesa_reference_shader","DATA"
"0x0027b55c","0x00112cdf","0x00112ca4","_mesa_reference_shader","DATA"
"0x0027b55c","0x00112121","0x001120ea","_mesa_new_shader","DATA"
"0x0027b55c","0x00112127","0x001120ea","_mesa_new_shader","DATA"
"0x0027b55c","0x001124a2","0x00112427","_mesa_update_shader_textures_used","DATA"
"0x0027b55c","0x001124a8","0x00112427","_mesa_update_shader_textures_used","DATA"
"0x0027b55c","0x001125d5","0x00112557","FUN_00122557","DATA"
"0x0027b55c","0x001125db","0x00112557","FUN_00122557","DATA"
"0x0027b55c","0x00112605","0x00112557","FUN_00122557","DATA"
"0x0027b55c","0x0011260b","0x00112557","FUN_00122557","DATA"
"0x0027b55c","0x00112635","0x00112557","FUN_00122557","DATA"
"0x0027b55c","0x0011263b","0x00112557","FUN_00122557","DATA"
"0x0027b55c","0x00112289","0x001121fb","FUN_001221fb","DATA"
"0x0027b55c","0x0011228f","0x001121fb","FUN_001221fb","DATA"
"0x0027b570","0x001121cd","0x00112162","FUN_00122162","DATA"
"0x0027b570","0x001121d3","0x00112162","FUN_00122162","DATA"
"0x0027b599","0x001122cd","0x001122b0","FUN_001222b0","DATA"
"0x0027b599","0x001122d3","0x001122b0","FUN_001222b0","DATA"
"0x0027b679","0x00112d68","0x00112d54","FUN_00122d54","DATA"
"0x0027b679","0x00112d6e","0x00112d54","FUN_00122d54","DATA"
"0x0027b679","0x00112e0a","0x00112d54","FUN_00122d54","DATA"
"0x0027b679","0x00112e10","0x00112d54","FUN_00122d54","DATA"
"0x0027b688","0x00112edf","0x00112d54","FUN_00122d54","DATA"
"0x0027b688","0x00112ee5","0x00112d54","FUN_00122d54","DATA"
"0x0027b6a0","0x00112f1a","0x00112f00","FUN_00122f00","DATA"
"0x0027b6a0","0x00112f20","0x00112f00","FUN_00122f00","DATA"
"0x0027b6af","0x00112f6d","0x00112f59","FUN_00122f59","DATA"
"0x0027b6af","0x00112f73","0x00112f59","FUN_00122f59","DATA"
"0x0027b6af","0x00112f8b","0x00112f59","FUN_00122f59","DATA"
"0x0027b6af","0x00112f91","0x00112f59","FUN_00122f59","DATA"
"0x0027b6af","0x00112fca","0x00112f59","FUN_00122f59","DATA"
"0x0027b6af","0x00112fd0","0x00112f59","FUN_00122f59","DATA"
"0x0027b6af","0x0011301e","0x00112f59","FUN_00122f59","DATA"
"0x0027b6af","0x00113024","0x00112f59","FUN_00122f59","DATA"
"0x0027b6f2","0x00113bdc","0x00113b73","_swrast_clear_accum_buffer","DATA"
"0x0027b6f2","0x00113be2","0x00113b73","_swrast_clear_accum_buffer","DATA"
"0x0027b6f2","0x00113c16","0x00113b73","_swrast_clear_accum_buffer","DATA"
"0x0027b6f2","0x00113c1c","0x00113b73","_swrast_clear_accum_buffer","DATA"
"0x0027b6f2","0x00113de1","0x00113d63","FUN_00123d63","DATA"
"0x0027b6f2","0x00113de7","0x00113d63","FUN_00123d63","DATA"
"0x0027b6f2","0x0011346f","0x00113410","FUN_00123410","DATA"
"0x0027b6f2","0x00113475","0x00113410","FUN_00123410","DATA"
"0x0027b6f2","0x001134a4","0x00113410","FUN_00123410","DATA"
"0x0027b6f2","0x001134aa","0x00113410","FUN_00123410","DATA"
"0x0027b6f2","0x001134dd","0x00113410","FUN_00123410","DATA"
"0x0027b6f2","0x001134e3","0x00113410","FUN_00123410","DATA"
"0x0027b6f2","0x00113518","0x00113410","FUN_00123410","DATA"
"0x0027b6f2","0x0011351e","0x00113410","FUN_00123410","DATA"
"0x0027b6f2","0x00113739","0x001136e8","FUN_001236e8","DATA"
"0x0027b6f2","0x0011373f","0x001136e8","FUN_001236e8","DATA"
"0x0027b6f2","0x00113972","0x00113921","FUN_00123921","DATA"
"0x0027b6f2","0x00113978","0x00113921","FUN_00123921","DATA"
"0x0027b6f2","0x001141cb","0x0011414d","FUN_0012414d","DATA"
"0x0027b6f2","0x001141d1","0x0011414d","FUN_0012414d","DATA"
"0x0027b6f2","0x001143a9","0x0011414d","FUN_0012414d","DATA"
"0x0027b6f2","0x001143af","0x0011414d","FUN_0012414d","DATA"
"0x0027b6f2","0x001143f2","0x0011414d","FUN_0012414d","DATA"
"0x0027b6f2","0x001143f8","0x0011414d","FUN_0012414d","DATA"
"0x0027b6f2","0x0011468b","0x0011455e","FUN_0012455e","DATA"
"0x0027b6f2","0x00114691","0x0011455e","FUN_0012455e","DATA"
"0x0027b8fa","0x00118fac","0x00118f10","_swrast_clear_depth_buffer","DATA"
"0x0027b8fa","0x00118fb2","0x00118f10","_swrast_clear_depth_buffer","DATA"
"0x0027c2ed","0x0014b96d","0x0014b91e","mmx_packuswb","DATA"
"0x0027c2ed","0x0014b973","0x0014b91e","mmx_packuswb","DATA"
"0x0027c2ed","0x0014ba08","0x0014b9b9","mmx_packssdw","DATA"
"0x0027c2ed","0x0014ba0e","0x0014b9b9","mmx_packssdw","DATA"
"0x0027c2ed","0x0014ba86","0x0014ba54","mmx_emms","DATA"
"0x0027c2ed","0x0014ba8c","0x0014ba54","mmx_emms","DATA"
"0x0027c2ed","0x0014bafa","0x0014bac2","x87_fnstsw","DATA"
"0x0027c2ed","0x0014bb00","0x0014bac2","x87_fnstsw","DATA"
"0x0027c2ed","0x0014bb8c","0x0014bb56","x87_fxch","DATA"
"0x0027c2ed","0x0014bb92","0x0014bb56","x87_fxch","DATA"
"0x0027c2ed","0x0014bbf6","0x0014bbc0","x87_fucomp","DATA"
"0x0027c2ed","0x0014bbfc","0x0014bbc0","x87_fucomp","DATA"
"0x0027c2ed","0x0014bc60","0x0014bc2a","x87_fucom","DATA"
"0x0027c2ed","0x0014bc66","0x0014bc2a","x87_fucom","DATA"
"0x0027c2ed","0x0014bcca","0x0014bc94","x87_fdivrp","DATA"
"0x0027c2ed","0x0014bcd0","0x0014bc94","x87_fdivrp","DATA"
"0x0027c2ed","0x0014bcf8","0x0014bc94","x87_fdivrp","DATA"
"0x0027c2ed","0x0014bcfe","0x0014bc94","x87_fdivrp","DATA"
"0x0027c2ed","0x0014bd62","0x0014bd2c","x87_fdivp","DATA"
"0x0027c2ed","0x0014bd68","0x0014bd2c","x87_fdivp","DATA"
"0x0027c2ed","0x0014bd90","0x0014bd2c","x87_fdivp","DATA"
"0x0027c2ed","0x0014bd96","0x0014bd2c","x87_fdivp","DATA"
"0x0027c2ed","0x0014bdfa","0x0014bdc4","x87_faddp","DATA"
"0x0027c2ed","0x0014be00","0x0014bdc4","x87_faddp","DATA"
"0x0027c2ed","0x0014be28","0x0014bdc4","x87_faddp","DATA"
"0x0027c2ed","0x0014be2e","0x0014bdc4","x87_faddp","DATA"
"0x0027c2ed","0x0014be92","0x0014be5c","x87_fsubrp","DATA"
"0x0027c2ed","0x0014be98","0x0014be5c","x87_fsubrp","DATA"
"0x0027c2ed","0x0014bec0","0x0014be5c","x87_fsubrp","DATA"
"0x0027c2ed","0x0014bec6","0x0014be5c","x87_fsubrp","DATA"
"0x0027c2ed","0x0014bf2a","0x0014bef4","x87_fsubp","DATA"
"0x0027c2ed","0x0014bf30","0x0014bef4","x87_fsubp","DATA"
"0x0027c2ed","0x0014bf58","0x0014bef4","x87_fsubp","DATA"
"0x0027c2ed","0x0014bf5e","0x0014bef4","x87_fsubp","DATA"
"0x0027c2ed","0x0014bfc2","0x0014bf8c","x87_fmulp","DATA"
"0x0027c2ed","0x0014bfc8","0x0014bf8c","x87_fmulp","DATA"
"0x0027c2ed","0x0014bff0","0x0014bf8c","x87_fmulp","DATA"
"0x0027c2ed","0x0014bff6","0x0014bf8c","x87_fmulp","DATA"
"0x0027c2ed","0x0014b649","0x0014b599","FUN_0015b599","DATA"
"0x0027c2ed","0x0014b64f","0x0014b599","FUN_0015b599","DATA"
"0x0027c2ed","0x0014b606","0x0014b599","FUN_0015b599","DATA"
"0x0027c2ed","0x0014b60c","0x0014b599","FUN_0015b599","DATA"
"0x0027c2ed","0x0014c847","0x0014c809","x86_pop","DATA"
"0x0027c2ed","0x0014c84d","0x0014c809","x86_pop","DATA"
"0x0027c2ed","0x0014c8b8","0x0014c87a","x86_push","DATA"
"0x0027c2ed","0x0014c8be","0x0014c87a","x86_push","DATA"
"0x0027c2ed","0x0014c929","0x0014c8eb","x86_mov_reg_imm","DATA"
"0x0027c2ed","0x0014c92f","0x0014c8eb","x86_mov_reg_imm","DATA"
"0x0027c2ed","0x0014c9b0","0x0014c962","x86_make_disp","DATA"
"0x0027c2ed","0x0014c9b6","0x0014c962","x86_make_disp","DATA"
"0x0027c2ed","0x0014ab93","0x0014ab2c","FUN_0015ab2c","DATA"
"0x0027c2ed","0x0014ab99","0x0014ab2c","FUN_0015ab2c","DATA"
"0x0027c2ed","0x0014ac4c","0x0014ab2c","FUN_0015ab2c","DATA"
"0x0027c2ed","0x0014ac52","0x0014ab2c","FUN_0015ab2c","DATA"
"0x0027c2ed","0x0014c08e","0x0014c024","FUN_0015c024","DATA"
"0x0027c2ed","0x0014c094","0x0014c024","FUN_0015c024","DATA"
"0x0027c2ed","0x0014c118","0x0014c024","FUN_0015c024","DATA"
"0x0027c2ed","0x0014c11e","0x0014c024","FUN_0015c024","DATA"
"0x0027c2ed","0x0014c14b","0x0014c024","FUN_0015c024","DATA"
"0x0027c2ed","0x0014c151","0x0014c024","FUN_0015c024","DATA"
"0x0027c2ed","0x0014c1a4","0x0014c024","FUN_0015c024","DATA"
"0x0027c2ed","0x0014c1aa","0x0014c024","FUN_0015c024","DATA"
"0x0027c2ed","0x0014c387","0x0014c34f","x87_fldcw","DATA"
"0x0027c2ed","0x0014c38d","0x0014c34f","x87_fldcw","DATA"
"0x0027c2ed","0x0014c3b8","0x0014c34f","x87_fldcw","DATA"
"0x0027c2ed","0x0014c3be","0x0014c34f","x87_fldcw","DATA"
"0x0027c2ed","0x0014c447","0x0014c3f8","sse_cvtps2pi","DATA"
"0x0027c2ed","0x0014c44d","0x0014c3f8","sse_cvtps2pi","DATA"
"0x0027c2ed","0x0014c4cd","0x0014c493","sse_movlhps","DATA"
"0x0027c2ed","0x0014c4d3","0x0014c493","sse_movlhps","DATA"
"0x0027c2ed","0x0014c54a","0x0014c510","sse_movhlps","DATA"
"0x0027c2ed","0x0014c550","0x0014c510","sse_movhlps","DATA"
"0x0027c2ed","0x0014c5d1","0x0014c58d","sse_movlps","DATA"
"0x0027c2ed","0x0014c5d7","0x0014c58d","sse_movlps","DATA"
"0x0027c2ed","0x0014c663","0x0014c61f","sse_movhps","DATA"
"0x0027c2ed","0x0014c669","0x0014c61f","sse_movhps","DATA"
"0x0027c2ed","0x0014c6e6","0x0014c6b1","x86_mul","DATA"
"0x0027c2ed","0x0014c6ec","0x0014c6b1","x86_mul","DATA"
"0x0027c2ed","0x0014c77b","0x0014c745","x86_dec","DATA"
"0x0027c2ed","0x0014c781","0x0014c745","x86_dec","DATA"
"0x0027c2ed","0x0014c7dd","0x0014c7a7","x86_inc","DATA"
"0x0027c2ed","0x0014c7e3","0x0014c7a7","x86_inc","DATA"
"0x0027c8af","0x0015090e","0x001507f8","_slang_compile","DATA"
"0x0027c8af","0x00150914","0x001507f8","_slang_compile","DATA"
"0x00293b35","0x0014fe5e","0x0014fcac","FUN_0015fcac","DATA"
"0x00293b35","0x0014fe64","0x0014fcac","FUN_0015fcac","DATA"
"0x00293b35","0x0014ff88","0x0014fcac","FUN_0015fcac","DATA"
"0x00293b35","0x0014ffdd","0x0014fcac","FUN_0015fcac","DATA"
"0x00293b35","0x00150019","0x0014fcac","FUN_0015fcac","DATA"
"0x00293b35","0x0015001f","0x0014fcac","FUN_0015fcac","DATA"
"0x00293b35","0x0014fd84","0x0014fcac","FUN_0015fcac","DATA"
"0x00293b35","0x0014fd8a","0x0014fcac","FUN_0015fcac","DATA"
"0x00293b35","0x0014f40d","0x0014f255","FUN_0015f255","DATA"
"0x00293b35","0x0014f413","0x0014f255","FUN_0015f255","DATA"
"0x00293b35","0x0014f957","0x0014f526","FUN_0015f526","DATA"
"0x00293b35","0x0014f95d","0x0014f526","FUN_0015f526","DATA"
"0x00293b35","0x0014ea49","0x0014e9d2","FUN_0015e9d2","DATA"
"0x00293b35","0x0014ea4f","0x0014e9d2","FUN_0015e9d2","DATA"
"0x00293b35","0x0015083e","0x001507f8","_slang_compile","DATA"
"0x00293b35","0x00150844","0x001507f8","_slang_compile","DATA"
"0x00293b35","0x00150920","0x001507f8","_slang_compile","DATA"
"0x00293b35","0x00150926","0x001507f8","_slang_compile","DATA"
"0x00293cf5","0x00150216","0x0015015d","FUN_0016015d","DATA"
"0x00293cf5","0x0015021c","0x0015015d","FUN_0016015d","DATA"
"0x00293cf5","0x00150232","0x0015015d","FUN_0016015d","DATA"
"0x00293cf5","0x00150238","0x0015015d","FUN_0016015d","DATA"
"0x00293d11","0x00150848","0x001507f8","_slang_compile","DATA"
"0x00293d11","0x0015084e","0x001507f8","_slang_compile","DATA"
"0x00293d28","0x0015092a","0x001507f8","_slang_compile","DATA"
"0x00293d28","0x00150930","0x001507f8","_slang_compile","DATA"
"0x00293fa0","0x0014fd8e","0x0014fcac","FUN_0015fcac","DATA"
"0x00293fa0","0x0014fd94","0x0014fcac","FUN_0015fcac","DATA"
"0x0029bd54","0x00151285","0x0015124d","slang_operation_insert","DATA"
"0x0029bd54","0x0015128b","0x0015124d","slang_operation_insert","DATA"
"0x0029bd54","0x00151462","0x00151422","slang_operation_new","DATA"
"0x0029bd54","0x00151468","0x00151422","slang_operation_new","DATA"
"0x0029bd54","0x001515e1","0x001514a6","slang_operation_copy","DATA"
"0x0029bd54","0x001515e7","0x001514a6","slang_operation_copy","DATA"
"0x0029bd54","0x00151610","0x001514a6","slang_operation_copy","DATA"
"0x0029bd54","0x00151616","0x001514a6","slang_operation_copy","DATA"
"0x0029bdf9","0x00152c38","0x001529e8","_slang_link","DATA"
"0x0029bdf9","0x00152c3e","0x001529e8","_slang_link","DATA"
"0x0029bdf9","0x00152c71","0x001529e8","_slang_link","DATA"
"0x0029bdf9","0x00152c77","0x001529e8","_slang_link","DATA"
"0x0029bdf9","0x00152ca7","0x001529e8","_slang_link","DATA"
"0x0029bdf9","0x00152cad","0x001529e8","_slang_link","DATA"
"0x0029bdf9","0x00152ead","0x001529e8","_slang_link","DATA"
"0x0029bdf9","0x00152eb3","0x001529e8","_slang_link","DATA"
"0x0029bdf9","0x0015204a","0x0015201d","FUN_0016201d","DATA"
"0x0029bdf9","0x00152050","0x0015201d","FUN_0016201d","DATA"
"0x0029bdf9","0x00152095","0x00152068","FUN_00162068","DATA"
"0x0029bdf9","0x0015209b","0x00152068","FUN_00162068","DATA"
"0x0029bdf9","0x0015240b","0x00152366","FUN_00162366","DATA"
"0x0029bdf9","0x00152411","0x00152366","FUN_00162366","DATA"
"0x0029bf54","0x00152a3d","0x001529e8","_slang_link","DATA"
"0x0029bf74","0x00152a91","0x001529e8","_slang_link","DATA"
"0x0029bf74","0x00152ae5","0x001529e8","_slang_link","DATA"
"0x0029bfa0","0x00152f26","0x001529e8","_slang_link","DATA"
"0x0029bfd0","0x00152f7c","0x001529e8","_slang_link","DATA"
"0x0029c18c","0x0015518a","0x00155114","FUN_00165114","DATA"
"0x0029c18c","0x00155190","0x00155114","FUN_00165114","DATA"
"0x0029c18c","0x00155440","0x0015532f","FUN_0016532f","DATA"
"0x0029c18c","0x00155446","0x0015532f","FUN_0016532f","DATA"
"0x0029c18c","0x00153727","0x001536f4","FUN_001636f4","DATA"
"0x0029c18c","0x0015372d","0x001536f4","FUN_001636f4","DATA"
"0x0029c18c","0x001550ae","0x0015419e","FUN_0016419e","DATA"
"0x0029c18c","0x001550b4","0x0015419e","FUN_0016419e","DATA"
"0x0029c18c","0x001550f1","0x0015419e","FUN_0016419e","DATA"
"0x0029c18c","0x001550f7","0x0015419e","FUN_0016419e","DATA"
"0x0029c18c","0x00155002","0x0015419e","FUN_0016419e","DATA"
"0x0029c18c","0x00155008","0x0015419e","FUN_0016419e","DATA"
"0x0029c18c","0x00154f91","0x0015419e","FUN_0016419e","DATA"
"0x0029c18c","0x00154f97","0x0015419e","FUN_0016419e","DATA"
"0x0029c18c","0x00154f26","0x0015419e","FUN_0016419e","DATA"
"0x0029c18c","0x00154f2c","0x0015419e","FUN_0016419e","DATA"
"0x0029c18c","0x00154ebd","0x0015419e","FUN_0016419e","DATA"
"0x0029c18c","0x00154ec3","0x0015419e","FUN_0016419e","DATA"
"0x0029c18c","0x00154ddf","0x0015419e","FUN_0016419e","DATA"
"0x0029c18c","0x00154de5","0x0015419e","FUN_0016419e","DATA"
"0x0029c18c","0x00154e21","0x0015419e","FUN_0016419e","DATA"
"0x0029c18c","0x00154e27","0x0015419e","FUN_0016419e","DATA"
"0x0029c18c","0x00154d01","0x0015419e","FUN_0016419e","DATA"
"0x0029c18c","0x00154d07","0x0015419e","FUN_0016419e","DATA"
"0x0029c18c","0x00154d43","0x0015419e","FUN_0016419e","DATA"
"0x0029c18c","0x00154d49","0x0015419e","FUN_0016419e","DATA"
"0x0029c18c","0x00154c59","0x0015419e","FUN_0016419e","DATA"
"0x0029c18c","0x00154c5f","0x0015419e","FUN_0016419e","DATA"
"0x0029c18c","0x00154c95","0x0015419e","FUN_0016419e","DATA"
"0x0029c18c","0x00154c9b","0x0015419e","FUN_0016419e","DATA"
"0x0029c18c","0x00154bb2","0x0015419e","FUN_0016419e","DATA"
"0x0029c18c","0x00154bb8","0x0015419e","FUN_0016419e","DATA"
"0x0029c18c","0x00154bee","0x0015419e","FUN_0016419e","DATA"
"0x0029c18c","0x00154bf4","0x0015419e","FUN_0016419e","DATA"
"0x0029c18c","0x00154b0b","0x0015419e","FUN_0016419e","DATA"
"0x0029c18c","0x00154b11","0x0015419e","FUN_0016419e","DATA"
"0x0029c18c","0x00154b47","0x0015419e","FUN_0016419e","DATA"
"0x0029c18c","0x00154b4d","0x0015419e","FUN_0016419e","DATA"
"0x0029c18c","0x00154a64","0x0015419e","FUN_0016419e","DATA"
"0x0029c18c","0x00154a6a","0x0015419e","FUN_0016419e","DATA"
"0x0029c18c","0x00154aa0","0x0015419e","FUN_0016419e","DATA"
"0x0029c18c","0x00154aa6","0x0015419e","FUN_0016419e","DATA"
"0x0029c18c","0x001549bd","0x0015419e","FUN_0016419e","DATA"
"0x0029c18c","0x001549c3","0x0015419e","FUN_0016419e","DATA"
"0x0029c18c","0x001549f9","0x0015419e","FUN_0016419e","DATA"
"0x0029c18c","0x001549ff","0x0015419e","FUN_0016419e","DATA"
"0x0029c18c","0x00154910","0x0015419e","FUN_0016419e","DATA"
"0x0029c18c","0x00154916","0x0015419e","FUN_0016419e","DATA"
"0x0029c18c","0x0015494c","0x0015419e","FUN_0016419e","DATA"
"0x0029c18c","0x00154952","0x0015419e","FUN_0016419e","DATA"
"0x0029c18c","0x00154863","0x0015419e","FUN_0016419e","DATA"
"0x0029c18c","0x00154869","0x0015419e","FUN_0016419e","DATA"
"0x0029c18c","0x0015489f","0x0015419e","FUN_0016419e","DATA"
"0x0029c18c","0x001548a5","0x0015419e","FUN_0016419e","DATA"
"0x0029c18c","0x001547b6","0x0015419e","FUN_0016419e","DATA"
"0x0029c18c","0x001547bc","0x0015419e","FUN_0016419e","DATA"
"0x0029c18c","0x001547f2","0x0015419e","FUN_0016419e","DATA"
"0x0029c18c","0x001547f8","0x0015419e","FUN_0016419e","DATA"
"0x0029c18c","0x00154709","0x0015419e","FUN_0016419e","DATA"
"0x0029c18c","0x0015470f","0x0015419e","FUN_0016419e","DATA"
"0x0029c18c","0x00154745","0x0015419e","FUN_0016419e","DATA"
"0x0029c18c","0x0015474b","0x0015419e","FUN_0016419e","DATA"
"0x0029c18c","0x0015465c","0x0015419e","FUN_0016419e","DATA"
"0x0029c18c","0x00154662","0x0015419e","FUN_0016419e","DATA"
"0x0029c18c","0x00154698","0x0015419e","FUN_0016419e","DATA"
"0x0029c18c","0x0015469e","0x0015419e","FUN_0016419e","DATA"
"0x0029c18c","0x001545af","0x0015419e","FUN_0016419e","DATA"
"0x0029c18c","0x001545b5","0x0015419e","FUN_0016419e","DATA"
"0x0029c18c","0x001545eb","0x0015419e","FUN_0016419e","DATA"
"0x0029c18c","0x001545f1","0x0015419e","FUN_0016419e","DATA"
"0x0029c18c","0x00154508","0x0015419e","FUN_0016419e","DATA"
"0x0029c18c","0x0015450e","0x0015419e","FUN_0016419e","DATA"
"0x0029c18c","0x00154544","0x0015419e","FUN_0016419e","DATA"
"0x0029c18c","0x0015454a","0x0015419e","FUN_0016419e","DATA"
"0x0029c18c","0x00154461","0x0015419e","FUN_0016419e","DATA"
"0x0029c18c","0x00154467","0x0015419e","FUN_0016419e","DATA"
"0x0029c18c","0x0015449d","0x0015419e","FUN_0016419e","DATA"
"0x0029c18c","0x001544a3","0x0015419e","FUN_0016419e","DATA"
"0x0029c18c","0x001543ba","0x0015419e","FUN_0016419e","DATA"
"0x0029c18c","0x001543c0","0x0015419e","FUN_0016419e","DATA"
"0x0029c18c","0x001543f6","0x0015419e","FUN_0016419e","DATA"
"0x0029c18c","0x001543fc","0x0015419e","FUN_0016419e","DATA"
"0x0029c18c","0x00154306","0x0015419e","FUN_0016419e","DATA"
"0x0029c18c","0x0015430c","0x0015419e","FUN_0016419e","DATA"
"0x0029c18c","0x00154342","0x0015419e","FUN_0016419e","DATA"
"0x0029c18c","0x00154348","0x0015419e","FUN_0016419e","DATA"
"0x0029c18c","0x00154259","0x0015419e","FUN_0016419e","DATA"
"0x0029c18c","0x0015425f","0x0015419e","FUN_0016419e","DATA"
"0x0029c18c","0x00154295","0x0015419e","FUN_0016419e","DATA"
"0x0029c18c","0x0015429b","0x0015419e","FUN_0016419e","DATA"
"0x0029c18c","0x00155062","0x0015419e","FUN_0016419e","DATA"
"0x0029c18c","0x00155068","0x0015419e","FUN_0016419e","DATA"
"0x002a0337","0x00156aa7","0x0015632f","_slang_simplify","DATA"
"0x002a0337","0x00156aad","0x0015632f","_slang_simplify","DATA"
"0x002a0337","0x00156ad6","0x0015632f","_slang_simplify","DATA"
"0x002a0337","0x00156adc","0x0015632f","_slang_simplify","DATA"
"0x002a0337","0x00156b1a","0x0015632f","_slang_simplify","DATA"
"0x002a0337","0x00156b20","0x0015632f","_slang_simplify","DATA"
"0x002a0337","0x001569f8","0x0015632f","_slang_simplify","DATA"
"0x002a0337","0x001569fe","0x0015632f","_slang_simplify","DATA"
"0x002a07bd","0x001578f4","0x0015789d","FUN_0016789d","DATA"
"0x002a07bd","0x001578fa","0x0015789d","FUN_0016789d","DATA"
"0x002a0a28","0x001588fb","0x001588aa","FUN_001688aa","DATA"
"0x002a0a28","0x00158901","0x001588aa","FUN_001688aa","DATA"
"0x002a0a28","0x00158a2e","0x001588aa","FUN_001688aa","DATA"
"0x002a0a28","0x00158a34","0x001588aa","FUN_001688aa","DATA"
"0x002a0a28","0x001589e4","0x001588aa","FUN_001688aa","DATA"
"0x002a0a28","0x001589ea","0x001588aa","FUN_001688aa","DATA"
"0x002a0a28","0x001589ac","0x001588aa","FUN_001688aa","DATA"
"0x002a0a28","0x001589b2","0x001588aa","FUN_001688aa","DATA"
"0x002a0a28","0x00158930","0x001588aa","FUN_001688aa","DATA"
"0x002a0a28","0x00158936","0x001588aa","FUN_001688aa","DATA"
"0x002a0a28","0x00158aea","0x00158aae","_slang_free_temp","DATA"
"0x002a0a28","0x00158af0","0x00158aae","_slang_free_temp","DATA"
"0x002a0a28","0x00158b26","0x00158aae","_slang_free_temp","DATA"
"0x002a0a28","0x00158b2c","0x00158aae","_slang_free_temp","DATA"
"0x002a0a28","0x00158b6b","0x00158aae","_slang_free_temp","DATA"
"0x002a0a28","0x00158b71","0x00158aae","_slang_free_temp","DATA"
"0x002a0a28","0x00158c03","0x00158aae","_slang_free_temp","DATA"
"0x002a0a28","0x00158c09","0x00158aae","_slang_free_temp","DATA"
"0x002a0a28","0x00158bcc","0x00158aae","_slang_free_temp","DATA"
"0x002a0a28","0x00158bd2","0x00158aae","_slang_free_temp","DATA"
"0x002a0a28","0x00158c90","0x00158c47","_slang_alloc_temp","DATA"
"0x002a0a28","0x00158c96","0x00158c47","_slang_alloc_temp","DATA"
"0x002a0a28","0x00158d93","0x00158d63","_slang_add_variable","DATA"
"0x002a0a28","0x00158d99","0x00158d63","_slang_add_variable","DATA"
"0x002a0a28","0x00158dc4","0x00158d63","_slang_add_variable","DATA"
"0x002a0a28","0x00158dca","0x00158d63","_slang_add_variable","DATA"
"0x002a0a28","0x00158ea3","0x00158e16","_slang_pop_var_table","DATA"
"0x002a0a28","0x00158ea9","0x00158e16","_slang_pop_var_table","DATA"
"0x002a0a28","0x00158f32","0x00158e16","_slang_pop_var_table","DATA"
"0x002a0a28","0x00158f38","0x00158e16","_slang_pop_var_table","DATA"
"0x002a0a28","0x00158836","0x001587fd","_slang_is_temp","DATA"
"0x002a0a28","0x0015883c","0x001587fd","_slang_is_temp","DATA"
"0x002a0a28","0x00158865","0x001587fd","_slang_is_temp","DATA"
"0x002a0a28","0x0015886b","0x001587fd","_slang_is_temp","DATA"
"0x002a0c2a","0x0015926e","0x0015922a","FUN_0016922a","DATA"
"0x002a0c2a","0x00159274","0x0015922a","FUN_0016922a","DATA"
"0x002a0c5e","0x0015be1d","0x0015bddc","_ae_invalidate_state","DATA"
"0x002a0c5e","0x0015be23","0x0015bddc","_ae_invalidate_state","DATA"
"0x002a0c5e","0x0015bea6","0x0015be41","FUN_0016be41","DATA"
"0x002a0c5e","0x0015beac","0x0015be41","FUN_0016be41","DATA"
"0x002a0c5e","0x0015c2c0","0x0015bed8","FUN_0016bed8","DATA"
"0x002a0c5e","0x0015c2c6","0x0015bed8","FUN_0016bed8","DATA"
"0x002a0c5e","0x0015c46b","0x0015c41a","_ae_unmap_vbos","DATA"
"0x002a0c5e","0x0015c471","0x0015c41a","_ae_unmap_vbos","DATA"
"0x002a0c5e","0x0015c52b","0x0015c4bc","_ae_loopback_array_elt","DATA"
"0x002a0c5e","0x0015c531","0x0015c4bc","_ae_loopback_array_elt","DATA"
"0x002a158a","0x00171c06","0x00171851","_mesa_GetColorTableParameterfv","DATA"
"0x002a158a","0x00171c0c","0x00171851","_mesa_GetColorTableParameterfv","DATA"
"0x002a158a","0x001717a5","0x001712e2","_mesa_GetColorTableParameteriv","DATA"
"0x002a158a","0x001717ab","0x001712e2","_mesa_GetColorTableParameteriv","DATA"
"0x002a158a","0x00172f2a","0x00172bd3","_mesa_ColorTable","DATA"
"0x002a158a","0x00172f30","0x00172bd3","_mesa_ColorTable","DATA"
"0x002a158a","0x001731bb","0x00172bd3","_mesa_ColorTable","DATA"
"0x002a158a","0x001731c1","0x00172bd3","_mesa_ColorTable","DATA"
"0x002a158a","0x00172a1e","0x001727e0","_mesa_ColorSubTable","DATA"
"0x002a158a","0x00172a24","0x001727e0","_mesa_ColorSubTable","DATA"
"0x002a158a","0x00172ac4","0x001727e0","_mesa_ColorSubTable","DATA"
"0x002a158a","0x00172aca","0x001727e0","_mesa_ColorSubTable","DATA"
"0x002a1f77","0x0018f83a","0x0018f800","_mesa_ShaderSourceARB","DATA"
"0x002a1f77","0x0018f840","0x0018f800","_mesa_ShaderSourceARB","DATA"
"0x002a1f77","0x0018f986","0x0018f800","_mesa_ShaderSourceARB","DATA"
"0x002a1f77","0x0018f98c","0x0018f800","_mesa_ShaderSourceARB","DATA"
"0x002a1f77","0x0018f892","0x0018f800","_mesa_ShaderSourceARB","DATA"
"0x002a1f77","0x0018f898","0x0018f800","_mesa_ShaderSourceARB","DATA"
"0x002a1f8c","0x0018f8d3","0x0018f800","_mesa_ShaderSourceARB","DATA"
"0x002a1f8c","0x0018f8d9","0x0018f800","_mesa_ShaderSourceARB","DATA"
"0x002a2690","0x0019afb9","0x0019af89","vbo_rebase_prims","DATA"
"0x002a2690","0x0019afbf","0x0019af89","vbo_rebase_prims","DATA"
"0x002a2690","0x0019b235","0x0019af89","vbo_rebase_prims","DATA"
"0x002a2690","0x0019b23b","0x0019af89","vbo_rebase_prims","DATA"
"0x002a2710","0x0019b474","0x0019b430","vbo_split_prims","DATA"
"0x002a2710","0x0019b47a","0x0019b430","vbo_split_prims","DATA"
"0x002a2710","0x0019b51e","0x0019b430","vbo_split_prims","DATA"
"0x002a2710","0x0019b524","0x0019b430","vbo_split_prims","DATA"
"0x002a2710","0x0019b591","0x0019b430","vbo_split_prims","DATA"
"0x002a2710","0x0019b597","0x0019b430","vbo_split_prims","DATA"
"0x002a276b","0x0019b955","0x0019b913","vbo_split_copy","DATA"
"0x002a276b","0x0019b95b","0x0019b913","vbo_split_copy","DATA"
"0x002a276b","0x0019c0eb","0x0019b913","vbo_split_copy","DATA"
"0x002a276b","0x0019c0f1","0x0019b913","vbo_split_copy","DATA"
"0x002a276b","0x0019c1bc","0x0019b913","vbo_split_copy","DATA"
"0x002a276b","0x0019c1c2","0x0019b913","vbo_split_copy","DATA"
"0x002a276b","0x0019bf52","0x0019b913","vbo_split_copy","DATA"
"0x002a276b","0x0019bf58","0x0019b913","vbo_split_copy","DATA"
"0x002a276b","0x0019bfa4","0x0019b913","vbo_split_copy","DATA"
"0x002a276b","0x0019bfaa","0x0019b913","vbo_split_copy","DATA"
"0x002a276b","0x0019beb9","0x0019b913","vbo_split_copy","DATA"
"0x002a276b","0x0019bebf","0x0019b913","vbo_split_copy","DATA"
"0x002a276b","0x0019b87d","0x0019b7a1","FUN_001ab7a1","DATA"
"0x002a276b","0x0019b883","0x0019b7a1","FUN_001ab7a1","DATA"
"0x002a276b","0x0019b8c2","0x0019b7a1","FUN_001ab7a1","DATA"
"0x002a276b","0x0019b8c8","0x0019b7a1","FUN_001ab7a1","DATA"
"0x002a27f1","0x0019c347","0x0019c2f7","FUN_001ac2f7","DATA"
"0x002a27f1","0x0019c34d","0x0019c2f7","FUN_001ac2f7","DATA"
"0x002a27f1","0x0019c3c4","0x0019c2f7","FUN_001ac2f7","DATA"
"0x002a27f1","0x0019c3ca","0x0019c2f7","FUN_001ac2f7","DATA"
"0x002a27f1","0x0019c561","0x0019c462","vbo_split_inplace","DATA"
"0x002a27f1","0x0019c567","0x0019c462","vbo_split_inplace","DATA"
"0x002a2baf","0x001a068e","0x001a00f7","_mesa_parse_nv_fragment_program","DATA"
"0x002a2baf","0x001a0694","0x001a00f7","_mesa_parse_nv_fragment_program","DATA"
"0x002a2baf","0x001a1502","0x001a00f7","_mesa_parse_nv_fragment_program","DATA"
"0x002a2baf","0x001a1508","0x001a00f7","_mesa_parse_nv_fragment_program","DATA"
"0x002a2baf","0x001a087d","0x001a00f7","_mesa_parse_nv_fragment_program","DATA"
"0x002a2baf","0x001a0883","0x001a00f7","_mesa_parse_nv_fragment_program","DATA"
"0x002a2f3a","0x001a1813","0x001a17cf","_mesa_append_uniform","DATA"
"0x002a2f3a","0x001a1819","0x001a17cf","_mesa_append_uniform","DATA"
"0x002a3b40","0x001b60ed","0x001b5d06","_slang_codegen_global_variable","DATA"
"0x002a3b40","0x001b60f3","0x001b5d06","_slang_codegen_global_variable","DATA"
"0x002a3b40","0x001b611c","0x001b5d06","_slang_codegen_global_variable","DATA"
"0x002a3b40","0x001b6122","0x001b5d06","_slang_codegen_global_variable","DATA"
"0x002a3b40","0x001b6192","0x001b5d06","_slang_codegen_global_variable","DATA"
"0x002a3b40","0x001b6198","0x001b5d06","_slang_codegen_global_variable","DATA"
"0x002a3b40","0x001b61c1","0x001b5d06","_slang_codegen_global_variable","DATA"
"0x002a3b40","0x001b61c7","0x001b5d06","_slang_codegen_global_variable","DATA"
"0x002a3b40","0x001b61f1","0x001b5d06","_slang_codegen_global_variable","DATA"
"0x002a3b40","0x001b61f7","0x001b5d06","_slang_codegen_global_variable","DATA"
"0x002a3b40","0x001b62ce","0x001b5d06","_slang_codegen_global_variable","DATA"
"0x002a3b40","0x001b62d4","0x001b5d06","_slang_codegen_global_variable","DATA"
"0x002a3b40","0x001b6311","0x001b5d06","_slang_codegen_global_variable","DATA"
"0x002a3b40","0x001b6317","0x001b5d06","_slang_codegen_global_variable","DATA"
"0x002a3b40","0x001b63fb","0x001b5d06","_slang_codegen_global_variable","DATA"
"0x002a3b40","0x001b6401","0x001b5d06","_slang_codegen_global_variable","DATA"
"0x002a3b40","0x001b12a6","0x001b10b1","FUN_001c10b1","DATA"
"0x002a3b40","0x001b12ac","0x001b10b1","FUN_001c10b1","DATA"
"0x002a3b40","0x001b178c","0x001b10b1","FUN_001c10b1","DATA"
"0x002a3b40","0x001b1792","0x001b10b1","FUN_001c10b1","DATA"
"0x002a3b40","0x001b1e4d","0x001b10b1","FUN_001c10b1","DATA"
"0x002a3b40","0x001b1e53","0x001b10b1","FUN_001c10b1","DATA"
"0x002a3b40","0x001b2094","0x001b10b1","FUN_001c10b1","DATA"
"0x002a3b40","0x001b209a","0x001b10b1","FUN_001c10b1","DATA"
"0x002a3b40","0x001b2135","0x001b10b1","FUN_001c10b1","DATA"
"0x002a3b40","0x001b213b","0x001b10b1","FUN_001c10b1","DATA"
"0x002a3b40","0x001b2466","0x001b10b1","FUN_001c10b1","DATA"
"0x002a3b40","0x001b246c","0x001b10b1","FUN_001c10b1","DATA"
"0x002a3b40","0x001b2584","0x001b10b1","FUN_001c10b1","DATA"
"0x002a3b40","0x001b258a","0x001b10b1","FUN_001c10b1","DATA"
"0x002a3b40","0x001b29a2","0x001b10b1","FUN_001c10b1","DATA"
"0x002a3b40","0x001b29a8","0x001b10b1","FUN_001c10b1","DATA"
"0x002a3b40","0x001b296c","0x001b10b1","FUN_001c10b1","DATA"
"0x002a3b40","0x001b2972","0x001b10b1","FUN_001c10b1","DATA"
"0x002a3b40","0x001b2919","0x001b10b1","FUN_001c10b1","DATA"
"0x002a3b40","0x001b291f","0x001b10b1","FUN_001c10b1","DATA"
"0x002a3b40","0x001b2401","0x001b10b1","FUN_001c10b1","DATA"
"0x002a3b40","0x001b2407","0x001b10b1","FUN_001c10b1","DATA"
"0x002a3b40","0x001b22c4","0x001b10b1","FUN_001c10b1","DATA"
"0x002a3b40","0x001b22ca","0x001b10b1","FUN_001c10b1","DATA"
"0x002a3b40","0x001b0b21","0x001b0af2","FUN_001c0af2","DATA"
"0x002a3b40","0x001b0b27","0x001b0af2","FUN_001c0af2","DATA"
"0x002a3b40","0x001b0b4f","0x001b0af2","FUN_001c0af2","DATA"
"0x002a3b40","0x001b0b55","0x001b0af2","FUN_001c0af2","DATA"
"0x002a3b40","0x001b0b83","0x001b0af2","FUN_001c0af2","DATA"
"0x002a3b40","0x001b0b89","0x001b0af2","FUN_001c0af2","DATA"
"0x002a3b40","0x001b0bb8","0x001b0af2","FUN_001c0af2","DATA"
"0x002a3b40","0x001b0bbe","0x001b0af2","FUN_001c0af2","DATA"
"0x002a3b40","0x001b0c29","0x001b0af2","FUN_001c0af2","DATA"
"0x002a3b40","0x001b0c2f","0x001b0af2","FUN_001c0af2","DATA"
"0x002a3b40","0x001b4b56","0x001b4b1d","FUN_001c4b1d","DATA"
"0x002a3b40","0x001b4b5c","0x001b4b1d","FUN_001c4b1d","DATA"
"0x002a3b40","0x001b4b86","0x001b4b1d","FUN_001c4b1d","DATA"
"0x002a3b40","0x001b4b8c","0x001b4b1d","FUN_001c4b1d","DATA"
"0x002a3b40","0x001b4c1c","0x001b4b1d","FUN_001c4b1d","DATA"
"0x002a3b40","0x001b4c22","0x001b4b1d","FUN_001c4b1d","DATA"
"0x002a3b40","0x001b0d8b","0x001b0d52","FUN_001c0d52","DATA"
"0x002a3b40","0x001b0d91","0x001b0d52","FUN_001c0d52","DATA"
"0x002a3b40","0x001b4dbd","0x001b4d83","FUN_001c4d83","DATA"
"0x002a3b40","0x001b4dc3","0x001b4d83","FUN_001c4d83","DATA"
"0x002a3b40","0x001b4df3","0x001b4d83","FUN_001c4d83","DATA"
"0x002a3b40","0x001b4df9","0x001b4d83","FUN_001c4d83","DATA"
"0x002a3b40","0x001b4f34","0x001b4d83","FUN_001c4d83","DATA"
"0x002a3b40","0x001b4f3a","0x001b4d83","FUN_001c4d83","DATA"
"0x002a3b40","0x001b0ded","0x001b0db4","FUN_001c0db4","DATA"
"0x002a3b40","0x001b0df3","0x001b0db4","FUN_001c0db4","DATA"
"0x002a3b40","0x001b0e9d","0x001b0e6e","FUN_001c0e6e","DATA"
"0x002a3b40","0x001b0ea3","0x001b0e6e","FUN_001c0e6e","DATA"
"0x002a3b40","0x001b0ecc","0x001b0e6e","FUN_001c0e6e","DATA"
"0x002a3b40","0x001b0ed2","0x001b0e6e","FUN_001c0e6e","DATA"
"0x002a3b40","0x001b0f46","0x001b0f09","FUN_001c0f09","DATA"
"0x002a3b40","0x001b0f4c","0x001b0f09","FUN_001c0f09","DATA"
"0x002a3b40","0x001b0f7a","0x001b0f09","FUN_001c0f09","DATA"
"0x002a3b40","0x001b0f80","0x001b0f09","FUN_001c0f09","DATA"
"0x002a3b40","0x001b028f","0x001b0267","FUN_001c0267","DATA"
"0x002a3b40","0x001b0295","0x001b0267","FUN_001c0267","DATA"
"0x002a3b40","0x001b430f","0x001b42b5","_slang_codegen_function","DATA"
"0x002a3b40","0x001b4315","0x001b42b5","_slang_codegen_function","DATA"
"0x002a3b40","0x001b4342","0x001b42b5","_slang_codegen_function","DATA"
"0x002a3b40","0x001b4348","0x001b42b5","_slang_codegen_function","DATA"
"0x002a3b40","0x001b4372","0x001b42b5","_slang_codegen_function","DATA"
"0x002a3b40","0x001b4378","0x001b42b5","_slang_codegen_function","DATA"
"0x002a3b40","0x001b0592","0x001b0487","FUN_001c0487","DATA"
"0x002a3b40","0x001b0598","0x001b0487","FUN_001c0487","DATA"
"0x002a3b40","0x001b065c","0x001b0487","FUN_001c0487","DATA"
"0x002a3b40","0x001b0662","0x001b0487","FUN_001c0487","DATA"
"0x002a3b40","0x001b06aa","0x001b0487","FUN_001c0487","DATA"
"0x002a3b40","0x001b06b0","0x001b0487","FUN_001c0487","DATA"
"0x002a3b40","0x001b07bd","0x001b0487","FUN_001c0487","DATA"
"0x002a3b40","0x001b07c3","0x001b0487","FUN_001c0487","DATA"
"0x002a3b40","0x001b0834","0x001b0487","FUN_001c0487","DATA"
"0x002a3b40","0x001b083a","0x001b0487","FUN_001c0487","DATA"
"0x002a3b40","0x001b04fb","0x001b0487","FUN_001c0487","DATA"
"0x002a3b40","0x001b0501","0x001b0487","FUN_001c0487","DATA"
"0x002a3b40","0x001b4665","0x001b458c","FUN_001c458c","DATA"
"0x002a3b40","0x001b466b","0x001b458c","FUN_001c458c","DATA"
"0x002a3b40","0x001b469a","0x001b458c","FUN_001c458c","DATA"
"0x002a3b40","0x001b46a0","0x001b458c","FUN_001c458c","DATA"
"0x002a3b40","0x001b46cd","0x001b458c","FUN_001c458c","DATA"
"0x002a3b40","0x001b46d3","0x001b458c","FUN_001c458c","DATA"
"0x002a3b40","0x001b47e2","0x001b458c","FUN_001c458c","DATA"
"0x002a3b40","0x001b47e8","0x001b458c","FUN_001c458c","DATA"
"0x002a3b40","0x001b4814","0x001b458c","FUN_001c458c","DATA"
"0x002a3b40","0x001b481a","0x001b458c","FUN_001c458c","DATA"
"0x002a3b40","0x001b4847","0x001b458c","FUN_001c458c","DATA"
"0x002a3b40","0x001b484d","0x001b458c","FUN_001c458c","DATA"
"0x002a3b40","0x001b49b1","0x001b458c","FUN_001c458c","DATA"
"0x002a3b40","0x001b49b7","0x001b458c","FUN_001c458c","DATA"
"0x002a3b40","0x001b4cef","0x001b4cba","FUN_001c4cba","DATA"
"0x002a3b40","0x001b4cf5","0x001b4cba","FUN_001c4cba","DATA"
"0x002a3b40","0x001b5215","0x001b51e4","FUN_001c51e4","DATA"
"0x002a3b40","0x001b521b","0x001b51e4","FUN_001c51e4","DATA"
"0x002a3b40","0x001b53b2","0x001b51e4","FUN_001c51e4","DATA"
"0x002a3b40","0x001b53b8","0x001b51e4","FUN_001c51e4","DATA"
"0x002a3b40","0x001b53ed","0x001b51e4","FUN_001c51e4","DATA"
"0x002a3b40","0x001b53f3","0x001b51e4","FUN_001c51e4","DATA"
"0x002a3b40","0x001b52e1","0x001b51e4","FUN_001c51e4","DATA"
"0x002a3b40","0x001b52e7","0x001b51e4","FUN_001c51e4","DATA"
"0x002a3b40","0x001b52ac","0x001b51e4","FUN_001c51e4","DATA"
"0x002a3b40","0x001b52b2","0x001b51e4","FUN_001c51e4","DATA"
"0x002a3b40","0x001b5474","0x001b541e","FUN_001c541e","DATA"
"0x002a3b40","0x001b547a","0x001b541e","FUN_001c541e","DATA"
"0x002a3b40","0x001b5522","0x001b541e","FUN_001c541e","DATA"
"0x002a3b40","0x001b5528","0x001b541e","FUN_001c541e","DATA"
"0x002a3b40","0x001b5744","0x001b55ee","FUN_001c55ee","DATA"
"0x002a3b40","0x001b574a","0x001b55ee","FUN_001c55ee","DATA"
"0x002a3b40","0x001b5773","0x001b55ee","FUN_001c55ee","DATA"
"0x002a3b40","0x001b5779","0x001b55ee","FUN_001c55ee","DATA"
"0x002a3b40","0x001b5a00","0x001b5803","FUN_001c5803","DATA"
"0x002a3b40","0x001b5a06","0x001b5803","FUN_001c5803","DATA"
"0x002a3b40","0x001b5b34","0x001b5a79","FUN_001c5a79","DATA"
"0x002a3b40","0x001b5b3a","0x001b5a79","FUN_001c5a79","DATA"
"0x002a4d68","0x001b9c27","0x001b9b63","_slang_emit_code","DATA"
"0x002a4d68","0x001b9c2d","0x001b9b63","_slang_emit_code","DATA"
"0x002a4d68","0x001b9043","0x001b900a","FUN_001c900a","DATA"
"0x002a4d68","0x001b9049","0x001b900a","FUN_001c900a","DATA"
"0x002a4d68","0x001b9097","0x001b900a","FUN_001c900a","DATA"
"0x002a4d68","0x001b909d","0x001b900a","FUN_001c900a","DATA"
"0x002a4d68","0x001b91aa","0x001b900a","FUN_001c900a","DATA"
"0x002a4d68","0x001b91b0","0x001b900a","FUN_001c900a","DATA"
"0x002a4d68","0x001b92eb","0x001b900a","FUN_001c900a","DATA"
"0x002a4d68","0x001b92f1","0x001b900a","FUN_001c900a","DATA"
"0x002a4d68","0x001b69e4","0x001b69ac","FUN_001c69ac","DATA"
"0x002a4d68","0x001b69ea","0x001b69ac","FUN_001c69ac","DATA"
"0x002a4d68","0x001b6a13","0x001b69ac","FUN_001c69ac","DATA"
"0x002a4d68","0x001b6a19","0x001b69ac","FUN_001c69ac","DATA"
"0x002a4d68","0x001b6aa0","0x001b6a6a","FUN_001c6a6a","DATA"
"0x002a4d68","0x001b6aa6","0x001b6a6a","FUN_001c6a6a","DATA"
"0x002a4d68","0x001b6ad6","0x001b6a6a","FUN_001c6a6a","DATA"
"0x002a4d68","0x001b6adc","0x001b6a6a","FUN_001c6a6a","DATA"
"0x002a4d68","0x001b6c16","0x001b6bd5","FUN_001c6bd5","DATA"
"0x002a4d68","0x001b6c1c","0x001b6bd5","FUN_001c6bd5","DATA"
"0x002a4d68","0x001b6d06","0x001b6cc7","FUN_001c6cc7","DATA"
"0x002a4d68","0x001b6d0c","0x001b6cc7","FUN_001c6cc7","DATA"
"0x002a4d68","0x001b6d35","0x001b6cc7","FUN_001c6cc7","DATA"
"0x002a4d68","0x001b6d3b","0x001b6cc7","FUN_001c6cc7","DATA"
"0x002a4d68","0x001b6d65","0x001b6cc7","FUN_001c6cc7","DATA"
"0x002a4d68","0x001b6d6b","0x001b6cc7","FUN_001c6cc7","DATA"
"0x002a4d68","0x001b6e21","0x001b6cc7","FUN_001c6cc7","DATA"
"0x002a4d68","0x001b6e27","0x001b6cc7","FUN_001c6cc7","DATA"
"0x002a4d68","0x001b730b","0x001b6f7e","FUN_001c6f7e","DATA"
"0x002a4d68","0x001b7311","0x001b6f7e","FUN_001c6f7e","DATA"
"0x002a4d68","0x001b7358","0x001b6f7e","FUN_001c6f7e","DATA"
"0x002a4d68","0x001b735e","0x001b6f7e","FUN_001c6f7e","DATA"
"0x002a4d68","0x001b73bd","0x001b6f7e","FUN_001c6f7e","DATA"
"0x002a4d68","0x001b73c3","0x001b6f7e","FUN_001c6f7e","DATA"
"0x002a4d68","0x001b73f4","0x001b6f7e","FUN_001c6f7e","DATA"
"0x002a4d68","0x001b73fa","0x001b6f7e","FUN_001c6f7e","DATA"
"0x002a4d68","0x001b742b","0x001b6f7e","FUN_001c6f7e","DATA"
"0x002a4d68","0x001b7431","0x001b6f7e","FUN_001c6f7e","DATA"
"0x002a4d68","0x001b7462","0x001b6f7e","FUN_001c6f7e","DATA"
"0x002a4d68","0x001b7468","0x001b6f7e","FUN_001c6f7e","DATA"
"0x002a4d68","0x001b7297","0x001b6f7e","FUN_001c6f7e","DATA"
"0x002a4d68","0x001b729d","0x001b6f7e","FUN_001c6f7e","DATA"
"0x002a4d68","0x001b66dd","0x001b664d","FUN_001c664d","DATA"
"0x002a4d68","0x001b66e3","0x001b664d","FUN_001c664d","DATA"
"0x002a4d68","0x001b6734","0x001b664d","FUN_001c664d","DATA"
"0x002a4d68","0x001b673a","0x001b664d","FUN_001c664d","DATA"
"0x002a4d68","0x001b6774","0x001b664d","FUN_001c664d","DATA"
"0x002a4d68","0x001b677a","0x001b664d","FUN_001c664d","DATA"
"0x002a4d68","0x001b67bd","0x001b664d","FUN_001c664d","DATA"
"0x002a4d68","0x001b67c3","0x001b664d","FUN_001c664d","DATA"
"0x002a4d68","0x001b67ed","0x001b664d","FUN_001c664d","DATA"
"0x002a4d68","0x001b67f3","0x001b664d","FUN_001c664d","DATA"
"0x002a4d68","0x001b66ac","0x001b664d","FUN_001c664d","DATA"
"0x002a4d68","0x001b66b2","0x001b664d","FUN_001c664d","DATA"
"0x002a4d68","0x001b938e","0x001b935e","FUN_001c935e","DATA"
"0x002a4d68","0x001b9394","0x001b935e","FUN_001c935e","DATA"
"0x002a4d68","0x001b93c1","0x001b935e","FUN_001c935e","DATA"
"0x002a4d68","0x001b93c7","0x001b935e","FUN_001c935e","DATA"
"0x002a4d68","0x001b9563","0x001b935e","FUN_001c935e","DATA"
"0x002a4d68","0x001b9569","0x001b935e","FUN_001c935e","DATA"
"0x002a4d68","0x001b9881","0x001b9775","FUN_001c9775","DATA"
"0x002a4d68","0x001b9887","0x001b9775","FUN_001c9775","DATA"
"0x002a4d68","0x001b98c8","0x001b9775","FUN_001c9775","DATA"
"0x002a4d68","0x001b98ce","0x001b9775","FUN_001c9775","DATA"
"0x002a4d68","0x001b9904","0x001b9775","FUN_001c9775","DATA"
"0x002a4d68","0x001b990a","0x001b9775","FUN_001c9775","DATA"
"0x002a4d68","0x001b993a","0x001b9775","FUN_001c9775","DATA"
"0x002a4d68","0x001b9940","0x001b9775","FUN_001c9775","DATA"
"0x002a4d68","0x001b99a4","0x001b9970","FUN_001c9970","DATA"
"0x002a4d68","0x001b99aa","0x001b9970","FUN_001c9970","DATA"
"0x002a4d68","0x001b99e4","0x001b9970","FUN_001c9970","DATA"
"0x002a4d68","0x001b99ea","0x001b9970","FUN_001c9970","DATA"
"0x002a4d68","0x001b9b0a","0x001b9970","FUN_001c9970","DATA"
"0x002a4d68","0x001b9b10","0x001b9970","FUN_001c9970","DATA"
"0x002a56e6","0x001b9fa9","0x001b9f79","FUN_001c9f79","DATA"
"0x002a56e6","0x001b9faf","0x001b9f79","FUN_001c9f79","DATA"
"0x002a56e6","0x001ba068","0x001ba007","_slang_print_ir_tree","DATA"
"0x002a56e6","0x001ba06e","0x001ba007","_slang_print_ir_tree","DATA"
"0x002a56e6","0x001ba098","0x001ba007","_slang_print_ir_tree","DATA"
"0x002a56e6","0x001ba09e","0x001ba007","_slang_print_ir_tree","DATA"
"0x002a56e6","0x001ba76d","0x001ba73c","_slang_new_ir_storage_sampler","DATA"
"0x002a56e6","0x001ba773","0x001ba73c","_slang_new_ir_storage_sampler","DATA"
"0x002a5c0a","0x001ba90a","0x001ba8d5","_slang_label_add_reference","DATA"
"0x002a5c0a","0x001ba910","0x001ba8d5","_slang_label_add_reference","DATA"
"0x002a5c0a","0x001ba7ea","0x001ba7bb","_slang_label_set_location","DATA"
"0x002a5c0a","0x001ba7f0","0x001ba7bb","_slang_label_set_location","DATA"
"0x002a5c0a","0x001ba81a","0x001ba7bb","_slang_label_set_location","DATA"
"0x002a5c0a","0x001ba820","0x001ba7bb","_slang_label_set_location","DATA"
"0x002a5fd0","0x001bc630","0x001bc5c7","_mesa_print_program_opt","DATA"
"0x002a5fd0","0x001bc636","0x001bc5c7","_mesa_print_program_opt","DATA"
"0x002a5ffe","0x001bc68e","0x001bc5c7","_mesa_print_program_opt","DATA"
"0x002a5ffe","0x001bc694","0x001bc5c7","_mesa_print_program_opt","DATA"
"0x002a68cd","0x001bce01","0x001bcd38","_slang_alloc_statevar","DATA"
"0x002a68cd","0x001bce07","0x001bcd38","_slang_alloc_statevar","DATA"
"0x002a68cd","0x001bd9de","0x001bcd38","_slang_alloc_statevar","DATA"
"0x002a68cd","0x001bd9e4","0x001bcd38","_slang_alloc_statevar","DATA"
"0x002a68cd","0x001bc7a0","0x001bc760","FUN_001cc760","DATA"
"0x002a68cd","0x001bc7a6","0x001bc760","FUN_001cc760","DATA"
"0x002a68cd","0x001bcac0","0x001bc760","FUN_001cc760","DATA"
"0x002a68cd","0x001bcac6","0x001bc760","FUN_001cc760","DATA"
"0x002a713c","0x001c1924","0x001c18a6","FUN_001d18a6","DATA"
"0x002a713c","0x001c192a","0x001c18a6","FUN_001d18a6","DATA"
"0x002a713c","0x001c195c","0x001c18a6","FUN_001d18a6","DATA"
"0x002a713c","0x001c1962","0x001c18a6","FUN_001d18a6","DATA"
"0x002a713c","0x001c1b19","0x001c1a74","FUN_001d1a74","DATA"
"0x002a713c","0x001c1b1f","0x001c1a74","FUN_001d1a74","DATA"
"0x002a713c","0x001bfbd1","0x001bfba9","FUN_001cfba9","DATA"
"0x002a713c","0x001bfbd7","0x001bfba9","FUN_001cfba9","DATA"
"0x002a713c","0x001c224f","0x001c1bae","FUN_001d1bae","DATA"
"0x002a713c","0x001c2255","0x001c1bae","FUN_001d1bae","DATA"
"0x002a713c","0x001c59e6","0x001c3ba5","FUN_001d3ba5","DATA"
"0x002a713c","0x001c59ec","0x001c3ba5","FUN_001d3ba5","DATA"
"0x002a713c","0x001c5c7d","0x001c3ba5","FUN_001d3ba5","DATA"
"0x002a713c","0x001c5c83","0x001c3ba5","FUN_001d3ba5","DATA"
"0x002a713c","0x001c5ddf","0x001c3ba5","FUN_001d3ba5","DATA"
"0x002a713c","0x001c5de5","0x001c3ba5","FUN_001d3ba5","DATA"
"0x002a713c","0x001c5ec6","0x001c3ba5","FUN_001d3ba5","DATA"
"0x002a713c","0x001c5ecc","0x001c3ba5","FUN_001d3ba5","DATA"
"0x002a713c","0x001c5ab8","0x001c3ba5","FUN_001d3ba5","DATA"
"0x002a713c","0x001c5abe","0x001c3ba5","FUN_001d3ba5","DATA"
"0x002a713c","0x001c3da2","0x001c3ba5","FUN_001d3ba5","DATA"
"0x002a713c","0x001c3da8","0x001c3ba5","FUN_001d3ba5","DATA"
"0x002a713c","0x001c51a7","0x001c3ba5","FUN_001d3ba5","DATA"
"0x002a713c","0x001c51ad","0x001c3ba5","FUN_001d3ba5","DATA"
"0x002a713c","0x001c5177","0x001c3ba5","FUN_001d3ba5","DATA"
"0x002a713c","0x001c517d","0x001c3ba5","FUN_001d3ba5","DATA"
"0x002a713c","0x001c1154","0x001c1099","FUN_001d1099","DATA"
"0x002a713c","0x001c115a","0x001c1099","FUN_001d1099","DATA"
"0x002a713c","0x001c1205","0x001c11db","FUN_001d11db","DATA"
"0x002a713c","0x001c120b","0x001c11db","FUN_001d11db","DATA"
"0x002a713c","0x001c147e","0x001c136a","FUN_001d136a","DATA"
"0x002a713c","0x001c1484","0x001c136a","FUN_001d136a","DATA"
"0x002a713c","0x001bf6c7","0x001bf6a2","FUN_001cf6a2","DATA"
"0x002a713c","0x001bf6cd","0x001bf6a2","FUN_001cf6a2","DATA"
"0x002a713c","0x001bf753","0x001bf722","FUN_001cf722","DATA"
"0x002a713c","0x001bf759","0x001bf722","FUN_001cf722","DATA"
"0x002a713c","0x001c0a59","0x001c0942","FUN_001d0942","DATA"
"0x002a713c","0x001c0a5f","0x001c0942","FUN_001d0942","DATA"
"0x002a713c","0x001c0b26","0x001c0abc","FUN_001d0abc","DATA"
"0x002a713c","0x001c0b2c","0x001c0abc","FUN_001d0abc","DATA"
"0x002a713c","0x001c0e5a","0x001c0abc","FUN_001d0abc","DATA"
"0x002a713c","0x001c0e60","0x001c0abc","FUN_001d0abc","DATA"
"0x002a713c","0x001c0cb9","0x001c0abc","FUN_001d0abc","DATA"
"0x002a713c","0x001c0cbf","0x001c0abc","FUN_001d0abc","DATA"
"0x002a713c","0x001c0c12","0x001c0abc","FUN_001d0abc","DATA"
"0x002a713c","0x001c0c18","0x001c0abc","FUN_001d0abc","DATA"
"0x002a713c","0x001c0b85","0x001c0abc","FUN_001d0abc","DATA"
"0x002a713c","0x001c0b8b","0x001c0abc","FUN_001d0abc","DATA"
"0x002a713c","0x001c6e41","0x001c6b56","FUN_001d6b56","DATA"
"0x002a713c","0x001c6e47","0x001c6b56","FUN_001d6b56","DATA"
"0x002a713c","0x001c6e8c","0x001c6b56","FUN_001d6b56","DATA"
"0x002a713c","0x001c6e92","0x001c6b56","FUN_001d6b56","DATA"
"0x002a713c","0x001c6dcf","0x001c6b56","FUN_001d6b56","DATA"
"0x002a713c","0x001c6dd5","0x001c6b56","FUN_001d6b56","DATA"
"0x002a713c","0x001bed5f","0x001bed39","FUN_001ced39","DATA"
"0x002a713c","0x001bed65","0x001bed39","FUN_001ced39","DATA"
"0x002a713c","0x001bed8b","0x001bed39","FUN_001ced39","DATA"
"0x002a713c","0x001bed91","0x001bed39","FUN_001ced39","DATA"
"0x002a713c","0x001bee02","0x001bedaf","FUN_001cedaf","DATA"
"0x002a713c","0x001bee08","0x001bedaf","FUN_001cedaf","DATA"
"0x002a713c","0x001bee5f","0x001bee32","FUN_001cee32","DATA"
"0x002a713c","0x001bee65","0x001bee32","FUN_001cee32","DATA"
"0x002a713c","0x001bf095","0x001bef1a","FUN_001cef1a","DATA"
"0x002a713c","0x001bf09b","0x001bef1a","FUN_001cef1a","DATA"
"0x002a713c","0x001c00e9","0x001c006c","FUN_001d006c","DATA"
"0x002a713c","0x001c00ef","0x001c006c","FUN_001d006c","DATA"
"0x002a713c","0x001c68cb","0x001c606c","FUN_001d606c","DATA"
"0x002a713c","0x001c68d1","0x001c606c","FUN_001d606c","DATA"
"0x002a713c","0x001c664a","0x001c606c","FUN_001d606c","DATA"
"0x002a713c","0x001c6650","0x001c606c","FUN_001d606c","DATA"
"0x002a713c","0x001c02dc","0x001c0299","FUN_001d0299","DATA"
"0x002a713c","0x001c02e2","0x001c0299","FUN_001d0299","DATA"
"0x002a713c","0x001c33ad","0x001c22b0","FUN_001d22b0","DATA"
"0x002a713c","0x001c33b3","0x001c22b0","FUN_001d22b0","DATA"
"0x002a713c","0x001c33fa","0x001c22b0","FUN_001d22b0","DATA"
"0x002a713c","0x001c3400","0x001c22b0","FUN_001d22b0","DATA"
"0x002a713c","0x001c29c2","0x001c22b0","FUN_001d22b0","DATA"
"0x002a713c","0x001c29c8","0x001c22b0","FUN_001d22b0","DATA"
"0x002a713c","0x001c3b2d","0x001c22b0","FUN_001d22b0","DATA"
"0x002a713c","0x001c3b33","0x001c22b0","FUN_001d22b0","DATA"
"0x002a713c","0x001c2666","0x001c22b0","FUN_001d22b0","DATA"
"0x002a713c","0x001c266c","0x001c22b0","FUN_001d22b0","DATA"
"0x002a713c","0x001c036a","0x001c0324","FUN_001d0324","DATA"
"0x002a713c","0x001c0370","0x001c0324","FUN_001d0324","DATA"
"0x002a713c","0x001c0485","0x001c0324","FUN_001d0324","DATA"
"0x002a713c","0x001c048b","0x001c0324","FUN_001d0324","DATA"
"0x002a713c","0x001c0504","0x001c0324","FUN_001d0324","DATA"
"0x002a713c","0x001c050a","0x001c0324","FUN_001d0324","DATA"
"0x002a713c","0x001c063b","0x001c0324","FUN_001d0324","DATA"
"0x002a713c","0x001c0641","0x001c0324","FUN_001d0324","DATA"
"0x002a713c","0x001c06ff","0x001c06b4","FUN_001d06b4","DATA"
"0x002a713c","0x001c0705","0x001c06b4","FUN_001d06b4","DATA"
"0x002a713c","0x001c07f1","0x001c06b4","FUN_001d06b4","DATA"
"0x002a713c","0x001c07f7","0x001c06b4","FUN_001d06b4","DATA"
"0x002a713c","0x001c0866","0x001c06b4","FUN_001d06b4","DATA"
"0x002a713c","0x001c086c","0x001c06b4","FUN_001d06b4","DATA"
"0x002a71bb","0x00238467","0x00237b63","FUN_00247b63","DATA"
"0x002a71bb","0x0023846d","0x00237b63","FUN_00247b63","DATA"
"0x002a71bb","0x00238a5c","0x00237b63","FUN_00247b63","DATA"
"0x002a71bb","0x00238a62","0x00237b63","FUN_00247b63","DATA"
"0x002a71bb","0x0023890b","0x00237b63","FUN_00247b63","DATA"
"0x002a71bb","0x00238911","0x00237b63","FUN_00247b63","DATA"
"0x002a71bb","0x002389aa","0x00237b63","FUN_00247b63","DATA"
"0x002a71bb","0x002389b0","0x00237b63","FUN_00247b63","DATA"
"0x002a71bb","0x00238768","0x00237b63","FUN_00247b63","DATA"
"0x002a71bb","0x0023876e","0x00237b63","FUN_00247b63","DATA"
"0x002a71bb","0x0023884d","0x00237b63","FUN_00247b63","DATA"
"0x002a71bb","0x00238853","0x00237b63","FUN_00247b63","DATA"
"0x002a71bb","0x00238257","0x00237b63","FUN_00247b63","DATA"
"0x002a71bb","0x0023825d","0x00237b63","FUN_00247b63","DATA"
"0x002a71bb","0x00239c5f","0x00237b63","FUN_00247b63","DATA"
"0x002a71bb","0x00239c65","0x00237b63","FUN_00247b63","DATA"
"0x002a71bb","0x00237c89","0x00237b63","FUN_00247b63","DATA"
"0x002a71bb","0x00237c8f","0x00237b63","FUN_00247b63","DATA"
"0x002a71bb","0x00237d9c","0x00237b63","FUN_00247b63","DATA"
"0x002a71bb","0x00237da2","0x00237b63","FUN_00247b63","DATA"
"0x002a71bb","0x0022e404","0x0022d1d5","FUN_0023d1d5","DATA"
"0x002a71bb","0x0022e40a","0x0022d1d5","FUN_0023d1d5","DATA"
"0x002a71bb","0x0022e14f","0x0022d1d5","FUN_0023d1d5","DATA"
"0x002a71bb","0x0022e155","0x0022d1d5","FUN_0023d1d5","DATA"
"0x002a71bb","0x0022e22a","0x0022d1d5","FUN_0023d1d5","DATA"
"0x002a71bb","0x0022e230","0x0022d1d5","FUN_0023d1d5","DATA"
"0x002a71bb","0x001debb8","0x001deb21","FUN_001eeb21","DATA"
"0x002a71bb","0x001debbe","0x001deb21","FUN_001eeb21","DATA"
"0x002a71bb","0x001dedfb","0x001deb21","FUN_001eeb21","DATA"
"0x002a71bb","0x001dee01","0x001deb21","FUN_001eeb21","DATA"
"0x002a71bb","0x001dc3b9","0x001dc31b","FUN_001ec31b","DATA"
"0x002a71bb","0x001dc3bf","0x001dc31b","FUN_001ec31b","DATA"
"0x002a71bb","0x001dc4c1","0x001dc31b","FUN_001ec31b","DATA"
"0x002a71bb","0x001dc4c7","0x001dc31b","FUN_001ec31b","DATA"
"0x002a71bb","0x001c0566","0x001c0324","FUN_001d0324","DATA"
"0x002a71bb","0x001c056c","0x001c0324","FUN_001d0324","DATA"
"0x002a71bb","0x001c08cb","0x001c06b4","FUN_001d06b4","DATA"
"0x002a71bb","0x001c08d1","0x001c06b4","FUN_001d06b4","DATA"
"0x002a71bb","0x001d4069","0x001d2745","FUN_001e2745","DATA"
"0x002a71bb","0x001d406f","0x001d2745","FUN_001e2745","DATA"
"0x002a71bb","0x001d3e90","0x001d2745","FUN_001e2745","DATA"
"0x002a71bb","0x001d3e96","0x001d2745","FUN_001e2745","DATA"
"0x002a71bb","0x001d3d7a","0x001d2745","FUN_001e2745","DATA"
"0x002a71bb","0x001d3d80","0x001d2745","FUN_001e2745","DATA"
"0x002a71bb","0x001d3b51","0x001d2745","FUN_001e2745","DATA"
"0x002a71bb","0x001d3b57","0x001d2745","FUN_001e2745","DATA"
"0x002a71bb","0x001d391a","0x001d2745","FUN_001e2745","DATA"
"0x002a71bb","0x001d3920","0x001d2745","FUN_001e2745","DATA"
"0x002a71bb","0x001d3719","0x001d2745","FUN_001e2745","DATA"
"0x002a71bb","0x001d371f","0x001d2745","FUN_001e2745","DATA"
"0x002a71bb","0x001d32c3","0x001d2745","FUN_001e2745","DATA"
"0x002a71bb","0x001d32c9","0x001d2745","FUN_001e2745","DATA"
"0x002a7a2a","0x001c7321","0x001c72a1","FUN_001d72a1","DATA"
"0x002a7a2a","0x001c7327","0x001c72a1","FUN_001d72a1","DATA"
"0x002a7a2a","0x001c73c0","0x001c72a1","FUN_001d72a1","DATA"
"0x002a7a2a","0x001c73c6","0x001c72a1","FUN_001d72a1","DATA"
"0x002a7a2a","0x001c7477","0x001c72a1","FUN_001d72a1","DATA"
"0x002a7a2a","0x001c747d","0x001c72a1","FUN_001d72a1","DATA"
"0x002a7a2a","0x001c74f2","0x001c72a1","FUN_001d72a1","DATA"
"0x002a7a2a","0x001c74f8","0x001c72a1","FUN_001d72a1","DATA"
"0x002a7a2a","0x001c7550","0x001c72a1","FUN_001d72a1","DATA"
"0x002a7a2a","0x001c7556","0x001c72a1","FUN_001d72a1","DATA"
"0x002a7a2a","0x001c7c55","0x001c72a1","FUN_001d72a1","DATA"
"0x002a7a2a","0x001c7c5b","0x001c72a1","FUN_001d72a1","DATA"
"0x002a7a2a","0x001c7cf9","0x001c72a1","FUN_001d72a1","DATA"
"0x002a7a2a","0x001c7cff","0x001c72a1","FUN_001d72a1","DATA"
"0x002a7a2a","0x001c763f","0x001c72a1","FUN_001d72a1","DATA"
"0x002a7a2a","0x001c7645","0x001c72a1","FUN_001d72a1","DATA"
"0x002a7a2a","0x001c76ea","0x001c72a1","FUN_001d72a1","DATA"
"0x002a7a2a","0x001c76f0","0x001c72a1","FUN_001d72a1","DATA"
"0x002a7a2a","0x001c7730","0x001c72a1","FUN_001d72a1","DATA"
"0x002a7a2a","0x001c7736","0x001c72a1","FUN_001d72a1","DATA"
"0x002a7a2a","0x001c7782","0x001c72a1","FUN_001d72a1","DATA"
"0x002a7a2a","0x001c7788","0x001c72a1","FUN_001d72a1","DATA"
"0x002a7a2a","0x001c7aaa","0x001c72a1","FUN_001d72a1","DATA"
"0x002a7a2a","0x001c7ab0","0x001c72a1","FUN_001d72a1","DATA"
"0x002a7a2a","0x001c7b2a","0x001c72a1","FUN_001d72a1","DATA"
"0x002a7a2a","0x001c7b30","0x001c72a1","FUN_001d72a1","DATA"
"0x002a7a2a","0x001c9685","0x001c95f7","FUN_001d95f7","DATA"
"0x002a7a2a","0x001c968b","0x001c95f7","FUN_001d95f7","DATA"
"0x002a7a2a","0x001ca18a","0x001c95f7","FUN_001d95f7","DATA"
"0x002a7a2a","0x001ca190","0x001c95f7","FUN_001d95f7","DATA"
"0x002a7a2a","0x001ca1dc","0x001c95f7","FUN_001d95f7","DATA"
"0x002a7a2a","0x001ca1e2","0x001c95f7","FUN_001d95f7","DATA"
"0x002a7a2a","0x001ca7b5","0x001c95f7","FUN_001d95f7","DATA"
"0x002a7a2a","0x001ca7bb","0x001c95f7","FUN_001d95f7","DATA"
"0x002a7a2a","0x001ca86c","0x001c95f7","FUN_001d95f7","DATA"
"0x002a7a2a","0x001ca872","0x001c95f7","FUN_001d95f7","DATA"
"0x002a7a2a","0x001ca942","0x001c95f7","FUN_001d95f7","DATA"
"0x002a7a2a","0x001ca948","0x001c95f7","FUN_001d95f7","DATA"
"0x002a7a2a","0x001c9cf7","0x001c95f7","FUN_001d95f7","DATA"
"0x002a7a2a","0x001c9cfd","0x001c95f7","FUN_001d95f7","DATA"
"0x002a7a2a","0x001ca02a","0x001c95f7","FUN_001d95f7","DATA"
"0x002a7a2a","0x001ca030","0x001c95f7","FUN_001d95f7","DATA"
"0x002a7a2a","0x001c88ac","0x001c85de","FUN_001d85de","DATA"
"0x002a7a2a","0x001c88b2","0x001c85de","FUN_001d85de","DATA"
"0x002a7d1c","0x001cb28d","0x001cb268","FUN_001db268","DATA"
"0x002a7d1c","0x001cb293","0x001cb268","FUN_001db268","DATA"
"0x002a7d1c","0x001cb37e","0x001cb268","FUN_001db268","DATA"
"0x002a7d1c","0x001cb384","0x001cb268","FUN_001db268","DATA"
"0x002a7d1c","0x001cb3cf","0x001cb268","FUN_001db268","DATA"
"0x002a7d1c","0x001cb3d5","0x001cb268","FUN_001db268","DATA"
"0x002a7d1c","0x001cb2d5","0x001cb268","FUN_001db268","DATA"
"0x002a7d1c","0x001cb2db","0x001cb268","FUN_001db268","DATA"
"0x002a7d1c","0x001cb4a7","0x001cb482","FUN_001db482","DATA"
"0x002a7d1c","0x001cb4ad","0x001cb482","FUN_001db482","DATA"
"0x002a7d1c","0x001cb4e0","0x001cb482","FUN_001db482","DATA"
"0x002a7d1c","0x001cb4e6","0x001cb482","FUN_001db482","DATA"
"0x002a7d1c","0x001cb532","0x001cb482","FUN_001db482","DATA"
"0x002a7d1c","0x001cb538","0x001cb482","FUN_001db482","DATA"
"0x002a7d1c","0x001cb636","0x001cb5d9","FUN_001db5d9","DATA"
"0x002a7d1c","0x001cb63c","0x001cb5d9","FUN_001db5d9","DATA"
"0x002a7d1c","0x001cb66f","0x001cb5d9","FUN_001db5d9","DATA"
"0x002a7d1c","0x001cb675","0x001cb5d9","FUN_001db5d9","DATA"
"0x002a7d1c","0x001cb6a8","0x001cb5d9","FUN_001db5d9","DATA"
"0x002a7d1c","0x001cb6ae","0x001cb5d9","FUN_001db5d9","DATA"
"0x002a7d1c","0x001cb8cd","0x001cb7f2","FUN_001db7f2","DATA"
"0x002a7d1c","0x001cb8d3","0x001cb7f2","FUN_001db7f2","DATA"
"0x002a7d1c","0x001cbe50","0x001cb7f2","FUN_001db7f2","DATA"
"0x002a7d1c","0x001cbe56","0x001cb7f2","FUN_001db7f2","DATA"
"0x002a7d1c","0x001cbdaa","0x001cb7f2","FUN_001db7f2","DATA"
"0x002a7d1c","0x001cbdb0","0x001cb7f2","FUN_001db7f2","DATA"
"0x002a7d1c","0x001cbef6","0x001cb7f2","FUN_001db7f2","DATA"
"0x002a7d1c","0x001cbefc","0x001cb7f2","FUN_001db7f2","DATA"
"0x002a7d1c","0x001cbae4","0x001cb7f2","FUN_001db7f2","DATA"
"0x002a7d1c","0x001cbaea","0x001cb7f2","FUN_001db7f2","DATA"
"0x002a7d1c","0x001cbb90","0x001cb7f2","FUN_001db7f2","DATA"
"0x002a7d1c","0x001cbb96","0x001cb7f2","FUN_001db7f2","DATA"
"0x002a7d1c","0x001cbc36","0x001cb7f2","FUN_001db7f2","DATA"
"0x002a7d1c","0x001cbc3c","0x001cb7f2","FUN_001db7f2","DATA"
"0x002a7d1c","0x001cbcd9","0x001cb7f2","FUN_001db7f2","DATA"
"0x002a7d1c","0x001cbcdf","0x001cb7f2","FUN_001db7f2","DATA"
"0x002a7d1c","0x001cb973","0x001cb7f2","FUN_001db7f2","DATA"
"0x002a7d1c","0x001cb979","0x001cb7f2","FUN_001db7f2","DATA"
"0x002a7d1c","0x001cba14","0x001cb7f2","FUN_001db7f2","DATA"
"0x002a7d1c","0x001cba1a","0x001cb7f2","FUN_001db7f2","DATA"
"0x002a7d1c","0x001ccb11","0x001cc814","FUN_001dc814","DATA"
"0x002a7d1c","0x001ccb17","0x001cc814","FUN_001dc814","DATA"
"0x002a7d1c","0x001ccb7e","0x001cc814","FUN_001dc814","DATA"
"0x002a7d1c","0x001ccb84","0x001cc814","FUN_001dc814","DATA"
"0x002a7d1c","0x001cd328","0x001cc814","FUN_001dc814","DATA"
"0x002a7d1c","0x001cd32e","0x001cc814","FUN_001dc814","DATA"
"0x002a7d1c","0x001ccacf","0x001cc814","FUN_001dc814","DATA"
"0x002a7d1c","0x001ccad5","0x001cc814","FUN_001dc814","DATA"
"0x002a7d1c","0x001cc150","0x001cc083","FUN_001dc083","DATA"
"0x002a7d1c","0x001cc156","0x001cc083","FUN_001dc083","DATA"
"0x002a7d1c","0x001cc1b5","0x001cc083","FUN_001dc083","DATA"
"0x002a7d1c","0x001cc1bb","0x001cc083","FUN_001dc083","DATA"
"0x002a7d1c","0x001cc64e","0x001cc083","FUN_001dc083","DATA"
"0x002a7d1c","0x001cc654","0x001cc083","FUN_001dc083","DATA"
"0x002a7d1c","0x001cc5d8","0x001cc083","FUN_001dc083","DATA"
"0x002a7d1c","0x001cc5de","0x001cc083","FUN_001dc083","DATA"
"0x002a7d1c","0x001cc3bd","0x001cc083","FUN_001dc083","DATA"
"0x002a7d1c","0x001cc3c3","0x001cc083","FUN_001dc083","DATA"
"0x002a7d1c","0x001cc43d","0x001cc083","FUN_001dc083","DATA"
"0x002a7d1c","0x001cc443","0x001cc083","FUN_001dc083","DATA"
"0x002a7f1f","0x001ce081","0x001cdf92","FUN_001ddf92","DATA"
"0x002a7f1f","0x001ce087","0x001cdf92","FUN_001ddf92","DATA"
"0x002a7f1f","0x001cf5fc","0x001cf513","FUN_001df513","DATA"
"0x002a7f1f","0x001cf602","0x001cf513","FUN_001df513","DATA"
"0x002a7f1f","0x001cf6f5","0x001cf513","FUN_001df513","DATA"
"0x002a7f1f","0x001cf6fb","0x001cf513","FUN_001df513","DATA"
"0x002a7f1f","0x001d0f8d","0x001cf513","FUN_001df513","DATA"
"0x002a7f1f","0x001d0f93","0x001cf513","FUN_001df513","DATA"
"0x002a7f1f","0x001d0fea","0x001cf513","FUN_001df513","DATA"
"0x002a7f1f","0x001d0ff0","0x001cf513","FUN_001df513","DATA"
"0x002a7f1f","0x001d102d","0x001cf513","FUN_001df513","DATA"
"0x002a7f1f","0x001d1033","0x001cf513","FUN_001df513","DATA"
"0x002a7f1f","0x001d111c","0x001cf513","FUN_001df513","DATA"
"0x002a7f1f","0x001d1122","0x001cf513","FUN_001df513","DATA"
"0x002a7f1f","0x001d1154","0x001cf513","FUN_001df513","DATA"
"0x002a7f1f","0x001d115a","0x001cf513","FUN_001df513","DATA"
"0x002a7f1f","0x001d233b","0x001cf513","FUN_001df513","DATA"
"0x002a7f1f","0x001d2341","0x001cf513","FUN_001df513","DATA"
"0x002a7f1f","0x001cff3f","0x001cf513","FUN_001df513","DATA"
"0x002a7f1f","0x001cff45","0x001cf513","FUN_001df513","DATA"
"0x002a7f1f","0x001d0943","0x001cf513","FUN_001df513","DATA"
"0x002a7f1f","0x001d0949","0x001cf513","FUN_001df513","DATA"
"0x002a7f1f","0x001d033f","0x001cf513","FUN_001df513","DATA"
"0x002a7f1f","0x001d0345","0x001cf513","FUN_001df513","DATA"
"0x002a7f1f","0x001d0558","0x001cf513","FUN_001df513","DATA"
"0x002a7f1f","0x001d055e","0x001cf513","FUN_001df513","DATA"
"0x002a7f1f","0x001d0595","0x001cf513","FUN_001df513","DATA"
"0x002a7f1f","0x001d059b","0x001cf513","FUN_001df513","DATA"
"0x002a7f1f","0x001d066a","0x001cf513","FUN_001df513","DATA"
"0x002a7f1f","0x001d0670","0x001cf513","FUN_001df513","DATA"
"0x002a7f1f","0x001cf9d9","0x001cf513","FUN_001df513","DATA"
"0x002a7f1f","0x001cf9df","0x001cf513","FUN_001df513","DATA"
"0x002a7f1f","0x001cf955","0x001cf513","FUN_001df513","DATA"
"0x002a7f1f","0x001cf95b","0x001cf513","FUN_001df513","DATA"
"0x002a7f1f","0x001cece7","0x001ce96f","FUN_001de96f","DATA"
"0x002a7f1f","0x001ceced","0x001ce96f","FUN_001de96f","DATA"
"0x002a7f1f","0x001cef12","0x001ce96f","FUN_001de96f","DATA"
"0x002a7f1f","0x001cef18","0x001ce96f","FUN_001de96f","DATA"
"0x002a7f1f","0x001cef62","0x001ce96f","FUN_001de96f","DATA"
"0x002a7f1f","0x001cef68","0x001ce96f","FUN_001de96f","DATA"
"0x002a7f1f","0x001cf002","0x001ce96f","FUN_001de96f","DATA"
"0x002a7f1f","0x001cf008","0x001ce96f","FUN_001de96f","DATA"
"0x002a7f1f","0x001cf085","0x001ce96f","FUN_001de96f","DATA"
"0x002a7f1f","0x001cf08b","0x001ce96f","FUN_001de96f","DATA"
"0x002a7f1f","0x001cf0f4","0x001ce96f","FUN_001de96f","DATA"
"0x002a7f1f","0x001cf0fa","0x001ce96f","FUN_001de96f","DATA"
"0x002a7f1f","0x001cf13a","0x001ce96f","FUN_001de96f","DATA"
"0x002a7f1f","0x001cf140","0x001ce96f","FUN_001de96f","DATA"
"0x002a7f1f","0x001cf175","0x001ce96f","FUN_001de96f","DATA"
"0x002a7f1f","0x001cf17b","0x001ce96f","FUN_001de96f","DATA"
"0x002a7f1f","0x001cf20a","0x001ce96f","FUN_001de96f","DATA"
"0x002a7f1f","0x001cf210","0x001ce96f","FUN_001de96f","DATA"
"0x002a7f1f","0x001cf2ea","0x001ce96f","FUN_001de96f","DATA"
"0x002a7f1f","0x001cf2f0","0x001ce96f","FUN_001de96f","DATA"
"0x002a7f1f","0x001cf392","0x001ce96f","FUN_001de96f","DATA"
"0x002a7f1f","0x001cf398","0x001ce96f","FUN_001de96f","DATA"
"0x002a7f1f","0x001cf40e","0x001ce96f","FUN_001de96f","DATA"
"0x002a7f1f","0x001cf414","0x001ce96f","FUN_001de96f","DATA"
"0x002a7f1f","0x001cf447","0x001ce96f","FUN_001de96f","DATA"
"0x002a7f1f","0x001cf44d","0x001ce96f","FUN_001de96f","DATA"
"0x002a7f1f","0x001ceec9","0x001ce96f","FUN_001de96f","DATA"
"0x002a7f1f","0x001ceecf","0x001ce96f","FUN_001de96f","DATA"
"0x002a7f1f","0x001ceb3e","0x001ce96f","FUN_001de96f","DATA"
"0x002a7f1f","0x001ceb44","0x001ce96f","FUN_001de96f","DATA"
"0x002a7f1f","0x001cea1a","0x001ce96f","FUN_001de96f","DATA"
"0x002a7f1f","0x001cea20","0x001ce96f","FUN_001de96f","DATA"
"0x002a7f1f","0x001cea55","0x001ce96f","FUN_001de96f","DATA"
"0x002a7f1f","0x001cea5b","0x001ce96f","FUN_001de96f","DATA"
"0x002a7f1f","0x001cea90","0x001ce96f","FUN_001de96f","DATA"
"0x002a7f1f","0x001cea96","0x001ce96f","FUN_001de96f","DATA"
"0x002a7f1f","0x001ce472","0x001ce2f0","FUN_001de2f0","DATA"
"0x002a7f1f","0x001ce478","0x001ce2f0","FUN_001de2f0","DATA"
"0x002a7f1f","0x001ce4aa","0x001ce2f0","FUN_001de2f0","DATA"
"0x002a7f1f","0x001ce4b0","0x001ce2f0","FUN_001de2f0","DATA"
"0x002a7f1f","0x001ce544","0x001ce2f0","FUN_001de2f0","DATA"
"0x002a7f1f","0x001ce54a","0x001ce2f0","FUN_001de2f0","DATA"
"0x002a7f1f","0x001d2af1","0x001d2745","FUN_001e2745","DATA"
"0x002a7f1f","0x001d2af7","0x001d2745","FUN_001e2745","DATA"
"0x002a7f1f","0x001d2d26","0x001d2745","FUN_001e2745","DATA"
"0x002a7f1f","0x001d2d2c","0x001d2745","FUN_001e2745","DATA"
"0x002a7f1f","0x001d2efa","0x001d2745","FUN_001e2745","DATA"
"0x002a7f1f","0x001d2f00","0x001d2745","FUN_001e2745","DATA"
"0x002a7f1f","0x001d2fe1","0x001d2745","FUN_001e2745","DATA"
"0x002a7f1f","0x001d2fe7","0x001d2745","FUN_001e2745","DATA"
"0x002a7f1f","0x001d46d3","0x001d2745","FUN_001e2745","DATA"
"0x002a7f1f","0x001d46d9","0x001d2745","FUN_001e2745","DATA"
"0x002a7f1f","0x001d43e1","0x001d2745","FUN_001e2745","DATA"
"0x002a7f1f","0x001d43e7","0x001d2745","FUN_001e2745","DATA"
"0x002a7f1f","0x001d34f6","0x001d2745","FUN_001e2745","DATA"
"0x002a7f1f","0x001d34fc","0x001d2745","FUN_001e2745","DATA"
"0x002a861c","0x001d50a9","0x001d4760","FUN_001e4760","DATA"
"0x002a861c","0x001d50af","0x001d4760","FUN_001e4760","DATA"
"0x002a861c","0x001d50dd","0x001d4760","FUN_001e4760","DATA"
"0x002a861c","0x001d50e3","0x001d4760","FUN_001e4760","DATA"
"0x002a861c","0x001d4d85","0x001d4760","FUN_001e4760","DATA"
"0x002a861c","0x001d4d8b","0x001d4760","FUN_001e4760","DATA"
"0x002a8654","0x001d50b3","0x001d4760","FUN_001e4760","DATA"
"0x002a8654","0x001d50b9","0x001d4760","FUN_001e4760","DATA"
"0x002a8697","0x001d5f38","0x001d5853","FUN_001e5853","DATA"
"0x002a8697","0x001d5f3e","0x001d5853","FUN_001e5853","DATA"
"0x002a8697","0x001d5a9a","0x001d5853","FUN_001e5853","DATA"
"0x002a8697","0x001d5aa0","0x001d5853","FUN_001e5853","DATA"
"0x002a8697","0x001d5acf","0x001d5853","FUN_001e5853","DATA"
"0x002a8697","0x001d5ad5","0x001d5853","FUN_001e5853","DATA"
"0x002a8697","0x001d5e81","0x001d5853","FUN_001e5853","DATA"
"0x002a8697","0x001d5e87","0x001d5853","FUN_001e5853","DATA"
"0x002a8697","0x001d5fe2","0x001d5853","FUN_001e5853","DATA"
"0x002a8697","0x001d5fe8","0x001d5853","FUN_001e5853","DATA"
"0x002a8697","0x001d5322","0x001d52e5","FUN_001e52e5","DATA"
"0x002a8697","0x001d5328","0x001d52e5","FUN_001e52e5","DATA"
"0x002a8697","0x001d5384","0x001d5356","FUN_001e5356","DATA"
"0x002a8697","0x001d538a","0x001d5356","FUN_001e5356","DATA"
"0x002a8697","0x001d7394","0x001d736c","FUN_001e736c","DATA"
"0x002a8697","0x001d739a","0x001d736c","FUN_001e736c","DATA"
"0x002a8697","0x001d54e1","0x001d5453","FUN_001e5453","DATA"
"0x002a8697","0x001d54e7","0x001d5453","FUN_001e5453","DATA"
"0x002a8697","0x001d5568","0x001d5453","FUN_001e5453","DATA"
"0x002a8697","0x001d556e","0x001d5453","FUN_001e5453","DATA"
"0x002a8697","0x001d565e","0x001d5453","FUN_001e5453","DATA"
"0x002a8697","0x001d5664","0x001d5453","FUN_001e5453","DATA"
"0x002a8697","0x001d5723","0x001d5453","FUN_001e5453","DATA"
"0x002a8697","0x001d5729","0x001d5453","FUN_001e5453","DATA"
"0x002a8697","0x001d5777","0x001d5453","FUN_001e5453","DATA"
"0x002a8697","0x001d577d","0x001d5453","FUN_001e5453","DATA"
"0x002a8697","0x001d5818","0x001d5453","FUN_001e5453","DATA"
"0x002a8697","0x001d581e","0x001d5453","FUN_001e5453","DATA"
"0x002a8697","0x001d826a","0x001d749d","FUN_001e749d","DATA"
"0x002a8697","0x001d8270","0x001d749d","FUN_001e749d","DATA"
"0x002a8697","0x001d8d66","0x001d749d","FUN_001e749d","DATA"
"0x002a8697","0x001d8d6c","0x001d749d","FUN_001e749d","DATA"
"0x002a8697","0x001d8d9a","0x001d749d","FUN_001e749d","DATA"
"0x002a8697","0x001d8da0","0x001d749d","FUN_001e749d","DATA"
"0x002a8697","0x001d8de3","0x001d749d","FUN_001e749d","DATA"
"0x002a8697","0x001d8de9","0x001d749d","FUN_001e749d","DATA"
"0x002a8697","0x001d7f61","0x001d749d","FUN_001e749d","DATA"
"0x002a8697","0x001d7f67","0x001d749d","FUN_001e749d","DATA"
"0x002a8697","0x001d76f9","0x001d749d","FUN_001e749d","DATA"
"0x002a8697","0x001d76ff","0x001d749d","FUN_001e749d","DATA"
"0x002a8697","0x001d6213","0x001d6017","FUN_001e6017","DATA"
"0x002a8697","0x001d6219","0x001d6017","FUN_001e6017","DATA"
"0x002a8697","0x001d627c","0x001d6017","FUN_001e6017","DATA"
"0x002a8697","0x001d6282","0x001d6017","FUN_001e6017","DATA"
"0x002a8697","0x001d62b1","0x001d6017","FUN_001e6017","DATA"
"0x002a8697","0x001d62b7","0x001d6017","FUN_001e6017","DATA"
"0x002a8697","0x001d6306","0x001d6017","FUN_001e6017","DATA"
"0x002a8697","0x001d630c","0x001d6017","FUN_001e6017","DATA"
"0x002a8697","0x001d63fb","0x001d6017","FUN_001e6017","DATA"
"0x002a8697","0x001d6401","0x001d6017","FUN_001e6017","DATA"
"0x002a8697","0x001d6479","0x001d6436","FUN_001e6436","DATA"
"0x002a8697","0x001d647f","0x001d6436","FUN_001e6436","DATA"
"0x002a8697","0x001d72b2","0x001d6436","FUN_001e6436","DATA"
"0x002a8697","0x001d72b8","0x001d6436","FUN_001e6436","DATA"
"0x002a8697","0x001d733f","0x001d6436","FUN_001e6436","DATA"
"0x002a8697","0x001d7345","0x001d6436","FUN_001e6436","DATA"
"0x002a8697","0x001d664f","0x001d6436","FUN_001e6436","DATA"
"0x002a8697","0x001d6655","0x001d6436","FUN_001e6436","DATA"
"0x002a8697","0x001d6684","0x001d6436","FUN_001e6436","DATA"
"0x002a8697","0x001d668a","0x001d6436","FUN_001e6436","DATA"
"0x002a8697","0x001d6eae","0x001d6436","FUN_001e6436","DATA"
"0x002a8697","0x001d6eb4","0x001d6436","FUN_001e6436","DATA"
"0x002a8697","0x001d700e","0x001d6436","FUN_001e6436","DATA"
"0x002a8697","0x001d7014","0x001d6436","FUN_001e6436","DATA"
"0x002a8697","0x001d6f74","0x001d6436","FUN_001e6436","DATA"
"0x002a8697","0x001d6f7a","0x001d6436","FUN_001e6436","DATA"
"0x002a8697","0x001d6892","0x001d6436","FUN_001e6436","DATA"
"0x002a8697","0x001d6898","0x001d6436","FUN_001e6436","DATA"
"0x002a8697","0x001d682f","0x001d6436","FUN_001e6436","DATA"
"0x002a8697","0x001d6835","0x001d6436","FUN_001e6436","DATA"
"0x002a8838","0x001d689c","0x001d6436","FUN_001e6436","DATA"
"0x002a8838","0x001d68a2","0x001d6436","FUN_001e6436","DATA"
"0x002a8de0","0x001dc02c","0x001dbf8e","FUN_001ebf8e","DATA"
"0x002a8de0","0x001dc032","0x001dbf8e","FUN_001ebf8e","DATA"
"0x002a8de0","0x001dc05f","0x001dbf8e","FUN_001ebf8e","DATA"
"0x002a8de0","0x001dc065","0x001dbf8e","FUN_001ebf8e","DATA"
"0x002a8de0","0x001db33a","0x001db1d7","FUN_001eb1d7","DATA"
"0x002a8de0","0x001db340","0x001db1d7","FUN_001eb1d7","DATA"
"0x002a8de0","0x001db376","0x001db1d7","FUN_001eb1d7","DATA"
"0x002a8de0","0x001db37c","0x001db1d7","FUN_001eb1d7","DATA"
"0x002a8de0","0x001db576","0x001db4ff","FUN_001eb4ff","DATA"
"0x002a8de0","0x001db57c","0x001db4ff","FUN_001eb4ff","DATA"
"0x002a8de0","0x001db5e1","0x001db4ff","FUN_001eb4ff","DATA"
"0x002a8de0","0x001db5e7","0x001db4ff","FUN_001eb4ff","DATA"
"0x002a8de0","0x001db7ce","0x001db639","FUN_001eb639","DATA"
"0x002a8de0","0x001db7d4","0x001db639","FUN_001eb639","DATA"
"0x002a8de0","0x001db80a","0x001db639","FUN_001eb639","DATA"
"0x002a8de0","0x001db810","0x001db639","FUN_001eb639","DATA"
"0x002a8de0","0x001db83c","0x001db639","FUN_001eb639","DATA"
"0x002a8de0","0x001db842","0x001db639","FUN_001eb639","DATA"
"0x002a8de0","0x001dece2","0x001deb21","FUN_001eeb21","DATA"
"0x002a8de0","0x001dece8","0x001deb21","FUN_001eeb21","DATA"
"0x002a8de0","0x001ded1e","0x001deb21","FUN_001eeb21","DATA"
"0x002a8de0","0x001ded24","0x001deb21","FUN_001eeb21","DATA"
"0x002a8de0","0x001ded51","0x001deb21","FUN_001eeb21","DATA"
"0x002a8de0","0x001ded57","0x001deb21","FUN_001eeb21","DATA"
"0x002a8de0","0x001dad5d","0x001dabb3","FUN_001eabb3","DATA"
"0x002a8de0","0x001dad63","0x001dabb3","FUN_001eabb3","DATA"
"0x002a8de0","0x001dad99","0x001dabb3","FUN_001eabb3","DATA"
"0x002a8de0","0x001dad9f","0x001dabb3","FUN_001eabb3","DATA"
"0x002a8de0","0x001dadcb","0x001dabb3","FUN_001eabb3","DATA"
"0x002a8de0","0x001dadd1","0x001dabb3","FUN_001eabb3","DATA"
"0x002a8de0","0x001dd192","0x001dce31","FUN_001ece31","DATA"
"0x002a8de0","0x001dd198","0x001dce31","FUN_001ece31","DATA"
"0x002a8de0","0x001ddab5","0x001dce31","FUN_001ece31","DATA"
"0x002a8de0","0x001ddabb","0x001dce31","FUN_001ece31","DATA"
"0x002a8de0","0x001dde36","0x001dce31","FUN_001ece31","DATA"
"0x002a8de0","0x001dde3c","0x001dce31","FUN_001ece31","DATA"
"0x002a8de0","0x001ddef9","0x001dce31","FUN_001ece31","DATA"
"0x002a8de0","0x001ddeff","0x001dce31","FUN_001ece31","DATA"
"0x002a8de0","0x001ddd03","0x001dce31","FUN_001ece31","DATA"
"0x002a8de0","0x001ddd09","0x001dce31","FUN_001ece31","DATA"
"0x002a8de0","0x001ddd38","0x001dce31","FUN_001ece31","DATA"
"0x002a8de0","0x001ddd3e","0x001dce31","FUN_001ece31","DATA"
"0x002a8de0","0x001ddd93","0x001dce31","FUN_001ece31","DATA"
"0x002a8de0","0x001ddd99","0x001dce31","FUN_001ece31","DATA"
"0x002a8de0","0x001dd4d4","0x001dce31","FUN_001ece31","DATA"
"0x002a8de0","0x001dd4da","0x001dce31","FUN_001ece31","DATA"
"0x002a8de0","0x001dd91e","0x001dce31","FUN_001ece31","DATA"
"0x002a8de0","0x001dd924","0x001dce31","FUN_001ece31","DATA"
"0x002a8de0","0x001dced4","0x001dce31","FUN_001ece31","DATA"
"0x002a8de0","0x001dceda","0x001dce31","FUN_001ece31","DATA"
"0x002a8de0","0x001dd072","0x001dce31","FUN_001ece31","DATA"
"0x002a8de0","0x001dd078","0x001dce31","FUN_001ece31","DATA"
"0x002a8de0","0x001daeea","0x001dae4c","FUN_001eae4c","DATA"
"0x002a8de0","0x001daef0","0x001dae4c","FUN_001eae4c","DATA"
"0x002a8de0","0x001daf22","0x001dae4c","FUN_001eae4c","DATA"
"0x002a8de0","0x001daf28","0x001dae4c","FUN_001eae4c","DATA"
"0x002a8de0","0x001db01c","0x001dae4c","FUN_001eae4c","DATA"
"0x002a8de0","0x001db022","0x001dae4c","FUN_001eae4c","DATA"
"0x002a8de0","0x001de151","0x001de047","FUN_001ee047","DATA"
"0x002a8de0","0x001de157","0x001de047","FUN_001ee047","DATA"
"0x002a8de0","0x001da1e6","0x001da169","FUN_001ea169","DATA"
"0x002a8de0","0x001da1ec","0x001da169","FUN_001ea169","DATA"
"0x002a8de0","0x001da9a5","0x001da217","FUN_001ea217","DATA"
"0x002a8de0","0x001da9ab","0x001da217","FUN_001ea217","DATA"
"0x002a8de0","0x001da5c7","0x001da217","FUN_001ea217","DATA"
"0x002a8de0","0x001da5cd","0x001da217","FUN_001ea217","DATA"
"0x002a8de0","0x001da8e0","0x001da217","FUN_001ea217","DATA"
"0x002a8de0","0x001da8e6","0x001da217","FUN_001ea217","DATA"
"0x002a8de0","0x001da27a","0x001da217","FUN_001ea217","DATA"
"0x002a8de0","0x001da280","0x001da217","FUN_001ea217","DATA"
"0x002a8de0","0x001da863","0x001da217","FUN_001ea217","DATA"
"0x002a8de0","0x001da869","0x001da217","FUN_001ea217","DATA"
"0x002a8de0","0x001dc26d","0x001dc239","FUN_001ec239","DATA"
"0x002a8de0","0x001dc273","0x001dc239","FUN_001ec239","DATA"
"0x002a8de0","0x001daa02","0x001da217","FUN_001ea217","DATA"
"0x002a8de0","0x001daa08","0x001da217","FUN_001ea217","DATA"
"0x002a8de0","0x001daa48","0x001da217","FUN_001ea217","DATA"
"0x002a8de0","0x001daa4e","0x001da217","FUN_001ea217","DATA"
"0x002a8de0","0x001dc54e","0x001dc31b","FUN_001ec31b","DATA"
"0x002a8de0","0x001dc554","0x001dc31b","FUN_001ec31b","DATA"
"0x002a8de0","0x001dc58a","0x001dc31b","FUN_001ec31b","DATA"
"0x002a8de0","0x001dc590","0x001dc31b","FUN_001ec31b","DATA"
"0x002a8de0","0x001dc5bd","0x001dc31b","FUN_001ec31b","DATA"
"0x002a8de0","0x001dc5c3","0x001dc31b","FUN_001ec31b","DATA"
"0x002a8de0","0x001dc7f2","0x001dc64e","FUN_001ec64e","DATA"
"0x002a8de0","0x001dc7f8","0x001dc64e","FUN_001ec64e","DATA"
"0x002a8de0","0x001dc77b","0x001dc64e","FUN_001ec64e","DATA"
"0x002a8de0","0x001dc781","0x001dc64e","FUN_001ec64e","DATA"
"0x002a95eb","0x001e0428","0x001dff5e","FUN_001eff5e","DATA"
"0x002a95eb","0x001e042e","0x001dff5e","FUN_001eff5e","DATA"
"0x002a95eb","0x001e058d","0x001dff5e","FUN_001eff5e","DATA"
"0x002a95eb","0x001e0593","0x001dff5e","FUN_001eff5e","DATA"
"0x002a95eb","0x001e05f7","0x001dff5e","FUN_001eff5e","DATA"
"0x002a95eb","0x001e05fd","0x001dff5e","FUN_001eff5e","DATA"
"0x002a95eb","0x001df499","0x001df3b0","FUN_001ef3b0","DATA"
"0x002a95eb","0x001df49f","0x001df3b0","FUN_001ef3b0","DATA"
"0x002a95eb","0x001df51c","0x001df4d2","FUN_001ef4d2","DATA"
"0x002a95eb","0x001df522","0x001df4d2","FUN_001ef4d2","DATA"
"0x002a95eb","0x001df69f","0x001df5b2","FUN_001ef5b2","DATA"
"0x002a95eb","0x001df6a5","0x001df5b2","FUN_001ef5b2","DATA"
"0x002a95eb","0x001e0bbe","0x001e0abf","FUN_001f0abf","DATA"
"0x002a95eb","0x001e0bc4","0x001e0abf","FUN_001f0abf","DATA"
"0x002a95eb","0x001e0c5b","0x001e0abf","FUN_001f0abf","DATA"
"0x002a95eb","0x001e0c61","0x001e0abf","FUN_001f0abf","DATA"
"0x002a95eb","0x001e07f3","0x001e0757","FUN_001f0757","DATA"
"0x002a95eb","0x001e07f9","0x001e0757","FUN_001f0757","DATA"
"0x002a95eb","0x001e0898","0x001e0757","FUN_001f0757","DATA"
"0x002a95eb","0x001e089e","0x001e0757","FUN_001f0757","DATA"
"0x002a985c","0x001e38da","0x001e38a6","FUN_001f38a6","DATA"
"0x002a985c","0x001e38e0","0x001e38a6","FUN_001f38a6","DATA"
"0x002a985c","0x001e1b12","0x001e1abb","FUN_001f1abb","DATA"
"0x002a985c","0x001e1b18","0x001e1abb","FUN_001f1abb","DATA"
"0x002a985c","0x001e1c65","0x001e1abb","FUN_001f1abb","DATA"
"0x002a985c","0x001e1c6b","0x001e1abb","FUN_001f1abb","DATA"
"0x002a985c","0x001e1c9c","0x001e1abb","FUN_001f1abb","DATA"
"0x002a985c","0x001e1ca2","0x001e1abb","FUN_001f1abb","DATA"
"0x002a985c","0x001e3f9d","0x001e3f6d","FUN_001f3f6d","DATA"
"0x002a985c","0x001e3fa3","0x001e3f6d","FUN_001f3f6d","DATA"
"0x002a985c","0x001e3fd5","0x001e3f6d","FUN_001f3f6d","DATA"
"0x002a985c","0x001e3fdb","0x001e3f6d","FUN_001f3f6d","DATA"
"0x002a985c","0x001e4394","0x001e3f6d","FUN_001f3f6d","DATA"
"0x002a985c","0x001e439a","0x001e3f6d","FUN_001f3f6d","DATA"
"0x002a985c","0x001e43ea","0x001e3f6d","FUN_001f3f6d","DATA"
"0x002a985c","0x001e43f0","0x001e3f6d","FUN_001f3f6d","DATA"
"0x002a985c","0x001e445c","0x001e3f6d","FUN_001f3f6d","DATA"
"0x002a985c","0x001e4462","0x001e3f6d","FUN_001f3f6d","DATA"
"0x002a985c","0x001e44be","0x001e3f6d","FUN_001f3f6d","DATA"
"0x002a985c","0x001e44c4","0x001e3f6d","FUN_001f3f6d","DATA"
"0x002a985c","0x001e46ef","0x001e3f6d","FUN_001f3f6d","DATA"
"0x002a985c","0x001e46f5","0x001e3f6d","FUN_001f3f6d","DATA"
"0x002a985c","0x001e48d9","0x001e3f6d","FUN_001f3f6d","DATA"
"0x002a985c","0x001e48df","0x001e3f6d","FUN_001f3f6d","DATA"
"0x002a985c","0x001e4936","0x001e3f6d","FUN_001f3f6d","DATA"
"0x002a985c","0x001e493c","0x001e3f6d","FUN_001f3f6d","DATA"
"0x002a985c","0x001e4cbc","0x001e3f6d","FUN_001f3f6d","DATA"
"0x002a985c","0x001e4cc2","0x001e3f6d","FUN_001f3f6d","DATA"
"0x002a985c","0x001e5265","0x001e3f6d","FUN_001f3f6d","DATA"
"0x002a985c","0x001e526b","0x001e3f6d","FUN_001f3f6d","DATA"
"0x002a985c","0x001e52a8","0x001e3f6d","FUN_001f3f6d","DATA"
"0x002a985c","0x001e52ae","0x001e3f6d","FUN_001f3f6d","DATA"
"0x002a985c","0x001e52fb","0x001e3f6d","FUN_001f3f6d","DATA"
"0x002a985c","0x001e5301","0x001e3f6d","FUN_001f3f6d","DATA"
"0x002a985c","0x001e5336","0x001e3f6d","FUN_001f3f6d","DATA"
"0x002a985c","0x001e533c","0x001e3f6d","FUN_001f3f6d","DATA"
"0x002a985c","0x001e5371","0x001e3f6d","FUN_001f3f6d","DATA"
"0x002a985c","0x001e5377","0x001e3f6d","FUN_001f3f6d","DATA"
"0x002a985c","0x001e53b2","0x001e3f6d","FUN_001f3f6d","DATA"
"0x002a985c","0x001e53b8","0x001e3f6d","FUN_001f3f6d","DATA"
"0x002a985c","0x001e5b05","0x001e3f6d","FUN_001f3f6d","DATA"
"0x002a985c","0x001e5b0b","0x001e3f6d","FUN_001f3f6d","DATA"
"0x002a985c","0x001e5bfa","0x001e3f6d","FUN_001f3f6d","DATA"
"0x002a985c","0x001e5c00","0x001e3f6d","FUN_001f3f6d","DATA"
"0x002a985c","0x001e5bb8","0x001e3f6d","FUN_001f3f6d","DATA"
"0x002a985c","0x001e5bbe","0x001e3f6d","FUN_001f3f6d","DATA"
"0x002a985c","0x001e5c35","0x001e3f6d","FUN_001f3f6d","DATA"
"0x002a985c","0x001e5c3b","0x001e3f6d","FUN_001f3f6d","DATA"
"0x002a985c","0x001e5d3f","0x001e3f6d","FUN_001f3f6d","DATA"
"0x002a985c","0x001e5d45","0x001e3f6d","FUN_001f3f6d","DATA"
"0x002a985c","0x001e60b3","0x001e3f6d","FUN_001f3f6d","DATA"
"0x002a985c","0x001e60b9","0x001e3f6d","FUN_001f3f6d","DATA"
"0x002a985c","0x001e60f4","0x001e3f6d","FUN_001f3f6d","DATA"
"0x002a985c","0x001e60fa","0x001e3f6d","FUN_001f3f6d","DATA"
"0x002a985c","0x001e612f","0x001e3f6d","FUN_001f3f6d","DATA"
"0x002a985c","0x001e6135","0x001e3f6d","FUN_001f3f6d","DATA"
"0x002a985c","0x001e6169","0x001e3f6d","FUN_001f3f6d","DATA"
"0x002a985c","0x001e616f","0x001e3f6d","FUN_001f3f6d","DATA"
"0x002a985c","0x001e5ac2","0x001e3f6d","FUN_001f3f6d","DATA"
"0x002a985c","0x001e5ac8","0x001e3f6d","FUN_001f3f6d","DATA"
"0x002a985c","0x001e2148","0x001e1ff3","FUN_001f1ff3","DATA"
"0x002a985c","0x001e214e","0x001e1ff3","FUN_001f1ff3","DATA"
"0x002a985c","0x001e217f","0x001e1ff3","FUN_001f1ff3","DATA"
"0x002a985c","0x001e2185","0x001e1ff3","FUN_001f1ff3","DATA"
"0x002a985c","0x001e3333","0x001e31f1","FUN_001f31f1","DATA"
"0x002a985c","0x001e3339","0x001e31f1","FUN_001f31f1","DATA"
"0x002a985c","0x001e34b0","0x001e31f1","FUN_001f31f1","DATA"
"0x002a985c","0x001e34b6","0x001e31f1","FUN_001f31f1","DATA"
"0x002a985c","0x001e3562","0x001e31f1","FUN_001f31f1","DATA"
"0x002a985c","0x001e3568","0x001e31f1","FUN_001f31f1","DATA"
"0x002a985c","0x001e35a2","0x001e31f1","FUN_001f31f1","DATA"
"0x002a985c","0x001e35a8","0x001e31f1","FUN_001f31f1","DATA"
"0x002a985c","0x001e368a","0x001e31f1","FUN_001f31f1","DATA"
"0x002a985c","0x001e3690","0x001e31f1","FUN_001f31f1","DATA"
"0x002a985c","0x001e2b56","0x001e2b23","FUN_001f2b23","DATA"
"0x002a985c","0x001e2b5c","0x001e2b23","FUN_001f2b23","DATA"
"0x002a985c","0x001e2b8a","0x001e2b23","FUN_001f2b23","DATA"
"0x002a985c","0x001e2b90","0x001e2b23","FUN_001f2b23","DATA"
"0x002a985c","0x001e2bc2","0x001e2b23","FUN_001f2b23","DATA"
"0x002a985c","0x001e2bc8","0x001e2b23","FUN_001f2b23","DATA"
"0x002a985c","0x001e2bfa","0x001e2b23","FUN_001f2b23","DATA"
"0x002a985c","0x001e2c00","0x001e2b23","FUN_001f2b23","DATA"
"0x002a985c","0x001e2eaa","0x001e2cf9","FUN_001f2cf9","DATA"
"0x002a985c","0x001e2eb0","0x001e2cf9","FUN_001f2cf9","DATA"
"0x002a985c","0x001e2d95","0x001e2cf9","FUN_001f2cf9","DATA"
"0x002a985c","0x001e2d9b","0x001e2cf9","FUN_001f2cf9","DATA"
"0x002a985c","0x001e2ded","0x001e2cf9","FUN_001f2cf9","DATA"
"0x002a985c","0x001e2df3","0x001e2cf9","FUN_001f2cf9","DATA"
"0x002a985c","0x001e2e2e","0x001e2cf9","FUN_001f2cf9","DATA"
"0x002a985c","0x001e2e34","0x001e2cf9","FUN_001f2cf9","DATA"
"0x002a985c","0x001e2ee9","0x001e2cf9","FUN_001f2cf9","DATA"
"0x002a985c","0x001e2eef","0x001e2cf9","FUN_001f2cf9","DATA"
"0x002a985c","0x001e223b","0x001e2219","FUN_001f2219","DATA"
"0x002a985c","0x001e2241","0x001e2219","FUN_001f2219","DATA"
"0x002a985c","0x001e22aa","0x001e2219","FUN_001f2219","DATA"
"0x002a985c","0x001e22b0","0x001e2219","FUN_001f2219","DATA"
"0x002a985c","0x001e2674","0x001e264c","FUN_001f264c","DATA"
"0x002a985c","0x001e267a","0x001e264c","FUN_001f264c","DATA"
"0x002a985c","0x001e2a7b","0x001e27a9","FUN_001f27a9","DATA"
"0x002a985c","0x001e2a81","0x001e27a9","FUN_001f27a9","DATA"
"0x002a985c","0x001e2ab2","0x001e27a9","FUN_001f27a9","DATA"
"0x002a985c","0x001e2ab8","0x001e27a9","FUN_001f27a9","DATA"
"0x002a9fb0","0x001ed9bb","0x001ed934","FUN_001fd934","DATA"
"0x002a9fb0","0x001ed9c1","0x001ed934","FUN_001fd934","DATA"
"0x002a9fb0","0x001ed9f2","0x001ed934","FUN_001fd934","DATA"
"0x002a9fb0","0x001ed9f8","0x001ed934","FUN_001fd934","DATA"
"0x002a9fb0","0x001ede3a","0x001ed934","FUN_001fd934","DATA"
"0x002a9fb0","0x001ede40","0x001ed934","FUN_001fd934","DATA"
"0x002a9fb0","0x001ede71","0x001ed934","FUN_001fd934","DATA"
"0x002a9fb0","0x001ede77","0x001ed934","FUN_001fd934","DATA"
"0x002a9fb0","0x001edab1","0x001ed934","FUN_001fd934","DATA"
"0x002a9fb0","0x001edab7","0x001ed934","FUN_001fd934","DATA"
"0x002a9fb0","0x001e7c48","0x001e7ae8","FUN_001f7ae8","DATA"
"0x002a9fb0","0x001e7c4e","0x001e7ae8","FUN_001f7ae8","DATA"
"0x002a9fb0","0x001e7ccd","0x001e7ae8","FUN_001f7ae8","DATA"
"0x002a9fb0","0x001e7cd3","0x001e7ae8","FUN_001f7ae8","DATA"
"0x002a9fb0","0x001e7d58","0x001e7ae8","FUN_001f7ae8","DATA"
"0x002a9fb0","0x001e7d5e","0x001e7ae8","FUN_001f7ae8","DATA"
"0x002a9fb0","0x001e9ec4","0x001e9e83","FUN_001f9e83","DATA"
"0x002a9fb0","0x001e9eca","0x001e9e83","FUN_001f9e83","DATA"
"0x002a9fb0","0x001e708d","0x001e7025","FUN_001f7025","DATA"
"0x002a9fb0","0x001e7093","0x001e7025","FUN_001f7025","DATA"
"0x002a9fb0","0x001e947a","0x001e90aa","FUN_001f90aa","DATA"
"0x002a9fb0","0x001e9480","0x001e90aa","FUN_001f90aa","DATA"
"0x002a9fb0","0x001e959a","0x001e90aa","FUN_001f90aa","DATA"
"0x002a9fb0","0x001e95a0","0x001e90aa","FUN_001f90aa","DATA"
"0x002a9fb0","0x001e96ba","0x001e90aa","FUN_001f90aa","DATA"
"0x002a9fb0","0x001e96c0","0x001e90aa","FUN_001f90aa","DATA"
"0x002a9fb0","0x001e960a","0x001e90aa","FUN_001f90aa","DATA"
"0x002a9fb0","0x001e9610","0x001e90aa","FUN_001f90aa","DATA"
"0x002a9fb0","0x001e94fa","0x001e90aa","FUN_001f90aa","DATA"
"0x002a9fb0","0x001e9500","0x001e90aa","FUN_001f90aa","DATA"
"0x002a9fb0","0x001e93da","0x001e90aa","FUN_001f90aa","DATA"
"0x002a9fb0","0x001e93e0","0x001e90aa","FUN_001f90aa","DATA"
"0x002a9fb0","0x001e935a","0x001e90aa","FUN_001f90aa","DATA"
"0x002a9fb0","0x001e9360","0x001e90aa","FUN_001f90aa","DATA"
"0x002a9fb0","0x001e92da","0x001e90aa","FUN_001f90aa","DATA"
"0x002a9fb0","0x001e92e0","0x001e90aa","FUN_001f90aa","DATA"
"0x002a9fb0","0x001e926a","0x001e90aa","FUN_001f90aa","DATA"
"0x002a9fb0","0x001e9270","0x001e90aa","FUN_001f90aa","DATA"
"0x002a9fb0","0x001e91ca","0x001e90aa","FUN_001f90aa","DATA"
"0x002a9fb0","0x001e91d0","0x001e90aa","FUN_001f90aa","DATA"
"0x002a9fb0","0x001e9152","0x001e90aa","FUN_001f90aa","DATA"
"0x002a9fb0","0x001e9158","0x001e90aa","FUN_001f90aa","DATA"
"0x002a9fb0","0x001e713e","0x001e70b5","FUN_001f70b5","DATA"
"0x002a9fb0","0x001e7144","0x001e70b5","FUN_001f70b5","DATA"
"0x002a9fb0","0x001e70eb","0x001e70b5","FUN_001f70b5","DATA"
"0x002a9fb0","0x001e70f1","0x001e70b5","FUN_001f70b5","DATA"
"0x002a9fb0","0x001ed617","0x001ed18c","FUN_001fd18c","DATA"
"0x002a9fb0","0x001ed61d","0x001ed18c","FUN_001fd18c","DATA"
"0x002a9fb0","0x001ed734","0x001ed18c","FUN_001fd18c","DATA"
"0x002a9fb0","0x001ed73a","0x001ed18c","FUN_001fd18c","DATA"
"0x002a9fb0","0x001ed814","0x001ed18c","FUN_001fd18c","DATA"
"0x002a9fb0","0x001ed81a","0x001ed18c","FUN_001fd18c","DATA"
"0x002a9fb0","0x001ed904","0x001ed18c","FUN_001fd18c","DATA"
"0x002a9fb0","0x001ed90a","0x001ed18c","FUN_001fd18c","DATA"
"0x002a9fb0","0x001e723f","0x001e71b5","FUN_001f71b5","DATA"
"0x002a9fb0","0x001e7245","0x001e71b5","FUN_001f71b5","DATA"
"0x002a9fb0","0x001e7462","0x001e71b5","FUN_001f71b5","DATA"
"0x002a9fb0","0x001e7468","0x001e71b5","FUN_001f71b5","DATA"
"0x002a9fb0","0x001e74f6","0x001e71b5","FUN_001f71b5","DATA"
"0x002a9fb0","0x001e74fc","0x001e71b5","FUN_001f71b5","DATA"
"0x002a9fb0","0x001e7548","0x001e71b5","FUN_001f71b5","DATA"
"0x002a9fb0","0x001e754e","0x001e71b5","FUN_001f71b5","DATA"
"0x002a9fb0","0x001e72d6","0x001e71b5","FUN_001f71b5","DATA"
"0x002a9fb0","0x001e72dc","0x001e71b5","FUN_001f71b5","DATA"
"0x002a9fb0","0x001e7362","0x001e71b5","FUN_001f71b5","DATA"
"0x002a9fb0","0x001e7368","0x001e71b5","FUN_001f71b5","DATA"
"0x002a9fb0","0x001ef319","0x001ef2ee","FUN_001ff2ee","DATA"
"0x002a9fb0","0x001ef31f","0x001ef2ee","FUN_001ff2ee","DATA"
"0x002a9fb0","0x001ef503","0x001ef2ee","FUN_001ff2ee","DATA"
"0x002a9fb0","0x001ef509","0x001ef2ee","FUN_001ff2ee","DATA"
"0x002a9fb0","0x001ef62c","0x001ef2ee","FUN_001ff2ee","DATA"
"0x002a9fb0","0x001ef632","0x001ef2ee","FUN_001ff2ee","DATA"
"0x002a9fb0","0x001efda0","0x001ef2ee","FUN_001ff2ee","DATA"
"0x002a9fb0","0x001efda6","0x001ef2ee","FUN_001ff2ee","DATA"
"0x002a9fb0","0x001efea5","0x001ef2ee","FUN_001ff2ee","DATA"
"0x002a9fb0","0x001efeab","0x001ef2ee","FUN_001ff2ee","DATA"
"0x002a9fb0","0x001f0cbc","0x001ef2ee","FUN_001ff2ee","DATA"
"0x002a9fb0","0x001f0cc2","0x001ef2ee","FUN_001ff2ee","DATA"
"0x002a9fb0","0x001f10b4","0x001ef2ee","FUN_001ff2ee","DATA"
"0x002a9fb0","0x001f10ba","0x001ef2ee","FUN_001ff2ee","DATA"
"0x002a9fb0","0x001f1237","0x001ef2ee","FUN_001ff2ee","DATA"
"0x002a9fb0","0x001f123d","0x001ef2ee","FUN_001ff2ee","DATA"
"0x002a9fb0","0x001f0edb","0x001ef2ee","FUN_001ff2ee","DATA"
"0x002a9fb0","0x001f0ee1","0x001ef2ee","FUN_001ff2ee","DATA"
"0x002a9fb0","0x001f09af","0x001ef2ee","FUN_001ff2ee","DATA"
"0x002a9fb0","0x001f09b5","0x001ef2ee","FUN_001ff2ee","DATA"
"0x002a9fb0","0x001e982e","0x001e9781","FUN_001f9781","DATA"
"0x002a9fb0","0x001e9834","0x001e9781","FUN_001f9781","DATA"
"0x002a9fb0","0x001e98ac","0x001e9781","FUN_001f9781","DATA"
"0x002a9fb0","0x001e98b2","0x001e9781","FUN_001f9781","DATA"
"0x002a9fb0","0x001e99b7","0x001e9781","FUN_001f9781","DATA"
"0x002a9fb0","0x001e99bd","0x001e9781","FUN_001f9781","DATA"
"0x002a9fb0","0x001e9a3d","0x001e9781","FUN_001f9781","DATA"
"0x002a9fb0","0x001e9a43","0x001e9781","FUN_001f9781","DATA"
"0x002a9fb0","0x001ea937","0x001ea8f9","FUN_001fa8f9","DATA"
"0x002a9fb0","0x001ea93d","0x001ea8f9","FUN_001fa8f9","DATA"
"0x002a9fb0","0x001eab2f","0x001eaaf1","FUN_001faaf1","DATA"
"0x002a9fb0","0x001eab35","0x001eaaf1","FUN_001faaf1","DATA"
"0x002a9fb0","0x001ecc7d","0x001ecbfc","FUN_001fcbfc","DATA"
"0x002a9fb0","0x001ecc83","0x001ecbfc","FUN_001fcbfc","DATA"
"0x002a9fb0","0x001ecd01","0x001ecbfc","FUN_001fcbfc","DATA"
"0x002a9fb0","0x001ecd07","0x001ecbfc","FUN_001fcbfc","DATA"
"0x002a9fb0","0x001ead08","0x001eac87","FUN_001fac87","DATA"
"0x002a9fb0","0x001ead0e","0x001eac87","FUN_001fac87","DATA"
"0x002a9fb0","0x001eadbd","0x001ead89","FUN_001fad89","DATA"
"0x002a9fb0","0x001eadc3","0x001ead89","FUN_001fad89","DATA"
"0x002a9fb0","0x001ece6e","0x001ece3d","FUN_001fce3d","DATA"
"0x002a9fb0","0x001ece74","0x001ece3d","FUN_001fce3d","DATA"
"0x002a9fb0","0x001ecea9","0x001ece3d","FUN_001fce3d","DATA"
"0x002a9fb0","0x001eceaf","0x001ece3d","FUN_001fce3d","DATA"
"0x002a9fb0","0x001ecee7","0x001ece3d","FUN_001fce3d","DATA"
"0x002a9fb0","0x001eceed","0x001ece3d","FUN_001fce3d","DATA"
"0x002a9fb0","0x001ecf30","0x001ece3d","FUN_001fce3d","DATA"
"0x002a9fb0","0x001ecf36","0x001ece3d","FUN_001fce3d","DATA"
"0x002a9fb0","0x001ecf74","0x001ece3d","FUN_001fce3d","DATA"
"0x002a9fb0","0x001ecf7a","0x001ece3d","FUN_001fce3d","DATA"
"0x002a9fb0","0x001ed02d","0x001ece3d","FUN_001fce3d","DATA"
"0x002a9fb0","0x001ed033","0x001ece3d","FUN_001fce3d","DATA"
"0x002a9fb0","0x001eb324","0x001eaf3b","FUN_001faf3b","DATA"
"0x002a9fb0","0x001eb32a","0x001eaf3b","FUN_001faf3b","DATA"
"0x002a9fb0","0x001eb686","0x001eaf3b","FUN_001faf3b","DATA"
"0x002a9fb0","0x001eb68c","0x001eaf3b","FUN_001faf3b","DATA"
"0x002a9fb0","0x001ec412","0x001eaf3b","FUN_001faf3b","DATA"
"0x002a9fb0","0x001ec418","0x001eaf3b","FUN_001faf3b","DATA"
"0x002a9fb0","0x001ec469","0x001eaf3b","FUN_001faf3b","DATA"
"0x002a9fb0","0x001ec46f","0x001eaf3b","FUN_001faf3b","DATA"
"0x002a9fb0","0x001ec9f2","0x001eaf3b","FUN_001faf3b","DATA"
"0x002a9fb0","0x001ec9f8","0x001eaf3b","FUN_001faf3b","DATA"
"0x002a9fb0","0x001eca5f","0x001eaf3b","FUN_001faf3b","DATA"
"0x002a9fb0","0x001eca65","0x001eaf3b","FUN_001faf3b","DATA"
"0x002a9fb0","0x001ecaea","0x001eaf3b","FUN_001faf3b","DATA"
"0x002a9fb0","0x001ecaf0","0x001eaf3b","FUN_001faf3b","DATA"
"0x002a9fb0","0x001ec7ca","0x001eaf3b","FUN_001faf3b","DATA"
"0x002a9fb0","0x001ec7d0","0x001eaf3b","FUN_001faf3b","DATA"
"0x002a9fb0","0x001ec925","0x001eaf3b","FUN_001faf3b","DATA"
"0x002a9fb0","0x001ec92b","0x001eaf3b","FUN_001faf3b","DATA"
"0x002a9fb0","0x001ec59e","0x001eaf3b","FUN_001faf3b","DATA"
"0x002a9fb0","0x001ec5a4","0x001eaf3b","FUN_001faf3b","DATA"
"0x002a9fb0","0x001ebd1e","0x001eaf3b","FUN_001faf3b","DATA"
"0x002a9fb0","0x001ebd24","0x001eaf3b","FUN_001faf3b","DATA"
"0x002a9fb0","0x001ebfce","0x001eaf3b","FUN_001faf3b","DATA"
"0x002a9fb0","0x001ebfd4","0x001eaf3b","FUN_001faf3b","DATA"
"0x002a9fb0","0x001eb4f7","0x001eaf3b","FUN_001faf3b","DATA"
"0x002a9fb0","0x001eb4fd","0x001eaf3b","FUN_001faf3b","DATA"
"0x002a9fb0","0x001eaf81","0x001eaf3b","FUN_001faf3b","DATA"
"0x002a9fb0","0x001eaf87","0x001eaf3b","FUN_001faf3b","DATA"
"0x002a9fb0","0x001ea066","0x001ea031","FUN_001fa031","DATA"
"0x002a9fb0","0x001ea06c","0x001ea031","FUN_001fa031","DATA"
"0x002a9fb0","0x001ea26f","0x001ea031","FUN_001fa031","DATA"
"0x002a9fb0","0x001ea275","0x001ea031","FUN_001fa031","DATA"
"0x002a9fb0","0x001ee560","0x001ee103","FUN_001fe103","DATA"
"0x002a9fb0","0x001ee566","0x001ee103","FUN_001fe103","DATA"
"0x002a9fb0","0x001ee38a","0x001ee103","FUN_001fe103","DATA"
"0x002a9fb0","0x001ee390","0x001ee103","FUN_001fe103","DATA"
"0x002a9fb0","0x001ee742","0x001ee6fb","FUN_001fe6fb","DATA"
"0x002a9fb0","0x001ee748","0x001ee6fb","FUN_001fe6fb","DATA"
"0x002a9fb0","0x001ee77d","0x001ee6fb","FUN_001fe6fb","DATA"
"0x002a9fb0","0x001ee783","0x001ee6fb","FUN_001fe6fb","DATA"
"0x002a9fb0","0x001ee7d6","0x001ee6fb","FUN_001fe6fb","DATA"
"0x002a9fb0","0x001ee7dc","0x001ee6fb","FUN_001fe6fb","DATA"
"0x002a9fb0","0x001eea73","0x001ee6fb","FUN_001fe6fb","DATA"
"0x002a9fb0","0x001eea79","0x001ee6fb","FUN_001fe6fb","DATA"
"0x002a9fb0","0x001ee842","0x001ee6fb","FUN_001fe6fb","DATA"
"0x002a9fb0","0x001ee848","0x001ee6fb","FUN_001fe6fb","DATA"
"0x002a9fb0","0x001ee9c0","0x001ee6fb","FUN_001fe6fb","DATA"
"0x002a9fb0","0x001ee9c6","0x001ee6fb","FUN_001fe6fb","DATA"
"0x002a9fb0","0x001eeeec","0x001ee6fb","FUN_001fe6fb","DATA"
"0x002a9fb0","0x001eeef2","0x001ee6fb","FUN_001fe6fb","DATA"
"0x002a9fb0","0x001eef7e","0x001ee6fb","FUN_001fe6fb","DATA"
"0x002a9fb0","0x001eef84","0x001ee6fb","FUN_001fe6fb","DATA"
"0x002a9fb0","0x001eefcf","0x001ee6fb","FUN_001fe6fb","DATA"
"0x002a9fb0","0x001eefd5","0x001ee6fb","FUN_001fe6fb","DATA"
"0x002a9fb0","0x001eed3d","0x001ee6fb","FUN_001fe6fb","DATA"
"0x002a9fb0","0x001eed43","0x001ee6fb","FUN_001fe6fb","DATA"
"0x002a9fb0","0x001ea797","0x001ea759","FUN_001fa759","DATA"
"0x002a9fb0","0x001ea79d","0x001ea759","FUN_001fa759","DATA"
"0x002a9fb0","0x001e821d","0x001e80bb","FUN_001f80bb","DATA"
"0x002a9fb0","0x001e8223","0x001e80bb","FUN_001f80bb","DATA"
"0x002a9fb0","0x001e8297","0x001e80bb","FUN_001f80bb","DATA"
"0x002a9fb0","0x001e829d","0x001e80bb","FUN_001f80bb","DATA"
"0x002a9fb0","0x001e832a","0x001e80bb","FUN_001f80bb","DATA"
"0x002a9fb0","0x001e8330","0x001e80bb","FUN_001f80bb","DATA"
"0x002a9fb0","0x001e8667","0x001e80bb","FUN_001f80bb","DATA"
"0x002a9fb0","0x001e866d","0x001e80bb","FUN_001f80bb","DATA"
"0x002a9fb0","0x001e8a94","0x001e86a0","FUN_001f86a0","DATA"
"0x002a9fb0","0x001e8a9a","0x001e86a0","FUN_001f86a0","DATA"
"0x002a9fb0","0x001e9018","0x001e8b06","FUN_001f8b06","DATA"
"0x002a9fb0","0x001e901e","0x001e8b06","FUN_001f8b06","DATA"
"0x002ab724","0x001f6176","0x001f5be1","FUN_00205be1","DATA"
"0x002ab724","0x001f617c","0x001f5be1","FUN_00205be1","DATA"
"0x002ab724","0x001f7082","0x001f5be1","FUN_00205be1","DATA"
"0x002ab724","0x001f7088","0x001f5be1","FUN_00205be1","DATA"
"0x002ab724","0x001f6cba","0x001f5be1","FUN_00205be1","DATA"
"0x002ab724","0x001f6cc0","0x001f5be1","FUN_00205be1","DATA"
"0x002ab724","0x001f6842","0x001f5be1","FUN_00205be1","DATA"
"0x002ab724","0x001f6848","0x001f5be1","FUN_00205be1","DATA"
"0x002ab724","0x001f5efc","0x001f5be1","FUN_00205be1","DATA"
"0x002ab724","0x001f5f02","0x001f5be1","FUN_00205be1","DATA"
"0x002ab724","0x001f74d5","0x001f74ab","FUN_002074ab","DATA"
"0x002ab724","0x001f74db","0x001f74ab","FUN_002074ab","DATA"
"0x002ab724","0x001f9028","0x001f74ab","FUN_002074ab","DATA"
"0x002ab724","0x001f902e","0x001f74ab","FUN_002074ab","DATA"
"0x002ab724","0x001f9209","0x001f74ab","FUN_002074ab","DATA"
"0x002ab724","0x001f920f","0x001f74ab","FUN_002074ab","DATA"
"0x002ab724","0x001f9352","0x001f74ab","FUN_002074ab","DATA"
"0x002ab724","0x001f9358","0x001f74ab","FUN_002074ab","DATA"
"0x002ab724","0x001f778b","0x001f74ab","FUN_002074ab","DATA"
"0x002ab724","0x001f7791","0x001f74ab","FUN_002074ab","DATA"
"0x002ab724","0x001f7ac3","0x001f74ab","FUN_002074ab","DATA"
"0x002ab724","0x001f7ac9","0x001f74ab","FUN_002074ab","DATA"
"0x002ab724","0x001f7a3f","0x001f74ab","FUN_002074ab","DATA"
"0x002ab724","0x001f7a45","0x001f74ab","FUN_002074ab","DATA"
"0x002ab724","0x001f7d64","0x001f74ab","FUN_002074ab","DATA"
"0x002ab724","0x001f7d6a","0x001f74ab","FUN_002074ab","DATA"
"0x002ab724","0x001f7efe","0x001f74ab","FUN_002074ab","DATA"
"0x002ab724","0x001f7f04","0x001f74ab","FUN_002074ab","DATA"
"0x002ab724","0x001f7e88","0x001f74ab","FUN_002074ab","DATA"
"0x002ab724","0x001f7e8e","0x001f74ab","FUN_002074ab","DATA"
"0x002ab724","0x001f86de","0x001f74ab","FUN_002074ab","DATA"
"0x002ab724","0x001f86e4","0x001f74ab","FUN_002074ab","DATA"
"0x002ab724","0x001f87a4","0x001f74ab","FUN_002074ab","DATA"
"0x002ab724","0x001f87aa","0x001f74ab","FUN_002074ab","DATA"
"0x002ab724","0x001f82fa","0x001f74ab","FUN_002074ab","DATA"
"0x002ab724","0x001f8300","0x001f74ab","FUN_002074ab","DATA"
"0x002ab724","0x001f8241","0x001f74ab","FUN_002074ab","DATA"
"0x002ab724","0x001f8247","0x001f74ab","FUN_002074ab","DATA"
"0x002ab724","0x001f8483","0x001f74ab","FUN_002074ab","DATA"
"0x002ab724","0x001f8489","0x001f74ab","FUN_002074ab","DATA"
"0x002ab724","0x001f84c8","0x001f74ab","FUN_002074ab","DATA"
"0x002ab724","0x001f84ce","0x001f74ab","FUN_002074ab","DATA"
"0x002ab724","0x001f85de","0x001f74ab","FUN_002074ab","DATA"
"0x002ab724","0x001f85e4","0x001f74ab","FUN_002074ab","DATA"
"0x002ab724","0x001f8525","0x001f74ab","FUN_002074ab","DATA"
"0x002ab724","0x001f852b","0x001f74ab","FUN_002074ab","DATA"
"0x002ab724","0x001f8627","0x001f74ab","FUN_002074ab","DATA"
"0x002ab724","0x001f862d","0x001f74ab","FUN_002074ab","DATA"
"0x002ab724","0x001f7c87","0x001f74ab","FUN_002074ab","DATA"
"0x002ab724","0x001f7c8d","0x001f74ab","FUN_002074ab","DATA"
"0x002ab724","0x001f7c31","0x001f74ab","FUN_002074ab","DATA"
"0x002ab724","0x001f7c37","0x001f74ab","FUN_002074ab","DATA"
"0x002ab724","0x001f751d","0x001f74ab","FUN_002074ab","DATA"
"0x002ab724","0x001f7523","0x001f74ab","FUN_002074ab","DATA"
"0x002ab724","0x001f2e12","0x001f2dd5","FUN_00202dd5","DATA"
"0x002ab724","0x001f2e18","0x001f2dd5","FUN_00202dd5","DATA"
"0x002ab724","0x001f2eaa","0x001f2e50","FUN_00202e50","DATA"
"0x002ab724","0x001f2eb0","0x001f2e50","FUN_00202e50","DATA"
"0x002ab724","0x001f2f09","0x001f2ed6","FUN_00202ed6","DATA"
"0x002ab724","0x001f2f0f","0x001f2ed6","FUN_00202ed6","DATA"
"0x002ab724","0x001f2f83","0x001f2ed6","FUN_00202ed6","DATA"
"0x002ab724","0x001f2f89","0x001f2ed6","FUN_00202ed6","DATA"
"0x002ab724","0x001f384d","0x001f2fc1","FUN_00202fc1","DATA"
"0x002ab724","0x001f3853","0x001f2fc1","FUN_00202fc1","DATA"
"0x002ab724","0x001f3332","0x001f2fc1","FUN_00202fc1","DATA"
"0x002ab724","0x001f3338","0x001f2fc1","FUN_00202fc1","DATA"
"0x002ab724","0x001f4d40","0x001f40d3","FUN_002040d3","DATA"
"0x002ab724","0x001f4d46","0x001f40d3","FUN_002040d3","DATA"
"0x002ab724","0x001f55a6","0x001f40d3","FUN_002040d3","DATA"
"0x002ab724","0x001f55ac","0x001f40d3","FUN_002040d3","DATA"
"0x002ab724","0x001f5867","0x001f40d3","FUN_002040d3","DATA"
"0x002ab724","0x001f586d","0x001f40d3","FUN_002040d3","DATA"
"0x002ab724","0x001f5908","0x001f40d3","FUN_002040d3","DATA"
"0x002ab724","0x001f590e","0x001f40d3","FUN_002040d3","DATA"
"0x002ab724","0x001f5940","0x001f40d3","FUN_002040d3","DATA"
"0x002ab724","0x001f5946","0x001f40d3","FUN_002040d3","DATA"
"0x002ab724","0x001f5998","0x001f40d3","FUN_002040d3","DATA"
"0x002ab724","0x001f599e","0x001f40d3","FUN_002040d3","DATA"
"0x002ab724","0x001f5671","0x001f40d3","FUN_002040d3","DATA"
"0x002ab724","0x001f5677","0x001f40d3","FUN_002040d3","DATA"
"0x002ab724","0x001f4c77","0x001f40d3","FUN_002040d3","DATA"
"0x002ab724","0x001f4c7d","0x001f40d3","FUN_002040d3","DATA"
"0x002ab724","0x001f4825","0x001f40d3","FUN_002040d3","DATA"
"0x002ab724","0x001f482b","0x001f40d3","FUN_002040d3","DATA"
"0x002ab724","0x001f443a","0x001f40d3","FUN_002040d3","DATA"
"0x002ab724","0x001f4440","0x001f40d3","FUN_002040d3","DATA"
"0x002ab724","0x001f4471","0x001f40d3","FUN_002040d3","DATA"
"0x002ab724","0x001f4477","0x001f40d3","FUN_002040d3","DATA"
"0x002abbf4","0x001f9213","0x001f74ab","FUN_002074ab","DATA"
"0x002abbf4","0x001f9219","0x001f74ab","FUN_002074ab","DATA"
"0x002abbf4","0x001f935c","0x001f74ab","FUN_002074ab","DATA"
"0x002abbf4","0x001f9362","0x001f74ab","FUN_002074ab","DATA"
"0x002abbf4","0x001f7d6e","0x001f74ab","FUN_002074ab","DATA"
"0x002abbf4","0x001f7d74","0x001f74ab","FUN_002074ab","DATA"
"0x002abbf4","0x001f87ae","0x001f74ab","FUN_002074ab","DATA"
"0x002abbf4","0x001f87b4","0x001f74ab","FUN_002074ab","DATA"
"0x002abd8f","0x001fa04f","0x001f9d45","FUN_00209d45","DATA"
"0x002abd8f","0x001fa055","0x001f9d45","FUN_00209d45","DATA"
"0x002abd8f","0x001f9f6c","0x001f9d45","FUN_00209d45","DATA"
"0x002abd8f","0x001f9f72","0x001f9d45","FUN_00209d45","DATA"
"0x002abd8f","0x001f9da2","0x001f9d45","FUN_00209d45","DATA"
"0x002abd8f","0x001f9da8","0x001f9d45","FUN_00209d45","DATA"
"0x002abd8f","0x001fb96f","0x001fb7af","FUN_0020b7af","DATA"
"0x002abd8f","0x001fb975","0x001fb7af","FUN_0020b7af","DATA"
"0x002abd8f","0x001fba0d","0x001fb7af","FUN_0020b7af","DATA"
"0x002abd8f","0x001fba13","0x001fb7af","FUN_0020b7af","DATA"
"0x002abd8f","0x001fbc41","0x001fb7af","FUN_0020b7af","DATA"
"0x002abd8f","0x001fbc47","0x001fb7af","FUN_0020b7af","DATA"
"0x002abd8f","0x001fbd29","0x001fb7af","FUN_0020b7af","DATA"
"0x002abd8f","0x001fbd2f","0x001fb7af","FUN_0020b7af","DATA"
"0x002abd8f","0x001fbdc0","0x001fb7af","FUN_0020b7af","DATA"
"0x002abd8f","0x001fbdc6","0x001fb7af","FUN_0020b7af","DATA"
"0x002abd8f","0x001fbdfd","0x001fb7af","FUN_0020b7af","DATA"
"0x002abd8f","0x001fbe03","0x001fb7af","FUN_0020b7af","DATA"
"0x002abd8f","0x001fbe38","0x001fb7af","FUN_0020b7af","DATA"
"0x002abd8f","0x001fbe3e","0x001fb7af","FUN_0020b7af","DATA"
"0x002abd8f","0x001fbee9","0x001fb7af","FUN_0020b7af","DATA"
"0x002abd8f","0x001fbeef","0x001fb7af","FUN_0020b7af","DATA"
"0x002abd8f","0x001fbfce","0x001fb7af","FUN_0020b7af","DATA"
"0x002abd8f","0x001fbfd4","0x001fb7af","FUN_0020b7af","DATA"
"0x002abd8f","0x001fc04d","0x001fb7af","FUN_0020b7af","DATA"
"0x002abd8f","0x001fc053","0x001fb7af","FUN_0020b7af","DATA"
"0x002abd8f","0x001fba96","0x001fb7af","FUN_0020b7af","DATA"
"0x002abd8f","0x001fba9c","0x001fb7af","FUN_0020b7af","DATA"
"0x002abd8f","0x001fa0af","0x001fa095","FUN_0020a095","DATA"
"0x002abd8f","0x001fa0b5","0x001fa095","FUN_0020a095","DATA"
"0x002abd8f","0x001fa576","0x001fa3ea","FUN_0020a3ea","DATA"
"0x002abd8f","0x001fa57c","0x001fa3ea","FUN_0020a3ea","DATA"
"0x002abe2c","0x001fb979","0x001fb7af","FUN_0020b7af","DATA"
"0x002abe2c","0x001fb97f","0x001fb7af","FUN_0020b7af","DATA"
"0x002abe50","0x001fba17","0x001fb7af","FUN_0020b7af","DATA"
"0x002abe50","0x001fba1d","0x001fb7af","FUN_0020b7af","DATA"
"0x002abeac","0x001fbc4b","0x001fb7af","FUN_0020b7af","DATA"
"0x002abeac","0x001fbc51","0x001fb7af","FUN_0020b7af","DATA"
"0x002abed4","0x001fbd33","0x001fb7af","FUN_0020b7af","DATA"
"0x002abed4","0x001fbd39","0x001fb7af","FUN_0020b7af","DATA"
"0x002abef4","0x001fbdca","0x001fb7af","FUN_0020b7af","DATA"
"0x002abef4","0x001fbdd0","0x001fb7af","FUN_0020b7af","DATA"
"0x002abfb0","0x001fbef3","0x001fb7af","FUN_0020b7af","DATA"
"0x002abfb0","0x001fbef9","0x001fb7af","FUN_0020b7af","DATA"
"0x002ac058","0x001fd497","0x001fd0f6","FUN_0020d0f6","DATA"
"0x002ac058","0x001fd49d","0x001fd0f6","FUN_0020d0f6","DATA"
"0x002ac058","0x001fd6d3","0x001fd0f6","FUN_0020d0f6","DATA"
"0x002ac058","0x001fd6d9","0x001fd0f6","FUN_0020d0f6","DATA"
"0x002ac058","0x001fd4e0","0x001fd0f6","FUN_0020d0f6","DATA"
"0x002ac058","0x001fd4e6","0x001fd0f6","FUN_0020d0f6","DATA"
"0x002ac058","0x001fd88f","0x001fd0f6","FUN_0020d0f6","DATA"
"0x002ac058","0x001fd895","0x001fd0f6","FUN_0020d0f6","DATA"
"0x002ac058","0x001fdac7","0x001fd0f6","FUN_0020d0f6","DATA"
"0x002ac058","0x001fdacd","0x001fd0f6","FUN_0020d0f6","DATA"
"0x002ac058","0x002057b3","0x00203497","FUN_00213497","DATA"
"0x002ac058","0x002057b9","0x00203497","FUN_00213497","DATA"
"0x002ac058","0x00205849","0x00203497","FUN_00213497","DATA"
"0x002ac058","0x0020584f","0x00203497","FUN_00213497","DATA"
"0x002ac058","0x00204cfd","0x00203497","FUN_00213497","DATA"
"0x002ac058","0x00204d03","0x00203497","FUN_00213497","DATA"
"0x002ac058","0x00203d2b","0x00203497","FUN_00213497","DATA"
"0x002ac058","0x00203d31","0x00203497","FUN_00213497","DATA"
"0x002ac058","0x002013fb","0x00200a62","FUN_00210a62","DATA"
"0x002ac058","0x00201401","0x00200a62","FUN_00210a62","DATA"
"0x002ac058","0x00201686","0x00200a62","FUN_00210a62","DATA"
"0x002ac058","0x0020168c","0x00200a62","FUN_00210a62","DATA"
"0x002ac058","0x002014ba","0x00200a62","FUN_00210a62","DATA"
"0x002ac058","0x002014c0","0x00200a62","FUN_00210a62","DATA"
"0x002ac058","0x001fedd9","0x001fed6b","FUN_0020ed6b","DATA"
"0x002ac058","0x001feddf","0x001fed6b","FUN_0020ed6b","DATA"
"0x002ac058","0x001fee0e","0x001fed6b","FUN_0020ed6b","DATA"
"0x002ac058","0x001fee14","0x001fed6b","FUN_0020ed6b","DATA"
"0x002ac058","0x001fef29","0x001fed6b","FUN_0020ed6b","DATA"
"0x002ac058","0x001fef2f","0x001fed6b","FUN_0020ed6b","DATA"
"0x002ac058","0x001fef6a","0x001fed6b","FUN_0020ed6b","DATA"
"0x002ac058","0x001fef70","0x001fed6b","FUN_0020ed6b","DATA"
"0x002ac058","0x00200012","0x001fed6b","FUN_0020ed6b","DATA"
"0x002ac058","0x00200018","0x001fed6b","FUN_0020ed6b","DATA"
"0x002ac058","0x001ff30c","0x001fed6b","FUN_0020ed6b","DATA"
"0x002ac058","0x001ff312","0x001fed6b","FUN_0020ed6b","DATA"
"0x002ac058","0x001fefe5","0x001fed6b","FUN_0020ed6b","DATA"
"0x002ac058","0x001fefeb","0x001fed6b","FUN_0020ed6b","DATA"
"0x002ac058","0x001ffa2b","0x001fed6b","FUN_0020ed6b","DATA"
"0x002ac058","0x001ffa31","0x001fed6b","FUN_0020ed6b","DATA"
"0x002ac058","0x001ffaee","0x001fed6b","FUN_0020ed6b","DATA"
"0x002ac058","0x001ffaf4","0x001fed6b","FUN_0020ed6b","DATA"
"0x002ac058","0x001ffe2d","0x001fed6b","FUN_0020ed6b","DATA"
"0x002ac058","0x001ffe33","0x001fed6b","FUN_0020ed6b","DATA"
"0x002ac058","0x001ff068","0x001fed6b","FUN_0020ed6b","DATA"
"0x002ac058","0x001ff06e","0x001fed6b","FUN_0020ed6b","DATA"
"0x002ac058","0x001fee8c","0x001fed6b","FUN_0020ed6b","DATA"
"0x002ac058","0x001fee92","0x001fed6b","FUN_0020ed6b","DATA"
"0x002ac058","0x001feec4","0x001fed6b","FUN_0020ed6b","DATA"
"0x002ac058","0x001feeca","0x001fed6b","FUN_0020ed6b","DATA"
"0x002ac058","0x001fc4b9","0x001fc3b9","FUN_0020c3b9","DATA"
"0x002ac058","0x001fc4bf","0x001fc3b9","FUN_0020c3b9","DATA"
"0x002ac058","0x001fc548","0x001fc3b9","FUN_0020c3b9","DATA"
"0x002ac058","0x001fc54e","0x001fc3b9","FUN_0020c3b9","DATA"
"0x002ac058","0x001fc57d","0x001fc3b9","FUN_0020c3b9","DATA"
"0x002ac058","0x001fc583","0x001fc3b9","FUN_0020c3b9","DATA"
"0x002ac058","0x001fc5b2","0x001fc3b9","FUN_0020c3b9","DATA"
"0x002ac058","0x001fc5b8","0x001fc3b9","FUN_0020c3b9","DATA"
"0x002ac058","0x001fe6fa","0x001fe67a","FUN_0020e67a","DATA"
"0x002ac058","0x001fe700","0x001fe67a","FUN_0020e67a","DATA"
"0x002ac460","0x00207f15","0x00207a74","FUN_00217a74","DATA"
"0x002ac460","0x00207f1b","0x00207a74","FUN_00217a74","DATA"
"0x002ac460","0x00207f6f","0x00207a74","FUN_00217a74","DATA"
"0x002ac460","0x00207f75","0x00207a74","FUN_00217a74","DATA"
"0x002ac460","0x00208215","0x00207a74","FUN_00217a74","DATA"
"0x002ac460","0x0020821b","0x00207a74","FUN_00217a74","DATA"
"0x002ac460","0x0020829d","0x00207a74","FUN_00217a74","DATA"
"0x002ac460","0x002082a3","0x00207a74","FUN_00217a74","DATA"
"0x002ac460","0x002092ad","0x0020906a","FUN_0021906a","DATA"
"0x002ac460","0x002092b3","0x0020906a","FUN_0021906a","DATA"
"0x002ac460","0x0020a04f","0x0020906a","FUN_0021906a","DATA"
"0x002ac460","0x0020a055","0x0020906a","FUN_0021906a","DATA"
"0x002ac460","0x0020a164","0x0020906a","FUN_0021906a","DATA"
"0x002ac460","0x0020a16a","0x0020906a","FUN_0021906a","DATA"
"0x002ac460","0x0020a6b8","0x0020906a","FUN_0021906a","DATA"
"0x002ac460","0x0020a6be","0x0020906a","FUN_0021906a","DATA"
"0x002ac460","0x0020a89f","0x0020906a","FUN_0021906a","DATA"
"0x002ac460","0x0020a8a5","0x0020906a","FUN_0021906a","DATA"
"0x002ac460","0x0020a1e9","0x0020906a","FUN_0021906a","DATA"
"0x002ac460","0x0020a1ef","0x0020906a","FUN_0021906a","DATA"
"0x002ac460","0x0020985a","0x0020906a","FUN_0021906a","DATA"
"0x002ac460","0x00209860","0x0020906a","FUN_0021906a","DATA"
"0x002ac460","0x00209bf6","0x0020906a","FUN_0021906a","DATA"
"0x002ac460","0x00209bfc","0x0020906a","FUN_0021906a","DATA"
"0x002ac460","0x00209c67","0x0020906a","FUN_0021906a","DATA"
"0x002ac460","0x00209c6d","0x0020906a","FUN_0021906a","DATA"
"0x002ac460","0x0020922f","0x0020906a","FUN_0021906a","DATA"
"0x002ac460","0x00209235","0x0020906a","FUN_0021906a","DATA"
"0x002ac460","0x002091ac","0x0020906a","FUN_0021906a","DATA"
"0x002ac460","0x002091b2","0x0020906a","FUN_0021906a","DATA"
"0x002ac460","0x002073ef","0x0020733b","FUN_0021733b","DATA"
"0x002ac460","0x002073f5","0x0020733b","FUN_0021733b","DATA"
"0x002ac460","0x0020744a","0x0020733b","FUN_0021733b","DATA"
"0x002ac460","0x00207450","0x0020733b","FUN_0021733b","DATA"
"0x002ac460","0x00207815","0x00207529","FUN_00217529","DATA"
"0x002ac460","0x0020781b","0x00207529","FUN_00217529","DATA"
"0x002ac460","0x00207936","0x00207529","FUN_00217529","DATA"
"0x002ac460","0x0020793c","0x00207529","FUN_00217529","DATA"
"0x002ac460","0x00207735","0x00207529","FUN_00217529","DATA"
"0x002ac460","0x0020773b","0x00207529","FUN_00217529","DATA"
"0x002ac460","0x00206cdc","0x00206c9d","FUN_00216c9d","DATA"
"0x002ac460","0x00206ce2","0x00206c9d","FUN_00216c9d","DATA"
"0x002ac460","0x00206d8d","0x00206c9d","FUN_00216c9d","DATA"
"0x002ac460","0x00206d93","0x00206c9d","FUN_00216c9d","DATA"
"0x002ac460","0x00206d5a","0x00206c9d","FUN_00216c9d","DATA"
"0x002ac460","0x00206d60","0x00206c9d","FUN_00216c9d","DATA"
"0x002ac460","0x00208f31","0x00208cce","FUN_00218cce","DATA"
"0x002ac460","0x00208f37","0x00208cce","FUN_00218cce","DATA"
"0x002ac460","0x00206e2b","0x00206dc3","FUN_00216dc3","DATA"
"0x002ac460","0x00206e31","0x00206dc3","FUN_00216dc3","DATA"
"0x002ac460","0x00206e84","0x00206dc3","FUN_00216dc3","DATA"
"0x002ac460","0x00206e8a","0x00206dc3","FUN_00216dc3","DATA"
"0x002ac460","0x002072cc","0x00206fcf","FUN_00216fcf","DATA"
"0x002ac460","0x002072d2","0x00206fcf","FUN_00216fcf","DATA"
"0x002ac460","0x0020705a","0x00206fcf","FUN_00216fcf","DATA"
"0x002ac460","0x00207060","0x00206fcf","FUN_00216fcf","DATA"
"0x002ac890","0x0020de85","0x0020d811","FUN_0021d811","DATA"
"0x002ac890","0x0020de8b","0x0020d811","FUN_0021d811","DATA"
"0x002ac890","0x0020ba53","0x0020b9db","FUN_0021b9db","DATA"
"0x002ac890","0x0020ba59","0x0020b9db","FUN_0021b9db","DATA"
"0x002ac890","0x0020c1d0","0x0020bdc8","FUN_0021bdc8","DATA"
"0x002ac890","0x0020c1d6","0x0020bdc8","FUN_0021bdc8","DATA"
"0x002ac890","0x0020bfdf","0x0020bdc8","FUN_0021bdc8","DATA"
"0x002ac890","0x0020bfe5","0x0020bdc8","FUN_0021bdc8","DATA"
"0x002ac890","0x0020b8d4","0x0020b56e","FUN_0021b56e","DATA"
"0x002ac890","0x0020b8da","0x0020b56e","FUN_0021b56e","DATA"
"0x002ac890","0x00210730","0x0020f60f","FUN_0021f60f","DATA"
"0x002ac890","0x00210736","0x0020f60f","FUN_0021f60f","DATA"
"0x002ac890","0x002111f3","0x0020f60f","FUN_0021f60f","DATA"
"0x002ac890","0x002111f9","0x0020f60f","FUN_0021f60f","DATA"
"0x002ac890","0x00211817","0x0020f60f","FUN_0021f60f","DATA"
"0x002ac890","0x0021181d","0x0020f60f","FUN_0021f60f","DATA"
"0x002ac890","0x0020fb0e","0x0020f60f","FUN_0021f60f","DATA"
"0x002ac890","0x0020fb14","0x0020f60f","FUN_0021f60f","DATA"
"0x002ac890","0x0020acae","0x0020abe1","FUN_0021abe1","DATA"
"0x002ac890","0x0020acb4","0x0020abe1","FUN_0021abe1","DATA"
"0x002ac890","0x0020acdf","0x0020abe1","FUN_0021abe1","DATA"
"0x002ac890","0x0020ace5","0x0020abe1","FUN_0021abe1","DATA"
"0x002ac890","0x0020ad14","0x0020abe1","FUN_0021abe1","DATA"
"0x002ac890","0x0020ad1a","0x0020abe1","FUN_0021abe1","DATA"
"0x002ac890","0x0020e34c","0x0020e103","FUN_0021e103","DATA"
"0x002ac890","0x0020e352","0x0020e103","FUN_0021e103","DATA"
"0x002acad4","0x00211a52","0x002119ac","FUN_002219ac","DATA"
"0x002acad4","0x00211a58","0x002119ac","FUN_002219ac","DATA"
"0x002acad4","0x00219b50","0x00219998","FUN_00229998","DATA"
"0x002acad4","0x00219b56","0x00219998","FUN_00229998","DATA"
"0x002acad4","0x00219d64","0x00219998","FUN_00229998","DATA"
"0x002acad4","0x00219d6a","0x00219998","FUN_00229998","DATA"
"0x002acad4","0x0021bdd2","0x00219998","FUN_00229998","DATA"
"0x002acad4","0x0021bdd8","0x00219998","FUN_00229998","DATA"
"0x002acad4","0x0021b078","0x00219998","FUN_00229998","DATA"
"0x002acad4","0x0021b07e","0x00219998","FUN_00229998","DATA"
"0x002acad4","0x0021b0d7","0x00219998","FUN_00229998","DATA"
"0x002acad4","0x0021b0dd","0x00219998","FUN_00229998","DATA"
"0x002acad4","0x0021b1af","0x00219998","FUN_00229998","DATA"
"0x002acad4","0x0021b1b5","0x00219998","FUN_00229998","DATA"
"0x002acad4","0x0021a431","0x00219998","FUN_00229998","DATA"
"0x002acad4","0x0021a437","0x00219998","FUN_00229998","DATA"
"0x002acad4","0x0021a318","0x00219998","FUN_00229998","DATA"
"0x002acad4","0x0021a31e","0x00219998","FUN_00229998","DATA"
"0x002acad4","0x00211ae8","0x00211ab9","FUN_00221ab9","DATA"
"0x002acad4","0x00211aee","0x00211ab9","FUN_00221ab9","DATA"
"0x002acad4","0x00211beb","0x00211b37","FUN_00221b37","DATA"
"0x002acad4","0x00211bf1","0x00211b37","FUN_00221b37","DATA"
"0x002acad4","0x00211ec6","0x00211c4d","FUN_00221c4d","DATA"
"0x002acad4","0x00211ecc","0x00211c4d","FUN_00221c4d","DATA"
"0x002acad4","0x00211efb","0x00211c4d","FUN_00221c4d","DATA"
"0x002acad4","0x00211f01","0x00211c4d","FUN_00221c4d","DATA"
"0x002acad4","0x00213b29","0x002137bb","FUN_002237bb","DATA"
"0x002acad4","0x00213b2f","0x002137bb","FUN_002237bb","DATA"
"0x002acad4","0x00213884","0x002137bb","FUN_002237bb","DATA"
"0x002acad4","0x0021388a","0x002137bb","FUN_002237bb","DATA"
"0x002acad4","0x00213857","0x002137bb","FUN_002237bb","DATA"
"0x002acad4","0x0021385d","0x002137bb","FUN_002237bb","DATA"
"0x002acad4","0x00214c65","0x002149c5","FUN_002249c5","DATA"
"0x002acad4","0x00214c6b","0x002149c5","FUN_002249c5","DATA"
"0x002acad4","0x00212ca4","0x00212b25","FUN_00222b25","DATA"
"0x002acad4","0x00212caa","0x00212b25","FUN_00222b25","DATA"
"0x002acad4","0x002130b1","0x00212b25","FUN_00222b25","DATA"
"0x002acad4","0x002130b7","0x00212b25","FUN_00222b25","DATA"
"0x002acad4","0x00212ecb","0x00212b25","FUN_00222b25","DATA"
"0x002acad4","0x00212ed1","0x00212b25","FUN_00222b25","DATA"
"0x002acad4","0x00212c40","0x00212b25","FUN_00222b25","DATA"
"0x002acad4","0x00212c46","0x00212b25","FUN_00222b25","DATA"
"0x002acad4","0x00215808","0x00214f0d","FUN_00224f0d","DATA"
"0x002acad4","0x0021580e","0x00214f0d","FUN_00224f0d","DATA"
"0x002acad4","0x00215024","0x00214f0d","FUN_00224f0d","DATA"
"0x002acad4","0x0021502a","0x00214f0d","FUN_00224f0d","DATA"
"0x002acf6c","0x0021dd02","0x0021dbd4","FUN_0022dbd4","DATA"
"0x002acf6c","0x0021dd08","0x0021dbd4","FUN_0022dbd4","DATA"
"0x002acf6c","0x0021d81d","0x0021d79f","FUN_0022d79f","DATA"
"0x002acf6c","0x0021d823","0x0021d79f","FUN_0022d79f","DATA"
"0x002acf6c","0x0021d893","0x0021d79f","FUN_0022d79f","DATA"
"0x002acf6c","0x0021d899","0x0021d79f","FUN_0022d79f","DATA"
"0x002acf6c","0x0021d90b","0x0021d79f","FUN_0022d79f","DATA"
"0x002acf6c","0x0021d911","0x0021d79f","FUN_0022d79f","DATA"
"0x002acf6c","0x0021ed1a","0x0021e861","FUN_0022e861","DATA"
"0x002acf6c","0x0021ed20","0x0021e861","FUN_0022e861","DATA"
"0x002acf6c","0x0021ed50","0x0021e861","FUN_0022e861","DATA"
"0x002acf6c","0x0021ed56","0x0021e861","FUN_0022e861","DATA"
"0x002acf6c","0x0021ed86","0x0021e861","FUN_0022e861","DATA"
"0x002acf6c","0x0021ed8c","0x0021e861","FUN_0022e861","DATA"
"0x002acf6c","0x0022287d","0x00222852","FUN_00232852","DATA"
"0x002acf6c","0x00222883","0x00222852","FUN_00232852","DATA"
"0x002acf6c","0x0022321b","0x00222852","FUN_00232852","DATA"
"0x002acf6c","0x00223221","0x00222852","FUN_00232852","DATA"
"0x002acf6c","0x002233b6","0x00222852","FUN_00232852","DATA"
"0x002acf6c","0x002233bc","0x00222852","FUN_00232852","DATA"
"0x002acf6c","0x002235e0","0x00222852","FUN_00232852","DATA"
"0x002acf6c","0x002235e6","0x00222852","FUN_00232852","DATA"
"0x002acf6c","0x002244da","0x00222852","FUN_00232852","DATA"
"0x002acf6c","0x002244e0","0x00222852","FUN_00232852","DATA"
"0x002acf6c","0x00222a97","0x00222852","FUN_00232852","DATA"
"0x002acf6c","0x00222a9d","0x00222852","FUN_00232852","DATA"
"0x002acf6c","0x0021fde8","0x0021e861","FUN_0022e861","DATA"
"0x002acf6c","0x0021fdee","0x0021e861","FUN_0022e861","DATA"
"0x002acf6c","0x0021e919","0x0021e861","FUN_0022e861","DATA"
"0x002acf6c","0x0021e91f","0x0021e861","FUN_0022e861","DATA"
"0x002acf6c","0x0021cba1","0x0021cb79","FUN_0022cb79","DATA"
"0x002acf6c","0x0021cba7","0x0021cb79","FUN_0022cb79","DATA"
"0x002acf6c","0x0021cdda","0x0021cb79","FUN_0022cb79","DATA"
"0x002acf6c","0x0021cde0","0x0021cb79","FUN_0022cb79","DATA"
"0x002acf6c","0x0022173d","0x00220d34","FUN_00230d34","DATA"
"0x002acf6c","0x00221743","0x00220d34","FUN_00230d34","DATA"
"0x002acf6c","0x00221511","0x00220d34","FUN_00230d34","DATA"
"0x002acf6c","0x00221517","0x00220d34","FUN_00230d34","DATA"
"0x002acf6c","0x0021d49a","0x0021ce0c","FUN_0022ce0c","DATA"
"0x002acf6c","0x0021d4a0","0x0021ce0c","FUN_0022ce0c","DATA"
"0x002acf6c","0x0021d56c","0x0021ce0c","FUN_0022ce0c","DATA"
"0x002acf6c","0x0021d572","0x0021ce0c","FUN_0022ce0c","DATA"
"0x002acf6c","0x0021d5ee","0x0021ce0c","FUN_0022ce0c","DATA"
"0x002acf6c","0x0021d5f4","0x0021ce0c","FUN_0022ce0c","DATA"
"0x002acf6c","0x0021d653","0x0021ce0c","FUN_0022ce0c","DATA"
"0x002acf6c","0x0021d659","0x0021ce0c","FUN_0022ce0c","DATA"
"0x002acf6c","0x0021d6bd","0x0021ce0c","FUN_0022ce0c","DATA"
"0x002acf6c","0x0021d6c3","0x0021ce0c","FUN_0022ce0c","DATA"
"0x002acf6c","0x0021d72a","0x0021ce0c","FUN_0022ce0c","DATA"
"0x002acf6c","0x0021d730","0x0021ce0c","FUN_0022ce0c","DATA"
"0x002acf6c","0x0021d39d","0x0021ce0c","FUN_0022ce0c","DATA"
"0x002acf6c","0x0021d3a3","0x0021ce0c","FUN_0022ce0c","DATA"
"0x002acf6c","0x0021d3de","0x0021ce0c","FUN_0022ce0c","DATA"
"0x002acf6c","0x0021d3e4","0x0021ce0c","FUN_0022ce0c","DATA"
"0x002acf6c","0x0021d42e","0x0021ce0c","FUN_0022ce0c","DATA"
"0x002acf6c","0x0021d434","0x0021ce0c","FUN_0022ce0c","DATA"
"0x002acf6c","0x0021d0ee","0x0021ce0c","FUN_0022ce0c","DATA"
"0x002acf6c","0x0021d0f4","0x0021ce0c","FUN_0022ce0c","DATA"
"0x002acf6c","0x0021d141","0x0021ce0c","FUN_0022ce0c","DATA"
"0x002acf6c","0x0021d147","0x0021ce0c","FUN_0022ce0c","DATA"
"0x002acf6c","0x0021d196","0x0021ce0c","FUN_0022ce0c","DATA"
"0x002acf6c","0x0021d19c","0x0021ce0c","FUN_0022ce0c","DATA"
"0x002acf6c","0x0021d1e6","0x0021ce0c","FUN_0022ce0c","DATA"
"0x002acf6c","0x0021d1ec","0x0021ce0c","FUN_0022ce0c","DATA"
"0x002acf6c","0x0021d327","0x0021ce0c","FUN_0022ce0c","DATA"
"0x002acf6c","0x0021d32d","0x0021ce0c","FUN_0022ce0c","DATA"
"0x002acf6c","0x0021d75f","0x0021ce0c","FUN_0022ce0c","DATA"
"0x002acf6c","0x0021d765","0x0021ce0c","FUN_0022ce0c","DATA"
"0x002acf6c","0x0021ce60","0x0021ce0c","FUN_0022ce0c","DATA"
"0x002acf6c","0x0021ce66","0x0021ce0c","FUN_0022ce0c","DATA"
"0x002acf6c","0x0021ce9a","0x0021ce0c","FUN_0022ce0c","DATA"
"0x002acf6c","0x0021cea0","0x0021ce0c","FUN_0022ce0c","DATA"
"0x002acf6c","0x0021ced9","0x0021ce0c","FUN_0022ce0c","DATA"
"0x002acf6c","0x0021cedf","0x0021ce0c","FUN_0022ce0c","DATA"
"0x002acf6c","0x0021cf11","0x0021ce0c","FUN_0022ce0c","DATA"
"0x002acf6c","0x0021cf17","0x0021ce0c","FUN_0022ce0c","DATA"
"0x002acf6c","0x0021cf46","0x0021ce0c","FUN_0022ce0c","DATA"
"0x002acf6c","0x0021cf4c","0x0021ce0c","FUN_0022ce0c","DATA"
"0x002acf6c","0x0021c38e","0x0021c169","FUN_0022c169","DATA"
"0x002acf6c","0x0021c394","0x0021c169","FUN_0022c169","DATA"
"0x002acf6c","0x0021c3d2","0x0021c169","FUN_0022c169","DATA"
"0x002acf6c","0x0021c3d8","0x0021c169","FUN_0022c169","DATA"
"0x002acf6c","0x0021c31e","0x0021c169","FUN_0022c169","DATA"
"0x002acf6c","0x0021c324","0x0021c169","FUN_0022c169","DATA"
"0x002acf6c","0x0021c402","0x0021c169","FUN_0022c169","DATA"
"0x002acf6c","0x0021c408","0x0021c169","FUN_0022c169","DATA"
"0x002acf6c","0x0021c27e","0x0021c169","FUN_0022c169","DATA"
"0x002acf6c","0x0021c284","0x0021c169","FUN_0022c169","DATA"
"0x002acf6c","0x0021c21a","0x0021c169","FUN_0022c169","DATA"
"0x002acf6c","0x0021c220","0x0021c169","FUN_0022c169","DATA"
"0x002acf6c","0x0021e548","0x0021e267","FUN_0022e267","DATA"
"0x002acf6c","0x0021e54e","0x0021e267","FUN_0022e267","DATA"
"0x002acf6c","0x0021e3fe","0x0021e267","FUN_0022e267","DATA"
"0x002acf6c","0x0021e404","0x0021e267","FUN_0022e267","DATA"
"0x002acf6c","0x0021e44f","0x0021e267","FUN_0022e267","DATA"
"0x002acf6c","0x0021e455","0x0021e267","FUN_0022e267","DATA"
"0x002acf6c","0x0021e36c","0x0021e267","FUN_0022e267","DATA"
"0x002acf6c","0x0021e372","0x0021e267","FUN_0022e267","DATA"
"0x002acf6c","0x0021e2af","0x0021e267","FUN_0022e267","DATA"
"0x002acf6c","0x0021e2b5","0x0021e267","FUN_0022e267","DATA"
"0x002acf6c","0x0021c4b4","0x0021c438","FUN_0022c438","DATA"
"0x002acf6c","0x0021c4ba","0x0021c438","FUN_0022c438","DATA"
"0x002acf6c","0x0021e7a9","0x0021e57c","FUN_0022e57c","DATA"
"0x002acf6c","0x0021e7af","0x0021e57c","FUN_0022e57c","DATA"
"0x002acf6c","0x0021c793","0x0021c5c6","FUN_0022c5c6","DATA"
"0x002acf6c","0x0021c799","0x0021c5c6","FUN_0022c5c6","DATA"
"0x002acf6c","0x0021cb2a","0x0021c7c2","FUN_0022c7c2","DATA"
"0x002acf6c","0x0021cb30","0x0021c7c2","FUN_0022c7c2","DATA"
"0x002acf6c","0x0021d9b4","0x0021d941","FUN_0022d941","DATA"
"0x002acf6c","0x0021d9ba","0x0021d941","FUN_0022d941","DATA"
"0x002ad484","0x0022dec0","0x0022d1d5","FUN_0023d1d5","DATA"
"0x002ad484","0x0022dec6","0x0022d1d5","FUN_0023d1d5","DATA"
"0x002ad484","0x0022defc","0x0022d1d5","FUN_0023d1d5","DATA"
"0x002ad484","0x0022df02","0x0022d1d5","FUN_0023d1d5","DATA"
"0x002ad484","0x0022df2c","0x0022d1d5","FUN_0023d1d5","DATA"
"0x002ad484","0x0022df32","0x0022d1d5","FUN_0023d1d5","DATA"
"0x002ad484","0x0022dfb1","0x0022d1d5","FUN_0023d1d5","DATA"
"0x002ad484","0x0022dfb7","0x0022d1d5","FUN_0023d1d5","DATA"
"0x002ad484","0x0022dfe6","0x0022d1d5","FUN_0023d1d5","DATA"
"0x002ad484","0x0022dfec","0x0022d1d5","FUN_0023d1d5","DATA"
"0x002ad484","0x0022e02a","0x0022d1d5","FUN_0023d1d5","DATA"
"0x002ad484","0x0022e030","0x0022d1d5","FUN_0023d1d5","DATA"
"0x002ad484","0x0022957b","0x0022923e","FUN_0023923e","DATA"
"0x002ad484","0x00229581","0x0022923e","FUN_0023923e","DATA"
"0x002ad484","0x002295ae","0x0022923e","FUN_0023923e","DATA"
"0x002ad484","0x002295b4","0x0022923e","FUN_0023923e","DATA"
"0x002ad484","0x00229e12","0x0022923e","FUN_0023923e","DATA"
"0x002ad484","0x00229e18","0x0022923e","FUN_0023923e","DATA"
"0x002ad484","0x00229ebe","0x0022923e","FUN_0023923e","DATA"
"0x002ad484","0x00229ec4","0x0022923e","FUN_0023923e","DATA"
"0x002ad484","0x0022a29a","0x0022923e","FUN_0023923e","DATA"
"0x002ad484","0x0022a2a0","0x0022923e","FUN_0023923e","DATA"
"0x002ad484","0x00229a31","0x0022923e","FUN_0023923e","DATA"
"0x002ad484","0x00229a37","0x0022923e","FUN_0023923e","DATA"
"0x002ad484","0x00229ae9","0x0022923e","FUN_0023923e","DATA"
"0x002ad484","0x00229aef","0x0022923e","FUN_0023923e","DATA"
"0x002ad484","0x0022937a","0x0022923e","FUN_0023923e","DATA"
"0x002ad484","0x00229380","0x0022923e","FUN_0023923e","DATA"
"0x002ad484","0x00227489","0x00227461","FUN_00237461","DATA"
"0x002ad484","0x0022748f","0x00227461","FUN_00237461","DATA"
"0x002ad484","0x0022552f","0x00225500","FUN_00235500","DATA"
"0x002ad484","0x00225535","0x00225500","FUN_00235500","DATA"
"0x002ad484","0x00225670","0x00225500","FUN_00235500","DATA"
"0x002ad484","0x00225676","0x00225500","FUN_00235500","DATA"
"0x002ad484","0x002256be","0x00225500","FUN_00235500","DATA"
"0x002ad484","0x002256c4","0x00225500","FUN_00235500","DATA"
"0x002ad484","0x00225601","0x00225500","FUN_00235500","DATA"
"0x002ad484","0x00225607","0x00225500","FUN_00235500","DATA"
"0x002ad484","0x0022774a","0x0022771f","FUN_0023771f","DATA"
"0x002ad484","0x00227750","0x0022771f","FUN_0023771f","DATA"
"0x002ad484","0x00227e32","0x0022771f","FUN_0023771f","DATA"
"0x002ad484","0x00227e38","0x0022771f","FUN_0023771f","DATA"
"0x002ad484","0x00227add","0x0022771f","FUN_0023771f","DATA"
"0x002ad484","0x00227ae3","0x0022771f","FUN_0023771f","DATA"
"0x002ad484","0x00227a7a","0x0022771f","FUN_0023771f","DATA"
"0x002ad484","0x00227a80","0x0022771f","FUN_0023771f","DATA"
"0x002ad484","0x0022797b","0x0022771f","FUN_0023771f","DATA"
"0x002ad484","0x00227981","0x0022771f","FUN_0023771f","DATA"
"0x002ad484","0x00225789","0x00225761","FUN_00235761","DATA"
"0x002ad484","0x0022578f","0x00225761","FUN_00235761","DATA"
"0x002ad484","0x00225b2e","0x00225761","FUN_00235761","DATA"
"0x002ad484","0x00225b34","0x00225761","FUN_00235761","DATA"
"0x002ad484","0x00224a53","0x00224a19","FUN_00234a19","DATA"
"0x002ad484","0x00224a59","0x00224a19","FUN_00234a19","DATA"
"0x002ad484","0x00226bd2","0x00226b6f","FUN_00236b6f","DATA"
"0x002ad484","0x00226bd8","0x00226b6f","FUN_00236b6f","DATA"
"0x002ad484","0x0022cccc","0x0022cc74","FUN_0023cc74","DATA"
"0x002ad484","0x0022ccd2","0x0022cc74","FUN_0023cc74","DATA"
"0x002ad484","0x0022d091","0x0022cc74","FUN_0023cc74","DATA"
"0x002ad484","0x0022d097","0x0022cc74","FUN_0023cc74","DATA"
"0x002ad484","0x00224d33","0x00224c63","FUN_00234c63","DATA"
"0x002ad484","0x00224d39","0x00224c63","FUN_00234c63","DATA"
"0x002ad484","0x00224cc9","0x00224c63","FUN_00234c63","DATA"
"0x002ad484","0x00224ccf","0x00224c63","FUN_00234c63","DATA"
"0x002ad484","0x00226da1","0x00226d79","FUN_00236d79","DATA"
"0x002ad484","0x00226da7","0x00226d79","FUN_00236d79","DATA"
"0x002ad484","0x0022547a","0x00224d73","FUN_00234d73","DATA"
"0x002ad484","0x00225480","0x00224d73","FUN_00234d73","DATA"
"0x002ad484","0x002253c2","0x00224d73","FUN_00234d73","DATA"
"0x002ad484","0x002253c8","0x00224d73","FUN_00234d73","DATA"
"0x002ad484","0x002251fe","0x00224d73","FUN_00234d73","DATA"
"0x002ad484","0x00225204","0x00224d73","FUN_00234d73","DATA"
"0x002ad484","0x00224f87","0x00224d73","FUN_00234d73","DATA"
"0x002ad484","0x00224f8d","0x00224d73","FUN_00234d73","DATA"
"0x002ad484","0x00225076","0x00224d73","FUN_00234d73","DATA"
"0x002ad484","0x0022507c","0x00224d73","FUN_00234d73","DATA"
"0x002ad484","0x00224fe4","0x00224d73","FUN_00234d73","DATA"
"0x002ad484","0x00224fea","0x00224d73","FUN_00234d73","DATA"
"0x002ad484","0x002286aa","0x00228393","FUN_00238393","DATA"
"0x002ad484","0x002286b0","0x00228393","FUN_00238393","DATA"
"0x002ad484","0x00228719","0x00228393","FUN_00238393","DATA"
"0x002ad484","0x0022871f","0x00228393","FUN_00238393","DATA"
"0x002ad484","0x0022876e","0x00228393","FUN_00238393","DATA"
"0x002ad484","0x00228774","0x00228393","FUN_00238393","DATA"
"0x002ad484","0x002287aa","0x00228393","FUN_00238393","DATA"
"0x002ad484","0x002287b0","0x00228393","FUN_00238393","DATA"
"0x002ad484","0x002287eb","0x00228393","FUN_00238393","DATA"
"0x002ad484","0x002287f1","0x00228393","FUN_00238393","DATA"
"0x002ad484","0x00228fff","0x00228393","FUN_00238393","DATA"
"0x002ad484","0x00229005","0x00228393","FUN_00238393","DATA"
"0x002ad484","0x0022a512","0x0022a4d9","FUN_0023a4d9","DATA"
"0x002ad484","0x0022a518","0x0022a4d9","FUN_0023a4d9","DATA"
"0x002ad484","0x0022a8c7","0x0022a4d9","FUN_0023a4d9","DATA"
"0x002ad484","0x0022a8cd","0x0022a4d9","FUN_0023a4d9","DATA"
"0x002ad484","0x0022aaa4","0x0022a4d9","FUN_0023a4d9","DATA"
"0x002ad484","0x0022aaaa","0x0022a4d9","FUN_0023a4d9","DATA"
"0x002ad484","0x0022b1f8","0x0022a4d9","FUN_0023a4d9","DATA"
"0x002ad484","0x0022b1fe","0x0022a4d9","FUN_0023a4d9","DATA"
"0x002ad484","0x0022bdcd","0x0022a4d9","FUN_0023a4d9","DATA"
"0x002ad484","0x0022bdd3","0x0022a4d9","FUN_0023a4d9","DATA"
"0x002ad833","0x00230402","0x0022fefe","FUN_0023fefe","DATA"
"0x002ad833","0x00230408","0x0022fefe","FUN_0023fefe","DATA"
"0x002ad833","0x0023043b","0x0022fefe","FUN_0023fefe","DATA"
"0x002ad833","0x00230441","0x0022fefe","FUN_0023fefe","DATA"
"0x002ad833","0x0022ff6a","0x0022fefe","FUN_0023fefe","DATA"
"0x002ad833","0x0022ff70","0x0022fefe","FUN_0023fefe","DATA"
"0x002ad833","0x0022ea6a","0x0022e980","FUN_0023e980","DATA"
"0x002ad833","0x0022ea70","0x0022e980","FUN_0023e980","DATA"
"0x002ad833","0x0022efe5","0x0022eed3","FUN_0023eed3","DATA"
"0x002ad833","0x0022efeb","0x0022eed3","FUN_0023eed3","DATA"
"0x002ad833","0x0022fe4c","0x0022eed3","FUN_0023eed3","DATA"
"0x002ad833","0x0022fe52","0x0022eed3","FUN_0023eed3","DATA"
"0x002ad833","0x0022f1f3","0x0022eed3","FUN_0023eed3","DATA"
"0x002ad833","0x0022f1f9","0x0022eed3","FUN_0023eed3","DATA"
"0x002adac2","0x00233fba","0x002338b0","FUN_002438b0","DATA"
"0x002adac2","0x00233fc0","0x002338b0","FUN_002438b0","DATA"
"0x002adac2","0x00233ffc","0x002338b0","FUN_002438b0","DATA"
"0x002adac2","0x00234002","0x002338b0","FUN_002438b0","DATA"
"0x002adac2","0x002340ff","0x002338b0","FUN_002438b0","DATA"
"0x002adac2","0x00234105","0x002338b0","FUN_002438b0","DATA"
"0x002adac2","0x0023489b","0x002338b0","FUN_002438b0","DATA"
"0x002adac2","0x002348a1","0x002338b0","FUN_002438b0","DATA"
"0x002adac2","0x002349fe","0x002338b0","FUN_002438b0","DATA"
"0x002adac2","0x00234a04","0x002338b0","FUN_002438b0","DATA"
"0x002adac2","0x00234b72","0x002338b0","FUN_002438b0","DATA"
"0x002adac2","0x00234b78","0x002338b0","FUN_002438b0","DATA"
"0x002adac2","0x00234d64","0x002338b0","FUN_002438b0","DATA"
"0x002adac2","0x00234d6a","0x002338b0","FUN_002438b0","DATA"
"0x002adac2","0x00234e3a","0x002338b0","FUN_002438b0","DATA"
"0x002adac2","0x00234e40","0x002338b0","FUN_002438b0","DATA"
"0x002adac2","0x00232094","0x00231bf5","FUN_00241bf5","DATA"
"0x002adac2","0x0023209a","0x00231bf5","FUN_00241bf5","DATA"
"0x002adac2","0x00232248","0x00231bf5","FUN_00241bf5","DATA"
"0x002adac2","0x0023224e","0x00231bf5","FUN_00241bf5","DATA"
"0x002adac2","0x002325ce","0x00231bf5","FUN_00241bf5","DATA"
"0x002adac2","0x002325d4","0x00231bf5","FUN_00241bf5","DATA"
"0x002adac2","0x00232b6b","0x00231bf5","FUN_00241bf5","DATA"
"0x002adac2","0x00232b71","0x00231bf5","FUN_00241bf5","DATA"
"0x002adac2","0x00232c4a","0x00231bf5","FUN_00241bf5","DATA"
"0x002adac2","0x00232c50","0x00231bf5","FUN_00241bf5","DATA"
"0x002adac2","0x00232bc5","0x00231bf5","FUN_00241bf5","DATA"
"0x002adac2","0x00232bcb","0x00231bf5","FUN_00241bf5","DATA"
"0x002adac2","0x00232d17","0x00231bf5","FUN_00241bf5","DATA"
"0x002adac2","0x00232d1d","0x00231bf5","FUN_00241bf5","DATA"
"0x002adac2","0x002329ce","0x00231bf5","FUN_00241bf5","DATA"
"0x002adac2","0x002329d4","0x00231bf5","FUN_00241bf5","DATA"
"0x002adac2","0x00232ab2","0x00231bf5","FUN_00241bf5","DATA"
"0x002adac2","0x00232ab8","0x00231bf5","FUN_00241bf5","DATA"
"0x002adac2","0x00232a2d","0x00231bf5","FUN_00241bf5","DATA"
"0x002adac2","0x00232a33","0x00231bf5","FUN_00241bf5","DATA"
"0x002adac2","0x002324a4","0x00231bf5","FUN_00241bf5","DATA"
"0x002adac2","0x002324aa","0x00231bf5","FUN_00241bf5","DATA"
"0x002adac2","0x0023237a","0x00231bf5","FUN_00241bf5","DATA"
"0x002adac2","0x00232380","0x00231bf5","FUN_00241bf5","DATA"
"0x002adac2","0x002323b7","0x00231bf5","FUN_00241bf5","DATA"
"0x002adac2","0x002323bd","0x00231bf5","FUN_00241bf5","DATA"
"0x002adac2","0x002323f4","0x00231bf5","FUN_00241bf5","DATA"
"0x002adac2","0x002323fa","0x00231bf5","FUN_00241bf5","DATA"
"0x002adac2","0x00232432","0x00231bf5","FUN_00241bf5","DATA"
"0x002adac2","0x00232438","0x00231bf5","FUN_00241bf5","DATA"
"0x002adac2","0x00233052","0x00233029","FUN_00243029","DATA"
"0x002adac2","0x00233058","0x00233029","FUN_00243029","DATA"
"0x002adac2","0x0023308e","0x00233029","FUN_00243029","DATA"
"0x002adac2","0x00233094","0x00233029","FUN_00243029","DATA"
"0x002adac2","0x00233176","0x00233029","FUN_00243029","DATA"
"0x002adac2","0x0023317c","0x00233029","FUN_00243029","DATA"
"0x002adac2","0x00233577","0x00233029","FUN_00243029","DATA"
"0x002adac2","0x0023357d","0x00233029","FUN_00243029","DATA"
"0x002adac2","0x00231103","0x002310de","FUN_002410de","DATA"
"0x002adac2","0x00231109","0x002310de","FUN_002410de","DATA"
"0x002adac2","0x0023113c","0x002310de","FUN_002410de","DATA"
"0x002adac2","0x00231142","0x002310de","FUN_002410de","DATA"
"0x002adac2","0x0023118e","0x002310de","FUN_002410de","DATA"
"0x002adac2","0x00231194","0x002310de","FUN_002410de","DATA"
"0x002adac2","0x0023125a","0x00231235","FUN_00241235","DATA"
"0x002adac2","0x00231260","0x00231235","FUN_00241235","DATA"
"0x002adac2","0x002313ca","0x00231235","FUN_00241235","DATA"
"0x002adac2","0x002313d0","0x00231235","FUN_00241235","DATA"
"0x002adac2","0x0023141b","0x00231235","FUN_00241235","DATA"
"0x002adac2","0x00231421","0x00231235","FUN_00241235","DATA"
"0x002adac2","0x00231333","0x00231235","FUN_00241235","DATA"
"0x002adac2","0x00231339","0x00231235","FUN_00241235","DATA"
"0x002adac2","0x0023137e","0x00231235","FUN_00241235","DATA"
"0x002adac2","0x00231384","0x00231235","FUN_00241235","DATA"
"0x002adac2","0x002312a5","0x00231235","FUN_00241235","DATA"
"0x002adac2","0x002312ab","0x00231235","FUN_00241235","DATA"
"0x002adac2","0x002314f8","0x002314cd","FUN_002414cd","DATA"
"0x002adac2","0x002314fe","0x002314cd","FUN_002414cd","DATA"
"0x002adac2","0x0023152e","0x002314cd","FUN_002414cd","DATA"
"0x002adac2","0x00231534","0x002314cd","FUN_002414cd","DATA"
"0x002adac2","0x00231594","0x002314cd","FUN_002414cd","DATA"
"0x002adac2","0x0023159a","0x002314cd","FUN_002414cd","DATA"
"0x002adac2","0x002315ca","0x002314cd","FUN_002414cd","DATA"
"0x002adac2","0x002315d0","0x002314cd","FUN_002414cd","DATA"
"0x002adac2","0x002316aa","0x00231680","FUN_00241680","DATA"
"0x002adac2","0x002316b0","0x00231680","FUN_00241680","DATA"
"0x002adac2","0x002316e3","0x00231680","FUN_00241680","DATA"
"0x002adac2","0x002316e9","0x00231680","FUN_00241680","DATA"
"0x002adac2","0x00231742","0x00231680","FUN_00241680","DATA"
"0x002adac2","0x00231748","0x00231680","FUN_00241680","DATA"
"0x002adac2","0x00231777","0x00231680","FUN_00241680","DATA"
"0x002adac2","0x0023177d","0x00231680","FUN_00241680","DATA"
"0x002adac2","0x0023180d","0x002317e1","FUN_002417e1","DATA"
"0x002adac2","0x00231813","0x002317e1","FUN_002417e1","DATA"
"0x002adac2","0x00231843","0x002317e1","FUN_002417e1","DATA"
"0x002adac2","0x00231849","0x002317e1","FUN_002417e1","DATA"
"0x002adac2","0x00231876","0x002317e1","FUN_002417e1","DATA"
"0x002adac2","0x0023187c","0x002317e1","FUN_002417e1","DATA"
"0x002adac2","0x002318aa","0x002317e1","FUN_002417e1","DATA"
"0x002adac2","0x002318b0","0x002317e1","FUN_002417e1","DATA"
"0x002adac2","0x002318f1","0x002317e1","FUN_002417e1","DATA"
"0x002adac2","0x002318f7","0x002317e1","FUN_002417e1","DATA"
"0x002adac2","0x00231aa3","0x002317e1","FUN_002417e1","DATA"
"0x002adac2","0x00231aa9","0x002317e1","FUN_002417e1","DATA"
"0x002adac2","0x00231adb","0x002317e1","FUN_002417e1","DATA"
"0x002adac2","0x00231ae1","0x002317e1","FUN_002417e1","DATA"
"0x002adac2","0x00231b1f","0x002317e1","FUN_002417e1","DATA"
"0x002adac2","0x00231b25","0x002317e1","FUN_002417e1","DATA"
"0x002adac2","0x00231b62","0x002317e1","FUN_002417e1","DATA"
"0x002adac2","0x00231b68","0x002317e1","FUN_002417e1","DATA"
"0x002adac2","0x002309df","0x00230955","FUN_00240955","DATA"
"0x002adac2","0x002309e5","0x00230955","FUN_00240955","DATA"
"0x002adac2","0x002306cc","0x00230676","FUN_00240676","DATA"
"0x002adac2","0x002306d2","0x00230676","FUN_00240676","DATA"
"0x002adac2","0x002307e5","0x00230776","FUN_00240776","DATA"
"0x002adac2","0x002307eb","0x00230776","FUN_00240776","DATA"
"0x002adac2","0x00230839","0x00230776","FUN_00240776","DATA"
"0x002adac2","0x0023083f","0x00230776","FUN_00240776","DATA"
"0x002adac2","0x0023087a","0x00230776","FUN_00240776","DATA"
"0x002adac2","0x00230880","0x00230776","FUN_00240776","DATA"
"0x002adac2","0x002308c2","0x00230776","FUN_00240776","DATA"
"0x002adac2","0x002308c8","0x00230776","FUN_00240776","DATA"
"0x002ae1ae","0x00235b41","0x002359f9","FUN_002459f9","DATA"
"0x002ae1ae","0x00235b47","0x002359f9","FUN_002459f9","DATA"
"0x002ae1ae","0x00239027","0x00237b63","FUN_00247b63","DATA"
"0x002ae1ae","0x0023902d","0x00237b63","FUN_00247b63","DATA"
"0x002ae1ae","0x00239682","0x00237b63","FUN_00247b63","DATA"
"0x002ae1ae","0x00239688","0x00237b63","FUN_00247b63","DATA"
"0x002ae1ae","0x0023980d","0x00237b63","FUN_00247b63","DATA"
"0x002ae1ae","0x00239813","0x00237b63","FUN_00247b63","DATA"
"0x002ae1ae","0x00239a14","0x00237b63","FUN_00247b63","DATA"
"0x002ae1ae","0x00239a1a","0x00237b63","FUN_00247b63","DATA"
"0x002ae1ae","0x00239a79","0x00237b63","FUN_00247b63","DATA"
"0x002ae1ae","0x00239a7f","0x00237b63","FUN_00247b63","DATA"
"0x002ae1ae","0x00239285","0x00237b63","FUN_00247b63","DATA"
"0x002ae1ae","0x0023928b","0x00237b63","FUN_00247b63","DATA"
"0x002ae1ae","0x002392b9","0x00237b63","FUN_00247b63","DATA"
"0x002ae1ae","0x002392bf","0x00237b63","FUN_00247b63","DATA"
"0x002ae1ae","0x0023914d","0x00237b63","FUN_00247b63","DATA"
"0x002ae1ae","0x00239153","0x00237b63","FUN_00247b63","DATA"
"0x002ae1ae","0x002386d9","0x00237b63","FUN_00247b63","DATA"
"0x002ae1ae","0x002386df","0x00237b63","FUN_00247b63","DATA"
"0x002ae1ae","0x00238aef","0x00237b63","FUN_00247b63","DATA"
"0x002ae1ae","0x00238af5","0x00237b63","FUN_00247b63","DATA"
"0x002ae1ae","0x00235bf3","0x00235bc5","FUN_00245bc5","DATA"
"0x002ae1ae","0x00235bf9","0x00235bc5","FUN_00245bc5","DATA"
"0x002ae1ae","0x00235dcb","0x00235ca2","FUN_00245ca2","DATA"
"0x002ae1ae","0x00235dd1","0x00235ca2","FUN_00245ca2","DATA"
"0x002ae1ae","0x00235e0d","0x00235ca2","FUN_00245ca2","DATA"
"0x002ae1ae","0x00235e13","0x00235ca2","FUN_00245ca2","DATA"
"0x002ae1ae","0x0023648b","0x00235ca2","FUN_00245ca2","DATA"
"0x002ae1ae","0x00236491","0x00235ca2","FUN_00245ca2","DATA"
"0x002ae1ae","0x002364c3","0x00235ca2","FUN_00245ca2","DATA"
"0x002ae1ae","0x002364c9","0x00235ca2","FUN_00245ca2","DATA"
"0x002ae1ae","0x00236932","0x00235ca2","FUN_00245ca2","DATA"
"0x002ae1ae","0x00236938","0x00235ca2","FUN_00245ca2","DATA"
"0x002ae1ae","0x002369a1","0x00235ca2","FUN_00245ca2","DATA"
"0x002ae1ae","0x002369a7","0x00235ca2","FUN_00245ca2","DATA"
"0x002ae1ae","0x00236b86","0x00235ca2","FUN_00245ca2","DATA"
"0x002ae1ae","0x00236b8c","0x00235ca2","FUN_00245ca2","DATA"
"0x002ae1ae","0x00236a2e","0x00235ca2","FUN_00245ca2","DATA"
"0x002ae1ae","0x00236a34","0x00235ca2","FUN_00245ca2","DATA"
"0x002ae1ae","0x0023667a","0x00235ca2","FUN_00245ca2","DATA"
"0x002ae1ae","0x00236680","0x00235ca2","FUN_00245ca2","DATA"
"0x002ae1ae","0x002366ea","0x00235ca2","FUN_00245ca2","DATA"
"0x002ae1ae","0x002366f0","0x00235ca2","FUN_00245ca2","DATA"
"0x002ae1ae","0x0023639b","0x00235ca2","FUN_00245ca2","DATA"
"0x002ae1ae","0x002363a1","0x00235ca2","FUN_00245ca2","DATA"
"0x002ae1ae","0x0023767b","0x002373ff","FUN_002473ff","DATA"
"0x002ae1ae","0x00237681","0x002373ff","FUN_002473ff","DATA"
"0x002ae1ae","0x00237b3c","0x002373ff","FUN_002473ff","DATA"
"0x002ae1ae","0x00237b42","0x002373ff","FUN_002473ff","DATA"
"0x002ae1ae","0x00237979","0x002373ff","FUN_002473ff","DATA"
"0x002ae1ae","0x0023797f","0x002373ff","FUN_002473ff","DATA"
"0x002ae1ae","0x00237a50","0x002373ff","FUN_002473ff","DATA"
"0x002ae1ae","0x00237a56","0x002373ff","FUN_002473ff","DATA"
"0x002ae1ae","0x0023753f","0x002373ff","FUN_002473ff","DATA"
"0x002ae1ae","0x00237545","0x002373ff","FUN_002473ff","DATA"
"0x002ae1ae","0x00235452","0x002353ee","FUN_002453ee","DATA"
"0x002ae1ae","0x00235458","0x002353ee","FUN_002453ee","DATA"
"0x002ae1ae","0x002354a8","0x00235479","FUN_00245479","DATA"
"0x002ae1ae","0x002354ae","0x00235479","FUN_00245479","DATA"
"0x002ae1ae","0x002354e3","0x00235479","FUN_00245479","DATA"
"0x002ae1ae","0x002354e9","0x00235479","FUN_00245479","DATA"
"0x002ae1ae","0x00235639","0x00235617","FUN_00245617","DATA"
"0x002ae1ae","0x0023563f","0x00235617","FUN_00245617","DATA"
"0x002ae1ae","0x0023566d","0x00235617","FUN_00245617","DATA"
"0x002ae1ae","0x00235673","0x00235617","FUN_00245617","DATA"
"0x002ae1ae","0x00235814","0x002356a3","FUN_002456a3","DATA"
"0x002ae1ae","0x0023581a","0x002356a3","FUN_002456a3","DATA"
"0x002ae270","0x00235643","0x00235617","FUN_00245617","DATA"
"0x002ae270","0x00235649","0x00235617","FUN_00245617","DATA"
"0x002ae2a4","0x00235677","0x00235617","FUN_00245617","DATA"
"0x002ae2a4","0x0023567d","0x00235617","FUN_00245617","DATA"
"0x002ae713","0x0023b4da","0x0023b4af","FUN_0024b4af","DATA"
"0x002ae713","0x0023b4e0","0x0023b4af","FUN_0024b4af","DATA"
"0x002ae713","0x0023addd","0x0023adb5","FUN_0024adb5","DATA"
"0x002ae713","0x0023ade3","0x0023adb5","FUN_0024adb5","DATA"
"0x002ae713","0x0023b2da","0x0023adb5","FUN_0024adb5","DATA"
"0x002ae713","0x0023b2e0","0x0023adb5","FUN_0024adb5","DATA"
"0x002ae713","0x0023b37a","0x0023adb5","FUN_0024adb5","DATA"
"0x002ae713","0x0023b380","0x0023adb5","FUN_0024adb5","DATA"
"0x002ae713","0x0023a1ff","0x0023a10e","FUN_0024a10e","DATA"
"0x002ae713","0x0023a205","0x0023a10e","FUN_0024a10e","DATA"
"0x002ae713","0x0023a276","0x0023a10e","FUN_0024a10e","DATA"
"0x002ae713","0x0023a27c","0x0023a10e","FUN_0024a10e","DATA"
"0x002ae713","0x0023a2cf","0x0023a10e","FUN_0024a10e","DATA"
"0x002ae713","0x0023a2d5","0x0023a10e","FUN_0024a10e","DATA"
"0x002ae713","0x0023a373","0x0023a10e","FUN_0024a10e","DATA"
"0x002ae713","0x0023a379","0x0023a10e","FUN_0024a10e","DATA"
"0x002ae713","0x0023a41d","0x0023a10e","FUN_0024a10e","DATA"
"0x002ae713","0x0023a423","0x0023a10e","FUN_0024a10e","DATA"
"0x002ae713","0x0023a4ae","0x0023a10e","FUN_0024a10e","DATA"
"0x002ae713","0x0023a4b4","0x0023a10e","FUN_0024a10e","DATA"
"0x002ae713","0x0023a5a2","0x0023a56e","FUN_0024a56e","DATA"
"0x002ae713","0x0023a5a8","0x0023a56e","FUN_0024a56e","DATA"
"0x002ae713","0x0023a920","0x0023a56e","FUN_0024a56e","DATA"
"0x002ae713","0x0023a926","0x0023a56e","FUN_0024a56e","DATA"
"0x002ae7af","0x0023bdbc","0x0023bc3f","FUN_0024bc3f","DATA"
"0x002ae7af","0x0023bdc2","0x0023bc3f","FUN_0024bc3f","DATA"
"0x002ae7af","0x0023bd23","0x0023bc3f","FUN_0024bc3f","DATA"
"0x002ae7af","0x0023bd29","0x0023bc3f","FUN_0024bc3f","DATA"
"0x002ae7af","0x0023bec2","0x0023be19","FUN_0024be19","DATA"
"0x002ae7af","0x0023bec8","0x0023be19","FUN_0024be19","DATA"
"0x002ae7af","0x0023bf42","0x0023be19","FUN_0024be19","DATA"
"0x002ae7af","0x0023bf48","0x0023be19","FUN_0024be19","DATA"
"0x002ae7af","0x0023c189","0x0023c14d","FUN_0024c14d","DATA"
"0x002ae7af","0x0023c18f","0x0023c14d","FUN_0024c14d","DATA"
"0x002ae7af","0x0023c21a","0x0023c1c3","FUN_0024c1c3","DATA"
"0x002ae7af","0x0023c220","0x0023c1c3","FUN_0024c1c3","DATA"
"0x002ae7af","0x0023c286","0x0023c1c3","FUN_0024c1c3","DATA"
"0x002ae7af","0x0023c28c","0x0023c1c3","FUN_0024c1c3","DATA"
"0x002ae7af","0x0023cc73","0x0023c319","FUN_0024c319","DATA"
"0x002ae7af","0x0023cc79","0x0023c319","FUN_0024c319","DATA"
"0x002ae7af","0x0023c886","0x0023c319","FUN_0024c319","DATA"
"0x002ae7af","0x0023c88c","0x0023c319","FUN_0024c319","DATA"
"0x002ae7af","0x0023c5ee","0x0023c319","FUN_0024c319","DATA"
"0x002ae7af","0x0023c5f4","0x0023c319","FUN_0024c319","DATA"
"0x002ae918","0x0023e66a","0x0023d831","FUN_0024d831","DATA"
"0x002ae918","0x0023e670","0x0023d831","FUN_0024d831","DATA"
"0x002ae918","0x0023e6b6","0x0023d831","FUN_0024d831","DATA"
"0x002ae918","0x0023e6bc","0x0023d831","FUN_0024d831","DATA"
"0x002ae918","0x0023eb54","0x0023d831","FUN_0024d831","DATA"
"0x002ae918","0x0023eb5a","0x0023d831","FUN_0024d831","DATA"
"0x002ae918","0x0023eb8f","0x0023d831","FUN_0024d831","DATA"
"0x002ae918","0x0023eb95","0x0023d831","FUN_0024d831","DATA"
"0x002ae918","0x0023ebc4","0x0023d831","FUN_0024d831","DATA"
"0x002ae918","0x0023ebca","0x0023d831","FUN_0024d831","DATA"
"0x002ae918","0x0023f3d2","0x0023d831","FUN_0024d831","DATA"
"0x002ae918","0x0023f3d8","0x0023d831","FUN_0024d831","DATA"
"0x002ae918","0x0023f67a","0x0023d831","FUN_0024d831","DATA"
"0x002ae918","0x0023f680","0x0023d831","FUN_0024d831","DATA"
"0x002ae918","0x0023f5a5","0x0023d831","FUN_0024d831","DATA"
"0x002ae918","0x0023f5ab","0x0023d831","FUN_0024d831","DATA"
"0x002ae918","0x0023f602","0x0023d831","FUN_0024d831","DATA"
"0x002ae918","0x0023f608","0x0023d831","FUN_0024d831","DATA"
"0x002ae918","0x0023f49d","0x0023d831","FUN_0024d831","DATA"
"0x002ae918","0x0023f4a3","0x0023d831","FUN_0024d831","DATA"
"0x002ae918","0x0023f462","0x0023d831","FUN_0024d831","DATA"
"0x002ae918","0x0023f468","0x0023d831","FUN_0024d831","DATA"
"0x002ae918","0x0023f41a","0x0023d831","FUN_0024d831","DATA"
"0x002ae918","0x0023f420","0x0023d831","FUN_0024d831","DATA"
"0x002ae918","0x0023f50a","0x0023d831","FUN_0024d831","DATA"
"0x002ae918","0x0023f510","0x0023d831","FUN_0024d831","DATA"
"0x002ae918","0x0023ebfe","0x0023d831","FUN_0024d831","DATA"
"0x002ae918","0x0023ec04","0x0023d831","FUN_0024d831","DATA"
"0x002ae918","0x0023eb21","0x0023d831","FUN_0024d831","DATA"
"0x002ae918","0x0023eb27","0x0023d831","FUN_0024d831","DATA"
"0x002ae918","0x0023eab2","0x0023d831","FUN_0024d831","DATA"
"0x002ae918","0x0023eab8","0x0023d831","FUN_0024d831","DATA"
"0x002ae918","0x0023eae7","0x0023d831","FUN_0024d831","DATA"
"0x002ae918","0x0023eaed","0x0023d831","FUN_0024d831","DATA"
"0x002ae918","0x0023ea36","0x0023d831","FUN_0024d831","DATA"
"0x002ae918","0x0023ea3c","0x0023d831","FUN_0024d831","DATA"
"0x002ae918","0x0023ea6b","0x0023d831","FUN_0024d831","DATA"
"0x002ae918","0x0023ea71","0x0023d831","FUN_0024d831","DATA"
"0x002ae918","0x0023e9c2","0x0023d831","FUN_0024d831","DATA"
"0x002ae918","0x0023e9c8","0x0023d831","FUN_0024d831","DATA"
"0x002ae918","0x0023e9fb","0x0023d831","FUN_0024d831","DATA"
"0x002ae918","0x0023ea01","0x0023d831","FUN_0024d831","DATA"
"0x002ae918","0x0023ec4a","0x0023d831","FUN_0024d831","DATA"
"0x002ae918","0x0023ec50","0x0023d831","FUN_0024d831","DATA"
"0x002ae918","0x0023ec86","0x0023d831","FUN_0024d831","DATA"
"0x002ae918","0x0023ec8c","0x0023d831","FUN_0024d831","DATA"
"0x002ae918","0x0023ecca","0x0023d831","FUN_0024d831","DATA"
"0x002ae918","0x0023ecd0","0x0023d831","FUN_0024d831","DATA"
"0x002ae918","0x0023e845","0x0023d831","FUN_0024d831","DATA"
"0x002ae918","0x0023e84b","0x0023d831","FUN_0024d831","DATA"
"0x002ae918","0x0023e7cb","0x0023d831","FUN_0024d831","DATA"
"0x002ae918","0x0023e7d1","0x0023d831","FUN_0024d831","DATA"
"0x002ae918","0x0023e816","0x0023d831","FUN_0024d831","DATA"
"0x002ae918","0x0023e81c","0x0023d831","FUN_0024d831","DATA"
"0x002ae918","0x0023e716","0x0023d831","FUN_0024d831","DATA"
"0x002ae918","0x0023e71c","0x0023d831","FUN_0024d831","DATA"
"0x002ae918","0x0023e749","0x0023d831","FUN_0024d831","DATA"
"0x002ae918","0x0023e74f","0x0023d831","FUN_0024d831","DATA"
"0x002ae918","0x0023e796","0x0023d831","FUN_0024d831","DATA"
"0x002ae918","0x0023e79c","0x0023d831","FUN_0024d831","DATA"
"0x002ae918","0x0023e8da","0x0023d831","FUN_0024d831","DATA"
"0x002ae918","0x0023e8e0","0x0023d831","FUN_0024d831","DATA"
"0x002ae918","0x0023e909","0x0023d831","FUN_0024d831","DATA"
"0x002ae918","0x0023e90f","0x0023d831","FUN_0024d831","DATA"
"0x002ae918","0x0023e89e","0x0023d831","FUN_0024d831","DATA"
"0x002ae918","0x0023e8a4","0x0023d831","FUN_0024d831","DATA"
"0x002ae918","0x0023ee0a","0x0023d831","FUN_0024d831","DATA"
"0x002ae918","0x0023ee10","0x0023d831","FUN_0024d831","DATA"
"0x002ae918","0x0023ee43","0x0023d831","FUN_0024d831","DATA"
"0x002ae918","0x0023ee49","0x0023d831","FUN_0024d831","DATA"
"0x002ae918","0x0023f1e4","0x0023d831","FUN_0024d831","DATA"
"0x002ae918","0x0023f1ea","0x0023d831","FUN_0024d831","DATA"
"0x002ae918","0x0023f21f","0x0023d831","FUN_0024d831","DATA"
"0x002ae918","0x0023f225","0x0023d831","FUN_0024d831","DATA"
"0x002ae918","0x0023f254","0x0023d831","FUN_0024d831","DATA"
"0x002ae918","0x0023f25a","0x0023d831","FUN_0024d831","DATA"
"0x002ae918","0x0023f28e","0x0023d831","FUN_0024d831","DATA"
"0x002ae918","0x0023f294","0x0023d831","FUN_0024d831","DATA"
"0x002ae918","0x0023f1b1","0x0023d831","FUN_0024d831","DATA"
"0x002ae918","0x0023f1b7","0x0023d831","FUN_0024d831","DATA"
"0x002ae918","0x0023f142","0x0023d831","FUN_0024d831","DATA"
"0x002ae918","0x0023f148","0x0023d831","FUN_0024d831","DATA"
"0x002ae918","0x0023f177","0x0023d831","FUN_0024d831","DATA"
"0x002ae918","0x0023f17d","0x0023d831","FUN_0024d831","DATA"
"0x002ae918","0x0023f0c6","0x0023d831","FUN_0024d831","DATA"
"0x002ae918","0x0023f0cc","0x0023d831","FUN_0024d831","DATA"
"0x002ae918","0x0023f0fb","0x0023d831","FUN_0024d831","DATA"
"0x002ae918","0x0023f101","0x0023d831","FUN_0024d831","DATA"
"0x002ae918","0x0023f052","0x0023d831","FUN_0024d831","DATA"
"0x002ae918","0x0023f058","0x0023d831","FUN_0024d831","DATA"
"0x002ae918","0x0023f08b","0x0023d831","FUN_0024d831","DATA"
"0x002ae918","0x0023f091","0x0023d831","FUN_0024d831","DATA"
"0x002ae918","0x0023f2da","0x0023d831","FUN_0024d831","DATA"
"0x002ae918","0x0023f2e0","0x0023d831","FUN_0024d831","DATA"
"0x002ae918","0x0023f316","0x0023d831","FUN_0024d831","DATA"
"0x002ae918","0x0023f31c","0x0023d831","FUN_0024d831","DATA"
"0x002ae918","0x0023f351","0x0023d831","FUN_0024d831","DATA"
"0x002ae918","0x0023f357","0x0023d831","FUN_0024d831","DATA"
"0x002ae918","0x0023ee76","0x0023d831","FUN_0024d831","DATA"
"0x002ae918","0x0023ee7c","0x0023d831","FUN_0024d831","DATA"
"0x002ae918","0x0023eeb5","0x0023d831","FUN_0024d831","DATA"
"0x002ae918","0x0023eebb","0x0023d831","FUN_0024d831","DATA"
"0x002ae918","0x0023eeee","0x0023d831","FUN_0024d831","DATA"
"0x002ae918","0x0023eef4","0x0023d831","FUN_0024d831","DATA"
"0x002ae918","0x0023ef1d","0x0023d831","FUN_0024d831","DATA"
"0x002ae918","0x0023ef23","0x0023d831","FUN_0024d831","DATA"
"0x002ae918","0x0023ed3a","0x0023d831","FUN_0024d831","DATA"
"0x002ae918","0x0023ed40","0x0023d831","FUN_0024d831","DATA"
"0x002ae918","0x0023ed79","0x0023d831","FUN_0024d831","DATA"
"0x002ae918","0x0023ed7f","0x0023d831","FUN_0024d831","DATA"
"0x002ae918","0x0023edbd","0x0023d831","FUN_0024d831","DATA"
"0x002ae918","0x0023edc3","0x0023d831","FUN_0024d831","DATA"
"0x002ae918","0x0023ef56","0x0023d831","FUN_0024d831","DATA"
"0x002ae918","0x0023ef5c","0x0023d831","FUN_0024d831","DATA"
"0x002ae918","0x0023ef9a","0x0023d831","FUN_0024d831","DATA"
"0x002ae918","0x0023efa0","0x0023d831","FUN_0024d831","DATA"
"0x002ae918","0x0023fcb3","0x0023d831","FUN_0024d831","DATA"
"0x002ae918","0x0023fcb9","0x0023d831","FUN_0024d831","DATA"
"0x002ae918","0x0023fced","0x0023d831","FUN_0024d831","DATA"
"0x002ae918","0x0023fcf3","0x0023d831","FUN_0024d831","DATA"
"0x002ae918","0x0023fd9b","0x0023d831","FUN_0024d831","DATA"
"0x002ae918","0x0023fda1","0x0023d831","FUN_0024d831","DATA"
"0x002ae918","0x0023fdd5","0x0023d831","FUN_0024d831","DATA"
"0x002ae918","0x0023fddb","0x0023d831","FUN_0024d831","DATA"
"0x002ae918","0x0023fe63","0x0023d831","FUN_0024d831","DATA"
"0x002ae918","0x0023fe69","0x0023d831","FUN_0024d831","DATA"
"0x002ae918","0x0023fe98","0x0023d831","FUN_0024d831","DATA"
"0x002ae918","0x0023fe9e","0x0023d831","FUN_0024d831","DATA"
"0x002ae918","0x0023fecd","0x0023d831","FUN_0024d831","DATA"
"0x002ae918","0x0023fed3","0x0023d831","FUN_0024d831","DATA"
"0x002ae918","0x0023dffe","0x0023d831","FUN_0024d831","DATA"
"0x002ae918","0x0023e004","0x0023d831","FUN_0024d831","DATA"
"0x002ae918","0x0023def2","0x0023d831","FUN_0024d831","DATA"
"0x002ae918","0x0023def8","0x0023d831","FUN_0024d831","DATA"
"0x002ae918","0x0023d43f","0x0023d3fc","FUN_0024d3fc","DATA"
"0x002ae918","0x0023d445","0x0023d3fc","FUN_0024d3fc","DATA"
"0x002ae918","0x0023d4ca","0x0023d3fc","FUN_0024d3fc","DATA"
"0x002ae918","0x0023d4d0","0x0023d3fc","FUN_0024d3fc","DATA"
"0x002ae918","0x0023d5d8","0x0023d4f7","FUN_0024d4f7","DATA"
"0x002ae918","0x0023d5de","0x0023d4f7","FUN_0024d4f7","DATA"
"0x002ae918","0x0023d7be","0x0023d64c","FUN_0024d64c","DATA"
"0x002ae918","0x0023d7c4","0x0023d64c","FUN_0024d64c","DATA"
"0x002ae918","0x0023d802","0x0023d64c","FUN_0024d64c","DATA"
"0x002ae918","0x0023d808","0x0023d64c","FUN_0024d64c","DATA"
"0x002b0193","0x0024d493","0x0024d45d","FUN_0025d45d","DATA"
"0x002b0193","0x0024d499","0x0024d45d","FUN_0025d45d","DATA"
