/usr/bin/make -f ./scripts/Makefile.clean obj=Documentation
/usr/bin/make -f ./scripts/Makefile.clean obj=Documentation/devicetree/bindings
/usr/bin/make -f ./scripts/Makefile.clean obj=arch/x86
/usr/bin/make -f ./scripts/Makefile.clean obj=arch/x86/crypto
/usr/bin/make -f ./scripts/Makefile.clean obj=arch/x86/entry
/usr/bin/make -f ./scripts/Makefile.clean obj=arch/x86/entry/vdso
/usr/bin/make -f ./scripts/Makefile.clean obj=arch/x86/entry/vsyscall
/usr/bin/make -f ./scripts/Makefile.clean obj=arch/x86/events
/usr/bin/make -f ./scripts/Makefile.clean obj=arch/x86/events/amd
/usr/bin/make -f ./scripts/Makefile.clean obj=arch/x86/events/intel
/usr/bin/make -f ./scripts/Makefile.clean obj=arch/x86/events/zhaoxin
/usr/bin/make -f ./scripts/Makefile.clean obj=arch/x86/hyperv
/usr/bin/make -f ./scripts/Makefile.clean obj=arch/x86/ia32
/usr/bin/make -f ./scripts/Makefile.clean obj=arch/x86/kernel
/usr/bin/make -f ./scripts/Makefile.clean obj=arch/x86/kernel/acpi
/usr/bin/make -f ./scripts/Makefile.clean obj=arch/x86/kernel/apic
/usr/bin/make -f ./scripts/Makefile.clean obj=arch/x86/kernel/cpu
/usr/bin/make -f ./scripts/Makefile.clean obj=arch/x86/kernel/cpu/mce
/usr/bin/make -f ./scripts/Makefile.clean obj=arch/x86/kernel/cpu/microcode
/usr/bin/make -f ./scripts/Makefile.clean obj=arch/x86/kernel/cpu/mtrr
/usr/bin/make -f ./scripts/Makefile.clean obj=arch/x86/kernel/cpu/resctrl
/usr/bin/make -f ./scripts/Makefile.clean obj=arch/x86/kernel/fpu
/usr/bin/make -f ./scripts/Makefile.clean obj=arch/x86/kernel/kprobes
/usr/bin/make -f ./scripts/Makefile.clean obj=arch/x86/kvm
/usr/bin/make -f ./scripts/Makefile.clean obj=arch/x86/mm
/usr/bin/make -f ./scripts/Makefile.clean obj=arch/x86/mm/pat
/usr/bin/make -f ./scripts/Makefile.clean obj=arch/x86/net
/usr/bin/make -f ./scripts/Makefile.clean obj=arch/x86/platform
/usr/bin/make -f ./scripts/Makefile.clean obj=arch/x86/platform/atom
/usr/bin/make -f ./scripts/Makefile.clean obj=arch/x86/platform/ce4100
/usr/bin/make -f ./scripts/Makefile.clean obj=arch/x86/platform/efi
/usr/bin/make -f ./scripts/Makefile.clean obj=arch/x86/platform/geode
/usr/bin/make -f ./scripts/Makefile.clean obj=arch/x86/platform/goldfish
/usr/bin/make -f ./scripts/Makefile.clean obj=arch/x86/platform/intel
/usr/bin/make -f ./scripts/Makefile.clean obj=arch/x86/platform/intel-mid
/usr/bin/make -f ./scripts/Makefile.clean obj=arch/x86/platform/intel-quark
/usr/bin/make -f ./scripts/Makefile.clean obj=arch/x86/platform/iris
/usr/bin/make -f ./scripts/Makefile.clean obj=arch/x86/platform/olpc
/usr/bin/make -f ./scripts/Makefile.clean obj=arch/x86/platform/scx200
/usr/bin/make -f ./scripts/Makefile.clean obj=arch/x86/platform/sfi
/usr/bin/make -f ./scripts/Makefile.clean obj=arch/x86/platform/ts5500
/usr/bin/make -f ./scripts/Makefile.clean obj=arch/x86/platform/uv
/usr/bin/make -f ./scripts/Makefile.clean obj=arch/x86/platform/pvh
/usr/bin/make -f ./scripts/Makefile.clean obj=arch/x86/purgatory
/usr/bin/make -f ./scripts/Makefile.clean obj=arch/x86/realmode
/usr/bin/make -f ./scripts/Makefile.clean obj=arch/x86/realmode/rm
/usr/bin/make -f ./scripts/Makefile.clean obj=arch/x86/xen
/usr/bin/make -f ./scripts/Makefile.clean obj=arch/x86/lib
/usr/bin/make -f ./scripts/Makefile.clean obj=arch/x86/math-emu
/usr/bin/make -f ./scripts/Makefile.clean obj=arch/x86/oprofile
/usr/bin/make -f ./scripts/Makefile.clean obj=arch/x86/pci
/usr/bin/make -f ./scripts/Makefile.clean obj=arch/x86/power
/usr/bin/make -f ./scripts/Makefile.clean obj=arch/x86/video
/usr/bin/make -f ./scripts/Makefile.clean obj=block
/usr/bin/make -f ./scripts/Makefile.clean obj=block/partitions
/usr/bin/make -f ./scripts/Makefile.clean obj=certs
/usr/bin/make -f ./scripts/Makefile.clean obj=crypto
/usr/bin/make -f ./scripts/Makefile.clean obj=crypto/asymmetric_keys
/usr/bin/make -f ./scripts/Makefile.clean obj=crypto/async_tx
/usr/bin/make -f ./scripts/Makefile.clean obj=drivers
/usr/bin/make -f ./scripts/Makefile.clean obj=drivers/accessibility
/usr/bin/make -f ./scripts/Makefile.clean obj=drivers/accessibility/braille
/usr/bin/make -f ./scripts/Makefile.clean obj=drivers/accessibility/speakup
/usr/bin/make -f ./scripts/Makefile.clean obj=drivers/acpi
/usr/bin/make -f ./scripts/Makefile.clean obj=drivers/acpi/acpica
/usr/bin/make -f ./scripts/Makefile.clean obj=drivers/acpi/apei
/usr/bin/make -f ./scripts/Makefile.clean obj=drivers/acpi/arm64
/usr/bin/make -f ./scripts/Makefile.clean obj=drivers/acpi/dptf
/usr/bin/make -f ./scripts/Makefile.clean obj=drivers/acpi/nfit
/usr/bin/make -f ./scripts/Makefile.clean obj=drivers/acpi/numa
/usr/bin/make -f ./scripts/Makefile.clean obj=drivers/acpi/pmic
/usr/bin/make -f ./scripts/Makefile.clean obj=drivers/amba
/usr/bin/make -f ./scripts/Makefile.clean obj=drivers/android
/usr/bin/make -f ./scripts/Makefile.clean obj=drivers/ata
/usr/bin/make -f ./scripts/Makefile.clean obj=drivers/atm
/usr/bin/make -f ./scripts/Makefile.clean obj=drivers/auxdisplay
/usr/bin/make -f ./scripts/Makefile.clean obj=drivers/base
/usr/bin/make -f ./scripts/Makefile.clean obj=drivers/base/firmware_loader
/usr/bin/make -f ./scripts/Makefile.clean obj=drivers/base/firmware_loader/builtin
/usr/bin/make -f ./scripts/Makefile.clean obj=drivers/base/power
/usr/bin/make -f ./scripts/Makefile.clean obj=drivers/base/regmap
/usr/bin/make -f ./scripts/Makefile.clean obj=drivers/base/test
/usr/bin/make -f ./scripts/Makefile.clean obj=drivers/bcma
/usr/bin/make -f ./scripts/Makefile.clean obj=drivers/block
/usr/bin/make -f ./scripts/Makefile.clean obj=drivers/block/drbd
/usr/bin/make -f ./scripts/Makefile.clean obj=drivers/block/mtip32xx
/usr/bin/make -f ./scripts/Makefile.clean obj=drivers/block/null_blk
/usr/bin/make -f ./scripts/Makefile.clean obj=drivers/block/rnbd
/usr/bin/make -f ./scripts/Makefile.clean obj=drivers/block/rsxx
/usr/bin/make -f ./scripts/Makefile.clean obj=drivers/block/xen-blkback
/usr/bin/make -f ./scripts/Makefile.clean obj=drivers/block/zram
/usr/bin/make -f ./scripts/Makefile.clean obj=drivers/block/aoe
/usr/bin/make -f ./scripts/Makefile.clean obj=drivers/block/paride
/usr/bin/make -f ./scripts/Makefile.clean obj=drivers/bluetooth
/usr/bin/make -f ./scripts/Makefile.clean obj=drivers/bus
/usr/bin/make -f ./scripts/Makefile.clean obj=drivers/bus/fsl-mc
/usr/bin/make -f ./scripts/Makefile.clean obj=drivers/bus/mhi
/usr/bin/make -f ./scripts/Makefile.clean obj=drivers/bus/mhi/host
/usr/bin/make -f ./scripts/Makefile.clean obj=drivers/cdrom
/usr/bin/make -f ./scripts/Makefile.clean obj=drivers/char
/usr/bin/make -f ./scripts/Makefile.clean obj=drivers/char/agp
/usr/bin/make -f ./scripts/Makefile.clean obj=drivers/char/hw_random
/usr/bin/make -f ./scripts/Makefile.clean obj=drivers/char/mwave
/usr/bin/make -f ./scripts/Makefile.clean obj=drivers/char/pcmcia
/usr/bin/make -f ./scripts/Makefile.clean obj=drivers/char/tpm
/usr/bin/make -f ./scripts/Makefile.clean obj=drivers/char/tpm/st33zp24
/usr/bin/make -f ./scripts/Makefile.clean obj=drivers/char/xilinx_hwicap
/usr/bin/make -f ./scripts/Makefile.clean obj=drivers/char/xillybus
/usr/bin/make -f ./scripts/Makefile.clean obj=drivers/char/ipmi
/usr/bin/make -f ./scripts/Makefile.clean obj=drivers/clk
/usr/bin/make -f ./scripts/Makefile.clean obj=drivers/clk/actions
/usr/bin/make -f ./scripts/Makefile.clean obj=drivers/clk/analogbits
/usr/bin/make -f ./scripts/Makefile.clean obj=drivers/clk/at91
/usr/bin/make -f ./scripts/Makefile.clean obj=drivers/clk/axis
/usr/bin/make -f ./scripts/Makefile.clean obj=drivers/clk/axs10x
/usr/bin/make -f ./scripts/Makefile.clean obj=drivers/clk/baikal-t1
/usr/bin/make -f ./scripts/Makefile.clean obj=drivers/clk/bcm
/usr/bin/make -f ./scripts/Makefile.clean obj=drivers/clk/berlin
/usr/bin/make -f ./scripts/Makefile.clean obj=drivers/clk/davinci
/usr/bin/make -f ./scripts/Makefile.clean obj=drivers/clk/h8300
/usr/bin/make -f ./scripts/Makefile.clean obj=drivers/clk/hisilicon
/usr/bin/make -f ./scripts/Makefile.clean obj=drivers/clk/imgtec
/usr/bin/make -f ./scripts/Makefile.clean obj=drivers/clk/imx
/usr/bin/make -f ./scripts/Makefile.clean obj=drivers/clk/ingenic
/usr/bin/make -f ./scripts/Makefile.clean obj=drivers/clk/keystone
/usr/bin/make -f ./scripts/Makefile.clean obj=drivers/clk/loongson1
/usr/bin/make -f ./scripts/Makefile.clean obj=drivers/clk/mediatek
/usr/bin/make -f ./scripts/Makefile.clean obj=drivers/clk/meson
/usr/bin/make -f ./scripts/Makefile.clean obj=drivers/clk/microchip
/usr/bin/make -f ./scripts/Makefile.clean obj=drivers/clk/mvebu
/usr/bin/make -f ./scripts/Makefile.clean obj=drivers/clk/mxs
/usr/bin/make -f ./scripts/Makefile.clean obj=drivers/clk/nxp
/usr/bin/make -f ./scripts/Makefile.clean obj=drivers/clk/pistachio
/usr/bin/make -f ./scripts/Makefile.clean obj=drivers/clk/pxa
/usr/bin/make -f ./scripts/Makefile.clean obj=drivers/clk/qcom
/usr/bin/make -f ./scripts/Makefile.clean obj=drivers/clk/renesas
/usr/bin/make -f ./scripts/Makefile.clean obj=drivers/clk/rockchip
/usr/bin/make -f ./scripts/Makefile.clean obj=drivers/clk/samsung
/usr/bin/make -f ./scripts/Makefile.clean obj=drivers/clk/sifive
/usr/bin/make -f ./scripts/Makefile.clean obj=drivers/clk/sirf
/usr/bin/make -f ./scripts/Makefile.clean obj=drivers/clk/socfpga
/usr/bin/make -f ./scripts/Makefile.clean obj=drivers/clk/spear
/usr/bin/make -f ./scripts/Makefile.clean obj=drivers/clk/sprd
/usr/bin/make -f ./scripts/Makefile.clean obj=drivers/clk/st
/usr/bin/make -f ./scripts/Makefile.clean obj=drivers/clk/sunxi
/usr/bin/make -f ./scripts/Makefile.clean obj=drivers/clk/sunxi-ng
/usr/bin/make -f ./scripts/Makefile.clean obj=drivers/clk/tegra
/usr/bin/make -f ./scripts/Makefile.clean obj=drivers/clk/ti
/usr/bin/make -f ./scripts/Makefile.clean obj=drivers/clk/uniphier
/usr/bin/make -f ./scripts/Makefile.clean obj=drivers/clk/ux500
/usr/bin/make -f ./scripts/Makefile.clean obj=drivers/clk/versatile
/usr/bin/make -f ./scripts/Makefile.clean obj=drivers/clk/zte
/usr/bin/make -f ./scripts/Makefile.clean obj=drivers/clk/zynq
/usr/bin/make -f ./scripts/Makefile.clean obj=drivers/clk/zynqmp
/usr/bin/make -f ./scripts/Makefile.clean obj=drivers/clocksource
/usr/bin/make -f ./scripts/Makefile.clean obj=drivers/connector
/usr/bin/make -f ./scripts/Makefile.clean obj=drivers/counter
/usr/bin/make -f ./scripts/Makefile.clean obj=drivers/cpufreq
/usr/bin/make -f ./scripts/Makefile.clean obj=drivers/cpuidle
/usr/bin/make -f ./scripts/Makefile.clean obj=drivers/cpuidle/governors
/usr/bin/make -f ./scripts/Makefile.clean obj=drivers/crypto
/usr/bin/make -f ./scripts/Makefile.clean obj=drivers/crypto/allwinner
/usr/bin/make -f ./scripts/Makefile.clean obj=drivers/crypto/allwinner/sun4i-ss
/usr/bin/make -f ./scripts/Makefile.clean obj=drivers/crypto/allwinner/sun8i-ce
/usr/bin/make -f ./scripts/Makefile.clean obj=drivers/crypto/allwinner/sun8i-ss
/usr/bin/make -f ./scripts/Makefile.clean obj=drivers/crypto/amcc
/usr/bin/make -f ./scripts/Makefile.clean obj=drivers/crypto/amlogic
/usr/bin/make -f ./scripts/Makefile.clean obj=drivers/crypto/axis
/usr/bin/make -f ./scripts/Makefile.clean obj=drivers/crypto/bcm
/usr/bin/make -f ./scripts/Makefile.clean obj=drivers/crypto/caam
/usr/bin/make -f ./scripts/Makefile.clean obj=drivers/crypto/cavium
/usr/bin/make -f ./scripts/Makefile.clean obj=drivers/crypto/cavium/zip
/usr/bin/make -f ./scripts/Makefile.clean obj=drivers/crypto/cavium/cpt
/usr/bin/make -f ./scripts/Makefile.clean obj=drivers/crypto/cavium/nitrox
/usr/bin/make -f ./scripts/Makefile.clean obj=drivers/crypto/ccp
/usr/bin/make -f ./scripts/Makefile.clean obj=drivers/crypto/ccree
/usr/bin/make -f ./scripts/Makefile.clean obj=drivers/crypto/chelsio
/usr/bin/make -f ./scripts/Makefile.clean obj=drivers/crypto/hisilicon
/usr/bin/make -f ./scripts/Makefile.clean obj=drivers/crypto/hisilicon/hpre
/usr/bin/make -f ./scripts/Makefile.clean obj=drivers/crypto/hisilicon/sec
/usr/bin/make -f ./scripts/Makefile.clean obj=drivers/crypto/hisilicon/sec2
/usr/bin/make -f ./scripts/Makefile.clean obj=drivers/crypto/hisilicon/zip
/usr/bin/make -f ./scripts/Makefile.clean obj=drivers/crypto/inside-secure
/usr/bin/make -f ./scripts/Makefile.clean obj=drivers/crypto/marvell
/usr/bin/make -f ./scripts/Makefile.clean obj=drivers/crypto/marvell/cesa
/usr/bin/make -f ./scripts/Makefile.clean obj=drivers/crypto/marvell/octeontx
/usr/bin/make -f ./scripts/Makefile.clean obj=drivers/crypto/mediatek
/usr/bin/make -f ./scripts/Makefile.clean obj=drivers/crypto/nx
/usr/bin/make -f ./scripts/Makefile.clean obj=drivers/crypto/qat
/usr/bin/make -f ./scripts/Makefile.clean obj=drivers/crypto/qat/qat_c3xxx
/usr/bin/make -f ./scripts/Makefile.clean obj=drivers/crypto/qat/qat_c3xxxvf
/usr/bin/make -f ./scripts/Makefile.clean obj=drivers/crypto/qat/qat_c62x
/usr/bin/make -f ./scripts/Makefile.clean obj=drivers/crypto/qat/qat_c62xvf
/usr/bin/make -f ./scripts/Makefile.clean obj=drivers/crypto/qat/qat_common
/usr/bin/make -f ./scripts/Makefile.clean obj=drivers/crypto/qat/qat_dh895xcc
/usr/bin/make -f ./scripts/Makefile.clean obj=drivers/crypto/qat/qat_dh895xccvf
/usr/bin/make -f ./scripts/Makefile.clean obj=drivers/crypto/qce
/usr/bin/make -f ./scripts/Makefile.clean obj=drivers/crypto/rockchip
/usr/bin/make -f ./scripts/Makefile.clean obj=drivers/crypto/stm32
/usr/bin/make -f ./scripts/Makefile.clean obj=drivers/crypto/ux500
/usr/bin/make -f ./scripts/Makefile.clean obj=drivers/crypto/ux500/cryp
/usr/bin/make -f ./scripts/Makefile.clean obj=drivers/crypto/ux500/hash
/usr/bin/make -f ./scripts/Makefile.clean obj=drivers/crypto/virtio
/usr/bin/make -f ./scripts/Makefile.clean obj=drivers/crypto/vmx
/usr/bin/make -f ./scripts/Makefile.clean obj=drivers/crypto/xilinx
/usr/bin/make -f ./scripts/Makefile.clean obj=drivers/dax
/usr/bin/make -f ./scripts/Makefile.clean obj=drivers/dax/hmem
/usr/bin/make -f ./scripts/Makefile.clean obj=drivers/dax/pmem
/usr/bin/make -f ./scripts/Makefile.clean obj=drivers/dca
/usr/bin/make -f ./scripts/Makefile.clean obj=drivers/devfreq
/usr/bin/make -f ./scripts/Makefile.clean obj=drivers/devfreq/event
/usr/bin/make -f ./scripts/Makefile.clean obj=drivers/dio
/usr/bin/make -f ./scripts/Makefile.clean obj=drivers/dma
/usr/bin/make -f ./scripts/Makefile.clean obj=drivers/dma/bestcomm
/usr/bin/make -f ./scripts/Makefile.clean obj=drivers/dma/dw
/usr/bin/make -f ./scripts/Makefile.clean obj=drivers/dma/dw-axi-dmac
/usr/bin/make -f ./scripts/Makefile.clean obj=drivers/dma/dw-edma
/usr/bin/make -f ./scripts/Makefile.clean obj=drivers/dma/fsl-dpaa2-qdma
/usr/bin/make -f ./scripts/Makefile.clean obj=drivers/dma/hsu
/usr/bin/make -f ./scripts/Makefile.clean obj=drivers/dma/idxd
/usr/bin/make -f ./scripts/Makefile.clean obj=drivers/dma/ioat
/usr/bin/make -f ./scripts/Makefile.clean obj=drivers/dma/ipu
/usr/bin/make -f ./scripts/Makefile.clean obj=drivers/dma/mediatek
/usr/bin/make -f ./scripts/Makefile.clean obj=drivers/dma/ppc4xx
/usr/bin/make -f ./scripts/Makefile.clean obj=drivers/dma/qcom
/usr/bin/make -f ./scripts/Makefile.clean obj=drivers/dma/sf-pdma
/usr/bin/make -f ./scripts/Makefile.clean obj=drivers/dma/sh
/usr/bin/make -f ./scripts/Makefile.clean obj=drivers/dma/ti
/usr/bin/make -f ./scripts/Makefile.clean obj=drivers/dma/xilinx
/usr/bin/make -f ./scripts/Makefile.clean obj=drivers/dma-buf
/usr/bin/make -f ./scripts/Makefile.clean obj=drivers/dma-buf/heaps
/usr/bin/make -f ./scripts/Makefile.clean obj=drivers/edac
/usr/bin/make -f ./scripts/Makefile.clean obj=drivers/eisa
/usr/bin/make -f ./scripts/Makefile.clean obj=drivers/extcon
/usr/bin/make -f ./scripts/Makefile.clean obj=drivers/firewire
/usr/bin/make -f ./scripts/Makefile.clean obj=drivers/firmware
/usr/bin/make -f ./scripts/Makefile.clean obj=drivers/firmware/arm_scmi
/usr/bin/make -f ./scripts/Makefile.clean obj=drivers/firmware/broadcom
/usr/bin/make -f ./scripts/Makefile.clean obj=drivers/firmware/efi
/usr/bin/make -f ./scripts/Makefile.clean obj=drivers/firmware/efi/libstub
/usr/bin/make -f ./scripts/Makefile.clean obj=drivers/firmware/efi/test
/usr/bin/make -f ./scripts/Makefile.clean obj=drivers/firmware/google
/usr/bin/make -f ./scripts/Makefile.clean obj=drivers/firmware/imx
/usr/bin/make -f ./scripts/Makefile.clean obj=drivers/firmware/meson
/usr/bin/make -f ./scripts/Makefile.clean obj=drivers/firmware/psci
/usr/bin/make -f ./scripts/Makefile.clean obj=drivers/firmware/smccc
/usr/bin/make -f ./scripts/Makefile.clean obj=drivers/firmware/tegra
/usr/bin/make -f ./scripts/Makefile.clean obj=drivers/firmware/xilinx
/usr/bin/make -f ./scripts/Makefile.clean obj=drivers/fpga
/usr/bin/make -f ./scripts/Makefile.clean obj=drivers/fsi
/usr/bin/make -f ./scripts/Makefile.clean obj=drivers/gnss
/usr/bin/make -f ./scripts/Makefile.clean obj=drivers/gpio
/usr/bin/make -f ./scripts/Makefile.clean obj=drivers/gpu
/usr/bin/make -f ./scripts/Makefile.clean obj=drivers/gpu/drm
/usr/bin/make -f ./scripts/Makefile.clean obj=drivers/gpu/drm/amd/amdgpu
/usr/bin/make -f ./scripts/Makefile.clean obj=drivers/gpu/drm/arc
/usr/bin/make -f ./scripts/Makefile.clean obj=drivers/gpu/drm/arm
/usr/bin/make -f ./scripts/Makefile.clean obj=drivers/gpu/drm/arm/display
/usr/bin/make -f ./scripts/Makefile.clean obj=drivers/gpu/drm/arm/display/komeda
/usr/bin/make -f ./scripts/Makefile.clean obj=drivers/gpu/drm/armada
/usr/bin/make -f ./scripts/Makefile.clean obj=drivers/gpu/drm/aspeed
/usr/bin/make -f ./scripts/Makefile.clean obj=drivers/gpu/drm/ast
/usr/bin/make -f ./scripts/Makefile.clean obj=drivers/gpu/drm/atmel-hlcdc
/usr/bin/make -f ./scripts/Makefile.clean obj=drivers/gpu/drm/bochs
/usr/bin/make -f ./scripts/Makefile.clean obj=drivers/gpu/drm/bridge
/usr/bin/make -f ./scripts/Makefile.clean obj=drivers/gpu/drm/bridge/adv7511
/usr/bin/make -f ./scripts/Makefile.clean obj=drivers/gpu/drm/bridge/analogix
/usr/bin/make -f ./scripts/Makefile.clean obj=drivers/gpu/drm/bridge/cadence
/usr/bin/make -f ./scripts/Makefile.clean obj=drivers/gpu/drm/bridge/synopsys
/usr/bin/make -f ./scripts/Makefile.clean obj=drivers/gpu/drm/etnaviv
/usr/bin/make -f ./scripts/Makefile.clean obj=drivers/gpu/drm/exynos
/usr/bin/make -f ./scripts/Makefile.clean obj=drivers/gpu/drm/fsl-dcu
/usr/bin/make -f ./scripts/Makefile.clean obj=drivers/gpu/drm/gma500
/usr/bin/make -f ./scripts/Makefile.clean obj=drivers/gpu/drm/hisilicon
/usr/bin/make -f ./scripts/Makefile.clean obj=drivers/gpu/drm/hisilicon/hibmc
/usr/bin/make -f ./scripts/Makefile.clean obj=drivers/gpu/drm/hisilicon/kirin
/usr/bin/make -f ./scripts/Makefile.clean obj=drivers/gpu/drm/i2c
/usr/bin/make -f ./scripts/Makefile.clean obj=drivers/gpu/drm/i810
/usr/bin/make -f ./scripts/Makefile.clean obj=drivers/gpu/drm/i915
/usr/bin/make -f ./scripts/Makefile.clean obj=drivers/gpu/drm/imx
/usr/bin/make -f ./scripts/Makefile.clean obj=drivers/gpu/drm/imx/dcss
/usr/bin/make -f ./scripts/Makefile.clean obj=drivers/gpu/drm/ingenic
/usr/bin/make -f ./scripts/Makefile.clean obj=drivers/gpu/drm/lima
/usr/bin/make -f ./scripts/Makefile.clean obj=drivers/gpu/drm/mcde
/usr/bin/make -f ./scripts/Makefile.clean obj=drivers/gpu/drm/mediatek
/usr/bin/make -f ./scripts/Makefile.clean obj=drivers/gpu/drm/meson
/usr/bin/make -f ./scripts/Makefile.clean obj=drivers/gpu/drm/mga
/usr/bin/make -f ./scripts/Makefile.clean obj=drivers/gpu/drm/mgag200
/usr/bin/make -f ./scripts/Makefile.clean obj=drivers/gpu/drm/msm
/usr/bin/make -f ./scripts/Makefile.clean obj=drivers/gpu/drm/mxsfb
/usr/bin/make -f ./scripts/Makefile.clean obj=drivers/gpu/drm/nouveau
/usr/bin/make -f ./scripts/Makefile.clean obj=drivers/gpu/drm/omapdrm
/usr/bin/make -f ./scripts/Makefile.clean obj=drivers/gpu/drm/omapdrm/displays
/usr/bin/make -f ./scripts/Makefile.clean obj=drivers/gpu/drm/omapdrm/dss
/usr/bin/make -f ./scripts/Makefile.clean obj=drivers/gpu/drm/panel
/usr/bin/make -f ./scripts/Makefile.clean obj=drivers/gpu/drm/panfrost
/usr/bin/make -f ./scripts/Makefile.clean obj=drivers/gpu/drm/pl111
/usr/bin/make -f ./scripts/Makefile.clean obj=drivers/gpu/drm/qxl
/usr/bin/make -f ./scripts/Makefile.clean obj=drivers/gpu/drm/r128
/usr/bin/make -f ./scripts/Makefile.clean obj=drivers/gpu/drm/radeon
/usr/bin/make -f ./scripts/Makefile.clean obj=drivers/gpu/drm/rcar-du
/usr/bin/make -f ./scripts/Makefile.clean obj=drivers/gpu/drm/rockchip
/usr/bin/make -f ./scripts/Makefile.clean obj=drivers/gpu/drm/savage
/usr/bin/make -f ./scripts/Makefile.clean obj=drivers/gpu/drm/scheduler
/usr/bin/make -f ./scripts/Makefile.clean obj=drivers/gpu/drm/selftests
/usr/bin/make -f ./scripts/Makefile.clean obj=drivers/gpu/drm/shmobile
/usr/bin/make -f ./scripts/Makefile.clean obj=drivers/gpu/drm/sis
/usr/bin/make -f ./scripts/Makefile.clean obj=drivers/gpu/drm/sti
/usr/bin/make -f ./scripts/Makefile.clean obj=drivers/gpu/drm/stm
/usr/bin/make -f ./scripts/Makefile.clean obj=drivers/gpu/drm/sun4i
/usr/bin/make -f ./scripts/Makefile.clean obj=drivers/gpu/drm/tdfx
/usr/bin/make -f ./scripts/Makefile.clean obj=drivers/gpu/drm/tegra
/usr/bin/make -f ./scripts/Makefile.clean obj=drivers/gpu/drm/tidss
/usr/bin/make -f ./scripts/Makefile.clean obj=drivers/gpu/drm/tilcdc
/usr/bin/make -f ./scripts/Makefile.clean obj=drivers/gpu/drm/tiny
/usr/bin/make -f ./scripts/Makefile.clean obj=drivers/gpu/drm/ttm
/usr/bin/make -f ./scripts/Makefile.clean obj=drivers/gpu/drm/tve200
/usr/bin/make -f ./scripts/Makefile.clean obj=drivers/gpu/drm/udl
/usr/bin/make -f ./scripts/Makefile.clean obj=drivers/gpu/drm/v3d
/usr/bin/make -f ./scripts/Makefile.clean obj=drivers/gpu/drm/vboxvideo
/usr/bin/make -f ./scripts/Makefile.clean obj=drivers/gpu/drm/vc4
/usr/bin/make -f ./scripts/Makefile.clean obj=drivers/gpu/drm/vgem
/usr/bin/make -f ./scripts/Makefile.clean obj=drivers/gpu/drm/via
/usr/bin/make -f ./scripts/Makefile.clean obj=drivers/gpu/drm/virtio
/usr/bin/make -f ./scripts/Makefile.clean obj=drivers/gpu/drm/vkms
/usr/bin/make -f ./scripts/Makefile.clean obj=drivers/gpu/drm/vmwgfx
/usr/bin/make -f ./scripts/Makefile.clean obj=drivers/gpu/drm/xen
/usr/bin/make -f ./scripts/Makefile.clean obj=drivers/gpu/drm/xlnx
/usr/bin/make -f ./scripts/Makefile.clean obj=drivers/gpu/drm/zte
/usr/bin/make -f ./scripts/Makefile.clean obj=drivers/gpu/host1x
/usr/bin/make -f ./scripts/Makefile.clean obj=drivers/gpu/ipu-v3
/usr/bin/make -f ./scripts/Makefile.clean obj=drivers/gpu/trace
/usr/bin/make -f ./scripts/Makefile.clean obj=drivers/gpu/vga
/usr/bin/make -f ./scripts/Makefile.clean obj=drivers/greybus
/usr/bin/make -f ./scripts/Makefile.clean obj=drivers/hid
/usr/bin/make -f ./scripts/Makefile.clean obj=drivers/hid/i2c-hid
/usr/bin/make -f ./scripts/Makefile.clean obj=drivers/hid/intel-ish-hid
/usr/bin/make -f ./scripts/Makefile.clean obj=drivers/hid/usbhid
/usr/bin/make -f ./scripts/Makefile.clean obj=drivers/hsi
/usr/bin/make -f ./scripts/Makefile.clean obj=drivers/hsi/clients
/usr/bin/make -f ./scripts/Makefile.clean obj=drivers/hsi/controllers
/usr/bin/make -f ./scripts/Makefile.clean obj=drivers/hv
/usr/bin/make -f ./scripts/Makefile.clean obj=drivers/hwmon
/usr/bin/make -f ./scripts/Makefile.clean obj=drivers/hwmon/occ
/usr/bin/make -f ./scripts/Makefile.clean obj=drivers/hwmon/pmbus
/usr/bin/make -f ./scripts/Makefile.clean obj=drivers/hwspinlock
/usr/bin/make -f ./scripts/Makefile.clean obj=drivers/hwtracing/coresight
/usr/bin/make -f ./scripts/Makefile.clean obj=drivers/hwtracing/intel_th
/usr/bin/make -f ./scripts/Makefile.clean obj=drivers/hwtracing/stm
/usr/bin/make -f ./scripts/Makefile.clean obj=drivers/i2c
/usr/bin/make -f ./scripts/Makefile.clean obj=drivers/i2c/algos
/usr/bin/make -f ./scripts/Makefile.clean obj=drivers/i2c/busses
/usr/bin/make -f ./scripts/Makefile.clean obj=drivers/i2c/muxes
/usr/bin/make -f ./scripts/Makefile.clean obj=drivers/i3c
/usr/bin/make -f ./scripts/Makefile.clean obj=drivers/i3c/master
/usr/bin/make -f ./scripts/Makefile.clean obj=drivers/ide
/usr/bin/make -f ./scripts/Makefile.clean obj=drivers/idle
/usr/bin/make -f ./scripts/Makefile.clean obj=drivers/iio
/usr/bin/make -f ./scripts/Makefile.clean obj=drivers/iio/accel
/usr/bin/make -f ./scripts/Makefile.clean obj=drivers/iio/adc
/usr/bin/make -f ./scripts/Makefile.clean obj=drivers/iio/addac
/usr/bin/make -f ./scripts/Makefile.clean obj=drivers/iio/afe
/usr/bin/make -f ./scripts/Makefile.clean obj=drivers/iio/amplifiers
/usr/bin/make -f ./scripts/Makefile.clean obj=drivers/iio/buffer
/usr/bin/make -f ./scripts/Makefile.clean obj=drivers/iio/chemical
/usr/bin/make -f ./scripts/Makefile.clean obj=drivers/iio/common
/usr/bin/make -f ./scripts/Makefile.clean obj=drivers/iio/common/cros_ec_sensors
/usr/bin/make -f ./scripts/Makefile.clean obj=drivers/iio/common/hid-sensors
/usr/bin/make -f ./scripts/Makefile.clean obj=drivers/iio/common/ms_sensors
/usr/bin/make -f ./scripts/Makefile.clean obj=drivers/iio/common/ssp_sensors
/usr/bin/make -f ./scripts/Makefile.clean obj=drivers/iio/common/st_sensors
/usr/bin/make -f ./scripts/Makefile.clean obj=drivers/iio/dac
/usr/bin/make -f ./scripts/Makefile.clean obj=drivers/iio/dummy
/usr/bin/make -f ./scripts/Makefile.clean obj=drivers/iio/frequency
/usr/bin/make -f ./scripts/Makefile.clean obj=drivers/iio/gyro
/usr/bin/make -f ./scripts/Makefile.clean obj=drivers/iio/health
/usr/bin/make -f ./scripts/Makefile.clean obj=drivers/iio/humidity
/usr/bin/make -f ./scripts/Makefile.clean obj=drivers/iio/imu
/usr/bin/make -f ./scripts/Makefile.clean obj=drivers/iio/imu/bmi160
/usr/bin/make -f ./scripts/Makefile.clean obj=drivers/iio/imu/inv_icm42600
/usr/bin/make -f ./scripts/Makefile.clean obj=drivers/iio/imu/inv_mpu6050
/usr/bin/make -f ./scripts/Makefile.clean obj=drivers/iio/imu/st_lsm6dsx
/usr/bin/make -f ./scripts/Makefile.clean obj=drivers/iio/light
/usr/bin/make -f ./scripts/Makefile.clean obj=drivers/iio/magnetometer
/usr/bin/make -f ./scripts/Makefile.clean obj=drivers/iio/multiplexer
/usr/bin/make -f ./scripts/Makefile.clean obj=drivers/iio/orientation
/usr/bin/make -f ./scripts/Makefile.clean obj=drivers/iio/position
/usr/bin/make -f ./scripts/Makefile.clean obj=drivers/iio/potentiometer
/usr/bin/make -f ./scripts/Makefile.clean obj=drivers/iio/potentiostat
/usr/bin/make -f ./scripts/Makefile.clean obj=drivers/iio/pressure
/usr/bin/make -f ./scripts/Makefile.clean obj=drivers/iio/proximity
/usr/bin/make -f ./scripts/Makefile.clean obj=drivers/iio/resolver
/usr/bin/make -f ./scripts/Makefile.clean obj=drivers/iio/temperature
/usr/bin/make -f ./scripts/Makefile.clean obj=drivers/iio/trigger
/usr/bin/make -f ./scripts/Makefile.clean obj=drivers/infiniband
/usr/bin/make -f ./scripts/Makefile.clean obj=drivers/infiniband/core
/usr/bin/make -f ./scripts/Makefile.clean obj=drivers/infiniband/hw
/usr/bin/make -f ./scripts/Makefile.clean obj=drivers/infiniband/hw/bnxt_re
/usr/bin/make -f ./scripts/Makefile.clean obj=drivers/infiniband/hw/cxgb4
/usr/bin/make -f ./scripts/Makefile.clean obj=drivers/infiniband/hw/efa
/usr/bin/make -f ./scripts/Makefile.clean obj=drivers/infiniband/hw/hfi1
/usr/bin/make -f ./scripts/Makefile.clean obj=drivers/infiniband/hw/hns
/usr/bin/make -f ./scripts/Makefile.clean obj=drivers/infiniband/hw/i40iw
/usr/bin/make -f ./scripts/Makefile.clean obj=drivers/infiniband/hw/mlx4
/usr/bin/make -f ./scripts/Makefile.clean obj=drivers/infiniband/hw/mlx5
/usr/bin/make -f ./scripts/Makefile.clean obj=drivers/infiniband/hw/mthca
/usr/bin/make -f ./scripts/Makefile.clean obj=drivers/infiniband/hw/ocrdma
/usr/bin/make -f ./scripts/Makefile.clean obj=drivers/infiniband/hw/qedr
/usr/bin/make -f ./scripts/Makefile.clean obj=drivers/infiniband/hw/qib
/usr/bin/make -f ./scripts/Makefile.clean obj=drivers/infiniband/hw/usnic
/usr/bin/make -f ./scripts/Makefile.clean obj=drivers/infiniband/hw/vmw_pvrdma
/usr/bin/make -f ./scripts/Makefile.clean obj=drivers/infiniband/sw
/usr/bin/make -f ./scripts/Makefile.clean obj=drivers/infiniband/sw/rdmavt
/usr/bin/make -f ./scripts/Makefile.clean obj=drivers/infiniband/sw/rxe
/usr/bin/make -f ./scripts/Makefile.clean obj=drivers/infiniband/sw/siw
/usr/bin/make -f ./scripts/Makefile.clean obj=drivers/infiniband/ulp
/usr/bin/make -f ./scripts/Makefile.clean obj=drivers/infiniband/ulp/ipoib
/usr/bin/make -f ./scripts/Makefile.clean obj=drivers/infiniband/ulp/iser
/usr/bin/make -f ./scripts/Makefile.clean obj=drivers/infiniband/ulp/isert
/usr/bin/make -f ./scripts/Makefile.clean obj=drivers/infiniband/ulp/opa_vnic
/usr/bin/make -f ./scripts/Makefile.clean obj=drivers/infiniband/ulp/rtrs
/usr/bin/make -f ./scripts/Makefile.clean obj=drivers/infiniband/ulp/srp
/usr/bin/make -f ./scripts/Makefile.clean obj=drivers/infiniband/ulp/srpt
/usr/bin/make -f ./scripts/Makefile.clean obj=drivers/input
/usr/bin/make -f ./scripts/Makefile.clean obj=drivers/input/joystick
/usr/bin/make -f ./scripts/Makefile.clean obj=drivers/input/joystick/iforce
/usr/bin/make -f ./scripts/Makefile.clean obj=drivers/input/keyboard
/usr/bin/make -f ./scripts/Makefile.clean obj=drivers/input/misc
/usr/bin/make -f ./scripts/Makefile.clean obj=drivers/input/mouse
/usr/bin/make -f ./scripts/Makefile.clean obj=drivers/input/rmi4
/usr/bin/make -f ./scripts/Makefile.clean obj=drivers/input/tablet
/usr/bin/make -f ./scripts/Makefile.clean obj=drivers/input/touchscreen
/usr/bin/make -f ./scripts/Makefile.clean obj=drivers/input/gameport
/usr/bin/make -f ./scripts/Makefile.clean obj=drivers/input/serio
/usr/bin/make -f ./scripts/Makefile.clean obj=drivers/interconnect
/usr/bin/make -f ./scripts/Makefile.clean obj=drivers/interconnect/imx
/usr/bin/make -f ./scripts/Makefile.clean obj=drivers/interconnect/qcom
/usr/bin/make -f ./scripts/Makefile.clean obj=drivers/iommu
/usr/bin/make -f ./scripts/Makefile.clean obj=drivers/iommu/amd
/usr/bin/make -f ./scripts/Makefile.clean obj=drivers/iommu/arm
/usr/bin/make -f ./scripts/Makefile.clean obj=drivers/iommu/arm/arm-smmu
/usr/bin/make -f ./scripts/Makefile.clean obj=drivers/iommu/arm/arm-smmu-v3
/usr/bin/make -f ./scripts/Makefile.clean obj=drivers/iommu/intel
/usr/bin/make -f ./scripts/Makefile.clean obj=drivers/ipack
/usr/bin/make -f ./scripts/Makefile.clean obj=drivers/ipack/carriers
/usr/bin/make -f ./scripts/Makefile.clean obj=drivers/ipack/devices
/usr/bin/make -f ./scripts/Makefile.clean obj=drivers/irqchip
/usr/bin/make -f ./scripts/Makefile.clean obj=drivers/isdn
/usr/bin/make -f ./scripts/Makefile.clean obj=drivers/isdn/capi
/usr/bin/make -f ./scripts/Makefile.clean obj=drivers/isdn/hardware
/usr/bin/make -f ./scripts/Makefile.clean obj=drivers/isdn/hardware/mISDN
/usr/bin/make -f ./scripts/Makefile.clean obj=drivers/isdn/mISDN
/usr/bin/make -f ./scripts/Makefile.clean obj=drivers/leds
/usr/bin/make -f ./scripts/Makefile.clean obj=drivers/leds/trigger
/usr/bin/make -f ./scripts/Makefile.clean obj=drivers/lightnvm
/usr/bin/make -f ./scripts/Makefile.clean obj=drivers/macintosh
/usr/bin/make -f ./scripts/Makefile.clean obj=drivers/macintosh/ams
/usr/bin/make -f ./scripts/Makefile.clean obj=drivers/mailbox
/usr/bin/make -f ./scripts/Makefile.clean obj=drivers/mcb
/usr/bin/make -f ./scripts/Makefile.clean obj=drivers/md
/usr/bin/make -f ./scripts/Makefile.clean obj=drivers/md/bcache
/usr/bin/make -f ./scripts/Makefile.clean obj=drivers/md/persistent-data
/usr/bin/make -f ./scripts/Makefile.clean obj=drivers/media
/usr/bin/make -f ./scripts/Makefile.clean obj=drivers/media/cec
/usr/bin/make -f ./scripts/Makefile.clean obj=drivers/media/cec/core
/usr/bin/make -f ./scripts/Makefile.clean obj=drivers/media/cec/i2c
/usr/bin/make -f ./scripts/Makefile.clean obj=drivers/media/cec/platform
/usr/bin/make -f ./scripts/Makefile.clean obj=drivers/media/cec/platform/cec-gpio
/usr/bin/make -f ./scripts/Makefile.clean obj=drivers/media/cec/platform/cros-ec
/usr/bin/make -f ./scripts/Makefile.clean obj=drivers/media/cec/platform/meson
/usr/bin/make -f ./scripts/Makefile.clean obj=drivers/media/cec/platform/s5p
/usr/bin/make -f ./scripts/Makefile.clean obj=drivers/media/cec/platform/seco
/usr/bin/make -f ./scripts/Makefile.clean obj=drivers/media/cec/platform/sti
/usr/bin/make -f ./scripts/Makefile.clean obj=drivers/media/cec/platform/stm32
/usr/bin/make -f ./scripts/Makefile.clean obj=drivers/media/cec/platform/tegra
/usr/bin/make -f ./scripts/Makefile.clean obj=drivers/media/cec/usb
/usr/bin/make -f ./scripts/Makefile.clean obj=drivers/media/cec/usb/pulse8
/usr/bin/make -f ./scripts/Makefile.clean obj=drivers/media/cec/usb/rainshadow
/usr/bin/make -f ./scripts/Makefile.clean obj=drivers/media/common
/usr/bin/make -f ./scripts/Makefile.clean obj=drivers/media/common/b2c2
/usr/bin/make -f ./scripts/Makefile.clean obj=drivers/media/common/saa7146
/usr/bin/make -f ./scripts/Makefile.clean obj=drivers/media/common/siano
/usr/bin/make -f ./scripts/Makefile.clean obj=drivers/media/common/v4l2-tpg
/usr/bin/make -f ./scripts/Makefile.clean obj=drivers/media/common/videobuf2
/usr/bin/make -f ./scripts/Makefile.clean obj=drivers/media/dvb-core
/usr/bin/make -f ./scripts/Makefile.clean obj=drivers/media/dvb-frontends
/usr/bin/make -f ./scripts/Makefile.clean obj=drivers/media/dvb-frontends/cxd2880
/usr/bin/make -f ./scripts/Makefile.clean obj=drivers/media/dvb-frontends/drx39xyj
/usr/bin/make -f ./scripts/Makefile.clean obj=drivers/media/firewire
/usr/bin/make -f ./scripts/Makefile.clean obj=drivers/media/i2c
/usr/bin/make -f ./scripts/Makefile.clean obj=drivers/media/i2c/adv748x
/usr/bin/make -f ./scripts/Makefile.clean obj=drivers/media/i2c/cx25840
/usr/bin/make -f ./scripts/Makefile.clean obj=drivers/media/i2c/et8ek8
/usr/bin/make -f ./scripts/Makefile.clean obj=drivers/media/i2c/m5mols
/usr/bin/make -f ./scripts/Makefile.clean obj=drivers/media/i2c/s5c73m3
/usr/bin/make -f ./scripts/Makefile.clean obj=drivers/media/i2c/smiapp
/usr/bin/make -f ./scripts/Makefile.clean obj=drivers/media/mmc
/usr/bin/make -f ./scripts/Makefile.clean obj=drivers/media/mmc/siano
/usr/bin/make -f ./scripts/Makefile.clean obj=drivers/media/pci
/usr/bin/make -f ./scripts/Makefile.clean obj=drivers/media/pci/b2c2
/usr/bin/make -f ./scripts/Makefile.clean obj=drivers/media/pci/bt8xx
/usr/bin/make -f ./scripts/Makefile.clean obj=drivers/media/pci/cobalt
/usr/bin/make -f ./scripts/Makefile.clean obj=drivers/media/pci/cx18
/usr/bin/make -f ./scripts/Makefile.clean obj=drivers/media/pci/cx23885
/usr/bin/make -f ./scripts/Makefile.clean obj=drivers/media/pci/cx25821
/usr/bin/make -f ./scripts/Makefile.clean obj=drivers/media/pci/cx88
/usr/bin/make -f ./scripts/Makefile.clean obj=drivers/media/pci/ddbridge
/usr/bin/make -f ./scripts/Makefile.clean obj=drivers/media/pci/dm1105
/usr/bin/make -f ./scripts/Makefile.clean obj=drivers/media/pci/dt3155
/usr/bin/make -f ./scripts/Makefile.clean obj=drivers/media/pci/intel
/usr/bin/make -f ./scripts/Makefile.clean obj=drivers/media/pci/intel/ipu3
/usr/bin/make -f ./scripts/Makefile.clean obj=drivers/media/pci/ivtv
/usr/bin/make -f ./scripts/Makefile.clean obj=drivers/media/pci/mantis
/usr/bin/make -f ./scripts/Makefile.clean obj=drivers/media/pci/meye
/usr/bin/make -f ./scripts/Makefile.clean obj=drivers/media/pci/netup_unidvb
/usr/bin/make -f ./scripts/Makefile.clean obj=drivers/media/pci/ngene
/usr/bin/make -f ./scripts/Makefile.clean obj=drivers/media/pci/pluto2
/usr/bin/make -f ./scripts/Makefile.clean obj=drivers/media/pci/pt1
/usr/bin/make -f ./scripts/Makefile.clean obj=drivers/media/pci/pt3
/usr/bin/make -f ./scripts/Makefile.clean obj=drivers/media/pci/saa7134
/usr/bin/make -f ./scripts/Makefile.clean obj=drivers/media/pci/saa7146
/usr/bin/make -f ./scripts/Makefile.clean obj=drivers/media/pci/saa7164
/usr/bin/make -f ./scripts/Makefile.clean obj=drivers/media/pci/smipcie
/usr/bin/make -f ./scripts/Makefile.clean obj=drivers/media/pci/solo6x10
/usr/bin/make -f ./scripts/Makefile.clean obj=drivers/media/pci/sta2x11
/usr/bin/make -f ./scripts/Makefile.clean obj=drivers/media/pci/ttpci
/usr/bin/make -f ./scripts/Makefile.clean obj=drivers/media/pci/tw5864
/usr/bin/make -f ./scripts/Makefile.clean obj=drivers/media/pci/tw68
/usr/bin/make -f ./scripts/Makefile.clean obj=drivers/media/pci/tw686x
/usr/bin/make -f ./scripts/Makefile.clean obj=drivers/media/platform
/usr/bin/make -f ./scripts/Makefile.clean obj=drivers/media/platform/am437x
/usr/bin/make -f ./scripts/Makefile.clean obj=drivers/media/platform/atmel
/usr/bin/make -f ./scripts/Makefile.clean obj=drivers/media/platform/cadence
/usr/bin/make -f ./scripts/Makefile.clean obj=drivers/media/platform/coda
/usr/bin/make -f ./scripts/Makefile.clean obj=drivers/media/platform/davinci
/usr/bin/make -f ./scripts/Makefile.clean obj=drivers/media/platform/exynos-gsc
/usr/bin/make -f ./scripts/Makefile.clean obj=drivers/media/platform/exynos4-is
/usr/bin/make -f ./scripts/Makefile.clean obj=drivers/media/platform/marvell-ccic
/usr/bin/make -f ./scripts/Makefile.clean obj=drivers/media/platform/mtk-jpeg
/usr/bin/make -f ./scripts/Makefile.clean obj=drivers/media/platform/mtk-mdp
/usr/bin/make -f ./scripts/Makefile.clean obj=drivers/media/platform/mtk-vcodec
/usr/bin/make -f ./scripts/Makefile.clean obj=drivers/media/platform/mtk-vpu
/usr/bin/make -f ./scripts/Makefile.clean obj=drivers/media/platform/omap
/usr/bin/make -f ./scripts/Makefile.clean obj=drivers/media/platform/omap3isp
/usr/bin/make -f ./scripts/Makefile.clean obj=drivers/media/platform/qcom/camss
/usr/bin/make -f ./scripts/Makefile.clean obj=drivers/media/platform/qcom/venus
/usr/bin/make -f ./scripts/Makefile.clean obj=drivers/media/platform/rcar-vin
/usr/bin/make -f ./scripts/Makefile.clean obj=drivers/media/platform/rockchip/rga
/usr/bin/make -f ./scripts/Makefile.clean obj=drivers/media/platform/s3c-camif
/usr/bin/make -f ./scripts/Makefile.clean obj=drivers/media/platform/s5p-g2d
/usr/bin/make -f ./scripts/Makefile.clean obj=drivers/media/platform/s5p-jpeg
/usr/bin/make -f ./scripts/Makefile.clean obj=drivers/media/platform/s5p-mfc
/usr/bin/make -f ./scripts/Makefile.clean obj=drivers/media/platform/sti/bdisp
/usr/bin/make -f ./scripts/Makefile.clean obj=drivers/media/platform/sti/c8sectpfe
/usr/bin/make -f ./scripts/Makefile.clean obj=drivers/media/platform/sti/delta
/usr/bin/make -f ./scripts/Makefile.clean obj=drivers/media/platform/sti/hva
/usr/bin/make -f ./scripts/Makefile.clean obj=drivers/media/platform/stm32
/usr/bin/make -f ./scripts/Makefile.clean obj=drivers/media/platform/sunxi
/usr/bin/make -f ./scripts/Makefile.clean obj=drivers/media/platform/sunxi/sun4i-csi
/usr/bin/make -f ./scripts/Makefile.clean obj=drivers/media/platform/sunxi/sun6i-csi
/usr/bin/make -f ./scripts/Makefile.clean obj=drivers/media/platform/sunxi/sun8i-di
/usr/bin/make -f ./scripts/Makefile.clean obj=drivers/media/platform/sunxi/sun8i-rotate
/usr/bin/make -f ./scripts/Makefile.clean obj=drivers/media/platform/ti-vpe
/usr/bin/make -f ./scripts/Makefile.clean obj=drivers/media/platform/vsp1
/usr/bin/make -f ./scripts/Makefile.clean obj=drivers/media/platform/xilinx
/usr/bin/make -f ./scripts/Makefile.clean obj=drivers/media/radio
/usr/bin/make -f ./scripts/Makefile.clean obj=drivers/media/radio/si470x
/usr/bin/make -f ./scripts/Makefile.clean obj=drivers/media/radio/si4713
/usr/bin/make -f ./scripts/Makefile.clean obj=drivers/media/radio/wl128x
/usr/bin/make -f ./scripts/Makefile.clean obj=drivers/media/rc
/usr/bin/make -f ./scripts/Makefile.clean obj=drivers/media/rc/img-ir
/usr/bin/make -f ./scripts/Makefile.clean obj=drivers/media/rc/keymaps
/usr/bin/make -f ./scripts/Makefile.clean obj=drivers/media/spi
/usr/bin/make -f ./scripts/Makefile.clean obj=drivers/media/test-drivers
/usr/bin/make -f ./scripts/Makefile.clean obj=drivers/media/test-drivers/vicodec
/usr/bin/make -f ./scripts/Makefile.clean obj=drivers/media/test-drivers/vidtv
/usr/bin/make -f ./scripts/Makefile.clean obj=drivers/media/test-drivers/vimc
/usr/bin/make -f ./scripts/Makefile.clean obj=drivers/media/test-drivers/vivid
/usr/bin/make -f ./scripts/Makefile.clean obj=drivers/media/tuners
/usr/bin/make -f ./scripts/Makefile.clean obj=drivers/media/usb
/usr/bin/make -f ./scripts/Makefile.clean obj=drivers/media/usb/airspy
/usr/bin/make -f ./scripts/Makefile.clean obj=drivers/media/usb/as102
/usr/bin/make -f ./scripts/Makefile.clean obj=drivers/media/usb/au0828
/usr/bin/make -f ./scripts/Makefile.clean obj=drivers/media/usb/b2c2
/usr/bin/make -f ./scripts/Makefile.clean obj=drivers/media/usb/cpia2
/usr/bin/make -f ./scripts/Makefile.clean obj=drivers/media/usb/cx231xx
/usr/bin/make -f ./scripts/Makefile.clean obj=drivers/media/usb/dvb-usb
/usr/bin/make -f ./scripts/Makefile.clean obj=drivers/media/usb/dvb-usb-v2
/usr/bin/make -f ./scripts/Makefile.clean obj=drivers/media/usb/em28xx
/usr/bin/make -f ./scripts/Makefile.clean obj=drivers/media/usb/go7007
/usr/bin/make -f ./scripts/Makefile.clean obj=drivers/media/usb/gspca
/usr/bin/make -f ./scripts/Makefile.clean obj=drivers/media/usb/gspca/gl860
/usr/bin/make -f ./scripts/Makefile.clean obj=drivers/media/usb/gspca/m5602
/usr/bin/make -f ./scripts/Makefile.clean obj=drivers/media/usb/gspca/stv06xx
/usr/bin/make -f ./scripts/Makefile.clean obj=drivers/media/usb/hackrf
/usr/bin/make -f ./scripts/Makefile.clean obj=drivers/media/usb/hdpvr
/usr/bin/make -f ./scripts/Makefile.clean obj=drivers/media/usb/msi2500
/usr/bin/make -f ./scripts/Makefile.clean obj=drivers/media/usb/pvrusb2
/usr/bin/make -f ./scripts/Makefile.clean obj=drivers/media/usb/pwc
/usr/bin/make -f ./scripts/Makefile.clean obj=drivers/media/usb/s2255
/usr/bin/make -f ./scripts/Makefile.clean obj=drivers/media/usb/siano
/usr/bin/make -f ./scripts/Makefile.clean obj=drivers/media/usb/stk1160
/usr/bin/make -f ./scripts/Makefile.clean obj=drivers/media/usb/stkwebcam
/usr/bin/make -f ./scripts/Makefile.clean obj=drivers/media/usb/tm6000
/usr/bin/make -f ./scripts/Makefile.clean obj=drivers/media/usb/ttusb-budget
/usr/bin/make -f ./scripts/Makefile.clean obj=drivers/media/usb/ttusb-dec
/usr/bin/make -f ./scripts/Makefile.clean obj=drivers/media/usb/usbtv
/usr/bin/make -f ./scripts/Makefile.clean obj=drivers/media/usb/uvc
/usr/bin/make -f ./scripts/Makefile.clean obj=drivers/media/usb/zr364xx
/usr/bin/make -f ./scripts/Makefile.clean obj=drivers/media/v4l2-core
/usr/bin/make -f ./scripts/Makefile.clean obj=drivers/memory
/usr/bin/make -f ./scripts/Makefile.clean obj=drivers/memory/samsung
/usr/bin/make -f ./scripts/Makefile.clean obj=drivers/memory/tegra
/usr/bin/make -f ./scripts/Makefile.clean obj=drivers/memstick
/usr/bin/make -f ./scripts/Makefile.clean obj=drivers/memstick/core
/usr/bin/make -f ./scripts/Makefile.clean obj=drivers/memstick/host
/usr/bin/make -f ./scripts/Makefile.clean obj=drivers/message
/usr/bin/make -f ./scripts/Makefile.clean obj=drivers/message/fusion
/usr/bin/make -f ./scripts/Makefile.clean obj=drivers/mfd
/usr/bin/make -f ./scripts/Makefile.clean obj=drivers/misc
/usr/bin/make -f ./scripts/Makefile.clean obj=drivers/misc/altera-stapl
/usr/bin/make -f ./scripts/Makefile.clean obj=drivers/misc/c2port
/usr/bin/make -f ./scripts/Makefile.clean obj=drivers/misc/cardreader
/usr/bin/make -f ./scripts/Makefile.clean obj=drivers/misc/cb710
/usr/bin/make -f ./scripts/Makefile.clean obj=drivers/misc/cxl
/usr/bin/make -f ./scripts/Makefile.clean obj=drivers/misc/echo
/usr/bin/make -f ./scripts/Makefile.clean obj=drivers/misc/eeprom
/usr/bin/make -f ./scripts/Makefile.clean obj=drivers/misc/genwqe
/usr/bin/make -f ./scripts/Makefile.clean obj=drivers/misc/habanalabs
/usr/bin/make -f ./scripts/Makefile.clean obj=drivers/misc/ibmasm
/usr/bin/make -f ./scripts/Makefile.clean obj=drivers/misc/lis3lv02d
/usr/bin/make -f ./scripts/Makefile.clean obj=drivers/misc/lkdtm
/usr/bin/make -f ./scripts/Makefile.clean obj=drivers/misc/mei
/usr/bin/make -f ./scripts/Makefile.clean obj=drivers/misc/mei/hdcp
/usr/bin/make -f ./scripts/Makefile.clean obj=drivers/misc/ocxl
/usr/bin/make -f ./scripts/Makefile.clean obj=drivers/misc/sgi-gru
/usr/bin/make -f ./scripts/Makefile.clean obj=drivers/misc/sgi-xp
/usr/bin/make -f ./scripts/Makefile.clean obj=drivers/misc/ti-st
/usr/bin/make -f ./scripts/Makefile.clean obj=drivers/misc/uacce
/usr/bin/make -f ./scripts/Makefile.clean obj=drivers/misc/vmw_vmci
/usr/bin/make -f ./scripts/Makefile.clean obj=drivers/mmc
/usr/bin/make -f ./scripts/Makefile.clean obj=drivers/mmc/core
/usr/bin/make -f ./scripts/Makefile.clean obj=drivers/mmc/host
/usr/bin/make -f ./scripts/Makefile.clean obj=drivers/most
/usr/bin/make -f ./scripts/Makefile.clean obj=drivers/mtd
/usr/bin/make -f ./scripts/Makefile.clean obj=drivers/mtd/chips
/usr/bin/make -f ./scripts/Makefile.clean obj=drivers/mtd/devices
/usr/bin/make -f ./scripts/Makefile.clean obj=drivers/mtd/hyperbus
/usr/bin/make -f ./scripts/Makefile.clean obj=drivers/mtd/lpddr
/usr/bin/make -f ./scripts/Makefile.clean obj=drivers/mtd/maps
/usr/bin/make -f ./scripts/Makefile.clean obj=drivers/mtd/nand
/usr/bin/make -f ./scripts/Makefile.clean obj=drivers/mtd/nand/onenand
/usr/bin/make -f ./scripts/Makefile.clean obj=drivers/mtd/nand/raw
/usr/bin/make -f ./scripts/Makefile.clean obj=drivers/mtd/nand/raw/atmel
/usr/bin/make -f ./scripts/Makefile.clean obj=drivers/mtd/nand/raw/bcm47xxnflash
/usr/bin/make -f ./scripts/Makefile.clean obj=drivers/mtd/nand/raw/brcmnand
/usr/bin/make -f ./scripts/Makefile.clean obj=drivers/mtd/nand/raw/gpmi-nand
/usr/bin/make -f ./scripts/Makefile.clean obj=drivers/mtd/nand/raw/ingenic
/usr/bin/make -f ./scripts/Makefile.clean obj=drivers/mtd/nand/spi
/usr/bin/make -f ./scripts/Makefile.clean obj=drivers/mtd/parsers
/usr/bin/make -f ./scripts/Makefile.clean obj=drivers/mtd/spi-nor
/usr/bin/make -f ./scripts/Makefile.clean obj=drivers/mtd/spi-nor/controllers
/usr/bin/make -f ./scripts/Makefile.clean obj=drivers/mtd/tests
/usr/bin/make -f ./scripts/Makefile.clean obj=drivers/mtd/ubi
/usr/bin/make -f ./scripts/Makefile.clean obj=drivers/mux
/usr/bin/make -f ./scripts/Makefile.clean obj=drivers/net
/usr/bin/make -f ./scripts/Makefile.clean obj=drivers/net/appletalk
/usr/bin/make -f ./scripts/Makefile.clean obj=drivers/net/arcnet
/usr/bin/make -f ./scripts/Makefile.clean obj=drivers/net/bonding
/usr/bin/make -f ./scripts/Makefile.clean obj=drivers/net/caif
/usr/bin/make -f ./scripts/Makefile.clean obj=drivers/net/can
/usr/bin/make -f ./scripts/Makefile.clean obj=drivers/net/can/c_can
/usr/bin/make -f ./scripts/Makefile.clean obj=drivers/net/can/cc770
/usr/bin/make -f ./scripts/Makefile.clean obj=drivers/net/can/dev
/usr/bin/make -f ./scripts/Makefile.clean obj=drivers/net/can/ifi_canfd
/usr/bin/make -f ./scripts/Makefile.clean obj=drivers/net/can/m_can
/usr/bin/make -f ./scripts/Makefile.clean obj=drivers/net/can/mscan
/usr/bin/make -f ./scripts/Makefile.clean obj=drivers/net/can/peak_canfd
/usr/bin/make -f ./scripts/Makefile.clean obj=drivers/net/can/rcar
/usr/bin/make -f ./scripts/Makefile.clean obj=drivers/net/can/sja1000
/usr/bin/make -f ./scripts/Makefile.clean obj=drivers/net/can/softing
/usr/bin/make -f ./scripts/Makefile.clean obj=drivers/net/can/spi
/usr/bin/make -f ./scripts/Makefile.clean obj=drivers/net/can/spi/mcp251xfd
/usr/bin/make -f ./scripts/Makefile.clean obj=drivers/net/can/usb
/usr/bin/make -f ./scripts/Makefile.clean obj=drivers/net/can/usb/kvaser_usb
/usr/bin/make -f ./scripts/Makefile.clean obj=drivers/net/can/usb/peak_usb
/usr/bin/make -f ./scripts/Makefile.clean obj=drivers/net/dsa
/usr/bin/make -f ./scripts/Makefile.clean obj=drivers/net/dsa/b53
/usr/bin/make -f ./scripts/Makefile.clean obj=drivers/net/dsa/microchip
/usr/bin/make -f ./scripts/Makefile.clean obj=drivers/net/dsa/mv88e6xxx
/usr/bin/make -f ./scripts/Makefile.clean obj=drivers/net/dsa/ocelot
/usr/bin/make -f ./scripts/Makefile.clean obj=drivers/net/dsa/qca
/usr/bin/make -f ./scripts/Makefile.clean obj=drivers/net/dsa/sja1105
/usr/bin/make -f ./scripts/Makefile.clean obj=drivers/net/ethernet
/usr/bin/make -f ./scripts/Makefile.clean obj=drivers/net/ethernet/3com
/usr/bin/make -f ./scripts/Makefile.clean obj=drivers/net/ethernet/8390
/usr/bin/make -f ./scripts/Makefile.clean obj=drivers/net/ethernet/adaptec
/usr/bin/make -f ./scripts/Makefile.clean obj=drivers/net/ethernet/aeroflex
/usr/bin/make -f ./scripts/Makefile.clean obj=drivers/net/ethernet/agere
/usr/bin/make -f ./scripts/Makefile.clean obj=drivers/net/ethernet/alacritech
/usr/bin/make -f ./scripts/Makefile.clean obj=drivers/net/ethernet/allwinner
/usr/bin/make -f ./scripts/Makefile.clean obj=drivers/net/ethernet/alteon
/usr/bin/make -f ./scripts/Makefile.clean obj=drivers/net/ethernet/altera
/usr/bin/make -f ./scripts/Makefile.clean obj=drivers/net/ethernet/amazon
/usr/bin/make -f ./scripts/Makefile.clean obj=drivers/net/ethernet/amazon/ena
/usr/bin/make -f ./scripts/Makefile.clean obj=drivers/net/ethernet/amd
/usr/bin/make -f ./scripts/Makefile.clean obj=drivers/net/ethernet/amd/xgbe
/usr/bin/make -f ./scripts/Makefile.clean obj=drivers/net/ethernet/apm
/usr/bin/make -f ./scripts/Makefile.clean obj=drivers/net/ethernet/apm/xgene
/usr/bin/make -f ./scripts/Makefile.clean obj=drivers/net/ethernet/apm/xgene-v2
/usr/bin/make -f ./scripts/Makefile.clean obj=drivers/net/ethernet/apple
/usr/bin/make -f ./scripts/Makefile.clean obj=drivers/net/ethernet/aquantia
/usr/bin/make -f ./scripts/Makefile.clean obj=drivers/net/ethernet/aquantia/atlantic
/usr/bin/make -f ./scripts/Makefile.clean obj=drivers/net/ethernet/arc
/usr/bin/make -f ./scripts/Makefile.clean obj=drivers/net/ethernet/atheros
/usr/bin/make -f ./scripts/Makefile.clean obj=drivers/net/ethernet/atheros/alx
/usr/bin/make -f ./scripts/Makefile.clean obj=drivers/net/ethernet/atheros/atl1c
/usr/bin/make -f ./scripts/Makefile.clean obj=drivers/net/ethernet/atheros/atl1e
/usr/bin/make -f ./scripts/Makefile.clean obj=drivers/net/ethernet/atheros/atlx
/usr/bin/make -f ./scripts/Makefile.clean obj=drivers/net/ethernet/aurora
/usr/bin/make -f ./scripts/Makefile.clean obj=drivers/net/ethernet/broadcom
/usr/bin/make -f ./scripts/Makefile.clean obj=drivers/net/ethernet/broadcom/bnx2x
/usr/bin/make -f ./scripts/Makefile.clean obj=drivers/net/ethernet/broadcom/bnxt
/usr/bin/make -f ./scripts/Makefile.clean obj=drivers/net/ethernet/broadcom/genet
/usr/bin/make -f ./scripts/Makefile.clean obj=drivers/net/ethernet/brocade
/usr/bin/make -f ./scripts/Makefile.clean obj=drivers/net/ethernet/brocade/bna
/usr/bin/make -f ./scripts/Makefile.clean obj=drivers/net/ethernet/cadence
/usr/bin/make -f ./scripts/Makefile.clean obj=drivers/net/ethernet/calxeda
/usr/bin/make -f ./scripts/Makefile.clean obj=drivers/net/ethernet/cavium
/usr/bin/make -f ./scripts/Makefile.clean obj=drivers/net/ethernet/cavium/common
/usr/bin/make -f ./scripts/Makefile.clean obj=drivers/net/ethernet/cavium/liquidio
/usr/bin/make -f ./scripts/Makefile.clean obj=drivers/net/ethernet/cavium/octeon
/usr/bin/make -f ./scripts/Makefile.clean obj=drivers/net/ethernet/cavium/thunder
/usr/bin/make -f ./scripts/Makefile.clean obj=drivers/net/ethernet/chelsio
/usr/bin/make -f ./scripts/Makefile.clean obj=drivers/net/ethernet/chelsio/cxgb
/usr/bin/make -f ./scripts/Makefile.clean obj=drivers/net/ethernet/chelsio/cxgb3
/usr/bin/make -f ./scripts/Makefile.clean obj=drivers/net/ethernet/chelsio/cxgb4
/usr/bin/make -f ./scripts/Makefile.clean obj=drivers/net/ethernet/chelsio/cxgb4vf
/usr/bin/make -f ./scripts/Makefile.clean obj=drivers/net/ethernet/chelsio/inline_crypto
/usr/bin/make -f ./scripts/Makefile.clean obj=drivers/net/ethernet/chelsio/inline_crypto/ch_ipsec
/usr/bin/make -f ./scripts/Makefile.clean obj=drivers/net/ethernet/chelsio/inline_crypto/ch_ktls
/usr/bin/make -f ./scripts/Makefile.clean obj=drivers/net/ethernet/chelsio/inline_crypto/chtls
/usr/bin/make -f ./scripts/Makefile.clean obj=drivers/net/ethernet/chelsio/libcxgb
/usr/bin/make -f ./scripts/Makefile.clean obj=drivers/net/ethernet/cirrus
/usr/bin/make -f ./scripts/Makefile.clean obj=drivers/net/ethernet/cisco
/usr/bin/make -f ./scripts/Makefile.clean obj=drivers/net/ethernet/cisco/enic
/usr/bin/make -f ./scripts/Makefile.clean obj=drivers/net/ethernet/cortina
/usr/bin/make -f ./scripts/Makefile.clean obj=drivers/net/ethernet/davicom
/usr/bin/make -f ./scripts/Makefile.clean obj=drivers/net/ethernet/dec
/usr/bin/make -f ./scripts/Makefile.clean obj=drivers/net/ethernet/dec/tulip
/usr/bin/make -f ./scripts/Makefile.clean obj=drivers/net/ethernet/dlink
/usr/bin/make -f ./scripts/Makefile.clean obj=drivers/net/ethernet/emulex
/usr/bin/make -f ./scripts/Makefile.clean obj=drivers/net/ethernet/emulex/benet
/usr/bin/make -f ./scripts/Makefile.clean obj=drivers/net/ethernet/ezchip
/usr/bin/make -f ./scripts/Makefile.clean obj=drivers/net/ethernet/faraday
/usr/bin/make -f ./scripts/Makefile.clean obj=drivers/net/ethernet/freescale
/usr/bin/make -f ./scripts/Makefile.clean obj=drivers/net/ethernet/freescale/dpaa
/usr/bin/make -f ./scripts/Makefile.clean obj=drivers/net/ethernet/freescale/dpaa2
/usr/bin/make -f ./scripts/Makefile.clean obj=drivers/net/ethernet/freescale/enetc
/usr/bin/make -f ./scripts/Makefile.clean obj=drivers/net/ethernet/freescale/fman
/usr/bin/make -f ./scripts/Makefile.clean obj=drivers/net/ethernet/freescale/fs_enet
/usr/bin/make -f ./scripts/Makefile.clean obj=drivers/net/ethernet/fujitsu
/usr/bin/make -f ./scripts/Makefile.clean obj=drivers/net/ethernet/google
/usr/bin/make -f ./scripts/Makefile.clean obj=drivers/net/ethernet/google/gve
/usr/bin/make -f ./scripts/Makefile.clean obj=drivers/net/ethernet/hisilicon
/usr/bin/make -f ./scripts/Makefile.clean obj=drivers/net/ethernet/hisilicon/hns
/usr/bin/make -f ./scripts/Makefile.clean obj=drivers/net/ethernet/hisilicon/hns3
/usr/bin/make -f ./scripts/Makefile.clean obj=drivers/net/ethernet/hisilicon/hns3/hns3pf
/usr/bin/make -f ./scripts/Makefile.clean obj=drivers/net/ethernet/hisilicon/hns3/hns3vf
/usr/bin/make -f ./scripts/Makefile.clean obj=drivers/net/ethernet/huawei
/usr/bin/make -f ./scripts/Makefile.clean obj=drivers/net/ethernet/huawei/hinic
/usr/bin/make -f ./scripts/Makefile.clean obj=drivers/net/ethernet/i825xx
/usr/bin/make -f ./scripts/Makefile.clean obj=drivers/net/ethernet/ibm
/usr/bin/make -f ./scripts/Makefile.clean obj=drivers/net/ethernet/ibm/ehea
/usr/bin/make -f ./scripts/Makefile.clean obj=drivers/net/ethernet/ibm/emac
/usr/bin/make -f ./scripts/Makefile.clean obj=drivers/net/ethernet/intel
/usr/bin/make -f ./scripts/Makefile.clean obj=drivers/net/ethernet/intel/e1000
/usr/bin/make -f ./scripts/Makefile.clean obj=drivers/net/ethernet/intel/e1000e
/usr/bin/make -f ./scripts/Makefile.clean obj=drivers/net/ethernet/intel/fm10k
/usr/bin/make -f ./scripts/Makefile.clean obj=drivers/net/ethernet/intel/i40e
/usr/bin/make -f ./scripts/Makefile.clean obj=drivers/net/ethernet/intel/iavf
/usr/bin/make -f ./scripts/Makefile.clean obj=drivers/net/ethernet/intel/ice
/usr/bin/make -f ./scripts/Makefile.clean obj=drivers/net/ethernet/intel/igb
/usr/bin/make -f ./scripts/Makefile.clean obj=drivers/net/ethernet/intel/igbvf
/usr/bin/make -f ./scripts/Makefile.clean obj=drivers/net/ethernet/intel/igc
/usr/bin/make -f ./scripts/Makefile.clean obj=drivers/net/ethernet/intel/ixgb
/usr/bin/make -f ./scripts/Makefile.clean obj=drivers/net/ethernet/intel/ixgbe
/usr/bin/make -f ./scripts/Makefile.clean obj=drivers/net/ethernet/intel/ixgbevf
/usr/bin/make -f ./scripts/Makefile.clean obj=drivers/net/ethernet/marvell
/usr/bin/make -f ./scripts/Makefile.clean obj=drivers/net/ethernet/marvell/mvpp2
/usr/bin/make -f ./scripts/Makefile.clean obj=drivers/net/ethernet/marvell/octeontx2
/usr/bin/make -f ./scripts/Makefile.clean obj=drivers/net/ethernet/marvell/octeontx2/af
/usr/bin/make -f ./scripts/Makefile.clean obj=drivers/net/ethernet/marvell/octeontx2/nic
/usr/bin/make -f ./scripts/Makefile.clean obj=drivers/net/ethernet/marvell/prestera
/usr/bin/make -f ./scripts/Makefile.clean obj=drivers/net/ethernet/mediatek
/usr/bin/make -f ./scripts/Makefile.clean obj=drivers/net/ethernet/mellanox
/usr/bin/make -f ./scripts/Makefile.clean obj=drivers/net/ethernet/mellanox/mlx4
/usr/bin/make -f ./scripts/Makefile.clean obj=drivers/net/ethernet/mellanox/mlx5/core
/usr/bin/make -f ./scripts/Makefile.clean obj=drivers/net/ethernet/mellanox/mlxfw
/usr/bin/make -f ./scripts/Makefile.clean obj=drivers/net/ethernet/mellanox/mlxsw
/usr/bin/make -f ./scripts/Makefile.clean obj=drivers/net/ethernet/micrel
/usr/bin/make -f ./scripts/Makefile.clean obj=drivers/net/ethernet/microchip
/usr/bin/make -f ./scripts/Makefile.clean obj=drivers/net/ethernet/moxa
/usr/bin/make -f ./scripts/Makefile.clean obj=drivers/net/ethernet/mscc
/usr/bin/make -f ./scripts/Makefile.clean obj=drivers/net/ethernet/myricom
/usr/bin/make -f ./scripts/Makefile.clean obj=drivers/net/ethernet/myricom/myri10ge
/usr/bin/make -f ./scripts/Makefile.clean obj=drivers/net/ethernet/natsemi
/usr/bin/make -f ./scripts/Makefile.clean obj=drivers/net/ethernet/neterion
/usr/bin/make -f ./scripts/Makefile.clean obj=drivers/net/ethernet/neterion/vxge
/usr/bin/make -f ./scripts/Makefile.clean obj=drivers/net/ethernet/netronome
/usr/bin/make -f ./scripts/Makefile.clean obj=drivers/net/ethernet/netronome/nfp
/usr/bin/make -f ./scripts/Makefile.clean obj=drivers/net/ethernet/ni
/usr/bin/make -f ./scripts/Makefile.clean obj=drivers/net/ethernet/nvidia
/usr/bin/make -f ./scripts/Makefile.clean obj=drivers/net/ethernet/nxp
/usr/bin/make -f ./scripts/Makefile.clean obj=drivers/net/ethernet/oki-semi
/usr/bin/make -f ./scripts/Makefile.clean obj=drivers/net/ethernet/oki-semi/pch_gbe
/usr/bin/make -f ./scripts/Makefile.clean obj=drivers/net/ethernet/packetengines
/usr/bin/make -f ./scripts/Makefile.clean obj=drivers/net/ethernet/pasemi
/usr/bin/make -f ./scripts/Makefile.clean obj=drivers/net/ethernet/pensando
/usr/bin/make -f ./scripts/Makefile.clean obj=drivers/net/ethernet/pensando/ionic
/usr/bin/make -f ./scripts/Makefile.clean obj=drivers/net/ethernet/qlogic
/usr/bin/make -f ./scripts/Makefile.clean obj=drivers/net/ethernet/qlogic/netxen
/usr/bin/make -f ./scripts/Makefile.clean obj=drivers/net/ethernet/qlogic/qed
/usr/bin/make -f ./scripts/Makefile.clean obj=drivers/net/ethernet/qlogic/qede
/usr/bin/make -f ./scripts/Makefile.clean obj=drivers/net/ethernet/qlogic/qlcnic
/usr/bin/make -f ./scripts/Makefile.clean obj=drivers/net/ethernet/qualcomm
/usr/bin/make -f ./scripts/Makefile.clean obj=drivers/net/ethernet/qualcomm/emac
/usr/bin/make -f ./scripts/Makefile.clean obj=drivers/net/ethernet/qualcomm/rmnet
/usr/bin/make -f ./scripts/Makefile.clean obj=drivers/net/ethernet/rdc
/usr/bin/make -f ./scripts/Makefile.clean obj=drivers/net/ethernet/realtek
/usr/bin/make -f ./scripts/Makefile.clean obj=drivers/net/ethernet/renesas
/usr/bin/make -f ./scripts/Makefile.clean obj=drivers/net/ethernet/rocker
/usr/bin/make -f ./scripts/Makefile.clean obj=drivers/net/ethernet/samsung
/usr/bin/make -f ./scripts/Makefile.clean obj=drivers/net/ethernet/samsung/sxgbe
/usr/bin/make -f ./scripts/Makefile.clean obj=drivers/net/ethernet/seeq
/usr/bin/make -f ./scripts/Makefile.clean obj=drivers/net/ethernet/sfc
/usr/bin/make -f ./scripts/Makefile.clean obj=drivers/net/ethernet/sfc/falcon
/usr/bin/make -f ./scripts/Makefile.clean obj=drivers/net/ethernet/sgi
/usr/bin/make -f ./scripts/Makefile.clean obj=drivers/net/ethernet/silan
/usr/bin/make -f ./scripts/Makefile.clean obj=drivers/net/ethernet/sis
/usr/bin/make -f ./scripts/Makefile.clean obj=drivers/net/ethernet/smsc
/usr/bin/make -f ./scripts/Makefile.clean obj=drivers/net/ethernet/socionext
/usr/bin/make -f ./scripts/Makefile.clean obj=drivers/net/ethernet/stmicro
/usr/bin/make -f ./scripts/Makefile.clean obj=drivers/net/ethernet/stmicro/stmmac
/usr/bin/make -f ./scripts/Makefile.clean obj=drivers/net/ethernet/sun
/usr/bin/make -f ./scripts/Makefile.clean obj=drivers/net/ethernet/synopsys
/usr/bin/make -f ./scripts/Makefile.clean obj=drivers/net/ethernet/tehuti
/usr/bin/make -f ./scripts/Makefile.clean obj=drivers/net/ethernet/ti
/usr/bin/make -f ./scripts/Makefile.clean obj=drivers/net/ethernet/toshiba
/usr/bin/make -f ./scripts/Makefile.clean obj=drivers/net/ethernet/tundra
/usr/bin/make -f ./scripts/Makefile.clean obj=drivers/net/ethernet/via
/usr/bin/make -f ./scripts/Makefile.clean obj=drivers/net/ethernet/wiznet
/usr/bin/make -f ./scripts/Makefile.clean obj=drivers/net/ethernet/xilinx
/usr/bin/make -f ./scripts/Makefile.clean obj=drivers/net/ethernet/xircom
/usr/bin/make -f ./scripts/Makefile.clean obj=drivers/net/ethernet/xscale
/usr/bin/make -f ./scripts/Makefile.clean obj=drivers/net/fddi
/usr/bin/make -f ./scripts/Makefile.clean obj=drivers/net/fddi/skfp
/usr/bin/make -f ./scripts/Makefile.clean obj=drivers/net/fjes
/usr/bin/make -f ./scripts/Makefile.clean obj=drivers/net/hamradio
/usr/bin/make -f ./scripts/Makefile.clean obj=drivers/net/hippi
/usr/bin/make -f ./scripts/Makefile.clean obj=drivers/net/hyperv
/usr/bin/make -f ./scripts/Makefile.clean obj=drivers/net/ieee802154
/usr/bin/make -f ./scripts/Makefile.clean obj=drivers/net/ipa
/usr/bin/make -f ./scripts/Makefile.clean obj=drivers/net/ipvlan
/usr/bin/make -f ./scripts/Makefile.clean obj=drivers/net/mdio
/usr/bin/make -f ./scripts/Makefile.clean obj=drivers/net/netdevsim
/usr/bin/make -f ./scripts/Makefile.clean obj=drivers/net/pcs
/usr/bin/make -f ./scripts/Makefile.clean obj=drivers/net/phy
/usr/bin/make -f ./scripts/Makefile.clean obj=drivers/net/phy/mscc
/usr/bin/make -f ./scripts/Makefile.clean obj=drivers/net/plip
/usr/bin/make -f ./scripts/Makefile.clean obj=drivers/net/ppp
/usr/bin/make -f ./scripts/Makefile.clean obj=drivers/net/slip
/usr/bin/make -f ./scripts/Makefile.clean obj=drivers/net/team
/usr/bin/make -f ./scripts/Makefile.clean obj=drivers/net/usb
/usr/bin/make -f ./scripts/Makefile.clean obj=drivers/net/vmxnet3
/usr/bin/make -f ./scripts/Makefile.clean obj=drivers/net/vxlan
/usr/bin/make -f ./scripts/Makefile.clean obj=drivers/net/wan
/usr/bin/make -f ./scripts/Makefile.clean obj=drivers/net/wan/lmc
/usr/bin/make -f ./scripts/Makefile.clean obj=drivers/net/wimax
/usr/bin/make -f ./scripts/Makefile.clean obj=drivers/net/wimax/i2400m
/usr/bin/make -f ./scripts/Makefile.clean obj=drivers/net/wireguard
/usr/bin/make -f ./scripts/Makefile.clean obj=drivers/net/wireless
/usr/bin/make -f ./scripts/Makefile.clean obj=drivers/net/wireless/admtek
/usr/bin/make -f ./scripts/Makefile.clean obj=drivers/net/wireless/ath
/usr/bin/make -f ./scripts/Makefile.clean obj=drivers/net/wireless/ath/ar5523
/usr/bin/make -f ./scripts/Makefile.clean obj=drivers/net/wireless/ath/ath10k
/usr/bin/make -f ./scripts/Makefile.clean obj=drivers/net/wireless/ath/ath11k
/usr/bin/make -f ./scripts/Makefile.clean obj=drivers/net/wireless/ath/ath5k
/usr/bin/make -f ./scripts/Makefile.clean obj=drivers/net/wireless/ath/ath6kl
/usr/bin/make -f ./scripts/Makefile.clean obj=drivers/net/wireless/ath/ath9k
/usr/bin/make -f ./scripts/Makefile.clean obj=drivers/net/wireless/ath/carl9170
/usr/bin/make -f ./scripts/Makefile.clean obj=drivers/net/wireless/ath/wcn36xx
/usr/bin/make -f ./scripts/Makefile.clean obj=drivers/net/wireless/ath/wil6210
/usr/bin/make -f ./scripts/Makefile.clean obj=drivers/net/wireless/atmel
/usr/bin/make -f ./scripts/Makefile.clean obj=drivers/net/wireless/broadcom
/usr/bin/make -f ./scripts/Makefile.clean obj=drivers/net/wireless/broadcom/b43
/usr/bin/make -f ./scripts/Makefile.clean obj=drivers/net/wireless/broadcom/b43legacy
/usr/bin/make -f ./scripts/Makefile.clean obj=drivers/net/wireless/broadcom/brcm80211
/usr/bin/make -f ./scripts/Makefile.clean obj=drivers/net/wireless/broadcom/brcm80211/brcmfmac
/usr/bin/make -f ./scripts/Makefile.clean obj=drivers/net/wireless/broadcom/brcm80211/brcmsmac
/usr/bin/make -f ./scripts/Makefile.clean obj=drivers/net/wireless/broadcom/brcm80211/brcmutil
/usr/bin/make -f ./scripts/Makefile.clean obj=drivers/net/wireless/cisco
/usr/bin/make -f ./scripts/Makefile.clean obj=drivers/net/wireless/intel
/usr/bin/make -f ./scripts/Makefile.clean obj=drivers/net/wireless/intel/ipw2x00
/usr/bin/make -f ./scripts/Makefile.clean obj=drivers/net/wireless/intel/iwlegacy
/usr/bin/make -f ./scripts/Makefile.clean obj=drivers/net/wireless/intel/iwlwifi
/usr/bin/make -f ./scripts/Makefile.clean obj=drivers/net/wireless/intel/iwlwifi/dvm
/usr/bin/make -f ./scripts/Makefile.clean obj=drivers/net/wireless/intel/iwlwifi/mvm
/usr/bin/make -f ./scripts/Makefile.clean obj=drivers/net/wireless/intersil
/usr/bin/make -f ./scripts/Makefile.clean obj=drivers/net/wireless/intersil/hostap
/usr/bin/make -f ./scripts/Makefile.clean obj=drivers/net/wireless/intersil/orinoco
/usr/bin/make -f ./scripts/Makefile.clean obj=drivers/net/wireless/intersil/p54
/usr/bin/make -f ./scripts/Makefile.clean obj=drivers/net/wireless/intersil/prism54
/usr/bin/make -f ./scripts/Makefile.clean obj=drivers/net/wireless/marvell
/usr/bin/make -f ./scripts/Makefile.clean obj=drivers/net/wireless/marvell/libertas
/usr/bin/make -f ./scripts/Makefile.clean obj=drivers/net/wireless/marvell/libertas_tf
/usr/bin/make -f ./scripts/Makefile.clean obj=drivers/net/wireless/marvell/mwifiex
/usr/bin/make -f ./scripts/Makefile.clean obj=drivers/net/wireless/mediatek
/usr/bin/make -f ./scripts/Makefile.clean obj=drivers/net/wireless/mediatek/mt76
/usr/bin/make -f ./scripts/Makefile.clean obj=drivers/net/wireless/mediatek/mt76/mt7603
/usr/bin/make -f ./scripts/Makefile.clean obj=drivers/net/wireless/mediatek/mt76/mt7615
/usr/bin/make -f ./scripts/Makefile.clean obj=drivers/net/wireless/mediatek/mt76/mt76x0
/usr/bin/make -f ./scripts/Makefile.clean obj=drivers/net/wireless/mediatek/mt76/mt76x2
/usr/bin/make -f ./scripts/Makefile.clean obj=drivers/net/wireless/mediatek/mt76/mt7915
/usr/bin/make -f ./scripts/Makefile.clean obj=drivers/net/wireless/mediatek/mt7601u
/usr/bin/make -f ./scripts/Makefile.clean obj=drivers/net/wireless/microchip
/usr/bin/make -f ./scripts/Makefile.clean obj=drivers/net/wireless/microchip/wilc1000
/usr/bin/make -f ./scripts/Makefile.clean obj=drivers/net/wireless/quantenna
/usr/bin/make -f ./scripts/Makefile.clean obj=drivers/net/wireless/quantenna/qtnfmac
/usr/bin/make -f ./scripts/Makefile.clean obj=drivers/net/wireless/ralink
/usr/bin/make -f ./scripts/Makefile.clean obj=drivers/net/wireless/ralink/rt2x00
/usr/bin/make -f ./scripts/Makefile.clean obj=drivers/net/wireless/realtek
/usr/bin/make -f ./scripts/Makefile.clean obj=drivers/net/wireless/realtek/rtl818x
/usr/bin/make -f ./scripts/Makefile.clean obj=drivers/net/wireless/realtek/rtl818x/rtl8180
/usr/bin/make -f ./scripts/Makefile.clean obj=drivers/net/wireless/realtek/rtl818x/rtl8187
/usr/bin/make -f ./scripts/Makefile.clean obj=drivers/net/wireless/realtek/rtl8xxxu
/usr/bin/make -f ./scripts/Makefile.clean obj=drivers/net/wireless/realtek/rtlwifi
/usr/bin/make -f ./scripts/Makefile.clean obj=drivers/net/wireless/realtek/rtlwifi/btcoexist
/usr/bin/make -f ./scripts/Makefile.clean obj=drivers/net/wireless/realtek/rtlwifi/rtl8188ee
/usr/bin/make -f ./scripts/Makefile.clean obj=drivers/net/wireless/realtek/rtlwifi/rtl8192c
/usr/bin/make -f ./scripts/Makefile.clean obj=drivers/net/wireless/realtek/rtlwifi/rtl8192ce
/usr/bin/make -f ./scripts/Makefile.clean obj=drivers/net/wireless/realtek/rtlwifi/rtl8192cu
/usr/bin/make -f ./scripts/Makefile.clean obj=drivers/net/wireless/realtek/rtlwifi/rtl8192de
/usr/bin/make -f ./scripts/Makefile.clean obj=drivers/net/wireless/realtek/rtlwifi/rtl8192ee
/usr/bin/make -f ./scripts/Makefile.clean obj=drivers/net/wireless/realtek/rtlwifi/rtl8192se
/usr/bin/make -f ./scripts/Makefile.clean obj=drivers/net/wireless/realtek/rtlwifi/rtl8723ae
/usr/bin/make -f ./scripts/Makefile.clean obj=drivers/net/wireless/realtek/rtlwifi/rtl8723be
/usr/bin/make -f ./scripts/Makefile.clean obj=drivers/net/wireless/realtek/rtlwifi/rtl8723com
/usr/bin/make -f ./scripts/Makefile.clean obj=drivers/net/wireless/realtek/rtlwifi/rtl8821ae
/usr/bin/make -f ./scripts/Makefile.clean obj=drivers/net/wireless/realtek/rtw88
/usr/bin/make -f ./scripts/Makefile.clean obj=drivers/net/wireless/rsi
/usr/bin/make -f ./scripts/Makefile.clean obj=drivers/net/wireless/st
/usr/bin/make -f ./scripts/Makefile.clean obj=drivers/net/wireless/st/cw1200
/usr/bin/make -f ./scripts/Makefile.clean obj=drivers/net/wireless/ti
/usr/bin/make -f ./scripts/Makefile.clean obj=drivers/net/wireless/ti/wl1251
/usr/bin/make -f ./scripts/Makefile.clean obj=drivers/net/wireless/ti/wl12xx
/usr/bin/make -f ./scripts/Makefile.clean obj=drivers/net/wireless/ti/wl18xx
/usr/bin/make -f ./scripts/Makefile.clean obj=drivers/net/wireless/ti/wlcore
/usr/bin/make -f ./scripts/Makefile.clean obj=drivers/net/wireless/zydas
/usr/bin/make -f ./scripts/Makefile.clean obj=drivers/net/wireless/zydas/zd1211rw
/usr/bin/make -f ./scripts/Makefile.clean obj=drivers/net/xen-netback
/usr/bin/make -f ./scripts/Makefile.clean obj=drivers/nfc
/usr/bin/make -f ./scripts/Makefile.clean obj=drivers/nfc/fdp
/usr/bin/make -f ./scripts/Makefile.clean obj=drivers/nfc/microread
/usr/bin/make -f ./scripts/Makefile.clean obj=drivers/nfc/nfcmrvl
/usr/bin/make -f ./scripts/Makefile.clean obj=drivers/nfc/nxp-nci
/usr/bin/make -f ./scripts/Makefile.clean obj=drivers/nfc/pn533
/usr/bin/make -f ./scripts/Makefile.clean obj=drivers/nfc/pn544
/usr/bin/make -f ./scripts/Makefile.clean obj=drivers/nfc/s3fwrn5
/usr/bin/make -f ./scripts/Makefile.clean obj=drivers/nfc/st-nci
/usr/bin/make -f ./scripts/Makefile.clean obj=drivers/nfc/st21nfca
/usr/bin/make -f ./scripts/Makefile.clean obj=drivers/nfc/st95hf
/usr/bin/make -f ./scripts/Makefile.clean obj=drivers/ntb
/usr/bin/make -f ./scripts/Makefile.clean obj=drivers/ntb/hw
/usr/bin/make -f ./scripts/Makefile.clean obj=drivers/ntb/hw/amd
/usr/bin/make -f ./scripts/Makefile.clean obj=drivers/ntb/hw/idt
/usr/bin/make -f ./scripts/Makefile.clean obj=drivers/ntb/hw/intel
/usr/bin/make -f ./scripts/Makefile.clean obj=drivers/ntb/hw/mscc
/usr/bin/make -f ./scripts/Makefile.clean obj=drivers/ntb/test
/usr/bin/make -f ./scripts/Makefile.clean obj=drivers/nubus
/usr/bin/make -f ./scripts/Makefile.clean obj=drivers/nvdimm
/usr/bin/make -f ./scripts/Makefile.clean obj=drivers/nvme
/usr/bin/make -f ./scripts/Makefile.clean obj=drivers/nvme/host
/usr/bin/make -f ./scripts/Makefile.clean obj=drivers/nvme/target
/usr/bin/make -f ./scripts/Makefile.clean obj=drivers/nvmem
/usr/bin/make -f ./scripts/Makefile.clean obj=drivers/of
/usr/bin/make -f ./scripts/Makefile.clean obj=drivers/of/unittest-data
/usr/bin/make -f ./scripts/Makefile.clean obj=drivers/opp
/usr/bin/make -f ./scripts/Makefile.clean obj=drivers/parisc
/usr/bin/make -f ./scripts/Makefile.clean obj=drivers/parport
/usr/bin/make -f ./scripts/Makefile.clean obj=drivers/pci
/usr/bin/make -f ./scripts/Makefile.clean obj=drivers/pci/controller
/usr/bin/make -f ./scripts/Makefile.clean obj=drivers/pci/controller/cadence
/usr/bin/make -f ./scripts/Makefile.clean obj=drivers/pci/controller/dwc
/usr/bin/make -f ./scripts/Makefile.clean obj=drivers/pci/controller/mobiveil
/usr/bin/make -f ./scripts/Makefile.clean obj=drivers/pci/endpoint
/usr/bin/make -f ./scripts/Makefile.clean obj=drivers/pci/endpoint/functions
/usr/bin/make -f ./scripts/Makefile.clean obj=drivers/pci/hotplug
/usr/bin/make -f ./scripts/Makefile.clean obj=drivers/pci/pcie
/usr/bin/make -f ./scripts/Makefile.clean obj=drivers/pci/switch
/usr/bin/make -f ./scripts/Makefile.clean obj=drivers/pcmcia
/usr/bin/make -f ./scripts/Makefile.clean obj=drivers/perf
/usr/bin/make -f ./scripts/Makefile.clean obj=drivers/perf/hisilicon
/usr/bin/make -f ./scripts/Makefile.clean obj=drivers/phy
/usr/bin/make -f ./scripts/Makefile.clean obj=drivers/phy/allwinner
/usr/bin/make -f ./scripts/Makefile.clean obj=drivers/phy/amlogic
/usr/bin/make -f ./scripts/Makefile.clean obj=drivers/phy/broadcom
/usr/bin/make -f ./scripts/Makefile.clean obj=drivers/phy/cadence
/usr/bin/make -f ./scripts/Makefile.clean obj=drivers/phy/freescale
/usr/bin/make -f ./scripts/Makefile.clean obj=drivers/phy/hisilicon
/usr/bin/make -f ./scripts/Makefile.clean obj=drivers/phy/intel
/usr/bin/make -f ./scripts/Makefile.clean obj=drivers/phy/lantiq
/usr/bin/make -f ./scripts/Makefile.clean obj=drivers/phy/marvell
/usr/bin/make -f ./scripts/Makefile.clean obj=drivers/phy/mediatek
/usr/bin/make -f ./scripts/Makefile.clean obj=drivers/phy/motorola
/usr/bin/make -f ./scripts/Makefile.clean obj=drivers/phy/mscc
/usr/bin/make -f ./scripts/Makefile.clean obj=drivers/phy/qualcomm
/usr/bin/make -f ./scripts/Makefile.clean obj=drivers/phy/ralink
/usr/bin/make -f ./scripts/Makefile.clean obj=drivers/phy/renesas
/usr/bin/make -f ./scripts/Makefile.clean obj=drivers/phy/rockchip
/usr/bin/make -f ./scripts/Makefile.clean obj=drivers/phy/samsung
/usr/bin/make -f ./scripts/Makefile.clean obj=drivers/phy/socionext
/usr/bin/make -f ./scripts/Makefile.clean obj=drivers/phy/st
/usr/bin/make -f ./scripts/Makefile.clean obj=drivers/phy/tegra
/usr/bin/make -f ./scripts/Makefile.clean obj=drivers/phy/ti
/usr/bin/make -f ./scripts/Makefile.clean obj=drivers/phy/xilinx
/usr/bin/make -f ./scripts/Makefile.clean obj=drivers/pinctrl
/usr/bin/make -f ./scripts/Makefile.clean obj=drivers/pinctrl/actions
/usr/bin/make -f ./scripts/Makefile.clean obj=drivers/pinctrl/aspeed
/usr/bin/make -f ./scripts/Makefile.clean obj=drivers/pinctrl/bcm
/usr/bin/make -f ./scripts/Makefile.clean obj=drivers/pinctrl/berlin
/usr/bin/make -f ./scripts/Makefile.clean obj=drivers/pinctrl/cirrus
/usr/bin/make -f ./scripts/Makefile.clean obj=drivers/pinctrl/freescale
/usr/bin/make -f ./scripts/Makefile.clean obj=drivers/pinctrl/intel
/usr/bin/make -f ./scripts/Makefile.clean obj=drivers/pinctrl/mediatek
/usr/bin/make -f ./scripts/Makefile.clean obj=drivers/pinctrl/meson
/usr/bin/make -f ./scripts/Makefile.clean obj=drivers/pinctrl/mvebu
/usr/bin/make -f ./scripts/Makefile.clean obj=drivers/pinctrl/nomadik
/usr/bin/make -f ./scripts/Makefile.clean obj=drivers/pinctrl/nuvoton
/usr/bin/make -f ./scripts/Makefile.clean obj=drivers/pinctrl/pxa
/usr/bin/make -f ./scripts/Makefile.clean obj=drivers/pinctrl/qcom
/usr/bin/make -f ./scripts/Makefile.clean obj=drivers/pinctrl/renesas
/usr/bin/make -f ./scripts/Makefile.clean obj=drivers/pinctrl/samsung
/usr/bin/make -f ./scripts/Makefile.clean obj=drivers/pinctrl/sirf
/usr/bin/make -f ./scripts/Makefile.clean obj=drivers/pinctrl/spear
/usr/bin/make -f ./scripts/Makefile.clean obj=drivers/pinctrl/sprd
/usr/bin/make -f ./scripts/Makefile.clean obj=drivers/pinctrl/stm32
/usr/bin/make -f ./scripts/Makefile.clean obj=drivers/pinctrl/sunxi
/usr/bin/make -f ./scripts/Makefile.clean obj=drivers/pinctrl/tegra
/usr/bin/make -f ./scripts/Makefile.clean obj=drivers/pinctrl/ti
/usr/bin/make -f ./scripts/Makefile.clean obj=drivers/pinctrl/uniphier
/usr/bin/make -f ./scripts/Makefile.clean obj=drivers/pinctrl/visconti
/usr/bin/make -f ./scripts/Makefile.clean obj=drivers/pinctrl/vt8500
/usr/bin/make -f ./scripts/Makefile.clean obj=drivers/pinctrl/zte
/usr/bin/make -f ./scripts/Makefile.clean obj=drivers/platform
/usr/bin/make -f ./scripts/Makefile.clean obj=drivers/platform/chrome
/usr/bin/make -f ./scripts/Makefile.clean obj=drivers/platform/chrome/wilco_ec
/usr/bin/make -f ./scripts/Makefile.clean obj=drivers/platform/goldfish
/usr/bin/make -f ./scripts/Makefile.clean obj=drivers/platform/mellanox
/usr/bin/make -f ./scripts/Makefile.clean obj=drivers/platform/mips
/usr/bin/make -f ./scripts/Makefile.clean obj=drivers/platform/olpc
/usr/bin/make -f ./scripts/Makefile.clean obj=drivers/platform/surface
/usr/bin/make -f ./scripts/Makefile.clean obj=drivers/platform/x86
/usr/bin/make -f ./scripts/Makefile.clean obj=drivers/platform/x86/intel_speed_select_if
/usr/bin/make -f ./scripts/Makefile.clean obj=drivers/pnp
/usr/bin/make -f ./scripts/Makefile.clean obj=drivers/pnp/isapnp
/usr/bin/make -f ./scripts/Makefile.clean obj=drivers/pnp/pnpacpi
/usr/bin/make -f ./scripts/Makefile.clean obj=drivers/pnp/pnpbios
/usr/bin/make -f ./scripts/Makefile.clean obj=drivers/power
/usr/bin/make -f ./scripts/Makefile.clean obj=drivers/power/reset
/usr/bin/make -f ./scripts/Makefile.clean obj=drivers/power/supply
/usr/bin/make -f ./scripts/Makefile.clean obj=drivers/powercap
/usr/bin/make -f ./scripts/Makefile.clean obj=drivers/pps
/usr/bin/make -f ./scripts/Makefile.clean obj=drivers/pps/clients
/usr/bin/make -f ./scripts/Makefile.clean obj=drivers/pps/generators
/usr/bin/make -f ./scripts/Makefile.clean obj=drivers/ps3
/usr/bin/make -f ./scripts/Makefile.clean obj=drivers/ptp
/usr/bin/make -f ./scripts/Makefile.clean obj=drivers/pwm
/usr/bin/make -f ./scripts/Makefile.clean obj=drivers/rapidio
/usr/bin/make -f ./scripts/Makefile.clean obj=drivers/rapidio/devices
/usr/bin/make -f ./scripts/Makefile.clean obj=drivers/rapidio/switches
/usr/bin/make -f ./scripts/Makefile.clean obj=drivers/ras
/usr/bin/make -f ./scripts/Makefile.clean obj=drivers/regulator
/usr/bin/make -f ./scripts/Makefile.clean obj=drivers/remoteproc
/usr/bin/make -f ./scripts/Makefile.clean obj=drivers/reset
/usr/bin/make -f ./scripts/Makefile.clean obj=drivers/reset/hisilicon
/usr/bin/make -f ./scripts/Makefile.clean obj=drivers/reset/sti
/usr/bin/make -f ./scripts/Makefile.clean obj=drivers/reset/tegra
/usr/bin/make -f ./scripts/Makefile.clean obj=drivers/rpmsg
/usr/bin/make -f ./scripts/Makefile.clean obj=drivers/rtc
/usr/bin/make -f ./scripts/Makefile.clean obj=drivers/sbus
/usr/bin/make -f ./scripts/Makefile.clean obj=drivers/sbus/char
/usr/bin/make -f ./scripts/Makefile.clean obj=drivers/scsi
/usr/bin/make -f ./scripts/Makefile.clean obj=drivers/scsi/aacraid
/usr/bin/make -f ./scripts/Makefile.clean obj=drivers/scsi/aic7xxx
/usr/bin/make -f ./scripts/Makefile.clean obj=drivers/scsi/aic7xxx/aicasm
/usr/bin/make -f ./scripts/Makefile.clean obj=drivers/scsi/aic94xx
/usr/bin/make -f ./scripts/Makefile.clean obj=drivers/scsi/arcmsr
/usr/bin/make -f ./scripts/Makefile.clean obj=drivers/scsi/arm
/usr/bin/make -f ./scripts/Makefile.clean obj=drivers/scsi/be2iscsi
/usr/bin/make -f ./scripts/Makefile.clean obj=drivers/scsi/bfa
/usr/bin/make -f ./scripts/Makefile.clean obj=drivers/scsi/bnx2fc
/usr/bin/make -f ./scripts/Makefile.clean obj=drivers/scsi/bnx2i
/usr/bin/make -f ./scripts/Makefile.clean obj=drivers/scsi/csiostor
/usr/bin/make -f ./scripts/Makefile.clean obj=drivers/scsi/cxgbi
/usr/bin/make -f ./scripts/Makefile.clean obj=drivers/scsi/cxgbi/cxgb3i
/usr/bin/make -f ./scripts/Makefile.clean obj=drivers/scsi/cxgbi/cxgb4i
/usr/bin/make -f ./scripts/Makefile.clean obj=drivers/scsi/cxlflash
/usr/bin/make -f ./scripts/Makefile.clean obj=drivers/scsi/device_handler
/usr/bin/make -f ./scripts/Makefile.clean obj=drivers/scsi/esas2r
/usr/bin/make -f ./scripts/Makefile.clean obj=drivers/scsi/fcoe
/usr/bin/make -f ./scripts/Makefile.clean obj=drivers/scsi/fnic
/usr/bin/make -f ./scripts/Makefile.clean obj=drivers/scsi/hisi_sas
/usr/bin/make -f ./scripts/Makefile.clean obj=drivers/scsi/ibmvscsi
/usr/bin/make -f ./scripts/Makefile.clean obj=drivers/scsi/ibmvscsi_tgt
/usr/bin/make -f ./scripts/Makefile.clean obj=drivers/scsi/isci
/usr/bin/make -f ./scripts/Makefile.clean obj=drivers/scsi/libfc
/usr/bin/make -f ./scripts/Makefile.clean obj=drivers/scsi/libsas
/usr/bin/make -f ./scripts/Makefile.clean obj=drivers/scsi/lpfc
/usr/bin/make -f ./scripts/Makefile.clean obj=drivers/scsi/megaraid
/usr/bin/make -f ./scripts/Makefile.clean obj=drivers/scsi/mpt3sas
/usr/bin/make -f ./scripts/Makefile.clean obj=drivers/scsi/mvsas
/usr/bin/make -f ./scripts/Makefile.clean obj=drivers/scsi/pcmcia
/usr/bin/make -f ./scripts/Makefile.clean obj=drivers/scsi/pm8001
/usr/bin/make -f ./scripts/Makefile.clean obj=drivers/scsi/qedf
/usr/bin/make -f ./scripts/Makefile.clean obj=drivers/scsi/qedi
/usr/bin/make -f ./scripts/Makefile.clean obj=drivers/scsi/qla2xxx
/usr/bin/make -f ./scripts/Makefile.clean obj=drivers/scsi/qla4xxx
/usr/bin/make -f ./scripts/Makefile.clean obj=drivers/scsi/smartpqi
/usr/bin/make -f ./scripts/Makefile.clean obj=drivers/scsi/snic
/usr/bin/make -f ./scripts/Makefile.clean obj=drivers/scsi/sym53c8xx_2
/usr/bin/make -f ./scripts/Makefile.clean obj=drivers/scsi/ufs
/usr/bin/make -f ./scripts/Makefile.clean obj=drivers/sfi
/usr/bin/make -f ./scripts/Makefile.clean obj=drivers/sh
/usr/bin/make -f ./scripts/Makefile.clean obj=drivers/sh/clk
/usr/bin/make -f ./scripts/Makefile.clean obj=drivers/sh/intc
/usr/bin/make -f ./scripts/Makefile.clean obj=drivers/sh/maple
/usr/bin/make -f ./scripts/Makefile.clean obj=drivers/sh/superhyway
/usr/bin/make -f ./scripts/Makefile.clean obj=drivers/siox
/usr/bin/make -f ./scripts/Makefile.clean obj=drivers/slimbus
/usr/bin/make -f ./scripts/Makefile.clean obj=drivers/soc
/usr/bin/make -f ./scripts/Makefile.clean obj=drivers/soc/actions
/usr/bin/make -f ./scripts/Makefile.clean obj=drivers/soc/amlogic
/usr/bin/make -f ./scripts/Makefile.clean obj=drivers/soc/aspeed
/usr/bin/make -f ./scripts/Makefile.clean obj=drivers/soc/atmel
/usr/bin/make -f ./scripts/Makefile.clean obj=drivers/soc/bcm
/usr/bin/make -f ./scripts/Makefile.clean obj=drivers/soc/bcm/bcm63xx
/usr/bin/make -f ./scripts/Makefile.clean obj=drivers/soc/bcm/brcmstb
/usr/bin/make -f ./scripts/Makefile.clean obj=drivers/soc/bcm/brcmstb/pm
/usr/bin/make -f ./scripts/Makefile.clean obj=drivers/soc/dove
/usr/bin/make -f ./scripts/Makefile.clean obj=drivers/soc/fsl
/usr/bin/make -f ./scripts/Makefile.clean obj=drivers/soc/fsl/dpio
/usr/bin/make -f ./scripts/Makefile.clean obj=drivers/soc/fsl/qbman
/usr/bin/make -f ./scripts/Makefile.clean obj=drivers/soc/fsl/qe
/usr/bin/make -f ./scripts/Makefile.clean obj=drivers/soc/gemini
/usr/bin/make -f ./scripts/Makefile.clean obj=drivers/soc/imx
/usr/bin/make -f ./scripts/Makefile.clean obj=drivers/soc/ixp4xx
/usr/bin/make -f ./scripts/Makefile.clean obj=drivers/soc/kendryte
/usr/bin/make -f ./scripts/Makefile.clean obj=drivers/soc/lantiq
/usr/bin/make -f ./scripts/Makefile.clean obj=drivers/soc/mediatek
/usr/bin/make -f ./scripts/Makefile.clean obj=drivers/soc/qcom
/usr/bin/make -f ./scripts/Makefile.clean obj=drivers/soc/renesas
/usr/bin/make -f ./scripts/Makefile.clean obj=drivers/soc/rockchip
/usr/bin/make -f ./scripts/Makefile.clean obj=drivers/soc/samsung
/usr/bin/make -f ./scripts/Makefile.clean obj=drivers/soc/sifive
/usr/bin/make -f ./scripts/Makefile.clean obj=drivers/soc/sunxi
/usr/bin/make -f ./scripts/Makefile.clean obj=drivers/soc/tegra
/usr/bin/make -f ./scripts/Makefile.clean obj=drivers/soc/tegra/fuse
/usr/bin/make -f ./scripts/Makefile.clean obj=drivers/soc/ti
/usr/bin/make -f ./scripts/Makefile.clean obj=drivers/soc/ux500
/usr/bin/make -f ./scripts/Makefile.clean obj=drivers/soc/versatile
/usr/bin/make -f ./scripts/Makefile.clean obj=drivers/soc/xilinx
/usr/bin/make -f ./scripts/Makefile.clean obj=drivers/soc/zte
/usr/bin/make -f ./scripts/Makefile.clean obj=drivers/soundwire
/usr/bin/make -f ./scripts/Makefile.clean obj=drivers/spi
/usr/bin/make -f ./scripts/Makefile.clean obj=drivers/spmi
/usr/bin/make -f ./scripts/Makefile.clean obj=drivers/ssb
/usr/bin/make -f ./scripts/Makefile.clean obj=drivers/staging
/usr/bin/make -f ./scripts/Makefile.clean obj=drivers/staging/android
/usr/bin/make -f ./scripts/Makefile.clean obj=drivers/staging/android/ion
/usr/bin/make -f ./scripts/Makefile.clean obj=drivers/staging/axis-fifo
/usr/bin/make -f ./scripts/Makefile.clean obj=drivers/staging/board
/usr/bin/make -f ./scripts/Makefile.clean obj=drivers/staging/clocking-wizard
/usr/bin/make -f ./scripts/Makefile.clean obj=drivers/staging/comedi
/usr/bin/make -f ./scripts/Makefile.clean obj=drivers/staging/comedi/drivers
/usr/bin/make -f ./scripts/Makefile.clean obj=drivers/staging/comedi/drivers/tests
/usr/bin/make -f ./scripts/Makefile.clean obj=drivers/staging/comedi/kcomedilib
/usr/bin/make -f ./scripts/Makefile.clean obj=drivers/staging/emxx_udc
/usr/bin/make -f ./scripts/Makefile.clean obj=drivers/staging/fbtft
/usr/bin/make -f ./scripts/Makefile.clean obj=drivers/staging/fieldbus
/usr/bin/make -f ./scripts/Makefile.clean obj=drivers/staging/fieldbus/anybuss
/usr/bin/make -f ./scripts/Makefile.clean obj=drivers/staging/fsl-dpaa2
/usr/bin/make -f ./scripts/Makefile.clean obj=drivers/staging/fsl-dpaa2/ethsw
/usr/bin/make -f ./scripts/Makefile.clean obj=drivers/staging/fwserial
/usr/bin/make -f ./scripts/Makefile.clean obj=drivers/staging/gasket
/usr/bin/make -f ./scripts/Makefile.clean obj=drivers/staging/gdm724x
/usr/bin/make -f ./scripts/Makefile.clean obj=drivers/staging/goldfish
/usr/bin/make -f ./scripts/Makefile.clean obj=drivers/staging/greybus
/usr/bin/make -f ./scripts/Makefile.clean obj=drivers/staging/gs_fpgaboot
/usr/bin/make -f ./scripts/Makefile.clean obj=drivers/staging/hikey9xx
/usr/bin/make -f ./scripts/Makefile.clean obj=drivers/staging/iio
/usr/bin/make -f ./scripts/Makefile.clean obj=drivers/staging/iio/accel
/usr/bin/make -f ./scripts/Makefile.clean obj=drivers/staging/iio/adc
/usr/bin/make -f ./scripts/Makefile.clean obj=drivers/staging/iio/addac
/usr/bin/make -f ./scripts/Makefile.clean obj=drivers/staging/iio/cdc
/usr/bin/make -f ./scripts/Makefile.clean obj=drivers/staging/iio/frequency
/usr/bin/make -f ./scripts/Makefile.clean obj=drivers/staging/iio/impedance-analyzer
/usr/bin/make -f ./scripts/Makefile.clean obj=drivers/staging/iio/meter
/usr/bin/make -f ./scripts/Makefile.clean obj=drivers/staging/iio/resolver
/usr/bin/make -f ./scripts/Makefile.clean obj=drivers/staging/kpc2000
/usr/bin/make -f ./scripts/Makefile.clean obj=drivers/staging/kpc2000/kpc2000
/usr/bin/make -f ./scripts/Makefile.clean obj=drivers/staging/kpc2000/kpc_dma
/usr/bin/make -f ./scripts/Makefile.clean obj=drivers/staging/ks7010
/usr/bin/make -f ./scripts/Makefile.clean obj=drivers/staging/media
/usr/bin/make -f ./scripts/Makefile.clean obj=drivers/staging/media/allegro-dvt
/usr/bin/make -f ./scripts/Makefile.clean obj=drivers/staging/media/atomisp
/usr/bin/make -f ./scripts/Makefile.clean obj=drivers/staging/media/atomisp/i2c
/usr/bin/make -f ./scripts/Makefile.clean obj=drivers/staging/media/atomisp/i2c/ov5693
/usr/bin/make -f ./scripts/Makefile.clean obj=drivers/staging/media/hantro
/usr/bin/make -f ./scripts/Makefile.clean obj=drivers/staging/media/imx
/usr/bin/make -f ./scripts/Makefile.clean obj=drivers/staging/media/ipu3
/usr/bin/make -f ./scripts/Makefile.clean obj=drivers/staging/media/meson/vdec
/usr/bin/make -f ./scripts/Makefile.clean obj=drivers/staging/media/omap4iss
/usr/bin/make -f ./scripts/Makefile.clean obj=drivers/staging/media/rkisp1
/usr/bin/make -f ./scripts/Makefile.clean obj=drivers/staging/media/rkvdec
/usr/bin/make -f ./scripts/Makefile.clean obj=drivers/staging/media/sunxi
/usr/bin/make -f ./scripts/Makefile.clean obj=drivers/staging/media/sunxi/cedrus
/usr/bin/make -f ./scripts/Makefile.clean obj=drivers/staging/media/tegra-vde
/usr/bin/make -f ./scripts/Makefile.clean obj=drivers/staging/media/tegra-video
/usr/bin/make -f ./scripts/Makefile.clean obj=drivers/staging/media/zoran
/usr/bin/make -f ./scripts/Makefile.clean obj=drivers/staging/most
/usr/bin/make -f ./scripts/Makefile.clean obj=drivers/staging/most/dim2
/usr/bin/make -f ./scripts/Makefile.clean obj=drivers/staging/most/i2c
/usr/bin/make -f ./scripts/Makefile.clean obj=drivers/staging/most/net
/usr/bin/make -f ./scripts/Makefile.clean obj=drivers/staging/most/sound
/usr/bin/make -f ./scripts/Makefile.clean obj=drivers/staging/most/video
/usr/bin/make -f ./scripts/Makefile.clean obj=drivers/staging/mt7621-dma
/usr/bin/make -f ./scripts/Makefile.clean obj=drivers/staging/mt7621-dts
/usr/bin/make -f ./scripts/Makefile.clean obj=drivers/staging/mt7621-pci
/usr/bin/make -f ./scripts/Makefile.clean obj=drivers/staging/mt7621-pci-phy
/usr/bin/make -f ./scripts/Makefile.clean obj=drivers/staging/mt7621-pinctrl
/usr/bin/make -f ./scripts/Makefile.clean obj=drivers/staging/netlogic
/usr/bin/make -f ./scripts/Makefile.clean obj=drivers/staging/nvec
/usr/bin/make -f ./scripts/Makefile.clean obj=drivers/staging/octeon
/usr/bin/make -f ./scripts/Makefile.clean obj=drivers/staging/octeon-usb
/usr/bin/make -f ./scripts/Makefile.clean obj=drivers/staging/olpc_dcon
/usr/bin/make -f ./scripts/Makefile.clean obj=drivers/staging/pi433
/usr/bin/make -f ./scripts/Makefile.clean obj=drivers/staging/qlge
/usr/bin/make -f ./scripts/Makefile.clean obj=drivers/staging/ralink-gdma
/usr/bin/make -f ./scripts/Makefile.clean obj=drivers/staging/rtl8188eu
/usr/bin/make -f ./scripts/Makefile.clean obj=drivers/staging/rtl8192e
/usr/bin/make -f ./scripts/Makefile.clean obj=drivers/staging/rtl8192e/rtl8192e
/usr/bin/make -f ./scripts/Makefile.clean obj=drivers/staging/rtl8192u
/usr/bin/make -f ./scripts/Makefile.clean obj=drivers/staging/rtl8712
/usr/bin/make -f ./scripts/Makefile.clean obj=drivers/staging/rtl8723bs
/usr/bin/make -f ./scripts/Makefile.clean obj=drivers/staging/rts5208
/usr/bin/make -f ./scripts/Makefile.clean obj=drivers/staging/sm750fb
/usr/bin/make -f ./scripts/Makefile.clean obj=drivers/staging/unisys
/usr/bin/make -f ./scripts/Makefile.clean obj=drivers/staging/unisys/visorhba
/usr/bin/make -f ./scripts/Makefile.clean obj=drivers/staging/unisys/visorinput
/usr/bin/make -f ./scripts/Makefile.clean obj=drivers/staging/unisys/visornic
/usr/bin/make -f ./scripts/Makefile.clean obj=drivers/staging/vc04_services
/usr/bin/make -f ./scripts/Makefile.clean obj=drivers/staging/vc04_services/bcm2835-audio
/usr/bin/make -f ./scripts/Makefile.clean obj=drivers/staging/vc04_services/bcm2835-camera
/usr/bin/make -f ./scripts/Makefile.clean obj=drivers/staging/vc04_services/vchiq-mmal
/usr/bin/make -f ./scripts/Makefile.clean obj=drivers/staging/vme
/usr/bin/make -f ./scripts/Makefile.clean obj=drivers/staging/vme/devices
/usr/bin/make -f ./scripts/Makefile.clean obj=drivers/staging/vt6655
/usr/bin/make -f ./scripts/Makefile.clean obj=drivers/staging/vt6656
/usr/bin/make -f ./scripts/Makefile.clean obj=drivers/staging/wfx
/usr/bin/make -f ./scripts/Makefile.clean obj=drivers/staging/wlan-ng
/usr/bin/make -f ./scripts/Makefile.clean obj=drivers/target
/usr/bin/make -f ./scripts/Makefile.clean obj=drivers/target/iscsi
/usr/bin/make -f ./scripts/Makefile.clean obj=drivers/target/iscsi/cxgbit
/usr/bin/make -f ./scripts/Makefile.clean obj=drivers/target/loopback
/usr/bin/make -f ./scripts/Makefile.clean obj=drivers/target/sbp
/usr/bin/make -f ./scripts/Makefile.clean obj=drivers/target/tcm_fc
/usr/bin/make -f ./scripts/Makefile.clean obj=drivers/tc
/usr/bin/make -f ./scripts/Makefile.clean obj=drivers/tee
/usr/bin/make -f ./scripts/Makefile.clean obj=drivers/tee/amdtee
/usr/bin/make -f ./scripts/Makefile.clean obj=drivers/tee/optee
/usr/bin/make -f ./scripts/Makefile.clean obj=drivers/thermal
/usr/bin/make -f ./scripts/Makefile.clean obj=drivers/thermal/broadcom
/usr/bin/make -f ./scripts/Makefile.clean obj=drivers/thermal/intel
/usr/bin/make -f ./scripts/Makefile.clean obj=drivers/thermal/intel/int340x_thermal
/usr/bin/make -f ./scripts/Makefile.clean obj=drivers/thermal/qcom
/usr/bin/make -f ./scripts/Makefile.clean obj=drivers/thermal/samsung
/usr/bin/make -f ./scripts/Makefile.clean obj=drivers/thermal/st
/usr/bin/make -f ./scripts/Makefile.clean obj=drivers/thermal/tegra
/usr/bin/make -f ./scripts/Makefile.clean obj=drivers/thermal/ti-soc-thermal
/usr/bin/make -f ./scripts/Makefile.clean obj=drivers/thunderbolt
/usr/bin/make -f ./scripts/Makefile.clean obj=drivers/tty
/usr/bin/make -f ./scripts/Makefile.clean obj=drivers/tty/hvc
/usr/bin/make -f ./scripts/Makefile.clean obj=drivers/tty/ipwireless
/usr/bin/make -f ./scripts/Makefile.clean obj=drivers/tty/serdev
/usr/bin/make -f ./scripts/Makefile.clean obj=drivers/tty/serial
/usr/bin/make -f ./scripts/Makefile.clean obj=drivers/tty/serial/8250
/usr/bin/make -f ./scripts/Makefile.clean obj=drivers/tty/serial/cpm_uart
/usr/bin/make -f ./scripts/Makefile.clean obj=drivers/tty/serial/jsm
/usr/bin/make -f ./scripts/Makefile.clean obj=drivers/tty/vt
/usr/bin/make -f ./scripts/Makefile.clean obj=drivers/uio
/usr/bin/make -f ./scripts/Makefile.clean obj=drivers/usb
/usr/bin/make -f ./scripts/Makefile.clean obj=drivers/usb/atm
/usr/bin/make -f ./scripts/Makefile.clean obj=drivers/usb/c67x00
/usr/bin/make -f ./scripts/Makefile.clean obj=drivers/usb/cdns3
/usr/bin/make -f ./scripts/Makefile.clean obj=drivers/usb/chipidea
/usr/bin/make -f ./scripts/Makefile.clean obj=drivers/usb/class
/usr/bin/make -f ./scripts/Makefile.clean obj=drivers/usb/common
/usr/bin/make -f ./scripts/Makefile.clean obj=drivers/usb/core
/usr/bin/make -f ./scripts/Makefile.clean obj=drivers/usb/dwc2
/usr/bin/make -f ./scripts/Makefile.clean obj=drivers/usb/dwc3
/usr/bin/make -f ./scripts/Makefile.clean obj=drivers/usb/early
/usr/bin/make -f ./scripts/Makefile.clean obj=drivers/usb/gadget
/usr/bin/make -f ./scripts/Makefile.clean obj=drivers/usb/gadget/function
/usr/bin/make -f ./scripts/Makefile.clean obj=drivers/usb/gadget/legacy
/usr/bin/make -f ./scripts/Makefile.clean obj=drivers/usb/gadget/udc
/usr/bin/make -f ./scripts/Makefile.clean obj=drivers/usb/gadget/udc/aspeed-vhub
/usr/bin/make -f ./scripts/Makefile.clean obj=drivers/usb/gadget/udc/bdc
/usr/bin/make -f ./scripts/Makefile.clean obj=drivers/usb/host
/usr/bin/make -f ./scripts/Makefile.clean obj=drivers/usb/image
/usr/bin/make -f ./scripts/Makefile.clean obj=drivers/usb/isp1760
/usr/bin/make -f ./scripts/Makefile.clean obj=drivers/usb/misc
/usr/bin/make -f ./scripts/Makefile.clean obj=drivers/usb/misc/sisusbvga
/usr/bin/make -f ./scripts/Makefile.clean obj=drivers/usb/mon
/usr/bin/make -f ./scripts/Makefile.clean obj=drivers/usb/mtu3
/usr/bin/make -f ./scripts/Makefile.clean obj=drivers/usb/musb
/usr/bin/make -f ./scripts/Makefile.clean obj=drivers/usb/phy
/usr/bin/make -f ./scripts/Makefile.clean obj=drivers/usb/renesas_usbhs
/usr/bin/make -f ./scripts/Makefile.clean obj=drivers/usb/roles
/usr/bin/make -f ./scripts/Makefile.clean obj=drivers/usb/serial
/usr/bin/make -f ./scripts/Makefile.clean obj=drivers/usb/storage
/usr/bin/make -f ./scripts/Makefile.clean obj=drivers/usb/typec
/usr/bin/make -f ./scripts/Makefile.clean obj=drivers/usb/typec/altmodes
/usr/bin/make -f ./scripts/Makefile.clean obj=drivers/usb/typec/mux
/usr/bin/make -f ./scripts/Makefile.clean obj=drivers/usb/typec/tcpm
/usr/bin/make -f ./scripts/Makefile.clean obj=drivers/usb/typec/ucsi
/usr/bin/make -f ./scripts/Makefile.clean obj=drivers/usb/usbip
/usr/bin/make -f ./scripts/Makefile.clean obj=drivers/vdpa
/usr/bin/make -f ./scripts/Makefile.clean obj=drivers/vdpa/ifcvf
/usr/bin/make -f ./scripts/Makefile.clean obj=drivers/vdpa/mlx5
/usr/bin/make -f ./scripts/Makefile.clean obj=drivers/vdpa/vdpa_sim
/usr/bin/make -f ./scripts/Makefile.clean obj=drivers/vfio
/usr/bin/make -f ./scripts/Makefile.clean obj=drivers/vfio/fsl-mc
/usr/bin/make -f ./scripts/Makefile.clean obj=drivers/vfio/mdev
/usr/bin/make -f ./scripts/Makefile.clean obj=drivers/vfio/pci
/usr/bin/make -f ./scripts/Makefile.clean obj=drivers/vfio/platform
/usr/bin/make -f ./scripts/Makefile.clean obj=drivers/vfio/platform/reset
/usr/bin/make -f ./scripts/Makefile.clean obj=drivers/vhost
/usr/bin/make -f ./scripts/Makefile.clean obj=drivers/video
/usr/bin/make -f ./scripts/Makefile.clean obj=drivers/video/backlight
/usr/bin/make -f ./scripts/Makefile.clean obj=drivers/video/console
/usr/bin/make -f ./scripts/Makefile.clean obj=drivers/video/fbdev
/usr/bin/make -f ./scripts/Makefile.clean obj=drivers/video/fbdev/aty
/usr/bin/make -f ./scripts/Makefile.clean obj=drivers/video/fbdev/core
/usr/bin/make -f ./scripts/Makefile.clean obj=drivers/video/fbdev/geode
/usr/bin/make -f ./scripts/Makefile.clean obj=drivers/video/fbdev/kyro
/usr/bin/make -f ./scripts/Makefile.clean obj=drivers/video/fbdev/matrox
/usr/bin/make -f ./scripts/Makefile.clean obj=drivers/video/fbdev/mb862xx
/usr/bin/make -f ./scripts/Makefile.clean obj=drivers/video/fbdev/mmp
/usr/bin/make -f ./scripts/Makefile.clean obj=drivers/video/fbdev/mmp/fb
/usr/bin/make -f ./scripts/Makefile.clean obj=drivers/video/fbdev/mmp/hw
/usr/bin/make -f ./scripts/Makefile.clean obj=drivers/video/fbdev/mmp/panel
/usr/bin/make -f ./scripts/Makefile.clean obj=drivers/video/fbdev/nvidia
/usr/bin/make -f ./scripts/Makefile.clean obj=drivers/video/fbdev/omap
/usr/bin/make -f ./scripts/Makefile.clean obj=drivers/video/fbdev/omap2
/usr/bin/make -f ./scripts/Makefile.clean obj=drivers/video/fbdev/omap2/omapfb
/usr/bin/make -f ./scripts/Makefile.clean obj=drivers/video/fbdev/omap2/omapfb/displays
/usr/bin/make -f ./scripts/Makefile.clean obj=drivers/video/fbdev/omap2/omapfb/dss
/usr/bin/make -f ./scripts/Makefile.clean obj=drivers/video/fbdev/riva
/usr/bin/make -f ./scripts/Makefile.clean obj=drivers/video/fbdev/savage
/usr/bin/make -f ./scripts/Makefile.clean obj=drivers/video/fbdev/sis
/usr/bin/make -f ./scripts/Makefile.clean obj=drivers/video/fbdev/vermilion
/usr/bin/make -f ./scripts/Makefile.clean obj=drivers/video/fbdev/via
/usr/bin/make -f ./scripts/Makefile.clean obj=drivers/video/logo
/usr/bin/make -f ./scripts/Makefile.clean obj=drivers/video/fbdev/i810
/usr/bin/make -f ./scripts/Makefile.clean obj=drivers/video/fbdev/intelfb
/usr/bin/make -f ./scripts/Makefile.clean obj=drivers/virt
/usr/bin/make -f ./scripts/Makefile.clean obj=drivers/virt/nitro_enclaves
/usr/bin/make -f ./scripts/Makefile.clean obj=drivers/virt/vboxguest
/usr/bin/make -f ./scripts/Makefile.clean obj=drivers/virtio
/usr/bin/make -f ./scripts/Makefile.clean obj=drivers/visorbus
/usr/bin/make -f ./scripts/Makefile.clean obj=drivers/vlynq
/usr/bin/make -f ./scripts/Makefile.clean obj=drivers/vme
/usr/bin/make -f ./scripts/Makefile.clean obj=drivers/vme/boards
/usr/bin/make -f ./scripts/Makefile.clean obj=drivers/vme/bridges
/usr/bin/make -f ./scripts/Makefile.clean obj=drivers/w1
/usr/bin/make -f ./scripts/Makefile.clean obj=drivers/w1/masters
/usr/bin/make -f ./scripts/Makefile.clean obj=drivers/w1/slaves
/usr/bin/make -f ./scripts/Makefile.clean obj=drivers/watchdog
/usr/bin/make -f ./scripts/Makefile.clean obj=drivers/xen
/usr/bin/make -f ./scripts/Makefile.clean obj=drivers/xen/events
/usr/bin/make -f ./scripts/Makefile.clean obj=drivers/xen/xen-pciback
/usr/bin/make -f ./scripts/Makefile.clean obj=drivers/xen/xenbus
/usr/bin/make -f ./scripts/Makefile.clean obj=drivers/xen/xenfs
/usr/bin/make -f ./scripts/Makefile.clean obj=drivers/zorro
/usr/bin/make -f ./scripts/Makefile.clean obj=fs
/usr/bin/make -f ./scripts/Makefile.clean obj=fs/9p
/usr/bin/make -f ./scripts/Makefile.clean obj=fs/adfs
/usr/bin/make -f ./scripts/Makefile.clean obj=fs/affs
/usr/bin/make -f ./scripts/Makefile.clean obj=fs/afs
/usr/bin/make -f ./scripts/Makefile.clean obj=fs/autofs
/usr/bin/make -f ./scripts/Makefile.clean obj=fs/befs
/usr/bin/make -f ./scripts/Makefile.clean obj=fs/bfs
/usr/bin/make -f ./scripts/Makefile.clean obj=fs/btrfs
/usr/bin/make -f ./scripts/Makefile.clean obj=fs/cachefiles
/usr/bin/make -f ./scripts/Makefile.clean obj=fs/ceph
/usr/bin/make -f ./scripts/Makefile.clean obj=fs/cifs
/usr/bin/make -f ./scripts/Makefile.clean obj=fs/coda
/usr/bin/make -f ./scripts/Makefile.clean obj=fs/configfs
/usr/bin/make -f ./scripts/Makefile.clean obj=fs/cramfs
/usr/bin/make -f ./scripts/Makefile.clean obj=fs/crypto
/usr/bin/make -f ./scripts/Makefile.clean obj=fs/debugfs
/usr/bin/make -f ./scripts/Makefile.clean obj=fs/devpts
/usr/bin/make -f ./scripts/Makefile.clean obj=fs/dlm
/usr/bin/make -f ./scripts/Makefile.clean obj=fs/ecryptfs
/usr/bin/make -f ./scripts/Makefile.clean obj=fs/efivarfs
/usr/bin/make -f ./scripts/Makefile.clean obj=fs/efs
/usr/bin/make -f ./scripts/Makefile.clean obj=fs/erofs
/usr/bin/make -f ./scripts/Makefile.clean obj=fs/exfat
/usr/bin/make -f ./scripts/Makefile.clean obj=fs/exportfs
/usr/bin/make -f ./scripts/Makefile.clean obj=fs/ext2
/usr/bin/make -f ./scripts/Makefile.clean obj=fs/ext4
/usr/bin/make -f ./scripts/Makefile.clean obj=fs/f2fs
/usr/bin/make -f ./scripts/Makefile.clean obj=fs/fat
/usr/bin/make -f ./scripts/Makefile.clean obj=fs/freevxfs
/usr/bin/make -f ./scripts/Makefile.clean obj=fs/fscache
/usr/bin/make -f ./scripts/Makefile.clean obj=fs/fuse
/usr/bin/make -f ./scripts/Makefile.clean obj=fs/gfs2
/usr/bin/make -f ./scripts/Makefile.clean obj=fs/hfs
/usr/bin/make -f ./scripts/Makefile.clean obj=fs/hfsplus
/usr/bin/make -f ./scripts/Makefile.clean obj=fs/hostfs
/usr/bin/make -f ./scripts/Makefile.clean obj=fs/hpfs
/usr/bin/make -f ./scripts/Makefile.clean obj=fs/hugetlbfs
/usr/bin/make -f ./scripts/Makefile.clean obj=fs/iomap
/usr/bin/make -f ./scripts/Makefile.clean obj=fs/isofs
/usr/bin/make -f ./scripts/Makefile.clean obj=fs/jbd2
/usr/bin/make -f ./scripts/Makefile.clean obj=fs/jffs2
/usr/bin/make -f ./scripts/Makefile.clean obj=fs/jfs
/usr/bin/make -f ./scripts/Makefile.clean obj=fs/kernfs
/usr/bin/make -f ./scripts/Makefile.clean obj=fs/lockd
/usr/bin/make -f ./scripts/Makefile.clean obj=fs/minix
/usr/bin/make -f ./scripts/Makefile.clean obj=fs/nfs
/usr/bin/make -f ./scripts/Makefile.clean obj=fs/nfs/blocklayout
/usr/bin/make -f ./scripts/Makefile.clean obj=fs/nfs/filelayout
/usr/bin/make -f ./scripts/Makefile.clean obj=fs/nfs/flexfilelayout
/usr/bin/make -f ./scripts/Makefile.clean obj=fs/nfs_common
/usr/bin/make -f ./scripts/Makefile.clean obj=fs/nfsd
/usr/bin/make -f ./scripts/Makefile.clean obj=fs/nilfs2
/usr/bin/make -f ./scripts/Makefile.clean obj=fs/nls
/usr/bin/make -f ./scripts/Makefile.clean obj=fs/notify
/usr/bin/make -f ./scripts/Makefile.clean obj=fs/notify/dnotify
/usr/bin/make -f ./scripts/Makefile.clean obj=fs/notify/fanotify
/usr/bin/make -f ./scripts/Makefile.clean obj=fs/notify/inotify
/usr/bin/make -f ./scripts/Makefile.clean obj=fs/ntfs
/usr/bin/make -f ./scripts/Makefile.clean obj=fs/ocfs2
/usr/bin/make -f ./scripts/Makefile.clean obj=fs/ocfs2/cluster
/usr/bin/make -f ./scripts/Makefile.clean obj=fs/ocfs2/dlm
/usr/bin/make -f ./scripts/Makefile.clean obj=fs/ocfs2/dlmfs
/usr/bin/make -f ./scripts/Makefile.clean obj=fs/omfs
/usr/bin/make -f ./scripts/Makefile.clean obj=fs/openpromfs
/usr/bin/make -f ./scripts/Makefile.clean obj=fs/orangefs
/usr/bin/make -f ./scripts/Makefile.clean obj=fs/overlayfs
/usr/bin/make -f ./scripts/Makefile.clean obj=fs/proc
/usr/bin/make -f ./scripts/Makefile.clean obj=fs/pstore
/usr/bin/make -f ./scripts/Makefile.clean obj=fs/qnx4
/usr/bin/make -f ./scripts/Makefile.clean obj=fs/qnx6
/usr/bin/make -f ./scripts/Makefile.clean obj=fs/quota
/usr/bin/make -f ./scripts/Makefile.clean obj=fs/ramfs
/usr/bin/make -f ./scripts/Makefile.clean obj=fs/reiserfs
/usr/bin/make -f ./scripts/Makefile.clean obj=fs/romfs
/usr/bin/make -f ./scripts/Makefile.clean obj=fs/squashfs
/usr/bin/make -f ./scripts/Makefile.clean obj=fs/sysfs
/usr/bin/make -f ./scripts/Makefile.clean obj=fs/sysv
/usr/bin/make -f ./scripts/Makefile.clean obj=fs/tracefs
/usr/bin/make -f ./scripts/Makefile.clean obj=fs/ubifs
/usr/bin/make -f ./scripts/Makefile.clean obj=fs/udf
/usr/bin/make -f ./scripts/Makefile.clean obj=fs/ufs
/usr/bin/make -f ./scripts/Makefile.clean obj=fs/unicode
/usr/bin/make -f ./scripts/Makefile.clean obj=fs/vboxsf
/usr/bin/make -f ./scripts/Makefile.clean obj=fs/verity
/usr/bin/make -f ./scripts/Makefile.clean obj=fs/xfs
/usr/bin/make -f ./scripts/Makefile.clean obj=fs/zonefs
/usr/bin/make -f ./scripts/Makefile.clean obj=init
/usr/bin/make -f ./scripts/Makefile.clean obj=io_uring
/usr/bin/make -f ./scripts/Makefile.clean obj=ipc
/usr/bin/make -f ./scripts/Makefile.clean obj=kernel
/usr/bin/make -f ./scripts/Makefile.clean obj=kernel/bpf
/usr/bin/make -f ./scripts/Makefile.clean obj=kernel/bpf/preload
/usr/bin/make -f ./scripts/Makefile.clean obj=kernel/cgroup
/usr/bin/make -f ./scripts/Makefile.clean obj=kernel/debug
/usr/bin/make -f ./scripts/Makefile.clean obj=kernel/debug/kdb
/usr/bin/make -f ./scripts/Makefile.clean obj=kernel/dma
/usr/bin/make -f ./scripts/Makefile.clean obj=kernel/entry
/usr/bin/make -f ./scripts/Makefile.clean obj=kernel/events
/usr/bin/make -f ./scripts/Makefile.clean obj=kernel/futex
/usr/bin/make -f ./scripts/Makefile.clean obj=kernel/gcov
/usr/bin/make -f ./scripts/Makefile.clean obj=kernel/irq
/usr/bin/make -f ./scripts/Makefile.clean obj=kernel/kcsan
/usr/bin/make -f ./scripts/Makefile.clean obj=kernel/livepatch
/usr/bin/make -f ./scripts/Makefile.clean obj=kernel/locking
/usr/bin/make -f ./scripts/Makefile.clean obj=kernel/power
/usr/bin/make -f ./scripts/Makefile.clean obj=kernel/printk
/usr/bin/make -f ./scripts/Makefile.clean obj=kernel/rcu
/usr/bin/make -f ./scripts/Makefile.clean obj=kernel/sched
/usr/bin/make -f ./scripts/Makefile.clean obj=kernel/time
/usr/bin/make -f ./scripts/Makefile.clean obj=kernel/trace
/usr/bin/make -f ./scripts/Makefile.clean obj=lib
/usr/bin/make -f ./scripts/Makefile.clean obj=lib/842
/usr/bin/make -f ./scripts/Makefile.clean obj=lib/crypto
/usr/bin/make -f ./scripts/Makefile.clean obj=lib/dim
/usr/bin/make -f ./scripts/Makefile.clean obj=lib/fonts
/usr/bin/make -f ./scripts/Makefile.clean obj=lib/kunit
/usr/bin/make -f ./scripts/Makefile.clean obj=lib/livepatch
/usr/bin/make -f ./scripts/Makefile.clean obj=lib/lz4
/usr/bin/make -f ./scripts/Makefile.clean obj=lib/lzo
/usr/bin/make -f ./scripts/Makefile.clean obj=lib/math
/usr/bin/make -f ./scripts/Makefile.clean obj=lib/mpi
/usr/bin/make -f ./scripts/Makefile.clean obj=lib/pldmfw
/usr/bin/make -f ./scripts/Makefile.clean obj=lib/raid6
/usr/bin/make -f ./scripts/Makefile.clean obj=lib/reed_solomon
/usr/bin/make -f ./scripts/Makefile.clean obj=lib/xz
/usr/bin/make -f ./scripts/Makefile.clean obj=lib/zlib_deflate
/usr/bin/make -f ./scripts/Makefile.clean obj=lib/zlib_dfltcc
/usr/bin/make -f ./scripts/Makefile.clean obj=lib/zlib_inflate
/usr/bin/make -f ./scripts/Makefile.clean obj=lib/zstd
/usr/bin/make -f ./scripts/Makefile.clean obj=mm
/usr/bin/make -f ./scripts/Makefile.clean obj=mm/kasan
/usr/bin/make -f ./scripts/Makefile.clean obj=net
/usr/bin/make -f ./scripts/Makefile.clean obj=net/6lowpan
/usr/bin/make -f ./scripts/Makefile.clean obj=net/802
/usr/bin/make -f ./scripts/Makefile.clean obj=net/9p
/usr/bin/make -f ./scripts/Makefile.clean obj=net/appletalk
/usr/bin/make -f ./scripts/Makefile.clean obj=net/atm
/usr/bin/make -f ./scripts/Makefile.clean obj=net/ax25
/usr/bin/make -f ./scripts/Makefile.clean obj=net/batman-adv
/usr/bin/make -f ./scripts/Makefile.clean obj=net/bluetooth
/usr/bin/make -f ./scripts/Makefile.clean obj=net/bluetooth/bnep
/usr/bin/make -f ./scripts/Makefile.clean obj=net/bluetooth/cmtp
/usr/bin/make -f ./scripts/Makefile.clean obj=net/bluetooth/hidp
/usr/bin/make -f ./scripts/Makefile.clean obj=net/bluetooth/rfcomm
/usr/bin/make -f ./scripts/Makefile.clean obj=net/bpf
/usr/bin/make -f ./scripts/Makefile.clean obj=net/bpfilter
/usr/bin/make -f ./scripts/Makefile.clean obj=net/bridge
/usr/bin/make -f ./scripts/Makefile.clean obj=net/bridge/netfilter
/usr/bin/make -f ./scripts/Makefile.clean obj=net/caif
/usr/bin/make -f ./scripts/Makefile.clean obj=net/can
/usr/bin/make -f ./scripts/Makefile.clean obj=net/can/j1939
/usr/bin/make -f ./scripts/Makefile.clean obj=net/ceph
/usr/bin/make -f ./scripts/Makefile.clean obj=net/core
/usr/bin/make -f ./scripts/Makefile.clean obj=net/dccp
/usr/bin/make -f ./scripts/Makefile.clean obj=net/dns_resolver
/usr/bin/make -f ./scripts/Makefile.clean obj=net/dsa
/usr/bin/make -f ./scripts/Makefile.clean obj=net/ethernet
/usr/bin/make -f ./scripts/Makefile.clean obj=net/ethtool
/usr/bin/make -f ./scripts/Makefile.clean obj=net/hsr
/usr/bin/make -f ./scripts/Makefile.clean obj=net/ieee802154
/usr/bin/make -f ./scripts/Makefile.clean obj=net/ieee802154/6lowpan
/usr/bin/make -f ./scripts/Makefile.clean obj=net/ife
/usr/bin/make -f ./scripts/Makefile.clean obj=net/ipv4
/usr/bin/make -f ./scripts/Makefile.clean obj=net/ipv4/bpfilter
/usr/bin/make -f ./scripts/Makefile.clean obj=net/ipv4/netfilter
/usr/bin/make -f ./scripts/Makefile.clean obj=net/ipv6
/usr/bin/make -f ./scripts/Makefile.clean obj=net/ipv6/ila
/usr/bin/make -f ./scripts/Makefile.clean obj=net/ipv6/netfilter
/usr/bin/make -f ./scripts/Makefile.clean obj=net/iucv
/usr/bin/make -f ./scripts/Makefile.clean obj=net/kcm
/usr/bin/make -f ./scripts/Makefile.clean obj=net/key
/usr/bin/make -f ./scripts/Makefile.clean obj=net/l2tp
/usr/bin/make -f ./scripts/Makefile.clean obj=net/lapb
/usr/bin/make -f ./scripts/Makefile.clean obj=net/llc
/usr/bin/make -f ./scripts/Makefile.clean obj=net/mac80211
/usr/bin/make -f ./scripts/Makefile.clean obj=net/mac802154
/usr/bin/make -f ./scripts/Makefile.clean obj=net/mpls
/usr/bin/make -f ./scripts/Makefile.clean obj=net/mptcp
/usr/bin/make -f ./scripts/Makefile.clean obj=net/ncsi
/usr/bin/make -f ./scripts/Makefile.clean obj=net/netfilter
/usr/bin/make -f ./scripts/Makefile.clean obj=net/netfilter/ipset
/usr/bin/make -f ./scripts/Makefile.clean obj=net/netfilter/ipvs
/usr/bin/make -f ./scripts/Makefile.clean obj=net/netlabel
/usr/bin/make -f ./scripts/Makefile.clean obj=net/netlink
/usr/bin/make -f ./scripts/Makefile.clean obj=net/netrom
/usr/bin/make -f ./scripts/Makefile.clean obj=net/nfc
/usr/bin/make -f ./scripts/Makefile.clean obj=net/nfc/hci
/usr/bin/make -f ./scripts/Makefile.clean obj=net/nfc/nci
/usr/bin/make -f ./scripts/Makefile.clean obj=net/nsh
/usr/bin/make -f ./scripts/Makefile.clean obj=net/openvswitch
/usr/bin/make -f ./scripts/Makefile.clean obj=net/packet
/usr/bin/make -f ./scripts/Makefile.clean obj=net/phonet
/usr/bin/make -f ./scripts/Makefile.clean obj=net/psample
/usr/bin/make -f ./scripts/Makefile.clean obj=net/qrtr
/usr/bin/make -f ./scripts/Makefile.clean obj=net/rds
/usr/bin/make -f ./scripts/Makefile.clean obj=net/rfkill
/usr/bin/make -f ./scripts/Makefile.clean obj=net/rose
/usr/bin/make -f ./scripts/Makefile.clean obj=net/rxrpc
/usr/bin/make -f ./scripts/Makefile.clean obj=net/sched
/usr/bin/make -f ./scripts/Makefile.clean obj=net/sctp
/usr/bin/make -f ./scripts/Makefile.clean obj=net/smc
/usr/bin/make -f ./scripts/Makefile.clean obj=net/strparser
/usr/bin/make -f ./scripts/Makefile.clean obj=net/sunrpc
/usr/bin/make -f ./scripts/Makefile.clean obj=net/sunrpc/auth_gss
/usr/bin/make -f ./scripts/Makefile.clean obj=net/sunrpc/xprtrdma
/usr/bin/make -f ./scripts/Makefile.clean obj=net/tipc
/usr/bin/make -f ./scripts/Makefile.clean obj=net/tls
/usr/bin/make -f ./scripts/Makefile.clean obj=net/unix
/usr/bin/make -f ./scripts/Makefile.clean obj=net/vmw_vsock
/usr/bin/make -f ./scripts/Makefile.clean obj=net/wimax
/usr/bin/make -f ./scripts/Makefile.clean obj=net/wireless
/usr/bin/make -f ./scripts/Makefile.clean obj=net/x25
/usr/bin/make -f ./scripts/Makefile.clean obj=net/xdp
/usr/bin/make -f ./scripts/Makefile.clean obj=net/xfrm
/usr/bin/make -f ./scripts/Makefile.clean obj=samples
/usr/bin/make -f ./scripts/Makefile.clean obj=samples/auxdisplay
/usr/bin/make -f ./scripts/Makefile.clean obj=samples/binderfs
/usr/bin/make -f ./scripts/Makefile.clean obj=samples/configfs
/usr/bin/make -f ./scripts/Makefile.clean obj=samples/connector
/usr/bin/make -f ./scripts/Makefile.clean obj=samples/fanotify
/usr/bin/make -f ./scripts/Makefile.clean obj=samples/ftrace
/usr/bin/make -f ./scripts/Makefile.clean obj=samples/hidraw
/usr/bin/make -f ./scripts/Makefile.clean obj=samples/hw_breakpoint
/usr/bin/make -f ./scripts/Makefile.clean obj=samples/kdb
/usr/bin/make -f ./scripts/Makefile.clean obj=samples/kfifo
/usr/bin/make -f ./scripts/Makefile.clean obj=samples/kmemleak
/usr/bin/make -f ./scripts/Makefile.clean obj=samples/kobject
/usr/bin/make -f ./scripts/Makefile.clean obj=samples/kprobes
/usr/bin/make -f ./scripts/Makefile.clean obj=samples/livepatch
/usr/bin/make -f ./scripts/Makefile.clean obj=samples/mei
/usr/bin/make -f ./scripts/Makefile.clean obj=samples/pidfd
/usr/bin/make -f ./scripts/Makefile.clean obj=samples/qmi
/usr/bin/make -f ./scripts/Makefile.clean obj=samples/rpmsg
/usr/bin/make -f ./scripts/Makefile.clean obj=samples/seccomp
/usr/bin/make -f ./scripts/Makefile.clean obj=samples/timers
/usr/bin/make -f ./scripts/Makefile.clean obj=samples/trace_events
/usr/bin/make -f ./scripts/Makefile.clean obj=samples/trace_printk
/usr/bin/make -f ./scripts/Makefile.clean obj=samples/uhid
/usr/bin/make -f ./scripts/Makefile.clean obj=samples/v4l
/usr/bin/make -f ./scripts/Makefile.clean obj=samples/vfio-mdev
/usr/bin/make -f ./scripts/Makefile.clean obj=samples/vfs
/usr/bin/make -f ./scripts/Makefile.clean obj=samples/watch_queue
/usr/bin/make -f ./scripts/Makefile.clean obj=samples/watchdog
/usr/bin/make -f ./scripts/Makefile.clean obj=security
/usr/bin/make -f ./scripts/Makefile.clean obj=security/apparmor
/usr/bin/make -f ./scripts/Makefile.clean obj=security/bpf
/usr/bin/make -f ./scripts/Makefile.clean obj=security/integrity
/usr/bin/make -f ./scripts/Makefile.clean obj=security/integrity/evm
/usr/bin/make -f ./scripts/Makefile.clean obj=security/integrity/ima
/usr/bin/make -f ./scripts/Makefile.clean obj=security/keys
/usr/bin/make -f ./scripts/Makefile.clean obj=security/keys/encrypted-keys
/usr/bin/make -f ./scripts/Makefile.clean obj=security/keys/trusted-keys
/usr/bin/make -f ./scripts/Makefile.clean obj=security/loadpin
/usr/bin/make -f ./scripts/Makefile.clean obj=security/lockdown
/usr/bin/make -f ./scripts/Makefile.clean obj=security/safesetid
/usr/bin/make -f ./scripts/Makefile.clean obj=security/selinux
/usr/bin/make -f ./scripts/Makefile.clean obj=security/smack
/usr/bin/make -f ./scripts/Makefile.clean obj=security/tomoyo
/usr/bin/make -f ./scripts/Makefile.clean obj=security/yama
/usr/bin/make -f ./scripts/Makefile.clean obj=sound
/usr/bin/make -f ./scripts/Makefile.clean obj=sound/ac97
/usr/bin/make -f ./scripts/Makefile.clean obj=sound/aoa
/usr/bin/make -f ./scripts/Makefile.clean obj=sound/aoa/codecs
/usr/bin/make -f ./scripts/Makefile.clean obj=sound/aoa/core
/usr/bin/make -f ./scripts/Makefile.clean obj=sound/aoa/fabrics
/usr/bin/make -f ./scripts/Makefile.clean obj=sound/aoa/soundbus
/usr/bin/make -f ./scripts/Makefile.clean obj=sound/aoa/soundbus/i2sbus
/usr/bin/make -f ./scripts/Makefile.clean obj=sound/arm
/usr/bin/make -f ./scripts/Makefile.clean obj=sound/atmel
/usr/bin/make -f ./scripts/Makefile.clean obj=sound/core
/usr/bin/make -f ./scripts/Makefile.clean obj=sound/core/oss
/usr/bin/make -f ./scripts/Makefile.clean obj=sound/core/seq
/usr/bin/make -f ./scripts/Makefile.clean obj=sound/core/seq/oss
/usr/bin/make -f ./scripts/Makefile.clean obj=sound/drivers
/usr/bin/make -f ./scripts/Makefile.clean obj=sound/drivers/mpu401
/usr/bin/make -f ./scripts/Makefile.clean obj=sound/drivers/opl3
/usr/bin/make -f ./scripts/Makefile.clean obj=sound/drivers/opl4
/usr/bin/make -f ./scripts/Makefile.clean obj=sound/drivers/pcsp
/usr/bin/make -f ./scripts/Makefile.clean obj=sound/drivers/vx
/usr/bin/make -f ./scripts/Makefile.clean obj=sound/firewire
/usr/bin/make -f ./scripts/Makefile.clean obj=sound/firewire/bebob
/usr/bin/make -f ./scripts/Makefile.clean obj=sound/firewire/dice
/usr/bin/make -f ./scripts/Makefile.clean obj=sound/firewire/digi00x
/usr/bin/make -f ./scripts/Makefile.clean obj=sound/firewire/fireface
/usr/bin/make -f ./scripts/Makefile.clean obj=sound/firewire/fireworks
/usr/bin/make -f ./scripts/Makefile.clean obj=sound/firewire/motu
/usr/bin/make -f ./scripts/Makefile.clean obj=sound/firewire/oxfw
/usr/bin/make -f ./scripts/Makefile.clean obj=sound/firewire/tascam
/usr/bin/make -f ./scripts/Makefile.clean obj=sound/hda
/usr/bin/make -f ./scripts/Makefile.clean obj=sound/hda/ext
/usr/bin/make -f ./scripts/Makefile.clean obj=sound/i2c
/usr/bin/make -f ./scripts/Makefile.clean obj=sound/i2c/other
/usr/bin/make -f ./scripts/Makefile.clean obj=sound/isa
/usr/bin/make -f ./scripts/Makefile.clean obj=sound/isa/ad1816a
/usr/bin/make -f ./scripts/Makefile.clean obj=sound/isa/ad1848
/usr/bin/make -f ./scripts/Makefile.clean obj=sound/isa/cs423x
/usr/bin/make -f ./scripts/Makefile.clean obj=sound/isa/es1688
/usr/bin/make -f ./scripts/Makefile.clean obj=sound/isa/galaxy
/usr/bin/make -f ./scripts/Makefile.clean obj=sound/isa/gus
/usr/bin/make -f ./scripts/Makefile.clean obj=sound/isa/msnd
/usr/bin/make -f ./scripts/Makefile.clean obj=sound/isa/opti9xx
/usr/bin/make -f ./scripts/Makefile.clean obj=sound/isa/sb
/usr/bin/make -f ./scripts/Makefile.clean obj=sound/isa/wavefront
/usr/bin/make -f ./scripts/Makefile.clean obj=sound/isa/wss
/usr/bin/make -f ./scripts/Makefile.clean obj=sound/mips
/usr/bin/make -f ./scripts/Makefile.clean obj=sound/oss/dmasound
/usr/bin/make -f ./scripts/Makefile.clean obj=sound/parisc
/usr/bin/make -f ./scripts/Makefile.clean obj=sound/pci
/usr/bin/make -f ./scripts/Makefile.clean obj=sound/pci/ac97
/usr/bin/make -f ./scripts/Makefile.clean obj=sound/pci/ali5451
/usr/bin/make -f ./scripts/Makefile.clean obj=sound/pci/asihpi
/usr/bin/make -f ./scripts/Makefile.clean obj=sound/pci/au88x0
/usr/bin/make -f ./scripts/Makefile.clean obj=sound/pci/aw2
/usr/bin/make -f ./scripts/Makefile.clean obj=sound/pci/ca0106
/usr/bin/make -f ./scripts/Makefile.clean obj=sound/pci/cs46xx
/usr/bin/make -f ./scripts/Makefile.clean obj=sound/pci/cs5535audio
/usr/bin/make -f ./scripts/Makefile.clean obj=sound/pci/ctxfi
/usr/bin/make -f ./scripts/Makefile.clean obj=sound/pci/echoaudio
/usr/bin/make -f ./scripts/Makefile.clean obj=sound/pci/emu10k1
/usr/bin/make -f ./scripts/Makefile.clean obj=sound/pci/hda
/usr/bin/make -f ./scripts/Makefile.clean obj=sound/pci/ice1712
/usr/bin/make -f ./scripts/Makefile.clean obj=sound/pci/korg1212
/usr/bin/make -f ./scripts/Makefile.clean obj=sound/pci/lola
/usr/bin/make -f ./scripts/Makefile.clean obj=sound/pci/lx6464es
/usr/bin/make -f ./scripts/Makefile.clean obj=sound/pci/mixart
/usr/bin/make -f ./scripts/Makefile.clean obj=sound/pci/nm256
/usr/bin/make -f ./scripts/Makefile.clean obj=sound/pci/oxygen
/usr/bin/make -f ./scripts/Makefile.clean obj=sound/pci/pcxhr
/usr/bin/make -f ./scripts/Makefile.clean obj=sound/pci/riptide
/usr/bin/make -f ./scripts/Makefile.clean obj=sound/pci/rme9652
/usr/bin/make -f ./scripts/Makefile.clean obj=sound/pci/trident
/usr/bin/make -f ./scripts/Makefile.clean obj=sound/pci/vx222
/usr/bin/make -f ./scripts/Makefile.clean obj=sound/pci/ymfpci
/usr/bin/make -f ./scripts/Makefile.clean obj=sound/pcmcia
/usr/bin/make -f ./scripts/Makefile.clean obj=sound/pcmcia/pdaudiocf
/usr/bin/make -f ./scripts/Makefile.clean obj=sound/pcmcia/vx
/usr/bin/make -f ./scripts/Makefile.clean obj=sound/ppc
/usr/bin/make -f ./scripts/Makefile.clean obj=sound/sh
/usr/bin/make -f ./scripts/Makefile.clean obj=sound/soc
/usr/bin/make -f ./scripts/Makefile.clean obj=sound/soc/adi
/usr/bin/make -f ./scripts/Makefile.clean obj=sound/soc/amd
/usr/bin/make -f ./scripts/Makefile.clean obj=sound/soc/amd/raven
/usr/bin/make -f ./scripts/Makefile.clean obj=sound/soc/amd/renoir
/usr/bin/make -f ./scripts/Makefile.clean obj=sound/soc/atmel
/usr/bin/make -f ./scripts/Makefile.clean obj=sound/soc/au1x
/usr/bin/make -f ./scripts/Makefile.clean obj=sound/soc/bcm
/usr/bin/make -f ./scripts/Makefile.clean obj=sound/soc/cirrus
/usr/bin/make -f ./scripts/Makefile.clean obj=sound/soc/codecs
/usr/bin/make -f ./scripts/Makefile.clean obj=sound/soc/dwc
/usr/bin/make -f ./scripts/Makefile.clean obj=sound/soc/fsl
/usr/bin/make -f ./scripts/Makefile.clean obj=sound/soc/generic
/usr/bin/make -f ./scripts/Makefile.clean obj=sound/soc/hisilicon
/usr/bin/make -f ./scripts/Makefile.clean obj=sound/soc/img
/usr/bin/make -f ./scripts/Makefile.clean obj=sound/soc/intel
/usr/bin/make -f ./scripts/Makefile.clean obj=sound/soc/intel/atom
/usr/bin/make -f ./scripts/Makefile.clean obj=sound/soc/intel/atom/sst
/usr/bin/make -f ./scripts/Makefile.clean obj=sound/soc/intel/boards
/usr/bin/make -f ./scripts/Makefile.clean obj=sound/soc/intel/catpt
/usr/bin/make -f ./scripts/Makefile.clean obj=sound/soc/intel/common
/usr/bin/make -f ./scripts/Makefile.clean obj=sound/soc/intel/keembay
/usr/bin/make -f ./scripts/Makefile.clean obj=sound/soc/intel/skylake
/usr/bin/make -f ./scripts/Makefile.clean obj=sound/soc/jz4740
/usr/bin/make -f ./scripts/Makefile.clean obj=sound/soc/kirkwood
/usr/bin/make -f ./scripts/Makefile.clean obj=sound/soc/mediatek
/usr/bin/make -f ./scripts/Makefile.clean obj=sound/soc/mediatek/common
/usr/bin/make -f ./scripts/Makefile.clean obj=sound/soc/mediatek/mt2701
/usr/bin/make -f ./scripts/Makefile.clean obj=sound/soc/mediatek/mt6797
/usr/bin/make -f ./scripts/Makefile.clean obj=sound/soc/mediatek/mt8173
/usr/bin/make -f ./scripts/Makefile.clean obj=sound/soc/mediatek/mt8183
/usr/bin/make -f ./scripts/Makefile.clean obj=sound/soc/meson
/usr/bin/make -f ./scripts/Makefile.clean obj=sound/soc/mxs
/usr/bin/make -f ./scripts/Makefile.clean obj=sound/soc/pxa
/usr/bin/make -f ./scripts/Makefile.clean obj=sound/soc/qcom
/usr/bin/make -f ./scripts/Makefile.clean obj=sound/soc/qcom/qdsp6
/usr/bin/make -f ./scripts/Makefile.clean obj=sound/soc/rockchip
/usr/bin/make -f ./scripts/Makefile.clean obj=sound/soc/samsung
/usr/bin/make -f ./scripts/Makefile.clean obj=sound/soc/sh
/usr/bin/make -f ./scripts/Makefile.clean obj=sound/soc/sh/rcar
/usr/bin/make -f ./scripts/Makefile.clean obj=sound/soc/sirf
/usr/bin/make -f ./scripts/Makefile.clean obj=sound/soc/sof
/usr/bin/make -f ./scripts/Makefile.clean obj=sound/soc/sof/imx
/usr/bin/make -f ./scripts/Makefile.clean obj=sound/soc/sof/intel
/usr/bin/make -f ./scripts/Makefile.clean obj=sound/soc/sof/xtensa
/usr/bin/make -f ./scripts/Makefile.clean obj=sound/soc/spear
/usr/bin/make -f ./scripts/Makefile.clean obj=sound/soc/sprd
/usr/bin/make -f ./scripts/Makefile.clean obj=sound/soc/sti
/usr/bin/make -f ./scripts/Makefile.clean obj=sound/soc/stm
/usr/bin/make -f ./scripts/Makefile.clean obj=sound/soc/sunxi
/usr/bin/make -f ./scripts/Makefile.clean obj=sound/soc/tegra
/usr/bin/make -f ./scripts/Makefile.clean obj=sound/soc/ti
/usr/bin/make -f ./scripts/Makefile.clean obj=sound/soc/txx9
/usr/bin/make -f ./scripts/Makefile.clean obj=sound/soc/uniphier
/usr/bin/make -f ./scripts/Makefile.clean obj=sound/soc/ux500
/usr/bin/make -f ./scripts/Makefile.clean obj=sound/soc/xilinx
/usr/bin/make -f ./scripts/Makefile.clean obj=sound/soc/xtensa
/usr/bin/make -f ./scripts/Makefile.clean obj=sound/soc/zte
/usr/bin/make -f ./scripts/Makefile.clean obj=sound/sparc
/usr/bin/make -f ./scripts/Makefile.clean obj=sound/spi
/usr/bin/make -f ./scripts/Makefile.clean obj=sound/synth
/usr/bin/make -f ./scripts/Makefile.clean obj=sound/synth/emux
/usr/bin/make -f ./scripts/Makefile.clean obj=sound/usb
/usr/bin/make -f ./scripts/Makefile.clean obj=sound/usb/6fire
/usr/bin/make -f ./scripts/Makefile.clean obj=sound/usb/bcd2000
/usr/bin/make -f ./scripts/Makefile.clean obj=sound/usb/caiaq
/usr/bin/make -f ./scripts/Makefile.clean obj=sound/usb/hiface
/usr/bin/make -f ./scripts/Makefile.clean obj=sound/usb/line6
/usr/bin/make -f ./scripts/Makefile.clean obj=sound/usb/misc
/usr/bin/make -f ./scripts/Makefile.clean obj=sound/usb/usx2y
/usr/bin/make -f ./scripts/Makefile.clean obj=sound/x86
/usr/bin/make -f ./scripts/Makefile.clean obj=sound/xen
/usr/bin/make -f ./scripts/Makefile.clean obj=usr
/usr/bin/make -f ./scripts/Makefile.clean obj=usr/include
/usr/bin/make -f ./scripts/Makefile.clean obj=virt
/usr/bin/make -f ./scripts/Makefile.clean obj=virt/lib
rm -rf ./arch/i386
rm -rf ./arch/x86_64
/usr/bin/make -f ./scripts/Makefile.clean obj=arch/x86/boot
/usr/bin/make -f ./scripts/Makefile.clean obj=arch/x86/boot/compressed
/usr/bin/make -f ./scripts/Makefile.clean obj=arch/x86/tools
sh ./scripts/link-vmlinux.sh clean
/usr/bin/make -sC ./tools/bpf/resolve_btfids O=/home/gama/sgx535-offline/antix-kbuild-preparation-20260930/source-unpack/linux-5.10.240-antix.1-486-smp/tools/bpf/resolve_btfids clean
  rm -rf include/ksym vmlinux.symvers modules-only.symvers modules.builtin modules.builtin.modinfo modules.nsdeps compile_commands.json
/usr/bin/make -f ./scripts/Makefile.clean obj=scripts
/usr/bin/make -f ./scripts/Makefile.clean obj=scripts/basic
  rm -rf scripts/basic/fixdep
/usr/bin/make -f ./scripts/Makefile.clean obj=scripts/dtc
  rm -rf scripts/dtc/dtc scripts/dtc/dtc
/usr/bin/make -f ./scripts/Makefile.clean obj=scripts/gcc-plugins
/usr/bin/make -f ./scripts/Makefile.clean obj=scripts/gdb
/usr/bin/make -f ./scripts/Makefile.clean obj=scripts/gdb/linux
/usr/bin/make -f ./scripts/Makefile.clean obj=scripts/genksyms
  rm -rf scripts/genksyms/genksyms
/usr/bin/make -f ./scripts/Makefile.clean obj=scripts/kconfig
  rm -rf scripts/kconfig/conf
/usr/bin/make -f ./scripts/Makefile.clean obj=scripts/mod
  rm -rf scripts/mod/devicetable-offsets.h scripts/mod/elfconfig.h scripts/mod/modpost scripts/mod/mk_elfconfig
/usr/bin/make -f ./scripts/Makefile.clean obj=scripts/selinux
/usr/bin/make -f ./scripts/Makefile.clean obj=scripts/selinux/genheaders
  rm -rf scripts/selinux/genheaders/genheaders
/usr/bin/make -f ./scripts/Makefile.clean obj=scripts/selinux/mdp
  rm -rf scripts/selinux/mdp/mdp
  rm -rf scripts/module.lds scripts/unifdef scripts/bin2c scripts/kallsyms scripts/sorttable scripts/asn1_compiler scripts/sign-file scripts/extract-cert scripts/insert-sys-cert scripts/extract-cert
  rm -rf include/config include/generated arch/x86/include/generated debian .config .config.old .version Module.symvers
