repository	blob	commit	file
omap5-sgx-ddk-linux	1cd50e49d696aaaa0e674e9f5a8508047f1cc8da	0086977380d3320d70a3abc78b95fa0641427073	eurasia_km/services4/3rdparty/dc_poulsbo/poulsbo_linux_crt.c
omap5-sgx-ddk-linux	1cd50e49d696aaaa0e674e9f5a8508047f1cc8da	00feb97c35003dac20c0d4c1935fa99660a0454f	services4/3rdparty/dc_poulsbo/poulsbo_linux_crt.c
omap5-sgx-ddk-linux	1cd50e49d696aaaa0e674e9f5a8508047f1cc8da	0182806f070bf1c7dcbe357355105d795f36d0c5	eurasia_km/services4/3rdparty/dc_poulsbo/poulsbo_linux_crt.c
omap5-sgx-ddk-linux	1cd50e49d696aaaa0e674e9f5a8508047f1cc8da	02545fd29aecdb1a3de8c554ab75797336b5a8e2	services4/3rdparty/dc_poulsbo/poulsbo_linux_crt.c
omap5-sgx-ddk-linux	1cd50e49d696aaaa0e674e9f5a8508047f1cc8da	03e3a7dca1ae197e43f16a354c43fd9d64e8ec5b	eurasia_km/services4/3rdparty/dc_poulsbo/poulsbo_linux_crt.c
omap5-sgx-ddk-linux	1cd50e49d696aaaa0e674e9f5a8508047f1cc8da	0739fc4f8b5e39eb1365e6f6c6afe9b493d5d782	services4/3rdparty/dc_poulsbo/poulsbo_linux_crt.c
omap5-sgx-ddk-linux	1cd50e49d696aaaa0e674e9f5a8508047f1cc8da	0f1b63995057a714592ef26e28989ec4da8a4ed5	services4/3rdparty/dc_poulsbo/poulsbo_linux_crt.c
omap5-sgx-ddk-linux	1cd50e49d696aaaa0e674e9f5a8508047f1cc8da	0f2b79401e3565c1824f86bb96672b67ff1f1cf6	eurasia_km/services4/3rdparty/dc_poulsbo/poulsbo_linux_crt.c
omap5-sgx-ddk-linux	1cd50e49d696aaaa0e674e9f5a8508047f1cc8da	0faba9b9d4e55ca9bbd601ceac79526d9b3b602f	eurasia_km/services4/3rdparty/dc_poulsbo/poulsbo_linux_crt.c
omap5-sgx-ddk-linux	1cd50e49d696aaaa0e674e9f5a8508047f1cc8da	106ddd54843dd05b77b57df4a72b327684916ef5	eurasia_km/services4/3rdparty/dc_poulsbo/poulsbo_linux_crt.c
omap5-sgx-ddk-linux	1cd50e49d696aaaa0e674e9f5a8508047f1cc8da	1a6db182eb71299645807f54f687be014b557798	eurasia_km/services4/3rdparty/dc_poulsbo/poulsbo_linux_crt.c
omap5-sgx-ddk-linux	1cd50e49d696aaaa0e674e9f5a8508047f1cc8da	200868f7e5d37057eef03a87f18b593844ccc812	services4/3rdparty/dc_poulsbo/poulsbo_linux_crt.c
omap5-sgx-ddk-linux	1cd50e49d696aaaa0e674e9f5a8508047f1cc8da	204d10d1ac5b71cd0329dd9d59459d89630def1d	eurasia_km/services4/3rdparty/dc_poulsbo/poulsbo_linux_crt.c
omap5-sgx-ddk-linux	1cd50e49d696aaaa0e674e9f5a8508047f1cc8da	20f805c1c37aed9a2e3c9606a373722c817e1d4b	services4/3rdparty/dc_poulsbo/poulsbo_linux_crt.c
omap5-sgx-ddk-linux	1cd50e49d696aaaa0e674e9f5a8508047f1cc8da	256694cbc12bf1b13a6c2714372c603d6f3845b1	eurasia_km/services4/3rdparty/dc_poulsbo/poulsbo_linux_crt.c
omap5-sgx-ddk-linux	1cd50e49d696aaaa0e674e9f5a8508047f1cc8da	27f8b72796622b1b59ff82bc988c5949de11ce80	services4/3rdparty/dc_poulsbo/poulsbo_linux_crt.c
omap5-sgx-ddk-linux	1cd50e49d696aaaa0e674e9f5a8508047f1cc8da	29115f91063c25292cf8f973622433f576d01164	eurasia_km/services4/3rdparty/dc_poulsbo/poulsbo_linux_crt.c
omap5-sgx-ddk-linux	1cd50e49d696aaaa0e674e9f5a8508047f1cc8da	298a29a109a890cd9b0735ee7da1783efe5a6bed	services4/3rdparty/dc_poulsbo/poulsbo_linux_crt.c
omap5-sgx-ddk-linux	1cd50e49d696aaaa0e674e9f5a8508047f1cc8da	2c407d34e45398cbb029c4299b78af3a1ed991b7	services4/3rdparty/dc_poulsbo/poulsbo_linux_crt.c
omap5-sgx-ddk-linux	1cd50e49d696aaaa0e674e9f5a8508047f1cc8da	2d4a2cf221a34a32dc71ab0e017f3b9a8e974a21	eurasia_km/services4/3rdparty/dc_poulsbo/poulsbo_linux_crt.c
omap5-sgx-ddk-linux	1cd50e49d696aaaa0e674e9f5a8508047f1cc8da	33623289ac5281a4567e49429f9ca24c3f36d927	services4/3rdparty/dc_poulsbo/poulsbo_linux_crt.c
omap5-sgx-ddk-linux	1cd50e49d696aaaa0e674e9f5a8508047f1cc8da	37502630b9b5fa4f4f412837694eb133ab28cc30	eurasia_km/services4/3rdparty/dc_poulsbo/poulsbo_linux_crt.c
omap5-sgx-ddk-linux	1cd50e49d696aaaa0e674e9f5a8508047f1cc8da	375b47e32ab9dd48861a653ef0134ca9ae836035	services4/3rdparty/dc_poulsbo/poulsbo_linux_crt.c
omap5-sgx-ddk-linux	1cd50e49d696aaaa0e674e9f5a8508047f1cc8da	3a5f9a5a7f6e00bf9937d36f334dd100543acea3	services4/3rdparty/dc_poulsbo/poulsbo_linux_crt.c
omap5-sgx-ddk-linux	1cd50e49d696aaaa0e674e9f5a8508047f1cc8da	3cd845e5603692c325c302e4b77634830c355cfb	eurasia_km/services4/3rdparty/dc_poulsbo/poulsbo_linux_crt.c
omap5-sgx-ddk-linux	1cd50e49d696aaaa0e674e9f5a8508047f1cc8da	3d15fac4bbb06a6987421f995d87d2ee3331156c	services4/3rdparty/dc_poulsbo/poulsbo_linux_crt.c
omap5-sgx-ddk-linux	1cd50e49d696aaaa0e674e9f5a8508047f1cc8da	3d3d480d8de6effc9136329a5cf5db9a8d7eaace	eurasia_km/services4/3rdparty/dc_poulsbo/poulsbo_linux_crt.c
omap5-sgx-ddk-linux	1cd50e49d696aaaa0e674e9f5a8508047f1cc8da	3d5e9c9074b25dc6567449ca0c11d9066b2db2dc	eurasia_km/services4/3rdparty/dc_poulsbo/poulsbo_linux_crt.c
omap5-sgx-ddk-linux	1cd50e49d696aaaa0e674e9f5a8508047f1cc8da	426874836d3d9ec2ad21d1741df87a2234e75ebf	services4/3rdparty/dc_poulsbo/poulsbo_linux_crt.c
omap5-sgx-ddk-linux	1cd50e49d696aaaa0e674e9f5a8508047f1cc8da	45415cca38dbb5ae081cdd14dc0c8adb36b8979b	eurasia_km/services4/3rdparty/dc_poulsbo/poulsbo_linux_crt.c
omap5-sgx-ddk-linux	1cd50e49d696aaaa0e674e9f5a8508047f1cc8da	4548afa3d08df5fb980ad36df5e1d0a63812aa90	eurasia_km/services4/3rdparty/dc_poulsbo/poulsbo_linux_crt.c
omap5-sgx-ddk-linux	1cd50e49d696aaaa0e674e9f5a8508047f1cc8da	4ac887b09a0209de3d1f950e00ae184872822583	eurasia_km/services4/3rdparty/dc_poulsbo/poulsbo_linux_crt.c
omap5-sgx-ddk-linux	1cd50e49d696aaaa0e674e9f5a8508047f1cc8da	4ef19c1aed27ed74fce318b329c7707abbba5bd2	services4/3rdparty/dc_poulsbo/poulsbo_linux_crt.c
omap5-sgx-ddk-linux	1cd50e49d696aaaa0e674e9f5a8508047f1cc8da	50a6e8fb26b0fb5160e1ffac8f0a414a69570863	eurasia_km/services4/3rdparty/dc_poulsbo/poulsbo_linux_crt.c
omap5-sgx-ddk-linux	1cd50e49d696aaaa0e674e9f5a8508047f1cc8da	5433b1b54e5725ba79bd5a70837e5349fc40f75d	eurasia_km/services4/3rdparty/dc_poulsbo/poulsbo_linux_crt.c
omap5-sgx-ddk-linux	1cd50e49d696aaaa0e674e9f5a8508047f1cc8da	5a08785fee8404223a42de14dea1d9bbc608dfc2	services4/3rdparty/dc_poulsbo/poulsbo_linux_crt.c
omap5-sgx-ddk-linux	1cd50e49d696aaaa0e674e9f5a8508047f1cc8da	5bb795ce754bd8eb1a2b3ffd581f2d2ed4dacdb0	services4/3rdparty/dc_poulsbo/poulsbo_linux_crt.c
omap5-sgx-ddk-linux	1cd50e49d696aaaa0e674e9f5a8508047f1cc8da	5c5ebf1f25d669cd56d954bf962f3ffb9a730422	services4/3rdparty/dc_poulsbo/poulsbo_linux_crt.c
omap5-sgx-ddk-linux	1cd50e49d696aaaa0e674e9f5a8508047f1cc8da	5db485fa5350cd4228e5574fff54aae0edfa4948	services4/3rdparty/dc_poulsbo/poulsbo_linux_crt.c
omap5-sgx-ddk-linux	1cd50e49d696aaaa0e674e9f5a8508047f1cc8da	5dcb3b098055e2eab101696de930bfb95628356d	eurasia_km/services4/3rdparty/dc_poulsbo/poulsbo_linux_crt.c
omap5-sgx-ddk-linux	1cd50e49d696aaaa0e674e9f5a8508047f1cc8da	60bf27ff0ba6079df13813a11c81ff96056715ed	eurasia_km/services4/3rdparty/dc_poulsbo/poulsbo_linux_crt.c
omap5-sgx-ddk-linux	1cd50e49d696aaaa0e674e9f5a8508047f1cc8da	62a7820fd10ae90e2752dbc235e461bf4346f238	services4/3rdparty/dc_poulsbo/poulsbo_linux_crt.c
omap5-sgx-ddk-linux	1cd50e49d696aaaa0e674e9f5a8508047f1cc8da	63f064dcc4d373e51b1b1763c70bb70bd3b51668	services4/3rdparty/dc_poulsbo/poulsbo_linux_crt.c
omap5-sgx-ddk-linux	1cd50e49d696aaaa0e674e9f5a8508047f1cc8da	6df5246430cc7c3c615081ee78ab0ed5b786a0dc	eurasia_km/services4/3rdparty/dc_poulsbo/poulsbo_linux_crt.c
omap5-sgx-ddk-linux	1cd50e49d696aaaa0e674e9f5a8508047f1cc8da	70fd434b18cc579b15211813d01cd1bad2bf9440	services4/3rdparty/dc_poulsbo/poulsbo_linux_crt.c
omap5-sgx-ddk-linux	1cd50e49d696aaaa0e674e9f5a8508047f1cc8da	730d2b4891ddcf9292f9e7282e9d1ab6ea9dd54b	eurasia_km/services4/3rdparty/dc_poulsbo/poulsbo_linux_crt.c
omap5-sgx-ddk-linux	1cd50e49d696aaaa0e674e9f5a8508047f1cc8da	743c007813d709836cca97c048ef1a1c25982c22	services4/3rdparty/dc_poulsbo/poulsbo_linux_crt.c
omap5-sgx-ddk-linux	1cd50e49d696aaaa0e674e9f5a8508047f1cc8da	75516a5f2d4ce36777fc22bd1b20445259d07737	services4/3rdparty/dc_poulsbo/poulsbo_linux_crt.c
omap5-sgx-ddk-linux	1cd50e49d696aaaa0e674e9f5a8508047f1cc8da	766b6004db9a7227aa736dc30de2e6316e2be7f6	eurasia_km/services4/3rdparty/dc_poulsbo/poulsbo_linux_crt.c
omap5-sgx-ddk-linux	1cd50e49d696aaaa0e674e9f5a8508047f1cc8da	769605f232660fb7a3b037424b9eb77709633506	eurasia_km/services4/3rdparty/dc_poulsbo/poulsbo_linux_crt.c
omap5-sgx-ddk-linux	1cd50e49d696aaaa0e674e9f5a8508047f1cc8da	76da7d73976f0a5dc04fdc84a3af899d6c2b1fe2	eurasia_km/services4/3rdparty/dc_poulsbo/poulsbo_linux_crt.c
omap5-sgx-ddk-linux	1cd50e49d696aaaa0e674e9f5a8508047f1cc8da	78db3c65b9dafb802be133c7b14f8ed432e1fb78	services4/3rdparty/dc_poulsbo/poulsbo_linux_crt.c
omap5-sgx-ddk-linux	1cd50e49d696aaaa0e674e9f5a8508047f1cc8da	7b3b71dac2fe1df94439488f9a55c81ec762d6d6	services4/3rdparty/dc_poulsbo/poulsbo_linux_crt.c
omap5-sgx-ddk-linux	1cd50e49d696aaaa0e674e9f5a8508047f1cc8da	7c40c1dc05226be9662860166d16fc346a1378d9	eurasia_km/services4/3rdparty/dc_poulsbo/poulsbo_linux_crt.c
omap5-sgx-ddk-linux	1cd50e49d696aaaa0e674e9f5a8508047f1cc8da	7c89d3433bd96d8b2755ca172e99198fa4b69c05	services4/3rdparty/dc_poulsbo/poulsbo_linux_crt.c
omap5-sgx-ddk-linux	1cd50e49d696aaaa0e674e9f5a8508047f1cc8da	7fa3c9052ddbce83a4df134e73f07c99ddc267d7	eurasia_km/services4/3rdparty/dc_poulsbo/poulsbo_linux_crt.c
omap5-sgx-ddk-linux	1cd50e49d696aaaa0e674e9f5a8508047f1cc8da	82baf103b171ce138bef79c4194497a108e22df8	eurasia_km/services4/3rdparty/dc_poulsbo/poulsbo_linux_crt.c
omap5-sgx-ddk-linux	1cd50e49d696aaaa0e674e9f5a8508047f1cc8da	83431055a561bd69f1efc49164bd789547d8ff85	services4/3rdparty/dc_poulsbo/poulsbo_linux_crt.c
omap5-sgx-ddk-linux	1cd50e49d696aaaa0e674e9f5a8508047f1cc8da	83ec439629f44bbea899bfaed1e719743d61cf01	services4/3rdparty/dc_poulsbo/poulsbo_linux_crt.c
omap5-sgx-ddk-linux	1cd50e49d696aaaa0e674e9f5a8508047f1cc8da	8526d639399e06b6e80dfa2e3dcd208d4d528550	services4/3rdparty/dc_poulsbo/poulsbo_linux_crt.c
omap5-sgx-ddk-linux	1cd50e49d696aaaa0e674e9f5a8508047f1cc8da	852a47794d2e8656045e0339cbb9bd8e06d3e7e3	eurasia_km/services4/3rdparty/dc_poulsbo/poulsbo_linux_crt.c
omap5-sgx-ddk-linux	1cd50e49d696aaaa0e674e9f5a8508047f1cc8da	855889f437250b6572c75d12696ec4a998b9aef9	eurasia_km/services4/3rdparty/dc_poulsbo/poulsbo_linux_crt.c
omap5-sgx-ddk-linux	1cd50e49d696aaaa0e674e9f5a8508047f1cc8da	8680409ad5ce44b7ce3a43916332f6a29bc711de	eurasia_km/services4/3rdparty/dc_poulsbo/poulsbo_linux_crt.c
omap5-sgx-ddk-linux	1cd50e49d696aaaa0e674e9f5a8508047f1cc8da	8d5305b03dce13f3a9a89328c69c762dcd3109a4	eurasia_km/services4/3rdparty/dc_poulsbo/poulsbo_linux_crt.c
omap5-sgx-ddk-linux	1cd50e49d696aaaa0e674e9f5a8508047f1cc8da	9027da1de0fd0742ebc9c99d851c6b9498bb81c9	services4/3rdparty/dc_poulsbo/poulsbo_linux_crt.c
omap5-sgx-ddk-linux	1cd50e49d696aaaa0e674e9f5a8508047f1cc8da	9855bcc288b2c3ef715064705f727334439556d8	eurasia_km/services4/3rdparty/dc_poulsbo/poulsbo_linux_crt.c
omap5-sgx-ddk-linux	1cd50e49d696aaaa0e674e9f5a8508047f1cc8da	9f690e5e7b6c215dc54e4a8c58b8e55cabcd394f	eurasia_km/services4/3rdparty/dc_poulsbo/poulsbo_linux_crt.c
omap5-sgx-ddk-linux	1cd50e49d696aaaa0e674e9f5a8508047f1cc8da	a0ff0e7423f26387255e1c9205f6664a954b15ef	services4/3rdparty/dc_poulsbo/poulsbo_linux_crt.c
omap5-sgx-ddk-linux	1cd50e49d696aaaa0e674e9f5a8508047f1cc8da	a19b99beae63ed2a56e792f1b5e80437c22f8f89	services4/3rdparty/dc_poulsbo/poulsbo_linux_crt.c
omap5-sgx-ddk-linux	1cd50e49d696aaaa0e674e9f5a8508047f1cc8da	a3084c34f54696e5ac56e95e977dfb649e283a4b	services4/3rdparty/dc_poulsbo/poulsbo_linux_crt.c
omap5-sgx-ddk-linux	1cd50e49d696aaaa0e674e9f5a8508047f1cc8da	a5a0fe1799cabfa1278321b667263cf3fa2cf32f	eurasia_km/services4/3rdparty/dc_poulsbo/poulsbo_linux_crt.c
omap5-sgx-ddk-linux	1cd50e49d696aaaa0e674e9f5a8508047f1cc8da	a90f89f4a2f2e8a05894d807de4db63ebf62a392	eurasia_km/services4/3rdparty/dc_poulsbo/poulsbo_linux_crt.c
omap5-sgx-ddk-linux	1cd50e49d696aaaa0e674e9f5a8508047f1cc8da	a99c2cef71407bf63db49af96e43cfdd8c7b3b7a	services4/3rdparty/dc_poulsbo/poulsbo_linux_crt.c
omap5-sgx-ddk-linux	1cd50e49d696aaaa0e674e9f5a8508047f1cc8da	ac8a883f35bd7049454575eab28d227e8f71aa9b	services4/3rdparty/dc_poulsbo/poulsbo_linux_crt.c
omap5-sgx-ddk-linux	1cd50e49d696aaaa0e674e9f5a8508047f1cc8da	ad511f2798f45eab3c44826fdd860811cce4b1f6	services4/3rdparty/dc_poulsbo/poulsbo_linux_crt.c
omap5-sgx-ddk-linux	1cd50e49d696aaaa0e674e9f5a8508047f1cc8da	b144fa4b97cb69e54cabaad62daffcd4b5497c29	eurasia_km/services4/3rdparty/dc_poulsbo/poulsbo_linux_crt.c
omap5-sgx-ddk-linux	1cd50e49d696aaaa0e674e9f5a8508047f1cc8da	b42208fb9ad30f288ebf968a994a46f3fcf90136	services4/3rdparty/dc_poulsbo/poulsbo_linux_crt.c
omap5-sgx-ddk-linux	1cd50e49d696aaaa0e674e9f5a8508047f1cc8da	b45658fb2090a579e48942909f3865152f82e1ca	services4/3rdparty/dc_poulsbo/poulsbo_linux_crt.c
omap5-sgx-ddk-linux	1cd50e49d696aaaa0e674e9f5a8508047f1cc8da	b630d462f5fbb86e5f98965ba1af35da1207822f	eurasia_km/services4/3rdparty/dc_poulsbo/poulsbo_linux_crt.c
omap5-sgx-ddk-linux	1cd50e49d696aaaa0e674e9f5a8508047f1cc8da	b83e2affbaeb0c2c7a010b3eacc3f0d3b0f7669a	services4/3rdparty/dc_poulsbo/poulsbo_linux_crt.c
omap5-sgx-ddk-linux	1cd50e49d696aaaa0e674e9f5a8508047f1cc8da	b89ffe29648d567a28ce5275aa1fbbd584d6a02c	services4/3rdparty/dc_poulsbo/poulsbo_linux_crt.c
omap5-sgx-ddk-linux	1cd50e49d696aaaa0e674e9f5a8508047f1cc8da	bc3128527024bd76f9ab4d8d7db13ad65a24458b	eurasia_km/services4/3rdparty/dc_poulsbo/poulsbo_linux_crt.c
omap5-sgx-ddk-linux	1cd50e49d696aaaa0e674e9f5a8508047f1cc8da	bcb809355f813337f2ca2640b4fa405eaf8097da	eurasia_km/services4/3rdparty/dc_poulsbo/poulsbo_linux_crt.c
omap5-sgx-ddk-linux	1cd50e49d696aaaa0e674e9f5a8508047f1cc8da	c13efb766a8fc680374ae7affc6df535f823bacb	eurasia_km/services4/3rdparty/dc_poulsbo/poulsbo_linux_crt.c
omap5-sgx-ddk-linux	1cd50e49d696aaaa0e674e9f5a8508047f1cc8da	c8d280c2842bf4b1fdc63f5efd89595807c0a254	eurasia_km/services4/3rdparty/dc_poulsbo/poulsbo_linux_crt.c
omap5-sgx-ddk-linux	1cd50e49d696aaaa0e674e9f5a8508047f1cc8da	cb46ba4d0c900f89f7ec0284f9803d476bfa98de	eurasia_km/services4/3rdparty/dc_poulsbo/poulsbo_linux_crt.c
omap5-sgx-ddk-linux	1cd50e49d696aaaa0e674e9f5a8508047f1cc8da	cbcf497bee4c86a3142f7ed0c2de672e5a96682e	services4/3rdparty/dc_poulsbo/poulsbo_linux_crt.c
omap5-sgx-ddk-linux	1cd50e49d696aaaa0e674e9f5a8508047f1cc8da	cc73af59a34f938f09e84b1004679e9b1a5973f2	services4/3rdparty/dc_poulsbo/poulsbo_linux_crt.c
omap5-sgx-ddk-linux	1cd50e49d696aaaa0e674e9f5a8508047f1cc8da	cff8103dca22c75fdb612fd431056ea0f4d4ff65	services4/3rdparty/dc_poulsbo/poulsbo_linux_crt.c
omap5-sgx-ddk-linux	1cd50e49d696aaaa0e674e9f5a8508047f1cc8da	d1d4d86e553a9bf56e0b5a25b280ab581ab15586	eurasia_km/services4/3rdparty/dc_poulsbo/poulsbo_linux_crt.c
omap5-sgx-ddk-linux	1cd50e49d696aaaa0e674e9f5a8508047f1cc8da	d230b32f421120c1d1a588cbf82e9a70950391f9	eurasia_km/services4/3rdparty/dc_poulsbo/poulsbo_linux_crt.c
omap5-sgx-ddk-linux	1cd50e49d696aaaa0e674e9f5a8508047f1cc8da	d2b3959738cfcc6209e8e882d1989de790866c8f	eurasia_km/services4/3rdparty/dc_poulsbo/poulsbo_linux_crt.c
omap5-sgx-ddk-linux	1cd50e49d696aaaa0e674e9f5a8508047f1cc8da	d77c3b2ee61b6d22706a66bd625b689a74db3c89	services4/3rdparty/dc_poulsbo/poulsbo_linux_crt.c
omap5-sgx-ddk-linux	1cd50e49d696aaaa0e674e9f5a8508047f1cc8da	e33760c18dbffa409d9da6a11e95083921b03af0	services4/3rdparty/dc_poulsbo/poulsbo_linux_crt.c
omap5-sgx-ddk-linux	1cd50e49d696aaaa0e674e9f5a8508047f1cc8da	e68719ba7c54602c710b6615cd665f5b7f47f85e	eurasia_km/services4/3rdparty/dc_poulsbo/poulsbo_linux_crt.c
omap5-sgx-ddk-linux	1cd50e49d696aaaa0e674e9f5a8508047f1cc8da	ea2ae0444f3643ea608f49eca2c880b8432ef62a	eurasia_km/services4/3rdparty/dc_poulsbo/poulsbo_linux_crt.c
omap5-sgx-ddk-linux	1cd50e49d696aaaa0e674e9f5a8508047f1cc8da	eb2a06ca205ce150edc819b5757f2ee8514e259f	services4/3rdparty/dc_poulsbo/poulsbo_linux_crt.c
omap5-sgx-ddk-linux	1cd50e49d696aaaa0e674e9f5a8508047f1cc8da	ebafbb34ad24cc10b4e402d1a2f2f8806343a3a8	services4/3rdparty/dc_poulsbo/poulsbo_linux_crt.c
omap5-sgx-ddk-linux	1cd50e49d696aaaa0e674e9f5a8508047f1cc8da	f0c729c54ad45dc4b2d2c83317545a1ef9de1cc5	eurasia_km/services4/3rdparty/dc_poulsbo/poulsbo_linux_crt.c
omap5-sgx-ddk-linux	1cd50e49d696aaaa0e674e9f5a8508047f1cc8da	f32b645d4eea5f89a15132cb336b346dccd8f07e	services4/3rdparty/dc_poulsbo/poulsbo_linux_crt.c
omap5-sgx-ddk-linux	1cd50e49d696aaaa0e674e9f5a8508047f1cc8da	fd47e44b18944cf7ade480ac67a9c0172619ff7e	eurasia_km/services4/3rdparty/dc_poulsbo/poulsbo_linux_crt.c
omap5-sgx-ddk-linux	1cd50e49d696aaaa0e674e9f5a8508047f1cc8da	fed0756f1b8b9d526da2821635c7d742989d47c3	eurasia_km/services4/3rdparty/dc_poulsbo/poulsbo_linux_crt.c
omap5-sgx-ddk-linux	45dc4d6516546a5d270631303b6e3b000703d53a	0086977380d3320d70a3abc78b95fa0641427073	eurasia_km/services4/system/cedarview_linux/sysutils.c
omap5-sgx-ddk-linux	45dc4d6516546a5d270631303b6e3b000703d53a	00feb97c35003dac20c0d4c1935fa99660a0454f	services4/system/cedarview_linux/sysutils.c
omap5-sgx-ddk-linux	45dc4d6516546a5d270631303b6e3b000703d53a	0182806f070bf1c7dcbe357355105d795f36d0c5	eurasia_km/services4/system/cedarview_linux/sysutils.c
omap5-sgx-ddk-linux	45dc4d6516546a5d270631303b6e3b000703d53a	02545fd29aecdb1a3de8c554ab75797336b5a8e2	services4/system/cedarview_linux/sysutils.c
omap5-sgx-ddk-linux	45dc4d6516546a5d270631303b6e3b000703d53a	03e3a7dca1ae197e43f16a354c43fd9d64e8ec5b	eurasia_km/services4/system/cedarview_linux/sysutils.c
omap5-sgx-ddk-linux	45dc4d6516546a5d270631303b6e3b000703d53a	0739fc4f8b5e39eb1365e6f6c6afe9b493d5d782	services4/system/cedarview_linux/sysutils.c
omap5-sgx-ddk-linux	45dc4d6516546a5d270631303b6e3b000703d53a	0f1b63995057a714592ef26e28989ec4da8a4ed5	services4/system/cedarview_linux/sysutils.c
omap5-sgx-ddk-linux	45dc4d6516546a5d270631303b6e3b000703d53a	0f2b79401e3565c1824f86bb96672b67ff1f1cf6	eurasia_km/services4/system/cedarview_linux/sysutils.c
omap5-sgx-ddk-linux	45dc4d6516546a5d270631303b6e3b000703d53a	0faba9b9d4e55ca9bbd601ceac79526d9b3b602f	eurasia_km/services4/system/cedarview_linux/sysutils.c
omap5-sgx-ddk-linux	45dc4d6516546a5d270631303b6e3b000703d53a	106ddd54843dd05b77b57df4a72b327684916ef5	eurasia_km/services4/system/cedarview_linux/sysutils.c
omap5-sgx-ddk-linux	45dc4d6516546a5d270631303b6e3b000703d53a	1a6db182eb71299645807f54f687be014b557798	eurasia_km/services4/system/cedarview_linux/sysutils.c
omap5-sgx-ddk-linux	45dc4d6516546a5d270631303b6e3b000703d53a	200868f7e5d37057eef03a87f18b593844ccc812	services4/system/cedarview_linux/sysutils.c
omap5-sgx-ddk-linux	45dc4d6516546a5d270631303b6e3b000703d53a	204d10d1ac5b71cd0329dd9d59459d89630def1d	eurasia_km/services4/system/cedarview_linux/sysutils.c
omap5-sgx-ddk-linux	45dc4d6516546a5d270631303b6e3b000703d53a	20f805c1c37aed9a2e3c9606a373722c817e1d4b	services4/system/cedarview_linux/sysutils.c
omap5-sgx-ddk-linux	45dc4d6516546a5d270631303b6e3b000703d53a	256694cbc12bf1b13a6c2714372c603d6f3845b1	eurasia_km/services4/system/cedarview_linux/sysutils.c
omap5-sgx-ddk-linux	45dc4d6516546a5d270631303b6e3b000703d53a	27f8b72796622b1b59ff82bc988c5949de11ce80	services4/system/cedarview_linux/sysutils.c
omap5-sgx-ddk-linux	45dc4d6516546a5d270631303b6e3b000703d53a	29115f91063c25292cf8f973622433f576d01164	eurasia_km/services4/system/cedarview_linux/sysutils.c
omap5-sgx-ddk-linux	45dc4d6516546a5d270631303b6e3b000703d53a	298a29a109a890cd9b0735ee7da1783efe5a6bed	services4/system/cedarview_linux/sysutils.c
omap5-sgx-ddk-linux	45dc4d6516546a5d270631303b6e3b000703d53a	2c407d34e45398cbb029c4299b78af3a1ed991b7	services4/system/cedarview_linux/sysutils.c
omap5-sgx-ddk-linux	45dc4d6516546a5d270631303b6e3b000703d53a	2d4a2cf221a34a32dc71ab0e017f3b9a8e974a21	eurasia_km/services4/system/cedarview_linux/sysutils.c
omap5-sgx-ddk-linux	45dc4d6516546a5d270631303b6e3b000703d53a	33623289ac5281a4567e49429f9ca24c3f36d927	services4/system/cedarview_linux/sysutils.c
omap5-sgx-ddk-linux	45dc4d6516546a5d270631303b6e3b000703d53a	37502630b9b5fa4f4f412837694eb133ab28cc30	eurasia_km/services4/system/cedarview_linux/sysutils.c
omap5-sgx-ddk-linux	45dc4d6516546a5d270631303b6e3b000703d53a	375b47e32ab9dd48861a653ef0134ca9ae836035	services4/system/cedarview_linux/sysutils.c
omap5-sgx-ddk-linux	45dc4d6516546a5d270631303b6e3b000703d53a	3a5f9a5a7f6e00bf9937d36f334dd100543acea3	services4/system/cedarview_linux/sysutils.c
omap5-sgx-ddk-linux	45dc4d6516546a5d270631303b6e3b000703d53a	3cd845e5603692c325c302e4b77634830c355cfb	eurasia_km/services4/system/cedarview_linux/sysutils.c
omap5-sgx-ddk-linux	45dc4d6516546a5d270631303b6e3b000703d53a	3d15fac4bbb06a6987421f995d87d2ee3331156c	services4/system/cedarview_linux/sysutils.c
omap5-sgx-ddk-linux	45dc4d6516546a5d270631303b6e3b000703d53a	3d3d480d8de6effc9136329a5cf5db9a8d7eaace	eurasia_km/services4/system/cedarview_linux/sysutils.c
omap5-sgx-ddk-linux	45dc4d6516546a5d270631303b6e3b000703d53a	3d5e9c9074b25dc6567449ca0c11d9066b2db2dc	eurasia_km/services4/system/cedarview_linux/sysutils.c
omap5-sgx-ddk-linux	45dc4d6516546a5d270631303b6e3b000703d53a	426874836d3d9ec2ad21d1741df87a2234e75ebf	services4/system/cedarview_linux/sysutils.c
omap5-sgx-ddk-linux	45dc4d6516546a5d270631303b6e3b000703d53a	45415cca38dbb5ae081cdd14dc0c8adb36b8979b	eurasia_km/services4/system/cedarview_linux/sysutils.c
omap5-sgx-ddk-linux	45dc4d6516546a5d270631303b6e3b000703d53a	4548afa3d08df5fb980ad36df5e1d0a63812aa90	eurasia_km/services4/system/cedarview_linux/sysutils.c
omap5-sgx-ddk-linux	45dc4d6516546a5d270631303b6e3b000703d53a	4ac887b09a0209de3d1f950e00ae184872822583	eurasia_km/services4/system/cedarview_linux/sysutils.c
omap5-sgx-ddk-linux	45dc4d6516546a5d270631303b6e3b000703d53a	4ef19c1aed27ed74fce318b329c7707abbba5bd2	services4/system/cedarview_linux/sysutils.c
omap5-sgx-ddk-linux	45dc4d6516546a5d270631303b6e3b000703d53a	50a6e8fb26b0fb5160e1ffac8f0a414a69570863	eurasia_km/services4/system/cedarview_linux/sysutils.c
omap5-sgx-ddk-linux	45dc4d6516546a5d270631303b6e3b000703d53a	5433b1b54e5725ba79bd5a70837e5349fc40f75d	eurasia_km/services4/system/cedarview_linux/sysutils.c
omap5-sgx-ddk-linux	45dc4d6516546a5d270631303b6e3b000703d53a	5a08785fee8404223a42de14dea1d9bbc608dfc2	services4/system/cedarview_linux/sysutils.c
omap5-sgx-ddk-linux	45dc4d6516546a5d270631303b6e3b000703d53a	5bb795ce754bd8eb1a2b3ffd581f2d2ed4dacdb0	services4/system/cedarview_linux/sysutils.c
omap5-sgx-ddk-linux	45dc4d6516546a5d270631303b6e3b000703d53a	5c5ebf1f25d669cd56d954bf962f3ffb9a730422	services4/system/cedarview_linux/sysutils.c
omap5-sgx-ddk-linux	45dc4d6516546a5d270631303b6e3b000703d53a	5db485fa5350cd4228e5574fff54aae0edfa4948	services4/system/cedarview_linux/sysutils.c
omap5-sgx-ddk-linux	45dc4d6516546a5d270631303b6e3b000703d53a	5dcb3b098055e2eab101696de930bfb95628356d	eurasia_km/services4/system/cedarview_linux/sysutils.c
omap5-sgx-ddk-linux	45dc4d6516546a5d270631303b6e3b000703d53a	60bf27ff0ba6079df13813a11c81ff96056715ed	eurasia_km/services4/system/cedarview_linux/sysutils.c
omap5-sgx-ddk-linux	45dc4d6516546a5d270631303b6e3b000703d53a	62a7820fd10ae90e2752dbc235e461bf4346f238	services4/system/cedarview_linux/sysutils.c
omap5-sgx-ddk-linux	45dc4d6516546a5d270631303b6e3b000703d53a	63f064dcc4d373e51b1b1763c70bb70bd3b51668	services4/system/cedarview_linux/sysutils.c
omap5-sgx-ddk-linux	45dc4d6516546a5d270631303b6e3b000703d53a	6df5246430cc7c3c615081ee78ab0ed5b786a0dc	eurasia_km/services4/system/cedarview_linux/sysutils.c
omap5-sgx-ddk-linux	45dc4d6516546a5d270631303b6e3b000703d53a	70fd434b18cc579b15211813d01cd1bad2bf9440	services4/system/cedarview_linux/sysutils.c
omap5-sgx-ddk-linux	45dc4d6516546a5d270631303b6e3b000703d53a	730d2b4891ddcf9292f9e7282e9d1ab6ea9dd54b	eurasia_km/services4/system/cedarview_linux/sysutils.c
omap5-sgx-ddk-linux	45dc4d6516546a5d270631303b6e3b000703d53a	743c007813d709836cca97c048ef1a1c25982c22	services4/system/cedarview_linux/sysutils.c
omap5-sgx-ddk-linux	45dc4d6516546a5d270631303b6e3b000703d53a	75516a5f2d4ce36777fc22bd1b20445259d07737	services4/system/cedarview_linux/sysutils.c
omap5-sgx-ddk-linux	45dc4d6516546a5d270631303b6e3b000703d53a	766b6004db9a7227aa736dc30de2e6316e2be7f6	eurasia_km/services4/system/cedarview_linux/sysutils.c
omap5-sgx-ddk-linux	45dc4d6516546a5d270631303b6e3b000703d53a	769605f232660fb7a3b037424b9eb77709633506	eurasia_km/services4/system/cedarview_linux/sysutils.c
omap5-sgx-ddk-linux	45dc4d6516546a5d270631303b6e3b000703d53a	76da7d73976f0a5dc04fdc84a3af899d6c2b1fe2	eurasia_km/services4/system/cedarview_linux/sysutils.c
omap5-sgx-ddk-linux	45dc4d6516546a5d270631303b6e3b000703d53a	78db3c65b9dafb802be133c7b14f8ed432e1fb78	services4/system/cedarview_linux/sysutils.c
omap5-sgx-ddk-linux	45dc4d6516546a5d270631303b6e3b000703d53a	7b3b71dac2fe1df94439488f9a55c81ec762d6d6	services4/system/cedarview_linux/sysutils.c
omap5-sgx-ddk-linux	45dc4d6516546a5d270631303b6e3b000703d53a	7c40c1dc05226be9662860166d16fc346a1378d9	eurasia_km/services4/system/cedarview_linux/sysutils.c
omap5-sgx-ddk-linux	45dc4d6516546a5d270631303b6e3b000703d53a	7c89d3433bd96d8b2755ca172e99198fa4b69c05	services4/system/cedarview_linux/sysutils.c
omap5-sgx-ddk-linux	45dc4d6516546a5d270631303b6e3b000703d53a	7fa3c9052ddbce83a4df134e73f07c99ddc267d7	eurasia_km/services4/system/cedarview_linux/sysutils.c
omap5-sgx-ddk-linux	45dc4d6516546a5d270631303b6e3b000703d53a	82baf103b171ce138bef79c4194497a108e22df8	eurasia_km/services4/system/cedarview_linux/sysutils.c
omap5-sgx-ddk-linux	45dc4d6516546a5d270631303b6e3b000703d53a	83431055a561bd69f1efc49164bd789547d8ff85	services4/system/cedarview_linux/sysutils.c
omap5-sgx-ddk-linux	45dc4d6516546a5d270631303b6e3b000703d53a	83ec439629f44bbea899bfaed1e719743d61cf01	services4/system/cedarview_linux/sysutils.c
omap5-sgx-ddk-linux	45dc4d6516546a5d270631303b6e3b000703d53a	8526d639399e06b6e80dfa2e3dcd208d4d528550	services4/system/cedarview_linux/sysutils.c
omap5-sgx-ddk-linux	45dc4d6516546a5d270631303b6e3b000703d53a	852a47794d2e8656045e0339cbb9bd8e06d3e7e3	eurasia_km/services4/system/cedarview_linux/sysutils.c
omap5-sgx-ddk-linux	45dc4d6516546a5d270631303b6e3b000703d53a	855889f437250b6572c75d12696ec4a998b9aef9	eurasia_km/services4/system/cedarview_linux/sysutils.c
omap5-sgx-ddk-linux	45dc4d6516546a5d270631303b6e3b000703d53a	8680409ad5ce44b7ce3a43916332f6a29bc711de	eurasia_km/services4/system/cedarview_linux/sysutils.c
omap5-sgx-ddk-linux	45dc4d6516546a5d270631303b6e3b000703d53a	8d5305b03dce13f3a9a89328c69c762dcd3109a4	eurasia_km/services4/system/cedarview_linux/sysutils.c
omap5-sgx-ddk-linux	45dc4d6516546a5d270631303b6e3b000703d53a	9027da1de0fd0742ebc9c99d851c6b9498bb81c9	services4/system/cedarview_linux/sysutils.c
omap5-sgx-ddk-linux	45dc4d6516546a5d270631303b6e3b000703d53a	9855bcc288b2c3ef715064705f727334439556d8	eurasia_km/services4/system/cedarview_linux/sysutils.c
omap5-sgx-ddk-linux	45dc4d6516546a5d270631303b6e3b000703d53a	9f690e5e7b6c215dc54e4a8c58b8e55cabcd394f	eurasia_km/services4/system/cedarview_linux/sysutils.c
omap5-sgx-ddk-linux	45dc4d6516546a5d270631303b6e3b000703d53a	a0ff0e7423f26387255e1c9205f6664a954b15ef	services4/system/cedarview_linux/sysutils.c
omap5-sgx-ddk-linux	45dc4d6516546a5d270631303b6e3b000703d53a	a19b99beae63ed2a56e792f1b5e80437c22f8f89	services4/system/cedarview_linux/sysutils.c
omap5-sgx-ddk-linux	45dc4d6516546a5d270631303b6e3b000703d53a	a3084c34f54696e5ac56e95e977dfb649e283a4b	services4/system/cedarview_linux/sysutils.c
omap5-sgx-ddk-linux	45dc4d6516546a5d270631303b6e3b000703d53a	a5a0fe1799cabfa1278321b667263cf3fa2cf32f	eurasia_km/services4/system/cedarview_linux/sysutils.c
omap5-sgx-ddk-linux	45dc4d6516546a5d270631303b6e3b000703d53a	a90f89f4a2f2e8a05894d807de4db63ebf62a392	eurasia_km/services4/system/cedarview_linux/sysutils.c
omap5-sgx-ddk-linux	45dc4d6516546a5d270631303b6e3b000703d53a	a99c2cef71407bf63db49af96e43cfdd8c7b3b7a	services4/system/cedarview_linux/sysutils.c
omap5-sgx-ddk-linux	45dc4d6516546a5d270631303b6e3b000703d53a	ac8a883f35bd7049454575eab28d227e8f71aa9b	services4/system/cedarview_linux/sysutils.c
omap5-sgx-ddk-linux	45dc4d6516546a5d270631303b6e3b000703d53a	ad511f2798f45eab3c44826fdd860811cce4b1f6	services4/system/cedarview_linux/sysutils.c
omap5-sgx-ddk-linux	45dc4d6516546a5d270631303b6e3b000703d53a	b144fa4b97cb69e54cabaad62daffcd4b5497c29	eurasia_km/services4/system/cedarview_linux/sysutils.c
omap5-sgx-ddk-linux	45dc4d6516546a5d270631303b6e3b000703d53a	b42208fb9ad30f288ebf968a994a46f3fcf90136	services4/system/cedarview_linux/sysutils.c
omap5-sgx-ddk-linux	45dc4d6516546a5d270631303b6e3b000703d53a	b45658fb2090a579e48942909f3865152f82e1ca	services4/system/cedarview_linux/sysutils.c
omap5-sgx-ddk-linux	45dc4d6516546a5d270631303b6e3b000703d53a	b630d462f5fbb86e5f98965ba1af35da1207822f	eurasia_km/services4/system/cedarview_linux/sysutils.c
omap5-sgx-ddk-linux	45dc4d6516546a5d270631303b6e3b000703d53a	b83e2affbaeb0c2c7a010b3eacc3f0d3b0f7669a	services4/system/cedarview_linux/sysutils.c
omap5-sgx-ddk-linux	45dc4d6516546a5d270631303b6e3b000703d53a	b89ffe29648d567a28ce5275aa1fbbd584d6a02c	services4/system/cedarview_linux/sysutils.c
omap5-sgx-ddk-linux	45dc4d6516546a5d270631303b6e3b000703d53a	bc3128527024bd76f9ab4d8d7db13ad65a24458b	eurasia_km/services4/system/cedarview_linux/sysutils.c
omap5-sgx-ddk-linux	45dc4d6516546a5d270631303b6e3b000703d53a	bcb809355f813337f2ca2640b4fa405eaf8097da	eurasia_km/services4/system/cedarview_linux/sysutils.c
omap5-sgx-ddk-linux	45dc4d6516546a5d270631303b6e3b000703d53a	c13efb766a8fc680374ae7affc6df535f823bacb	eurasia_km/services4/system/cedarview_linux/sysutils.c
omap5-sgx-ddk-linux	45dc4d6516546a5d270631303b6e3b000703d53a	c8d280c2842bf4b1fdc63f5efd89595807c0a254	eurasia_km/services4/system/cedarview_linux/sysutils.c
omap5-sgx-ddk-linux	45dc4d6516546a5d270631303b6e3b000703d53a	cb46ba4d0c900f89f7ec0284f9803d476bfa98de	eurasia_km/services4/system/cedarview_linux/sysutils.c
omap5-sgx-ddk-linux	45dc4d6516546a5d270631303b6e3b000703d53a	cbcf497bee4c86a3142f7ed0c2de672e5a96682e	services4/system/cedarview_linux/sysutils.c
omap5-sgx-ddk-linux	45dc4d6516546a5d270631303b6e3b000703d53a	cc73af59a34f938f09e84b1004679e9b1a5973f2	services4/system/cedarview_linux/sysutils.c
omap5-sgx-ddk-linux	45dc4d6516546a5d270631303b6e3b000703d53a	cff8103dca22c75fdb612fd431056ea0f4d4ff65	services4/system/cedarview_linux/sysutils.c
omap5-sgx-ddk-linux	45dc4d6516546a5d270631303b6e3b000703d53a	d1d4d86e553a9bf56e0b5a25b280ab581ab15586	eurasia_km/services4/system/cedarview_linux/sysutils.c
omap5-sgx-ddk-linux	45dc4d6516546a5d270631303b6e3b000703d53a	d230b32f421120c1d1a588cbf82e9a70950391f9	eurasia_km/services4/system/cedarview_linux/sysutils.c
omap5-sgx-ddk-linux	45dc4d6516546a5d270631303b6e3b000703d53a	d2b3959738cfcc6209e8e882d1989de790866c8f	eurasia_km/services4/system/cedarview_linux/sysutils.c
omap5-sgx-ddk-linux	45dc4d6516546a5d270631303b6e3b000703d53a	d77c3b2ee61b6d22706a66bd625b689a74db3c89	services4/system/cedarview_linux/sysutils.c
omap5-sgx-ddk-linux	45dc4d6516546a5d270631303b6e3b000703d53a	e33760c18dbffa409d9da6a11e95083921b03af0	services4/system/cedarview_linux/sysutils.c
omap5-sgx-ddk-linux	45dc4d6516546a5d270631303b6e3b000703d53a	e68719ba7c54602c710b6615cd665f5b7f47f85e	eurasia_km/services4/system/cedarview_linux/sysutils.c
omap5-sgx-ddk-linux	45dc4d6516546a5d270631303b6e3b000703d53a	ea2ae0444f3643ea608f49eca2c880b8432ef62a	eurasia_km/services4/system/cedarview_linux/sysutils.c
omap5-sgx-ddk-linux	45dc4d6516546a5d270631303b6e3b000703d53a	eb2a06ca205ce150edc819b5757f2ee8514e259f	services4/system/cedarview_linux/sysutils.c
omap5-sgx-ddk-linux	45dc4d6516546a5d270631303b6e3b000703d53a	ebafbb34ad24cc10b4e402d1a2f2f8806343a3a8	services4/system/cedarview_linux/sysutils.c
omap5-sgx-ddk-linux	45dc4d6516546a5d270631303b6e3b000703d53a	f0c729c54ad45dc4b2d2c83317545a1ef9de1cc5	eurasia_km/services4/system/cedarview_linux/sysutils.c
omap5-sgx-ddk-linux	45dc4d6516546a5d270631303b6e3b000703d53a	f32b645d4eea5f89a15132cb336b346dccd8f07e	services4/system/cedarview_linux/sysutils.c
omap5-sgx-ddk-linux	45dc4d6516546a5d270631303b6e3b000703d53a	fd47e44b18944cf7ade480ac67a9c0172619ff7e	eurasia_km/services4/system/cedarview_linux/sysutils.c
omap5-sgx-ddk-linux	45dc4d6516546a5d270631303b6e3b000703d53a	fed0756f1b8b9d526da2821635c7d742989d47c3	eurasia_km/services4/system/cedarview_linux/sysutils.c
omap5-sgx-ddk-linux	5622dbc17a8aab7efa35a707fbef1514e07094dc	0086977380d3320d70a3abc78b95fa0641427073	eurasia_km/services4/3rdparty/dc_poulsbo/dc_poulsbo.h
omap5-sgx-ddk-linux	5622dbc17a8aab7efa35a707fbef1514e07094dc	00feb97c35003dac20c0d4c1935fa99660a0454f	services4/3rdparty/dc_poulsbo/dc_poulsbo.h
omap5-sgx-ddk-linux	5622dbc17a8aab7efa35a707fbef1514e07094dc	0182806f070bf1c7dcbe357355105d795f36d0c5	eurasia_km/services4/3rdparty/dc_poulsbo/dc_poulsbo.h
omap5-sgx-ddk-linux	5622dbc17a8aab7efa35a707fbef1514e07094dc	02545fd29aecdb1a3de8c554ab75797336b5a8e2	services4/3rdparty/dc_poulsbo/dc_poulsbo.h
omap5-sgx-ddk-linux	5622dbc17a8aab7efa35a707fbef1514e07094dc	03e3a7dca1ae197e43f16a354c43fd9d64e8ec5b	eurasia_km/services4/3rdparty/dc_poulsbo/dc_poulsbo.h
omap5-sgx-ddk-linux	5622dbc17a8aab7efa35a707fbef1514e07094dc	0739fc4f8b5e39eb1365e6f6c6afe9b493d5d782	services4/3rdparty/dc_poulsbo/dc_poulsbo.h
omap5-sgx-ddk-linux	5622dbc17a8aab7efa35a707fbef1514e07094dc	0f1b63995057a714592ef26e28989ec4da8a4ed5	services4/3rdparty/dc_poulsbo/dc_poulsbo.h
omap5-sgx-ddk-linux	5622dbc17a8aab7efa35a707fbef1514e07094dc	0f2b79401e3565c1824f86bb96672b67ff1f1cf6	eurasia_km/services4/3rdparty/dc_poulsbo/dc_poulsbo.h
omap5-sgx-ddk-linux	5622dbc17a8aab7efa35a707fbef1514e07094dc	0faba9b9d4e55ca9bbd601ceac79526d9b3b602f	eurasia_km/services4/3rdparty/dc_poulsbo/dc_poulsbo.h
omap5-sgx-ddk-linux	5622dbc17a8aab7efa35a707fbef1514e07094dc	106ddd54843dd05b77b57df4a72b327684916ef5	eurasia_km/services4/3rdparty/dc_poulsbo/dc_poulsbo.h
omap5-sgx-ddk-linux	5622dbc17a8aab7efa35a707fbef1514e07094dc	1a6db182eb71299645807f54f687be014b557798	eurasia_km/services4/3rdparty/dc_poulsbo/dc_poulsbo.h
omap5-sgx-ddk-linux	5622dbc17a8aab7efa35a707fbef1514e07094dc	200868f7e5d37057eef03a87f18b593844ccc812	services4/3rdparty/dc_poulsbo/dc_poulsbo.h
omap5-sgx-ddk-linux	5622dbc17a8aab7efa35a707fbef1514e07094dc	204d10d1ac5b71cd0329dd9d59459d89630def1d	eurasia_km/services4/3rdparty/dc_poulsbo/dc_poulsbo.h
omap5-sgx-ddk-linux	5622dbc17a8aab7efa35a707fbef1514e07094dc	20f805c1c37aed9a2e3c9606a373722c817e1d4b	services4/3rdparty/dc_poulsbo/dc_poulsbo.h
omap5-sgx-ddk-linux	5622dbc17a8aab7efa35a707fbef1514e07094dc	256694cbc12bf1b13a6c2714372c603d6f3845b1	eurasia_km/services4/3rdparty/dc_poulsbo/dc_poulsbo.h
omap5-sgx-ddk-linux	5622dbc17a8aab7efa35a707fbef1514e07094dc	27f8b72796622b1b59ff82bc988c5949de11ce80	services4/3rdparty/dc_poulsbo/dc_poulsbo.h
omap5-sgx-ddk-linux	5622dbc17a8aab7efa35a707fbef1514e07094dc	29115f91063c25292cf8f973622433f576d01164	eurasia_km/services4/3rdparty/dc_poulsbo/dc_poulsbo.h
omap5-sgx-ddk-linux	5622dbc17a8aab7efa35a707fbef1514e07094dc	298a29a109a890cd9b0735ee7da1783efe5a6bed	services4/3rdparty/dc_poulsbo/dc_poulsbo.h
omap5-sgx-ddk-linux	5622dbc17a8aab7efa35a707fbef1514e07094dc	2c407d34e45398cbb029c4299b78af3a1ed991b7	services4/3rdparty/dc_poulsbo/dc_poulsbo.h
omap5-sgx-ddk-linux	5622dbc17a8aab7efa35a707fbef1514e07094dc	2d4a2cf221a34a32dc71ab0e017f3b9a8e974a21	eurasia_km/services4/3rdparty/dc_poulsbo/dc_poulsbo.h
omap5-sgx-ddk-linux	5622dbc17a8aab7efa35a707fbef1514e07094dc	33623289ac5281a4567e49429f9ca24c3f36d927	services4/3rdparty/dc_poulsbo/dc_poulsbo.h
omap5-sgx-ddk-linux	5622dbc17a8aab7efa35a707fbef1514e07094dc	37502630b9b5fa4f4f412837694eb133ab28cc30	eurasia_km/services4/3rdparty/dc_poulsbo/dc_poulsbo.h
omap5-sgx-ddk-linux	5622dbc17a8aab7efa35a707fbef1514e07094dc	375b47e32ab9dd48861a653ef0134ca9ae836035	services4/3rdparty/dc_poulsbo/dc_poulsbo.h
omap5-sgx-ddk-linux	5622dbc17a8aab7efa35a707fbef1514e07094dc	3a5f9a5a7f6e00bf9937d36f334dd100543acea3	services4/3rdparty/dc_poulsbo/dc_poulsbo.h
omap5-sgx-ddk-linux	5622dbc17a8aab7efa35a707fbef1514e07094dc	3cd845e5603692c325c302e4b77634830c355cfb	eurasia_km/services4/3rdparty/dc_poulsbo/dc_poulsbo.h
omap5-sgx-ddk-linux	5622dbc17a8aab7efa35a707fbef1514e07094dc	3d15fac4bbb06a6987421f995d87d2ee3331156c	services4/3rdparty/dc_poulsbo/dc_poulsbo.h
omap5-sgx-ddk-linux	5622dbc17a8aab7efa35a707fbef1514e07094dc	3d3d480d8de6effc9136329a5cf5db9a8d7eaace	eurasia_km/services4/3rdparty/dc_poulsbo/dc_poulsbo.h
omap5-sgx-ddk-linux	5622dbc17a8aab7efa35a707fbef1514e07094dc	3d5e9c9074b25dc6567449ca0c11d9066b2db2dc	eurasia_km/services4/3rdparty/dc_poulsbo/dc_poulsbo.h
omap5-sgx-ddk-linux	5622dbc17a8aab7efa35a707fbef1514e07094dc	426874836d3d9ec2ad21d1741df87a2234e75ebf	services4/3rdparty/dc_poulsbo/dc_poulsbo.h
omap5-sgx-ddk-linux	5622dbc17a8aab7efa35a707fbef1514e07094dc	45415cca38dbb5ae081cdd14dc0c8adb36b8979b	eurasia_km/services4/3rdparty/dc_poulsbo/dc_poulsbo.h
omap5-sgx-ddk-linux	5622dbc17a8aab7efa35a707fbef1514e07094dc	4548afa3d08df5fb980ad36df5e1d0a63812aa90	eurasia_km/services4/3rdparty/dc_poulsbo/dc_poulsbo.h
omap5-sgx-ddk-linux	5622dbc17a8aab7efa35a707fbef1514e07094dc	4ac887b09a0209de3d1f950e00ae184872822583	eurasia_km/services4/3rdparty/dc_poulsbo/dc_poulsbo.h
omap5-sgx-ddk-linux	5622dbc17a8aab7efa35a707fbef1514e07094dc	4ef19c1aed27ed74fce318b329c7707abbba5bd2	services4/3rdparty/dc_poulsbo/dc_poulsbo.h
omap5-sgx-ddk-linux	5622dbc17a8aab7efa35a707fbef1514e07094dc	50a6e8fb26b0fb5160e1ffac8f0a414a69570863	eurasia_km/services4/3rdparty/dc_poulsbo/dc_poulsbo.h
omap5-sgx-ddk-linux	5622dbc17a8aab7efa35a707fbef1514e07094dc	5433b1b54e5725ba79bd5a70837e5349fc40f75d	eurasia_km/services4/3rdparty/dc_poulsbo/dc_poulsbo.h
omap5-sgx-ddk-linux	5622dbc17a8aab7efa35a707fbef1514e07094dc	5a08785fee8404223a42de14dea1d9bbc608dfc2	services4/3rdparty/dc_poulsbo/dc_poulsbo.h
omap5-sgx-ddk-linux	5622dbc17a8aab7efa35a707fbef1514e07094dc	5bb795ce754bd8eb1a2b3ffd581f2d2ed4dacdb0	services4/3rdparty/dc_poulsbo/dc_poulsbo.h
omap5-sgx-ddk-linux	5622dbc17a8aab7efa35a707fbef1514e07094dc	5c5ebf1f25d669cd56d954bf962f3ffb9a730422	services4/3rdparty/dc_poulsbo/dc_poulsbo.h
omap5-sgx-ddk-linux	5622dbc17a8aab7efa35a707fbef1514e07094dc	5db485fa5350cd4228e5574fff54aae0edfa4948	services4/3rdparty/dc_poulsbo/dc_poulsbo.h
omap5-sgx-ddk-linux	5622dbc17a8aab7efa35a707fbef1514e07094dc	5dcb3b098055e2eab101696de930bfb95628356d	eurasia_km/services4/3rdparty/dc_poulsbo/dc_poulsbo.h
omap5-sgx-ddk-linux	5622dbc17a8aab7efa35a707fbef1514e07094dc	60bf27ff0ba6079df13813a11c81ff96056715ed	eurasia_km/services4/3rdparty/dc_poulsbo/dc_poulsbo.h
omap5-sgx-ddk-linux	5622dbc17a8aab7efa35a707fbef1514e07094dc	62a7820fd10ae90e2752dbc235e461bf4346f238	services4/3rdparty/dc_poulsbo/dc_poulsbo.h
omap5-sgx-ddk-linux	5622dbc17a8aab7efa35a707fbef1514e07094dc	63f064dcc4d373e51b1b1763c70bb70bd3b51668	services4/3rdparty/dc_poulsbo/dc_poulsbo.h
omap5-sgx-ddk-linux	5622dbc17a8aab7efa35a707fbef1514e07094dc	6df5246430cc7c3c615081ee78ab0ed5b786a0dc	eurasia_km/services4/3rdparty/dc_poulsbo/dc_poulsbo.h
omap5-sgx-ddk-linux	5622dbc17a8aab7efa35a707fbef1514e07094dc	70fd434b18cc579b15211813d01cd1bad2bf9440	services4/3rdparty/dc_poulsbo/dc_poulsbo.h
omap5-sgx-ddk-linux	5622dbc17a8aab7efa35a707fbef1514e07094dc	730d2b4891ddcf9292f9e7282e9d1ab6ea9dd54b	eurasia_km/services4/3rdparty/dc_poulsbo/dc_poulsbo.h
omap5-sgx-ddk-linux	5622dbc17a8aab7efa35a707fbef1514e07094dc	743c007813d709836cca97c048ef1a1c25982c22	services4/3rdparty/dc_poulsbo/dc_poulsbo.h
omap5-sgx-ddk-linux	5622dbc17a8aab7efa35a707fbef1514e07094dc	75516a5f2d4ce36777fc22bd1b20445259d07737	services4/3rdparty/dc_poulsbo/dc_poulsbo.h
omap5-sgx-ddk-linux	5622dbc17a8aab7efa35a707fbef1514e07094dc	766b6004db9a7227aa736dc30de2e6316e2be7f6	eurasia_km/services4/3rdparty/dc_poulsbo/dc_poulsbo.h
omap5-sgx-ddk-linux	5622dbc17a8aab7efa35a707fbef1514e07094dc	769605f232660fb7a3b037424b9eb77709633506	eurasia_km/services4/3rdparty/dc_poulsbo/dc_poulsbo.h
omap5-sgx-ddk-linux	5622dbc17a8aab7efa35a707fbef1514e07094dc	76da7d73976f0a5dc04fdc84a3af899d6c2b1fe2	eurasia_km/services4/3rdparty/dc_poulsbo/dc_poulsbo.h
omap5-sgx-ddk-linux	5622dbc17a8aab7efa35a707fbef1514e07094dc	78db3c65b9dafb802be133c7b14f8ed432e1fb78	services4/3rdparty/dc_poulsbo/dc_poulsbo.h
omap5-sgx-ddk-linux	5622dbc17a8aab7efa35a707fbef1514e07094dc	7b3b71dac2fe1df94439488f9a55c81ec762d6d6	services4/3rdparty/dc_poulsbo/dc_poulsbo.h
omap5-sgx-ddk-linux	5622dbc17a8aab7efa35a707fbef1514e07094dc	7c40c1dc05226be9662860166d16fc346a1378d9	eurasia_km/services4/3rdparty/dc_poulsbo/dc_poulsbo.h
omap5-sgx-ddk-linux	5622dbc17a8aab7efa35a707fbef1514e07094dc	7c89d3433bd96d8b2755ca172e99198fa4b69c05	services4/3rdparty/dc_poulsbo/dc_poulsbo.h
omap5-sgx-ddk-linux	5622dbc17a8aab7efa35a707fbef1514e07094dc	7fa3c9052ddbce83a4df134e73f07c99ddc267d7	eurasia_km/services4/3rdparty/dc_poulsbo/dc_poulsbo.h
omap5-sgx-ddk-linux	5622dbc17a8aab7efa35a707fbef1514e07094dc	82baf103b171ce138bef79c4194497a108e22df8	eurasia_km/services4/3rdparty/dc_poulsbo/dc_poulsbo.h
omap5-sgx-ddk-linux	5622dbc17a8aab7efa35a707fbef1514e07094dc	83431055a561bd69f1efc49164bd789547d8ff85	services4/3rdparty/dc_poulsbo/dc_poulsbo.h
omap5-sgx-ddk-linux	5622dbc17a8aab7efa35a707fbef1514e07094dc	83ec439629f44bbea899bfaed1e719743d61cf01	services4/3rdparty/dc_poulsbo/dc_poulsbo.h
omap5-sgx-ddk-linux	5622dbc17a8aab7efa35a707fbef1514e07094dc	8526d639399e06b6e80dfa2e3dcd208d4d528550	services4/3rdparty/dc_poulsbo/dc_poulsbo.h
omap5-sgx-ddk-linux	5622dbc17a8aab7efa35a707fbef1514e07094dc	852a47794d2e8656045e0339cbb9bd8e06d3e7e3	eurasia_km/services4/3rdparty/dc_poulsbo/dc_poulsbo.h
omap5-sgx-ddk-linux	5622dbc17a8aab7efa35a707fbef1514e07094dc	855889f437250b6572c75d12696ec4a998b9aef9	eurasia_km/services4/3rdparty/dc_poulsbo/dc_poulsbo.h
omap5-sgx-ddk-linux	5622dbc17a8aab7efa35a707fbef1514e07094dc	8680409ad5ce44b7ce3a43916332f6a29bc711de	eurasia_km/services4/3rdparty/dc_poulsbo/dc_poulsbo.h
omap5-sgx-ddk-linux	5622dbc17a8aab7efa35a707fbef1514e07094dc	8d5305b03dce13f3a9a89328c69c762dcd3109a4	eurasia_km/services4/3rdparty/dc_poulsbo/dc_poulsbo.h
omap5-sgx-ddk-linux	5622dbc17a8aab7efa35a707fbef1514e07094dc	9027da1de0fd0742ebc9c99d851c6b9498bb81c9	services4/3rdparty/dc_poulsbo/dc_poulsbo.h
omap5-sgx-ddk-linux	5622dbc17a8aab7efa35a707fbef1514e07094dc	9855bcc288b2c3ef715064705f727334439556d8	eurasia_km/services4/3rdparty/dc_poulsbo/dc_poulsbo.h
omap5-sgx-ddk-linux	5622dbc17a8aab7efa35a707fbef1514e07094dc	9f690e5e7b6c215dc54e4a8c58b8e55cabcd394f	eurasia_km/services4/3rdparty/dc_poulsbo/dc_poulsbo.h
omap5-sgx-ddk-linux	5622dbc17a8aab7efa35a707fbef1514e07094dc	a0ff0e7423f26387255e1c9205f6664a954b15ef	services4/3rdparty/dc_poulsbo/dc_poulsbo.h
omap5-sgx-ddk-linux	5622dbc17a8aab7efa35a707fbef1514e07094dc	a19b99beae63ed2a56e792f1b5e80437c22f8f89	services4/3rdparty/dc_poulsbo/dc_poulsbo.h
omap5-sgx-ddk-linux	5622dbc17a8aab7efa35a707fbef1514e07094dc	a3084c34f54696e5ac56e95e977dfb649e283a4b	services4/3rdparty/dc_poulsbo/dc_poulsbo.h
omap5-sgx-ddk-linux	5622dbc17a8aab7efa35a707fbef1514e07094dc	a5a0fe1799cabfa1278321b667263cf3fa2cf32f	eurasia_km/services4/3rdparty/dc_poulsbo/dc_poulsbo.h
omap5-sgx-ddk-linux	5622dbc17a8aab7efa35a707fbef1514e07094dc	a90f89f4a2f2e8a05894d807de4db63ebf62a392	eurasia_km/services4/3rdparty/dc_poulsbo/dc_poulsbo.h
omap5-sgx-ddk-linux	5622dbc17a8aab7efa35a707fbef1514e07094dc	a99c2cef71407bf63db49af96e43cfdd8c7b3b7a	services4/3rdparty/dc_poulsbo/dc_poulsbo.h
omap5-sgx-ddk-linux	5622dbc17a8aab7efa35a707fbef1514e07094dc	ac8a883f35bd7049454575eab28d227e8f71aa9b	services4/3rdparty/dc_poulsbo/dc_poulsbo.h
omap5-sgx-ddk-linux	5622dbc17a8aab7efa35a707fbef1514e07094dc	ad511f2798f45eab3c44826fdd860811cce4b1f6	services4/3rdparty/dc_poulsbo/dc_poulsbo.h
omap5-sgx-ddk-linux	5622dbc17a8aab7efa35a707fbef1514e07094dc	b144fa4b97cb69e54cabaad62daffcd4b5497c29	eurasia_km/services4/3rdparty/dc_poulsbo/dc_poulsbo.h
omap5-sgx-ddk-linux	5622dbc17a8aab7efa35a707fbef1514e07094dc	b42208fb9ad30f288ebf968a994a46f3fcf90136	services4/3rdparty/dc_poulsbo/dc_poulsbo.h
omap5-sgx-ddk-linux	5622dbc17a8aab7efa35a707fbef1514e07094dc	b45658fb2090a579e48942909f3865152f82e1ca	services4/3rdparty/dc_poulsbo/dc_poulsbo.h
omap5-sgx-ddk-linux	5622dbc17a8aab7efa35a707fbef1514e07094dc	b630d462f5fbb86e5f98965ba1af35da1207822f	eurasia_km/services4/3rdparty/dc_poulsbo/dc_poulsbo.h
omap5-sgx-ddk-linux	5622dbc17a8aab7efa35a707fbef1514e07094dc	b83e2affbaeb0c2c7a010b3eacc3f0d3b0f7669a	services4/3rdparty/dc_poulsbo/dc_poulsbo.h
omap5-sgx-ddk-linux	5622dbc17a8aab7efa35a707fbef1514e07094dc	b89ffe29648d567a28ce5275aa1fbbd584d6a02c	services4/3rdparty/dc_poulsbo/dc_poulsbo.h
omap5-sgx-ddk-linux	5622dbc17a8aab7efa35a707fbef1514e07094dc	bc3128527024bd76f9ab4d8d7db13ad65a24458b	eurasia_km/services4/3rdparty/dc_poulsbo/dc_poulsbo.h
omap5-sgx-ddk-linux	5622dbc17a8aab7efa35a707fbef1514e07094dc	bcb809355f813337f2ca2640b4fa405eaf8097da	eurasia_km/services4/3rdparty/dc_poulsbo/dc_poulsbo.h
omap5-sgx-ddk-linux	5622dbc17a8aab7efa35a707fbef1514e07094dc	c13efb766a8fc680374ae7affc6df535f823bacb	eurasia_km/services4/3rdparty/dc_poulsbo/dc_poulsbo.h
omap5-sgx-ddk-linux	5622dbc17a8aab7efa35a707fbef1514e07094dc	c8d280c2842bf4b1fdc63f5efd89595807c0a254	eurasia_km/services4/3rdparty/dc_poulsbo/dc_poulsbo.h
omap5-sgx-ddk-linux	5622dbc17a8aab7efa35a707fbef1514e07094dc	cb46ba4d0c900f89f7ec0284f9803d476bfa98de	eurasia_km/services4/3rdparty/dc_poulsbo/dc_poulsbo.h
omap5-sgx-ddk-linux	5622dbc17a8aab7efa35a707fbef1514e07094dc	cbcf497bee4c86a3142f7ed0c2de672e5a96682e	services4/3rdparty/dc_poulsbo/dc_poulsbo.h
omap5-sgx-ddk-linux	5622dbc17a8aab7efa35a707fbef1514e07094dc	cc73af59a34f938f09e84b1004679e9b1a5973f2	services4/3rdparty/dc_poulsbo/dc_poulsbo.h
omap5-sgx-ddk-linux	5622dbc17a8aab7efa35a707fbef1514e07094dc	cff8103dca22c75fdb612fd431056ea0f4d4ff65	services4/3rdparty/dc_poulsbo/dc_poulsbo.h
omap5-sgx-ddk-linux	5622dbc17a8aab7efa35a707fbef1514e07094dc	d1d4d86e553a9bf56e0b5a25b280ab581ab15586	eurasia_km/services4/3rdparty/dc_poulsbo/dc_poulsbo.h
omap5-sgx-ddk-linux	5622dbc17a8aab7efa35a707fbef1514e07094dc	d230b32f421120c1d1a588cbf82e9a70950391f9	eurasia_km/services4/3rdparty/dc_poulsbo/dc_poulsbo.h
omap5-sgx-ddk-linux	5622dbc17a8aab7efa35a707fbef1514e07094dc	d2b3959738cfcc6209e8e882d1989de790866c8f	eurasia_km/services4/3rdparty/dc_poulsbo/dc_poulsbo.h
omap5-sgx-ddk-linux	5622dbc17a8aab7efa35a707fbef1514e07094dc	d77c3b2ee61b6d22706a66bd625b689a74db3c89	services4/3rdparty/dc_poulsbo/dc_poulsbo.h
omap5-sgx-ddk-linux	5622dbc17a8aab7efa35a707fbef1514e07094dc	e33760c18dbffa409d9da6a11e95083921b03af0	services4/3rdparty/dc_poulsbo/dc_poulsbo.h
omap5-sgx-ddk-linux	5622dbc17a8aab7efa35a707fbef1514e07094dc	e68719ba7c54602c710b6615cd665f5b7f47f85e	eurasia_km/services4/3rdparty/dc_poulsbo/dc_poulsbo.h
omap5-sgx-ddk-linux	5622dbc17a8aab7efa35a707fbef1514e07094dc	ea2ae0444f3643ea608f49eca2c880b8432ef62a	eurasia_km/services4/3rdparty/dc_poulsbo/dc_poulsbo.h
omap5-sgx-ddk-linux	5622dbc17a8aab7efa35a707fbef1514e07094dc	eb2a06ca205ce150edc819b5757f2ee8514e259f	services4/3rdparty/dc_poulsbo/dc_poulsbo.h
omap5-sgx-ddk-linux	5622dbc17a8aab7efa35a707fbef1514e07094dc	ebafbb34ad24cc10b4e402d1a2f2f8806343a3a8	services4/3rdparty/dc_poulsbo/dc_poulsbo.h
omap5-sgx-ddk-linux	5622dbc17a8aab7efa35a707fbef1514e07094dc	f0c729c54ad45dc4b2d2c83317545a1ef9de1cc5	eurasia_km/services4/3rdparty/dc_poulsbo/dc_poulsbo.h
omap5-sgx-ddk-linux	5622dbc17a8aab7efa35a707fbef1514e07094dc	f32b645d4eea5f89a15132cb336b346dccd8f07e	services4/3rdparty/dc_poulsbo/dc_poulsbo.h
omap5-sgx-ddk-linux	5622dbc17a8aab7efa35a707fbef1514e07094dc	fd47e44b18944cf7ade480ac67a9c0172619ff7e	eurasia_km/services4/3rdparty/dc_poulsbo/dc_poulsbo.h
omap5-sgx-ddk-linux	5622dbc17a8aab7efa35a707fbef1514e07094dc	fed0756f1b8b9d526da2821635c7d742989d47c3	eurasia_km/services4/3rdparty/dc_poulsbo/dc_poulsbo.h
omap5-sgx-ddk-linux	5a1c269eabd6b164eb8f42a8639fbc1b8c1a90ab	0086977380d3320d70a3abc78b95fa0641427073	eurasia_km/services4/3rdparty/dc_poulsbo/poulsbo_regs.h
omap5-sgx-ddk-linux	5a1c269eabd6b164eb8f42a8639fbc1b8c1a90ab	00feb97c35003dac20c0d4c1935fa99660a0454f	services4/3rdparty/dc_poulsbo/poulsbo_regs.h
omap5-sgx-ddk-linux	5a1c269eabd6b164eb8f42a8639fbc1b8c1a90ab	0182806f070bf1c7dcbe357355105d795f36d0c5	eurasia_km/services4/3rdparty/dc_poulsbo/poulsbo_regs.h
omap5-sgx-ddk-linux	5a1c269eabd6b164eb8f42a8639fbc1b8c1a90ab	02545fd29aecdb1a3de8c554ab75797336b5a8e2	services4/3rdparty/dc_poulsbo/poulsbo_regs.h
omap5-sgx-ddk-linux	5a1c269eabd6b164eb8f42a8639fbc1b8c1a90ab	03e3a7dca1ae197e43f16a354c43fd9d64e8ec5b	eurasia_km/services4/3rdparty/dc_poulsbo/poulsbo_regs.h
omap5-sgx-ddk-linux	5a1c269eabd6b164eb8f42a8639fbc1b8c1a90ab	0739fc4f8b5e39eb1365e6f6c6afe9b493d5d782	services4/3rdparty/dc_poulsbo/poulsbo_regs.h
omap5-sgx-ddk-linux	5a1c269eabd6b164eb8f42a8639fbc1b8c1a90ab	0f1b63995057a714592ef26e28989ec4da8a4ed5	services4/3rdparty/dc_poulsbo/poulsbo_regs.h
omap5-sgx-ddk-linux	5a1c269eabd6b164eb8f42a8639fbc1b8c1a90ab	0f2b79401e3565c1824f86bb96672b67ff1f1cf6	eurasia_km/services4/3rdparty/dc_poulsbo/poulsbo_regs.h
omap5-sgx-ddk-linux	5a1c269eabd6b164eb8f42a8639fbc1b8c1a90ab	0faba9b9d4e55ca9bbd601ceac79526d9b3b602f	eurasia_km/services4/3rdparty/dc_poulsbo/poulsbo_regs.h
omap5-sgx-ddk-linux	5a1c269eabd6b164eb8f42a8639fbc1b8c1a90ab	106ddd54843dd05b77b57df4a72b327684916ef5	eurasia_km/services4/3rdparty/dc_poulsbo/poulsbo_regs.h
omap5-sgx-ddk-linux	5a1c269eabd6b164eb8f42a8639fbc1b8c1a90ab	1a6db182eb71299645807f54f687be014b557798	eurasia_km/services4/3rdparty/dc_poulsbo/poulsbo_regs.h
omap5-sgx-ddk-linux	5a1c269eabd6b164eb8f42a8639fbc1b8c1a90ab	200868f7e5d37057eef03a87f18b593844ccc812	services4/3rdparty/dc_poulsbo/poulsbo_regs.h
omap5-sgx-ddk-linux	5a1c269eabd6b164eb8f42a8639fbc1b8c1a90ab	204d10d1ac5b71cd0329dd9d59459d89630def1d	eurasia_km/services4/3rdparty/dc_poulsbo/poulsbo_regs.h
omap5-sgx-ddk-linux	5a1c269eabd6b164eb8f42a8639fbc1b8c1a90ab	20f805c1c37aed9a2e3c9606a373722c817e1d4b	services4/3rdparty/dc_poulsbo/poulsbo_regs.h
omap5-sgx-ddk-linux	5a1c269eabd6b164eb8f42a8639fbc1b8c1a90ab	256694cbc12bf1b13a6c2714372c603d6f3845b1	eurasia_km/services4/3rdparty/dc_poulsbo/poulsbo_regs.h
omap5-sgx-ddk-linux	5a1c269eabd6b164eb8f42a8639fbc1b8c1a90ab	27f8b72796622b1b59ff82bc988c5949de11ce80	services4/3rdparty/dc_poulsbo/poulsbo_regs.h
omap5-sgx-ddk-linux	5a1c269eabd6b164eb8f42a8639fbc1b8c1a90ab	29115f91063c25292cf8f973622433f576d01164	eurasia_km/services4/3rdparty/dc_poulsbo/poulsbo_regs.h
omap5-sgx-ddk-linux	5a1c269eabd6b164eb8f42a8639fbc1b8c1a90ab	298a29a109a890cd9b0735ee7da1783efe5a6bed	services4/3rdparty/dc_poulsbo/poulsbo_regs.h
omap5-sgx-ddk-linux	5a1c269eabd6b164eb8f42a8639fbc1b8c1a90ab	2c407d34e45398cbb029c4299b78af3a1ed991b7	services4/3rdparty/dc_poulsbo/poulsbo_regs.h
omap5-sgx-ddk-linux	5a1c269eabd6b164eb8f42a8639fbc1b8c1a90ab	2d4a2cf221a34a32dc71ab0e017f3b9a8e974a21	eurasia_km/services4/3rdparty/dc_poulsbo/poulsbo_regs.h
omap5-sgx-ddk-linux	5a1c269eabd6b164eb8f42a8639fbc1b8c1a90ab	33623289ac5281a4567e49429f9ca24c3f36d927	services4/3rdparty/dc_poulsbo/poulsbo_regs.h
omap5-sgx-ddk-linux	5a1c269eabd6b164eb8f42a8639fbc1b8c1a90ab	37502630b9b5fa4f4f412837694eb133ab28cc30	eurasia_km/services4/3rdparty/dc_poulsbo/poulsbo_regs.h
omap5-sgx-ddk-linux	5a1c269eabd6b164eb8f42a8639fbc1b8c1a90ab	375b47e32ab9dd48861a653ef0134ca9ae836035	services4/3rdparty/dc_poulsbo/poulsbo_regs.h
omap5-sgx-ddk-linux	5a1c269eabd6b164eb8f42a8639fbc1b8c1a90ab	3a5f9a5a7f6e00bf9937d36f334dd100543acea3	services4/3rdparty/dc_poulsbo/poulsbo_regs.h
omap5-sgx-ddk-linux	5a1c269eabd6b164eb8f42a8639fbc1b8c1a90ab	3cd845e5603692c325c302e4b77634830c355cfb	eurasia_km/services4/3rdparty/dc_poulsbo/poulsbo_regs.h
omap5-sgx-ddk-linux	5a1c269eabd6b164eb8f42a8639fbc1b8c1a90ab	3d15fac4bbb06a6987421f995d87d2ee3331156c	services4/3rdparty/dc_poulsbo/poulsbo_regs.h
omap5-sgx-ddk-linux	5a1c269eabd6b164eb8f42a8639fbc1b8c1a90ab	3d3d480d8de6effc9136329a5cf5db9a8d7eaace	eurasia_km/services4/3rdparty/dc_poulsbo/poulsbo_regs.h
omap5-sgx-ddk-linux	5a1c269eabd6b164eb8f42a8639fbc1b8c1a90ab	3d5e9c9074b25dc6567449ca0c11d9066b2db2dc	eurasia_km/services4/3rdparty/dc_poulsbo/poulsbo_regs.h
omap5-sgx-ddk-linux	5a1c269eabd6b164eb8f42a8639fbc1b8c1a90ab	426874836d3d9ec2ad21d1741df87a2234e75ebf	services4/3rdparty/dc_poulsbo/poulsbo_regs.h
omap5-sgx-ddk-linux	5a1c269eabd6b164eb8f42a8639fbc1b8c1a90ab	45415cca38dbb5ae081cdd14dc0c8adb36b8979b	eurasia_km/services4/3rdparty/dc_poulsbo/poulsbo_regs.h
omap5-sgx-ddk-linux	5a1c269eabd6b164eb8f42a8639fbc1b8c1a90ab	4548afa3d08df5fb980ad36df5e1d0a63812aa90	eurasia_km/services4/3rdparty/dc_poulsbo/poulsbo_regs.h
omap5-sgx-ddk-linux	5a1c269eabd6b164eb8f42a8639fbc1b8c1a90ab	4ac887b09a0209de3d1f950e00ae184872822583	eurasia_km/services4/3rdparty/dc_poulsbo/poulsbo_regs.h
omap5-sgx-ddk-linux	5a1c269eabd6b164eb8f42a8639fbc1b8c1a90ab	4ef19c1aed27ed74fce318b329c7707abbba5bd2	services4/3rdparty/dc_poulsbo/poulsbo_regs.h
omap5-sgx-ddk-linux	5a1c269eabd6b164eb8f42a8639fbc1b8c1a90ab	50a6e8fb26b0fb5160e1ffac8f0a414a69570863	eurasia_km/services4/3rdparty/dc_poulsbo/poulsbo_regs.h
omap5-sgx-ddk-linux	5a1c269eabd6b164eb8f42a8639fbc1b8c1a90ab	5433b1b54e5725ba79bd5a70837e5349fc40f75d	eurasia_km/services4/3rdparty/dc_poulsbo/poulsbo_regs.h
omap5-sgx-ddk-linux	5a1c269eabd6b164eb8f42a8639fbc1b8c1a90ab	5a08785fee8404223a42de14dea1d9bbc608dfc2	services4/3rdparty/dc_poulsbo/poulsbo_regs.h
omap5-sgx-ddk-linux	5a1c269eabd6b164eb8f42a8639fbc1b8c1a90ab	5bb795ce754bd8eb1a2b3ffd581f2d2ed4dacdb0	services4/3rdparty/dc_poulsbo/poulsbo_regs.h
omap5-sgx-ddk-linux	5a1c269eabd6b164eb8f42a8639fbc1b8c1a90ab	5c5ebf1f25d669cd56d954bf962f3ffb9a730422	services4/3rdparty/dc_poulsbo/poulsbo_regs.h
omap5-sgx-ddk-linux	5a1c269eabd6b164eb8f42a8639fbc1b8c1a90ab	5db485fa5350cd4228e5574fff54aae0edfa4948	services4/3rdparty/dc_poulsbo/poulsbo_regs.h
omap5-sgx-ddk-linux	5a1c269eabd6b164eb8f42a8639fbc1b8c1a90ab	5dcb3b098055e2eab101696de930bfb95628356d	eurasia_km/services4/3rdparty/dc_poulsbo/poulsbo_regs.h
omap5-sgx-ddk-linux	5a1c269eabd6b164eb8f42a8639fbc1b8c1a90ab	60bf27ff0ba6079df13813a11c81ff96056715ed	eurasia_km/services4/3rdparty/dc_poulsbo/poulsbo_regs.h
omap5-sgx-ddk-linux	5a1c269eabd6b164eb8f42a8639fbc1b8c1a90ab	62a7820fd10ae90e2752dbc235e461bf4346f238	services4/3rdparty/dc_poulsbo/poulsbo_regs.h
omap5-sgx-ddk-linux	5a1c269eabd6b164eb8f42a8639fbc1b8c1a90ab	63f064dcc4d373e51b1b1763c70bb70bd3b51668	services4/3rdparty/dc_poulsbo/poulsbo_regs.h
omap5-sgx-ddk-linux	5a1c269eabd6b164eb8f42a8639fbc1b8c1a90ab	6df5246430cc7c3c615081ee78ab0ed5b786a0dc	eurasia_km/services4/3rdparty/dc_poulsbo/poulsbo_regs.h
omap5-sgx-ddk-linux	5a1c269eabd6b164eb8f42a8639fbc1b8c1a90ab	70fd434b18cc579b15211813d01cd1bad2bf9440	services4/3rdparty/dc_poulsbo/poulsbo_regs.h
omap5-sgx-ddk-linux	5a1c269eabd6b164eb8f42a8639fbc1b8c1a90ab	730d2b4891ddcf9292f9e7282e9d1ab6ea9dd54b	eurasia_km/services4/3rdparty/dc_poulsbo/poulsbo_regs.h
omap5-sgx-ddk-linux	5a1c269eabd6b164eb8f42a8639fbc1b8c1a90ab	743c007813d709836cca97c048ef1a1c25982c22	services4/3rdparty/dc_poulsbo/poulsbo_regs.h
omap5-sgx-ddk-linux	5a1c269eabd6b164eb8f42a8639fbc1b8c1a90ab	75516a5f2d4ce36777fc22bd1b20445259d07737	services4/3rdparty/dc_poulsbo/poulsbo_regs.h
omap5-sgx-ddk-linux	5a1c269eabd6b164eb8f42a8639fbc1b8c1a90ab	766b6004db9a7227aa736dc30de2e6316e2be7f6	eurasia_km/services4/3rdparty/dc_poulsbo/poulsbo_regs.h
omap5-sgx-ddk-linux	5a1c269eabd6b164eb8f42a8639fbc1b8c1a90ab	769605f232660fb7a3b037424b9eb77709633506	eurasia_km/services4/3rdparty/dc_poulsbo/poulsbo_regs.h
omap5-sgx-ddk-linux	5a1c269eabd6b164eb8f42a8639fbc1b8c1a90ab	76da7d73976f0a5dc04fdc84a3af899d6c2b1fe2	eurasia_km/services4/3rdparty/dc_poulsbo/poulsbo_regs.h
omap5-sgx-ddk-linux	5a1c269eabd6b164eb8f42a8639fbc1b8c1a90ab	78db3c65b9dafb802be133c7b14f8ed432e1fb78	services4/3rdparty/dc_poulsbo/poulsbo_regs.h
omap5-sgx-ddk-linux	5a1c269eabd6b164eb8f42a8639fbc1b8c1a90ab	7b3b71dac2fe1df94439488f9a55c81ec762d6d6	services4/3rdparty/dc_poulsbo/poulsbo_regs.h
omap5-sgx-ddk-linux	5a1c269eabd6b164eb8f42a8639fbc1b8c1a90ab	7c40c1dc05226be9662860166d16fc346a1378d9	eurasia_km/services4/3rdparty/dc_poulsbo/poulsbo_regs.h
omap5-sgx-ddk-linux	5a1c269eabd6b164eb8f42a8639fbc1b8c1a90ab	7c89d3433bd96d8b2755ca172e99198fa4b69c05	services4/3rdparty/dc_poulsbo/poulsbo_regs.h
omap5-sgx-ddk-linux	5a1c269eabd6b164eb8f42a8639fbc1b8c1a90ab	7fa3c9052ddbce83a4df134e73f07c99ddc267d7	eurasia_km/services4/3rdparty/dc_poulsbo/poulsbo_regs.h
omap5-sgx-ddk-linux	5a1c269eabd6b164eb8f42a8639fbc1b8c1a90ab	82baf103b171ce138bef79c4194497a108e22df8	eurasia_km/services4/3rdparty/dc_poulsbo/poulsbo_regs.h
omap5-sgx-ddk-linux	5a1c269eabd6b164eb8f42a8639fbc1b8c1a90ab	83431055a561bd69f1efc49164bd789547d8ff85	services4/3rdparty/dc_poulsbo/poulsbo_regs.h
omap5-sgx-ddk-linux	5a1c269eabd6b164eb8f42a8639fbc1b8c1a90ab	83ec439629f44bbea899bfaed1e719743d61cf01	services4/3rdparty/dc_poulsbo/poulsbo_regs.h
omap5-sgx-ddk-linux	5a1c269eabd6b164eb8f42a8639fbc1b8c1a90ab	8526d639399e06b6e80dfa2e3dcd208d4d528550	services4/3rdparty/dc_poulsbo/poulsbo_regs.h
omap5-sgx-ddk-linux	5a1c269eabd6b164eb8f42a8639fbc1b8c1a90ab	852a47794d2e8656045e0339cbb9bd8e06d3e7e3	eurasia_km/services4/3rdparty/dc_poulsbo/poulsbo_regs.h
omap5-sgx-ddk-linux	5a1c269eabd6b164eb8f42a8639fbc1b8c1a90ab	855889f437250b6572c75d12696ec4a998b9aef9	eurasia_km/services4/3rdparty/dc_poulsbo/poulsbo_regs.h
omap5-sgx-ddk-linux	5a1c269eabd6b164eb8f42a8639fbc1b8c1a90ab	8680409ad5ce44b7ce3a43916332f6a29bc711de	eurasia_km/services4/3rdparty/dc_poulsbo/poulsbo_regs.h
omap5-sgx-ddk-linux	5a1c269eabd6b164eb8f42a8639fbc1b8c1a90ab	8d5305b03dce13f3a9a89328c69c762dcd3109a4	eurasia_km/services4/3rdparty/dc_poulsbo/poulsbo_regs.h
omap5-sgx-ddk-linux	5a1c269eabd6b164eb8f42a8639fbc1b8c1a90ab	9027da1de0fd0742ebc9c99d851c6b9498bb81c9	services4/3rdparty/dc_poulsbo/poulsbo_regs.h
omap5-sgx-ddk-linux	5a1c269eabd6b164eb8f42a8639fbc1b8c1a90ab	9855bcc288b2c3ef715064705f727334439556d8	eurasia_km/services4/3rdparty/dc_poulsbo/poulsbo_regs.h
omap5-sgx-ddk-linux	5a1c269eabd6b164eb8f42a8639fbc1b8c1a90ab	9f690e5e7b6c215dc54e4a8c58b8e55cabcd394f	eurasia_km/services4/3rdparty/dc_poulsbo/poulsbo_regs.h
omap5-sgx-ddk-linux	5a1c269eabd6b164eb8f42a8639fbc1b8c1a90ab	a0ff0e7423f26387255e1c9205f6664a954b15ef	services4/3rdparty/dc_poulsbo/poulsbo_regs.h
omap5-sgx-ddk-linux	5a1c269eabd6b164eb8f42a8639fbc1b8c1a90ab	a19b99beae63ed2a56e792f1b5e80437c22f8f89	services4/3rdparty/dc_poulsbo/poulsbo_regs.h
omap5-sgx-ddk-linux	5a1c269eabd6b164eb8f42a8639fbc1b8c1a90ab	a3084c34f54696e5ac56e95e977dfb649e283a4b	services4/3rdparty/dc_poulsbo/poulsbo_regs.h
omap5-sgx-ddk-linux	5a1c269eabd6b164eb8f42a8639fbc1b8c1a90ab	a5a0fe1799cabfa1278321b667263cf3fa2cf32f	eurasia_km/services4/3rdparty/dc_poulsbo/poulsbo_regs.h
omap5-sgx-ddk-linux	5a1c269eabd6b164eb8f42a8639fbc1b8c1a90ab	a90f89f4a2f2e8a05894d807de4db63ebf62a392	eurasia_km/services4/3rdparty/dc_poulsbo/poulsbo_regs.h
omap5-sgx-ddk-linux	5a1c269eabd6b164eb8f42a8639fbc1b8c1a90ab	a99c2cef71407bf63db49af96e43cfdd8c7b3b7a	services4/3rdparty/dc_poulsbo/poulsbo_regs.h
omap5-sgx-ddk-linux	5a1c269eabd6b164eb8f42a8639fbc1b8c1a90ab	ac8a883f35bd7049454575eab28d227e8f71aa9b	services4/3rdparty/dc_poulsbo/poulsbo_regs.h
omap5-sgx-ddk-linux	5a1c269eabd6b164eb8f42a8639fbc1b8c1a90ab	ad511f2798f45eab3c44826fdd860811cce4b1f6	services4/3rdparty/dc_poulsbo/poulsbo_regs.h
omap5-sgx-ddk-linux	5a1c269eabd6b164eb8f42a8639fbc1b8c1a90ab	b144fa4b97cb69e54cabaad62daffcd4b5497c29	eurasia_km/services4/3rdparty/dc_poulsbo/poulsbo_regs.h
omap5-sgx-ddk-linux	5a1c269eabd6b164eb8f42a8639fbc1b8c1a90ab	b42208fb9ad30f288ebf968a994a46f3fcf90136	services4/3rdparty/dc_poulsbo/poulsbo_regs.h
omap5-sgx-ddk-linux	5a1c269eabd6b164eb8f42a8639fbc1b8c1a90ab	b45658fb2090a579e48942909f3865152f82e1ca	services4/3rdparty/dc_poulsbo/poulsbo_regs.h
omap5-sgx-ddk-linux	5a1c269eabd6b164eb8f42a8639fbc1b8c1a90ab	b630d462f5fbb86e5f98965ba1af35da1207822f	eurasia_km/services4/3rdparty/dc_poulsbo/poulsbo_regs.h
omap5-sgx-ddk-linux	5a1c269eabd6b164eb8f42a8639fbc1b8c1a90ab	b83e2affbaeb0c2c7a010b3eacc3f0d3b0f7669a	services4/3rdparty/dc_poulsbo/poulsbo_regs.h
omap5-sgx-ddk-linux	5a1c269eabd6b164eb8f42a8639fbc1b8c1a90ab	b89ffe29648d567a28ce5275aa1fbbd584d6a02c	services4/3rdparty/dc_poulsbo/poulsbo_regs.h
omap5-sgx-ddk-linux	5a1c269eabd6b164eb8f42a8639fbc1b8c1a90ab	bc3128527024bd76f9ab4d8d7db13ad65a24458b	eurasia_km/services4/3rdparty/dc_poulsbo/poulsbo_regs.h
omap5-sgx-ddk-linux	5a1c269eabd6b164eb8f42a8639fbc1b8c1a90ab	bcb809355f813337f2ca2640b4fa405eaf8097da	eurasia_km/services4/3rdparty/dc_poulsbo/poulsbo_regs.h
omap5-sgx-ddk-linux	5a1c269eabd6b164eb8f42a8639fbc1b8c1a90ab	c13efb766a8fc680374ae7affc6df535f823bacb	eurasia_km/services4/3rdparty/dc_poulsbo/poulsbo_regs.h
omap5-sgx-ddk-linux	5a1c269eabd6b164eb8f42a8639fbc1b8c1a90ab	c8d280c2842bf4b1fdc63f5efd89595807c0a254	eurasia_km/services4/3rdparty/dc_poulsbo/poulsbo_regs.h
omap5-sgx-ddk-linux	5a1c269eabd6b164eb8f42a8639fbc1b8c1a90ab	cb46ba4d0c900f89f7ec0284f9803d476bfa98de	eurasia_km/services4/3rdparty/dc_poulsbo/poulsbo_regs.h
omap5-sgx-ddk-linux	5a1c269eabd6b164eb8f42a8639fbc1b8c1a90ab	cbcf497bee4c86a3142f7ed0c2de672e5a96682e	services4/3rdparty/dc_poulsbo/poulsbo_regs.h
omap5-sgx-ddk-linux	5a1c269eabd6b164eb8f42a8639fbc1b8c1a90ab	cc73af59a34f938f09e84b1004679e9b1a5973f2	services4/3rdparty/dc_poulsbo/poulsbo_regs.h
omap5-sgx-ddk-linux	5a1c269eabd6b164eb8f42a8639fbc1b8c1a90ab	cff8103dca22c75fdb612fd431056ea0f4d4ff65	services4/3rdparty/dc_poulsbo/poulsbo_regs.h
omap5-sgx-ddk-linux	5a1c269eabd6b164eb8f42a8639fbc1b8c1a90ab	d1d4d86e553a9bf56e0b5a25b280ab581ab15586	eurasia_km/services4/3rdparty/dc_poulsbo/poulsbo_regs.h
omap5-sgx-ddk-linux	5a1c269eabd6b164eb8f42a8639fbc1b8c1a90ab	d230b32f421120c1d1a588cbf82e9a70950391f9	eurasia_km/services4/3rdparty/dc_poulsbo/poulsbo_regs.h
omap5-sgx-ddk-linux	5a1c269eabd6b164eb8f42a8639fbc1b8c1a90ab	d2b3959738cfcc6209e8e882d1989de790866c8f	eurasia_km/services4/3rdparty/dc_poulsbo/poulsbo_regs.h
omap5-sgx-ddk-linux	5a1c269eabd6b164eb8f42a8639fbc1b8c1a90ab	d77c3b2ee61b6d22706a66bd625b689a74db3c89	services4/3rdparty/dc_poulsbo/poulsbo_regs.h
omap5-sgx-ddk-linux	5a1c269eabd6b164eb8f42a8639fbc1b8c1a90ab	e33760c18dbffa409d9da6a11e95083921b03af0	services4/3rdparty/dc_poulsbo/poulsbo_regs.h
omap5-sgx-ddk-linux	5a1c269eabd6b164eb8f42a8639fbc1b8c1a90ab	e68719ba7c54602c710b6615cd665f5b7f47f85e	eurasia_km/services4/3rdparty/dc_poulsbo/poulsbo_regs.h
omap5-sgx-ddk-linux	5a1c269eabd6b164eb8f42a8639fbc1b8c1a90ab	ea2ae0444f3643ea608f49eca2c880b8432ef62a	eurasia_km/services4/3rdparty/dc_poulsbo/poulsbo_regs.h
omap5-sgx-ddk-linux	5a1c269eabd6b164eb8f42a8639fbc1b8c1a90ab	eb2a06ca205ce150edc819b5757f2ee8514e259f	services4/3rdparty/dc_poulsbo/poulsbo_regs.h
omap5-sgx-ddk-linux	5a1c269eabd6b164eb8f42a8639fbc1b8c1a90ab	ebafbb34ad24cc10b4e402d1a2f2f8806343a3a8	services4/3rdparty/dc_poulsbo/poulsbo_regs.h
omap5-sgx-ddk-linux	5a1c269eabd6b164eb8f42a8639fbc1b8c1a90ab	f0c729c54ad45dc4b2d2c83317545a1ef9de1cc5	eurasia_km/services4/3rdparty/dc_poulsbo/poulsbo_regs.h
omap5-sgx-ddk-linux	5a1c269eabd6b164eb8f42a8639fbc1b8c1a90ab	f32b645d4eea5f89a15132cb336b346dccd8f07e	services4/3rdparty/dc_poulsbo/poulsbo_regs.h
omap5-sgx-ddk-linux	5a1c269eabd6b164eb8f42a8639fbc1b8c1a90ab	fd47e44b18944cf7ade480ac67a9c0172619ff7e	eurasia_km/services4/3rdparty/dc_poulsbo/poulsbo_regs.h
omap5-sgx-ddk-linux	5a1c269eabd6b164eb8f42a8639fbc1b8c1a90ab	fed0756f1b8b9d526da2821635c7d742989d47c3	eurasia_km/services4/3rdparty/dc_poulsbo/poulsbo_regs.h
omap5-sgx-ddk-linux	5a47b6bad85388eac97da74ba8ca3cf3b19471b0	0086977380d3320d70a3abc78b95fa0641427073	eurasia_km/services4/system/poulsbo/sysconfig.h
omap5-sgx-ddk-linux	5a47b6bad85388eac97da74ba8ca3cf3b19471b0	00feb97c35003dac20c0d4c1935fa99660a0454f	services4/system/poulsbo/sysconfig.h
omap5-sgx-ddk-linux	5a47b6bad85388eac97da74ba8ca3cf3b19471b0	0182806f070bf1c7dcbe357355105d795f36d0c5	eurasia_km/services4/system/poulsbo/sysconfig.h
omap5-sgx-ddk-linux	5a47b6bad85388eac97da74ba8ca3cf3b19471b0	02545fd29aecdb1a3de8c554ab75797336b5a8e2	services4/system/poulsbo/sysconfig.h
omap5-sgx-ddk-linux	5a47b6bad85388eac97da74ba8ca3cf3b19471b0	03e3a7dca1ae197e43f16a354c43fd9d64e8ec5b	eurasia_km/services4/system/poulsbo/sysconfig.h
omap5-sgx-ddk-linux	5a47b6bad85388eac97da74ba8ca3cf3b19471b0	0739fc4f8b5e39eb1365e6f6c6afe9b493d5d782	services4/system/poulsbo/sysconfig.h
omap5-sgx-ddk-linux	5a47b6bad85388eac97da74ba8ca3cf3b19471b0	0f1b63995057a714592ef26e28989ec4da8a4ed5	services4/system/poulsbo/sysconfig.h
omap5-sgx-ddk-linux	5a47b6bad85388eac97da74ba8ca3cf3b19471b0	0f2b79401e3565c1824f86bb96672b67ff1f1cf6	eurasia_km/services4/system/poulsbo/sysconfig.h
omap5-sgx-ddk-linux	5a47b6bad85388eac97da74ba8ca3cf3b19471b0	0faba9b9d4e55ca9bbd601ceac79526d9b3b602f	eurasia_km/services4/system/poulsbo/sysconfig.h
omap5-sgx-ddk-linux	5a47b6bad85388eac97da74ba8ca3cf3b19471b0	106ddd54843dd05b77b57df4a72b327684916ef5	eurasia_km/services4/system/poulsbo/sysconfig.h
omap5-sgx-ddk-linux	5a47b6bad85388eac97da74ba8ca3cf3b19471b0	1a6db182eb71299645807f54f687be014b557798	eurasia_km/services4/system/poulsbo/sysconfig.h
omap5-sgx-ddk-linux	5a47b6bad85388eac97da74ba8ca3cf3b19471b0	200868f7e5d37057eef03a87f18b593844ccc812	services4/system/poulsbo/sysconfig.h
omap5-sgx-ddk-linux	5a47b6bad85388eac97da74ba8ca3cf3b19471b0	204d10d1ac5b71cd0329dd9d59459d89630def1d	eurasia_km/services4/system/poulsbo/sysconfig.h
omap5-sgx-ddk-linux	5a47b6bad85388eac97da74ba8ca3cf3b19471b0	20f805c1c37aed9a2e3c9606a373722c817e1d4b	services4/system/poulsbo/sysconfig.h
omap5-sgx-ddk-linux	5a47b6bad85388eac97da74ba8ca3cf3b19471b0	256694cbc12bf1b13a6c2714372c603d6f3845b1	eurasia_km/services4/system/poulsbo/sysconfig.h
omap5-sgx-ddk-linux	5a47b6bad85388eac97da74ba8ca3cf3b19471b0	27f8b72796622b1b59ff82bc988c5949de11ce80	services4/system/poulsbo/sysconfig.h
omap5-sgx-ddk-linux	5a47b6bad85388eac97da74ba8ca3cf3b19471b0	29115f91063c25292cf8f973622433f576d01164	eurasia_km/services4/system/poulsbo/sysconfig.h
omap5-sgx-ddk-linux	5a47b6bad85388eac97da74ba8ca3cf3b19471b0	298a29a109a890cd9b0735ee7da1783efe5a6bed	services4/system/poulsbo/sysconfig.h
omap5-sgx-ddk-linux	5a47b6bad85388eac97da74ba8ca3cf3b19471b0	2c407d34e45398cbb029c4299b78af3a1ed991b7	services4/system/poulsbo/sysconfig.h
omap5-sgx-ddk-linux	5a47b6bad85388eac97da74ba8ca3cf3b19471b0	2d4a2cf221a34a32dc71ab0e017f3b9a8e974a21	eurasia_km/services4/system/poulsbo/sysconfig.h
omap5-sgx-ddk-linux	5a47b6bad85388eac97da74ba8ca3cf3b19471b0	33623289ac5281a4567e49429f9ca24c3f36d927	services4/system/poulsbo/sysconfig.h
omap5-sgx-ddk-linux	5a47b6bad85388eac97da74ba8ca3cf3b19471b0	37502630b9b5fa4f4f412837694eb133ab28cc30	eurasia_km/services4/system/poulsbo/sysconfig.h
omap5-sgx-ddk-linux	5a47b6bad85388eac97da74ba8ca3cf3b19471b0	375b47e32ab9dd48861a653ef0134ca9ae836035	services4/system/poulsbo/sysconfig.h
omap5-sgx-ddk-linux	5a47b6bad85388eac97da74ba8ca3cf3b19471b0	3a5f9a5a7f6e00bf9937d36f334dd100543acea3	services4/system/poulsbo/sysconfig.h
omap5-sgx-ddk-linux	5a47b6bad85388eac97da74ba8ca3cf3b19471b0	3cd845e5603692c325c302e4b77634830c355cfb	eurasia_km/services4/system/poulsbo/sysconfig.h
omap5-sgx-ddk-linux	5a47b6bad85388eac97da74ba8ca3cf3b19471b0	3d15fac4bbb06a6987421f995d87d2ee3331156c	services4/system/poulsbo/sysconfig.h
omap5-sgx-ddk-linux	5a47b6bad85388eac97da74ba8ca3cf3b19471b0	3d3d480d8de6effc9136329a5cf5db9a8d7eaace	eurasia_km/services4/system/poulsbo/sysconfig.h
omap5-sgx-ddk-linux	5a47b6bad85388eac97da74ba8ca3cf3b19471b0	3d5e9c9074b25dc6567449ca0c11d9066b2db2dc	eurasia_km/services4/system/poulsbo/sysconfig.h
omap5-sgx-ddk-linux	5a47b6bad85388eac97da74ba8ca3cf3b19471b0	426874836d3d9ec2ad21d1741df87a2234e75ebf	services4/system/poulsbo/sysconfig.h
omap5-sgx-ddk-linux	5a47b6bad85388eac97da74ba8ca3cf3b19471b0	45415cca38dbb5ae081cdd14dc0c8adb36b8979b	eurasia_km/services4/system/poulsbo/sysconfig.h
omap5-sgx-ddk-linux	5a47b6bad85388eac97da74ba8ca3cf3b19471b0	4548afa3d08df5fb980ad36df5e1d0a63812aa90	eurasia_km/services4/system/poulsbo/sysconfig.h
omap5-sgx-ddk-linux	5a47b6bad85388eac97da74ba8ca3cf3b19471b0	4ac887b09a0209de3d1f950e00ae184872822583	eurasia_km/services4/system/poulsbo/sysconfig.h
omap5-sgx-ddk-linux	5a47b6bad85388eac97da74ba8ca3cf3b19471b0	4ef19c1aed27ed74fce318b329c7707abbba5bd2	services4/system/poulsbo/sysconfig.h
omap5-sgx-ddk-linux	5a47b6bad85388eac97da74ba8ca3cf3b19471b0	50a6e8fb26b0fb5160e1ffac8f0a414a69570863	eurasia_km/services4/system/poulsbo/sysconfig.h
omap5-sgx-ddk-linux	5a47b6bad85388eac97da74ba8ca3cf3b19471b0	5433b1b54e5725ba79bd5a70837e5349fc40f75d	eurasia_km/services4/system/poulsbo/sysconfig.h
omap5-sgx-ddk-linux	5a47b6bad85388eac97da74ba8ca3cf3b19471b0	5a08785fee8404223a42de14dea1d9bbc608dfc2	services4/system/poulsbo/sysconfig.h
omap5-sgx-ddk-linux	5a47b6bad85388eac97da74ba8ca3cf3b19471b0	5bb795ce754bd8eb1a2b3ffd581f2d2ed4dacdb0	services4/system/poulsbo/sysconfig.h
omap5-sgx-ddk-linux	5a47b6bad85388eac97da74ba8ca3cf3b19471b0	5c5ebf1f25d669cd56d954bf962f3ffb9a730422	services4/system/poulsbo/sysconfig.h
omap5-sgx-ddk-linux	5a47b6bad85388eac97da74ba8ca3cf3b19471b0	5db485fa5350cd4228e5574fff54aae0edfa4948	services4/system/poulsbo/sysconfig.h
omap5-sgx-ddk-linux	5a47b6bad85388eac97da74ba8ca3cf3b19471b0	5dcb3b098055e2eab101696de930bfb95628356d	eurasia_km/services4/system/poulsbo/sysconfig.h
omap5-sgx-ddk-linux	5a47b6bad85388eac97da74ba8ca3cf3b19471b0	60bf27ff0ba6079df13813a11c81ff96056715ed	eurasia_km/services4/system/poulsbo/sysconfig.h
omap5-sgx-ddk-linux	5a47b6bad85388eac97da74ba8ca3cf3b19471b0	62a7820fd10ae90e2752dbc235e461bf4346f238	services4/system/poulsbo/sysconfig.h
omap5-sgx-ddk-linux	5a47b6bad85388eac97da74ba8ca3cf3b19471b0	63f064dcc4d373e51b1b1763c70bb70bd3b51668	services4/system/poulsbo/sysconfig.h
omap5-sgx-ddk-linux	5a47b6bad85388eac97da74ba8ca3cf3b19471b0	6df5246430cc7c3c615081ee78ab0ed5b786a0dc	eurasia_km/services4/system/poulsbo/sysconfig.h
omap5-sgx-ddk-linux	5a47b6bad85388eac97da74ba8ca3cf3b19471b0	70fd434b18cc579b15211813d01cd1bad2bf9440	services4/system/poulsbo/sysconfig.h
omap5-sgx-ddk-linux	5a47b6bad85388eac97da74ba8ca3cf3b19471b0	730d2b4891ddcf9292f9e7282e9d1ab6ea9dd54b	eurasia_km/services4/system/poulsbo/sysconfig.h
omap5-sgx-ddk-linux	5a47b6bad85388eac97da74ba8ca3cf3b19471b0	743c007813d709836cca97c048ef1a1c25982c22	services4/system/poulsbo/sysconfig.h
omap5-sgx-ddk-linux	5a47b6bad85388eac97da74ba8ca3cf3b19471b0	75516a5f2d4ce36777fc22bd1b20445259d07737	services4/system/poulsbo/sysconfig.h
omap5-sgx-ddk-linux	5a47b6bad85388eac97da74ba8ca3cf3b19471b0	766b6004db9a7227aa736dc30de2e6316e2be7f6	eurasia_km/services4/system/poulsbo/sysconfig.h
omap5-sgx-ddk-linux	5a47b6bad85388eac97da74ba8ca3cf3b19471b0	769605f232660fb7a3b037424b9eb77709633506	eurasia_km/services4/system/poulsbo/sysconfig.h
omap5-sgx-ddk-linux	5a47b6bad85388eac97da74ba8ca3cf3b19471b0	76da7d73976f0a5dc04fdc84a3af899d6c2b1fe2	eurasia_km/services4/system/poulsbo/sysconfig.h
omap5-sgx-ddk-linux	5a47b6bad85388eac97da74ba8ca3cf3b19471b0	78db3c65b9dafb802be133c7b14f8ed432e1fb78	services4/system/poulsbo/sysconfig.h
omap5-sgx-ddk-linux	5a47b6bad85388eac97da74ba8ca3cf3b19471b0	7b3b71dac2fe1df94439488f9a55c81ec762d6d6	services4/system/poulsbo/sysconfig.h
omap5-sgx-ddk-linux	5a47b6bad85388eac97da74ba8ca3cf3b19471b0	7c40c1dc05226be9662860166d16fc346a1378d9	eurasia_km/services4/system/poulsbo/sysconfig.h
omap5-sgx-ddk-linux	5a47b6bad85388eac97da74ba8ca3cf3b19471b0	7c89d3433bd96d8b2755ca172e99198fa4b69c05	services4/system/poulsbo/sysconfig.h
omap5-sgx-ddk-linux	5a47b6bad85388eac97da74ba8ca3cf3b19471b0	7fa3c9052ddbce83a4df134e73f07c99ddc267d7	eurasia_km/services4/system/poulsbo/sysconfig.h
omap5-sgx-ddk-linux	5a47b6bad85388eac97da74ba8ca3cf3b19471b0	82baf103b171ce138bef79c4194497a108e22df8	eurasia_km/services4/system/poulsbo/sysconfig.h
omap5-sgx-ddk-linux	5a47b6bad85388eac97da74ba8ca3cf3b19471b0	83431055a561bd69f1efc49164bd789547d8ff85	services4/system/poulsbo/sysconfig.h
omap5-sgx-ddk-linux	5a47b6bad85388eac97da74ba8ca3cf3b19471b0	83ec439629f44bbea899bfaed1e719743d61cf01	services4/system/poulsbo/sysconfig.h
omap5-sgx-ddk-linux	5a47b6bad85388eac97da74ba8ca3cf3b19471b0	8526d639399e06b6e80dfa2e3dcd208d4d528550	services4/system/poulsbo/sysconfig.h
omap5-sgx-ddk-linux	5a47b6bad85388eac97da74ba8ca3cf3b19471b0	852a47794d2e8656045e0339cbb9bd8e06d3e7e3	eurasia_km/services4/system/poulsbo/sysconfig.h
omap5-sgx-ddk-linux	5a47b6bad85388eac97da74ba8ca3cf3b19471b0	855889f437250b6572c75d12696ec4a998b9aef9	eurasia_km/services4/system/poulsbo/sysconfig.h
omap5-sgx-ddk-linux	5a47b6bad85388eac97da74ba8ca3cf3b19471b0	8680409ad5ce44b7ce3a43916332f6a29bc711de	eurasia_km/services4/system/poulsbo/sysconfig.h
omap5-sgx-ddk-linux	5a47b6bad85388eac97da74ba8ca3cf3b19471b0	8d5305b03dce13f3a9a89328c69c762dcd3109a4	eurasia_km/services4/system/poulsbo/sysconfig.h
omap5-sgx-ddk-linux	5a47b6bad85388eac97da74ba8ca3cf3b19471b0	9027da1de0fd0742ebc9c99d851c6b9498bb81c9	services4/system/poulsbo/sysconfig.h
omap5-sgx-ddk-linux	5a47b6bad85388eac97da74ba8ca3cf3b19471b0	9855bcc288b2c3ef715064705f727334439556d8	eurasia_km/services4/system/poulsbo/sysconfig.h
omap5-sgx-ddk-linux	5a47b6bad85388eac97da74ba8ca3cf3b19471b0	9f690e5e7b6c215dc54e4a8c58b8e55cabcd394f	eurasia_km/services4/system/poulsbo/sysconfig.h
omap5-sgx-ddk-linux	5a47b6bad85388eac97da74ba8ca3cf3b19471b0	a0ff0e7423f26387255e1c9205f6664a954b15ef	services4/system/poulsbo/sysconfig.h
omap5-sgx-ddk-linux	5a47b6bad85388eac97da74ba8ca3cf3b19471b0	a19b99beae63ed2a56e792f1b5e80437c22f8f89	services4/system/poulsbo/sysconfig.h
omap5-sgx-ddk-linux	5a47b6bad85388eac97da74ba8ca3cf3b19471b0	a3084c34f54696e5ac56e95e977dfb649e283a4b	services4/system/poulsbo/sysconfig.h
omap5-sgx-ddk-linux	5a47b6bad85388eac97da74ba8ca3cf3b19471b0	a5a0fe1799cabfa1278321b667263cf3fa2cf32f	eurasia_km/services4/system/poulsbo/sysconfig.h
omap5-sgx-ddk-linux	5a47b6bad85388eac97da74ba8ca3cf3b19471b0	a90f89f4a2f2e8a05894d807de4db63ebf62a392	eurasia_km/services4/system/poulsbo/sysconfig.h
omap5-sgx-ddk-linux	5a47b6bad85388eac97da74ba8ca3cf3b19471b0	a99c2cef71407bf63db49af96e43cfdd8c7b3b7a	services4/system/poulsbo/sysconfig.h
omap5-sgx-ddk-linux	5a47b6bad85388eac97da74ba8ca3cf3b19471b0	ac8a883f35bd7049454575eab28d227e8f71aa9b	services4/system/poulsbo/sysconfig.h
omap5-sgx-ddk-linux	5a47b6bad85388eac97da74ba8ca3cf3b19471b0	ad511f2798f45eab3c44826fdd860811cce4b1f6	services4/system/poulsbo/sysconfig.h
omap5-sgx-ddk-linux	5a47b6bad85388eac97da74ba8ca3cf3b19471b0	b144fa4b97cb69e54cabaad62daffcd4b5497c29	eurasia_km/services4/system/poulsbo/sysconfig.h
omap5-sgx-ddk-linux	5a47b6bad85388eac97da74ba8ca3cf3b19471b0	b42208fb9ad30f288ebf968a994a46f3fcf90136	services4/system/poulsbo/sysconfig.h
omap5-sgx-ddk-linux	5a47b6bad85388eac97da74ba8ca3cf3b19471b0	b45658fb2090a579e48942909f3865152f82e1ca	services4/system/poulsbo/sysconfig.h
omap5-sgx-ddk-linux	5a47b6bad85388eac97da74ba8ca3cf3b19471b0	b630d462f5fbb86e5f98965ba1af35da1207822f	eurasia_km/services4/system/poulsbo/sysconfig.h
omap5-sgx-ddk-linux	5a47b6bad85388eac97da74ba8ca3cf3b19471b0	b83e2affbaeb0c2c7a010b3eacc3f0d3b0f7669a	services4/system/poulsbo/sysconfig.h
omap5-sgx-ddk-linux	5a47b6bad85388eac97da74ba8ca3cf3b19471b0	b89ffe29648d567a28ce5275aa1fbbd584d6a02c	services4/system/poulsbo/sysconfig.h
omap5-sgx-ddk-linux	5a47b6bad85388eac97da74ba8ca3cf3b19471b0	bc3128527024bd76f9ab4d8d7db13ad65a24458b	eurasia_km/services4/system/poulsbo/sysconfig.h
omap5-sgx-ddk-linux	5a47b6bad85388eac97da74ba8ca3cf3b19471b0	bcb809355f813337f2ca2640b4fa405eaf8097da	eurasia_km/services4/system/poulsbo/sysconfig.h
omap5-sgx-ddk-linux	5a47b6bad85388eac97da74ba8ca3cf3b19471b0	c13efb766a8fc680374ae7affc6df535f823bacb	eurasia_km/services4/system/poulsbo/sysconfig.h
omap5-sgx-ddk-linux	5a47b6bad85388eac97da74ba8ca3cf3b19471b0	c8d280c2842bf4b1fdc63f5efd89595807c0a254	eurasia_km/services4/system/poulsbo/sysconfig.h
omap5-sgx-ddk-linux	5a47b6bad85388eac97da74ba8ca3cf3b19471b0	cb46ba4d0c900f89f7ec0284f9803d476bfa98de	eurasia_km/services4/system/poulsbo/sysconfig.h
omap5-sgx-ddk-linux	5a47b6bad85388eac97da74ba8ca3cf3b19471b0	cbcf497bee4c86a3142f7ed0c2de672e5a96682e	services4/system/poulsbo/sysconfig.h
omap5-sgx-ddk-linux	5a47b6bad85388eac97da74ba8ca3cf3b19471b0	cc73af59a34f938f09e84b1004679e9b1a5973f2	services4/system/poulsbo/sysconfig.h
omap5-sgx-ddk-linux	5a47b6bad85388eac97da74ba8ca3cf3b19471b0	cff8103dca22c75fdb612fd431056ea0f4d4ff65	services4/system/poulsbo/sysconfig.h
omap5-sgx-ddk-linux	5a47b6bad85388eac97da74ba8ca3cf3b19471b0	d1d4d86e553a9bf56e0b5a25b280ab581ab15586	eurasia_km/services4/system/poulsbo/sysconfig.h
omap5-sgx-ddk-linux	5a47b6bad85388eac97da74ba8ca3cf3b19471b0	d230b32f421120c1d1a588cbf82e9a70950391f9	eurasia_km/services4/system/poulsbo/sysconfig.h
omap5-sgx-ddk-linux	5a47b6bad85388eac97da74ba8ca3cf3b19471b0	d2b3959738cfcc6209e8e882d1989de790866c8f	eurasia_km/services4/system/poulsbo/sysconfig.h
omap5-sgx-ddk-linux	5a47b6bad85388eac97da74ba8ca3cf3b19471b0	d77c3b2ee61b6d22706a66bd625b689a74db3c89	services4/system/poulsbo/sysconfig.h
omap5-sgx-ddk-linux	5a47b6bad85388eac97da74ba8ca3cf3b19471b0	e33760c18dbffa409d9da6a11e95083921b03af0	services4/system/poulsbo/sysconfig.h
omap5-sgx-ddk-linux	5a47b6bad85388eac97da74ba8ca3cf3b19471b0	e68719ba7c54602c710b6615cd665f5b7f47f85e	eurasia_km/services4/system/poulsbo/sysconfig.h
omap5-sgx-ddk-linux	5a47b6bad85388eac97da74ba8ca3cf3b19471b0	ea2ae0444f3643ea608f49eca2c880b8432ef62a	eurasia_km/services4/system/poulsbo/sysconfig.h
omap5-sgx-ddk-linux	5a47b6bad85388eac97da74ba8ca3cf3b19471b0	eb2a06ca205ce150edc819b5757f2ee8514e259f	services4/system/poulsbo/sysconfig.h
omap5-sgx-ddk-linux	5a47b6bad85388eac97da74ba8ca3cf3b19471b0	ebafbb34ad24cc10b4e402d1a2f2f8806343a3a8	services4/system/poulsbo/sysconfig.h
omap5-sgx-ddk-linux	5a47b6bad85388eac97da74ba8ca3cf3b19471b0	f0c729c54ad45dc4b2d2c83317545a1ef9de1cc5	eurasia_km/services4/system/poulsbo/sysconfig.h
omap5-sgx-ddk-linux	5a47b6bad85388eac97da74ba8ca3cf3b19471b0	f32b645d4eea5f89a15132cb336b346dccd8f07e	services4/system/poulsbo/sysconfig.h
omap5-sgx-ddk-linux	5a47b6bad85388eac97da74ba8ca3cf3b19471b0	fd47e44b18944cf7ade480ac67a9c0172619ff7e	eurasia_km/services4/system/poulsbo/sysconfig.h
omap5-sgx-ddk-linux	5a47b6bad85388eac97da74ba8ca3cf3b19471b0	fed0756f1b8b9d526da2821635c7d742989d47c3	eurasia_km/services4/system/poulsbo/sysconfig.h
omap5-sgx-ddk-linux	6343d2fd5cf03d15ca407eebf1d3dcb148135bae	0086977380d3320d70a3abc78b95fa0641427073	eurasia_km/services4/3rdparty/dc_poulsbo/Kbuild.mk
omap5-sgx-ddk-linux	6343d2fd5cf03d15ca407eebf1d3dcb148135bae	00feb97c35003dac20c0d4c1935fa99660a0454f	services4/3rdparty/dc_poulsbo/Kbuild.mk
omap5-sgx-ddk-linux	6343d2fd5cf03d15ca407eebf1d3dcb148135bae	0182806f070bf1c7dcbe357355105d795f36d0c5	eurasia_km/services4/3rdparty/dc_poulsbo/Kbuild.mk
omap5-sgx-ddk-linux	6343d2fd5cf03d15ca407eebf1d3dcb148135bae	02545fd29aecdb1a3de8c554ab75797336b5a8e2	services4/3rdparty/dc_poulsbo/Kbuild.mk
omap5-sgx-ddk-linux	6343d2fd5cf03d15ca407eebf1d3dcb148135bae	03e3a7dca1ae197e43f16a354c43fd9d64e8ec5b	eurasia_km/services4/3rdparty/dc_poulsbo/Kbuild.mk
omap5-sgx-ddk-linux	6343d2fd5cf03d15ca407eebf1d3dcb148135bae	0739fc4f8b5e39eb1365e6f6c6afe9b493d5d782	services4/3rdparty/dc_poulsbo/Kbuild.mk
omap5-sgx-ddk-linux	6343d2fd5cf03d15ca407eebf1d3dcb148135bae	0f1b63995057a714592ef26e28989ec4da8a4ed5	services4/3rdparty/dc_poulsbo/Kbuild.mk
omap5-sgx-ddk-linux	6343d2fd5cf03d15ca407eebf1d3dcb148135bae	0f2b79401e3565c1824f86bb96672b67ff1f1cf6	eurasia_km/services4/3rdparty/dc_poulsbo/Kbuild.mk
omap5-sgx-ddk-linux	6343d2fd5cf03d15ca407eebf1d3dcb148135bae	0faba9b9d4e55ca9bbd601ceac79526d9b3b602f	eurasia_km/services4/3rdparty/dc_poulsbo/Kbuild.mk
omap5-sgx-ddk-linux	6343d2fd5cf03d15ca407eebf1d3dcb148135bae	106ddd54843dd05b77b57df4a72b327684916ef5	eurasia_km/services4/3rdparty/dc_poulsbo/Kbuild.mk
omap5-sgx-ddk-linux	6343d2fd5cf03d15ca407eebf1d3dcb148135bae	1a6db182eb71299645807f54f687be014b557798	eurasia_km/services4/3rdparty/dc_poulsbo/Kbuild.mk
omap5-sgx-ddk-linux	6343d2fd5cf03d15ca407eebf1d3dcb148135bae	200868f7e5d37057eef03a87f18b593844ccc812	services4/3rdparty/dc_poulsbo/Kbuild.mk
omap5-sgx-ddk-linux	6343d2fd5cf03d15ca407eebf1d3dcb148135bae	204d10d1ac5b71cd0329dd9d59459d89630def1d	eurasia_km/services4/3rdparty/dc_poulsbo/Kbuild.mk
omap5-sgx-ddk-linux	6343d2fd5cf03d15ca407eebf1d3dcb148135bae	20f805c1c37aed9a2e3c9606a373722c817e1d4b	services4/3rdparty/dc_poulsbo/Kbuild.mk
omap5-sgx-ddk-linux	6343d2fd5cf03d15ca407eebf1d3dcb148135bae	256694cbc12bf1b13a6c2714372c603d6f3845b1	eurasia_km/services4/3rdparty/dc_poulsbo/Kbuild.mk
omap5-sgx-ddk-linux	6343d2fd5cf03d15ca407eebf1d3dcb148135bae	27f8b72796622b1b59ff82bc988c5949de11ce80	services4/3rdparty/dc_poulsbo/Kbuild.mk
omap5-sgx-ddk-linux	6343d2fd5cf03d15ca407eebf1d3dcb148135bae	29115f91063c25292cf8f973622433f576d01164	eurasia_km/services4/3rdparty/dc_poulsbo/Kbuild.mk
omap5-sgx-ddk-linux	6343d2fd5cf03d15ca407eebf1d3dcb148135bae	298a29a109a890cd9b0735ee7da1783efe5a6bed	services4/3rdparty/dc_poulsbo/Kbuild.mk
omap5-sgx-ddk-linux	6343d2fd5cf03d15ca407eebf1d3dcb148135bae	2c407d34e45398cbb029c4299b78af3a1ed991b7	services4/3rdparty/dc_poulsbo/Kbuild.mk
omap5-sgx-ddk-linux	6343d2fd5cf03d15ca407eebf1d3dcb148135bae	2d4a2cf221a34a32dc71ab0e017f3b9a8e974a21	eurasia_km/services4/3rdparty/dc_poulsbo/Kbuild.mk
omap5-sgx-ddk-linux	6343d2fd5cf03d15ca407eebf1d3dcb148135bae	33623289ac5281a4567e49429f9ca24c3f36d927	services4/3rdparty/dc_poulsbo/Kbuild.mk
omap5-sgx-ddk-linux	6343d2fd5cf03d15ca407eebf1d3dcb148135bae	37502630b9b5fa4f4f412837694eb133ab28cc30	eurasia_km/services4/3rdparty/dc_poulsbo/Kbuild.mk
omap5-sgx-ddk-linux	6343d2fd5cf03d15ca407eebf1d3dcb148135bae	375b47e32ab9dd48861a653ef0134ca9ae836035	services4/3rdparty/dc_poulsbo/Kbuild.mk
omap5-sgx-ddk-linux	6343d2fd5cf03d15ca407eebf1d3dcb148135bae	3a5f9a5a7f6e00bf9937d36f334dd100543acea3	services4/3rdparty/dc_poulsbo/Kbuild.mk
omap5-sgx-ddk-linux	6343d2fd5cf03d15ca407eebf1d3dcb148135bae	3cd845e5603692c325c302e4b77634830c355cfb	eurasia_km/services4/3rdparty/dc_poulsbo/Kbuild.mk
omap5-sgx-ddk-linux	6343d2fd5cf03d15ca407eebf1d3dcb148135bae	3d15fac4bbb06a6987421f995d87d2ee3331156c	services4/3rdparty/dc_poulsbo/Kbuild.mk
omap5-sgx-ddk-linux	6343d2fd5cf03d15ca407eebf1d3dcb148135bae	3d3d480d8de6effc9136329a5cf5db9a8d7eaace	eurasia_km/services4/3rdparty/dc_poulsbo/Kbuild.mk
omap5-sgx-ddk-linux	6343d2fd5cf03d15ca407eebf1d3dcb148135bae	3d5e9c9074b25dc6567449ca0c11d9066b2db2dc	eurasia_km/services4/3rdparty/dc_poulsbo/Kbuild.mk
omap5-sgx-ddk-linux	6343d2fd5cf03d15ca407eebf1d3dcb148135bae	426874836d3d9ec2ad21d1741df87a2234e75ebf	services4/3rdparty/dc_poulsbo/Kbuild.mk
omap5-sgx-ddk-linux	6343d2fd5cf03d15ca407eebf1d3dcb148135bae	45415cca38dbb5ae081cdd14dc0c8adb36b8979b	eurasia_km/services4/3rdparty/dc_poulsbo/Kbuild.mk
omap5-sgx-ddk-linux	6343d2fd5cf03d15ca407eebf1d3dcb148135bae	4548afa3d08df5fb980ad36df5e1d0a63812aa90	eurasia_km/services4/3rdparty/dc_poulsbo/Kbuild.mk
omap5-sgx-ddk-linux	6343d2fd5cf03d15ca407eebf1d3dcb148135bae	4ac887b09a0209de3d1f950e00ae184872822583	eurasia_km/services4/3rdparty/dc_poulsbo/Kbuild.mk
omap5-sgx-ddk-linux	6343d2fd5cf03d15ca407eebf1d3dcb148135bae	4ef19c1aed27ed74fce318b329c7707abbba5bd2	services4/3rdparty/dc_poulsbo/Kbuild.mk
omap5-sgx-ddk-linux	6343d2fd5cf03d15ca407eebf1d3dcb148135bae	50a6e8fb26b0fb5160e1ffac8f0a414a69570863	eurasia_km/services4/3rdparty/dc_poulsbo/Kbuild.mk
omap5-sgx-ddk-linux	6343d2fd5cf03d15ca407eebf1d3dcb148135bae	5433b1b54e5725ba79bd5a70837e5349fc40f75d	eurasia_km/services4/3rdparty/dc_poulsbo/Kbuild.mk
omap5-sgx-ddk-linux	6343d2fd5cf03d15ca407eebf1d3dcb148135bae	5a08785fee8404223a42de14dea1d9bbc608dfc2	services4/3rdparty/dc_poulsbo/Kbuild.mk
omap5-sgx-ddk-linux	6343d2fd5cf03d15ca407eebf1d3dcb148135bae	5bb795ce754bd8eb1a2b3ffd581f2d2ed4dacdb0	services4/3rdparty/dc_poulsbo/Kbuild.mk
omap5-sgx-ddk-linux	6343d2fd5cf03d15ca407eebf1d3dcb148135bae	5c5ebf1f25d669cd56d954bf962f3ffb9a730422	services4/3rdparty/dc_poulsbo/Kbuild.mk
omap5-sgx-ddk-linux	6343d2fd5cf03d15ca407eebf1d3dcb148135bae	5db485fa5350cd4228e5574fff54aae0edfa4948	services4/3rdparty/dc_poulsbo/Kbuild.mk
omap5-sgx-ddk-linux	6343d2fd5cf03d15ca407eebf1d3dcb148135bae	5dcb3b098055e2eab101696de930bfb95628356d	eurasia_km/services4/3rdparty/dc_poulsbo/Kbuild.mk
omap5-sgx-ddk-linux	6343d2fd5cf03d15ca407eebf1d3dcb148135bae	60bf27ff0ba6079df13813a11c81ff96056715ed	eurasia_km/services4/3rdparty/dc_poulsbo/Kbuild.mk
omap5-sgx-ddk-linux	6343d2fd5cf03d15ca407eebf1d3dcb148135bae	62a7820fd10ae90e2752dbc235e461bf4346f238	services4/3rdparty/dc_poulsbo/Kbuild.mk
omap5-sgx-ddk-linux	6343d2fd5cf03d15ca407eebf1d3dcb148135bae	63f064dcc4d373e51b1b1763c70bb70bd3b51668	services4/3rdparty/dc_poulsbo/Kbuild.mk
omap5-sgx-ddk-linux	6343d2fd5cf03d15ca407eebf1d3dcb148135bae	6df5246430cc7c3c615081ee78ab0ed5b786a0dc	eurasia_km/services4/3rdparty/dc_poulsbo/Kbuild.mk
omap5-sgx-ddk-linux	6343d2fd5cf03d15ca407eebf1d3dcb148135bae	70fd434b18cc579b15211813d01cd1bad2bf9440	services4/3rdparty/dc_poulsbo/Kbuild.mk
omap5-sgx-ddk-linux	6343d2fd5cf03d15ca407eebf1d3dcb148135bae	730d2b4891ddcf9292f9e7282e9d1ab6ea9dd54b	eurasia_km/services4/3rdparty/dc_poulsbo/Kbuild.mk
omap5-sgx-ddk-linux	6343d2fd5cf03d15ca407eebf1d3dcb148135bae	743c007813d709836cca97c048ef1a1c25982c22	services4/3rdparty/dc_poulsbo/Kbuild.mk
omap5-sgx-ddk-linux	6343d2fd5cf03d15ca407eebf1d3dcb148135bae	75516a5f2d4ce36777fc22bd1b20445259d07737	services4/3rdparty/dc_poulsbo/Kbuild.mk
omap5-sgx-ddk-linux	6343d2fd5cf03d15ca407eebf1d3dcb148135bae	766b6004db9a7227aa736dc30de2e6316e2be7f6	eurasia_km/services4/3rdparty/dc_poulsbo/Kbuild.mk
omap5-sgx-ddk-linux	6343d2fd5cf03d15ca407eebf1d3dcb148135bae	769605f232660fb7a3b037424b9eb77709633506	eurasia_km/services4/3rdparty/dc_poulsbo/Kbuild.mk
omap5-sgx-ddk-linux	6343d2fd5cf03d15ca407eebf1d3dcb148135bae	76da7d73976f0a5dc04fdc84a3af899d6c2b1fe2	eurasia_km/services4/3rdparty/dc_poulsbo/Kbuild.mk
omap5-sgx-ddk-linux	6343d2fd5cf03d15ca407eebf1d3dcb148135bae	78db3c65b9dafb802be133c7b14f8ed432e1fb78	services4/3rdparty/dc_poulsbo/Kbuild.mk
omap5-sgx-ddk-linux	6343d2fd5cf03d15ca407eebf1d3dcb148135bae	7b3b71dac2fe1df94439488f9a55c81ec762d6d6	services4/3rdparty/dc_poulsbo/Kbuild.mk
omap5-sgx-ddk-linux	6343d2fd5cf03d15ca407eebf1d3dcb148135bae	7c40c1dc05226be9662860166d16fc346a1378d9	eurasia_km/services4/3rdparty/dc_poulsbo/Kbuild.mk
omap5-sgx-ddk-linux	6343d2fd5cf03d15ca407eebf1d3dcb148135bae	7c89d3433bd96d8b2755ca172e99198fa4b69c05	services4/3rdparty/dc_poulsbo/Kbuild.mk
omap5-sgx-ddk-linux	6343d2fd5cf03d15ca407eebf1d3dcb148135bae	7fa3c9052ddbce83a4df134e73f07c99ddc267d7	eurasia_km/services4/3rdparty/dc_poulsbo/Kbuild.mk
omap5-sgx-ddk-linux	6343d2fd5cf03d15ca407eebf1d3dcb148135bae	82baf103b171ce138bef79c4194497a108e22df8	eurasia_km/services4/3rdparty/dc_poulsbo/Kbuild.mk
omap5-sgx-ddk-linux	6343d2fd5cf03d15ca407eebf1d3dcb148135bae	83431055a561bd69f1efc49164bd789547d8ff85	services4/3rdparty/dc_poulsbo/Kbuild.mk
omap5-sgx-ddk-linux	6343d2fd5cf03d15ca407eebf1d3dcb148135bae	83ec439629f44bbea899bfaed1e719743d61cf01	services4/3rdparty/dc_poulsbo/Kbuild.mk
omap5-sgx-ddk-linux	6343d2fd5cf03d15ca407eebf1d3dcb148135bae	8526d639399e06b6e80dfa2e3dcd208d4d528550	services4/3rdparty/dc_poulsbo/Kbuild.mk
omap5-sgx-ddk-linux	6343d2fd5cf03d15ca407eebf1d3dcb148135bae	852a47794d2e8656045e0339cbb9bd8e06d3e7e3	eurasia_km/services4/3rdparty/dc_poulsbo/Kbuild.mk
omap5-sgx-ddk-linux	6343d2fd5cf03d15ca407eebf1d3dcb148135bae	855889f437250b6572c75d12696ec4a998b9aef9	eurasia_km/services4/3rdparty/dc_poulsbo/Kbuild.mk
omap5-sgx-ddk-linux	6343d2fd5cf03d15ca407eebf1d3dcb148135bae	8680409ad5ce44b7ce3a43916332f6a29bc711de	eurasia_km/services4/3rdparty/dc_poulsbo/Kbuild.mk
omap5-sgx-ddk-linux	6343d2fd5cf03d15ca407eebf1d3dcb148135bae	8d5305b03dce13f3a9a89328c69c762dcd3109a4	eurasia_km/services4/3rdparty/dc_poulsbo/Kbuild.mk
omap5-sgx-ddk-linux	6343d2fd5cf03d15ca407eebf1d3dcb148135bae	9027da1de0fd0742ebc9c99d851c6b9498bb81c9	services4/3rdparty/dc_poulsbo/Kbuild.mk
omap5-sgx-ddk-linux	6343d2fd5cf03d15ca407eebf1d3dcb148135bae	9855bcc288b2c3ef715064705f727334439556d8	eurasia_km/services4/3rdparty/dc_poulsbo/Kbuild.mk
omap5-sgx-ddk-linux	6343d2fd5cf03d15ca407eebf1d3dcb148135bae	9f690e5e7b6c215dc54e4a8c58b8e55cabcd394f	eurasia_km/services4/3rdparty/dc_poulsbo/Kbuild.mk
omap5-sgx-ddk-linux	6343d2fd5cf03d15ca407eebf1d3dcb148135bae	a0ff0e7423f26387255e1c9205f6664a954b15ef	services4/3rdparty/dc_poulsbo/Kbuild.mk
omap5-sgx-ddk-linux	6343d2fd5cf03d15ca407eebf1d3dcb148135bae	a19b99beae63ed2a56e792f1b5e80437c22f8f89	services4/3rdparty/dc_poulsbo/Kbuild.mk
omap5-sgx-ddk-linux	6343d2fd5cf03d15ca407eebf1d3dcb148135bae	a3084c34f54696e5ac56e95e977dfb649e283a4b	services4/3rdparty/dc_poulsbo/Kbuild.mk
omap5-sgx-ddk-linux	6343d2fd5cf03d15ca407eebf1d3dcb148135bae	a5a0fe1799cabfa1278321b667263cf3fa2cf32f	eurasia_km/services4/3rdparty/dc_poulsbo/Kbuild.mk
omap5-sgx-ddk-linux	6343d2fd5cf03d15ca407eebf1d3dcb148135bae	a90f89f4a2f2e8a05894d807de4db63ebf62a392	eurasia_km/services4/3rdparty/dc_poulsbo/Kbuild.mk
omap5-sgx-ddk-linux	6343d2fd5cf03d15ca407eebf1d3dcb148135bae	a99c2cef71407bf63db49af96e43cfdd8c7b3b7a	services4/3rdparty/dc_poulsbo/Kbuild.mk
omap5-sgx-ddk-linux	6343d2fd5cf03d15ca407eebf1d3dcb148135bae	ac8a883f35bd7049454575eab28d227e8f71aa9b	services4/3rdparty/dc_poulsbo/Kbuild.mk
omap5-sgx-ddk-linux	6343d2fd5cf03d15ca407eebf1d3dcb148135bae	ad511f2798f45eab3c44826fdd860811cce4b1f6	services4/3rdparty/dc_poulsbo/Kbuild.mk
omap5-sgx-ddk-linux	6343d2fd5cf03d15ca407eebf1d3dcb148135bae	b144fa4b97cb69e54cabaad62daffcd4b5497c29	eurasia_km/services4/3rdparty/dc_poulsbo/Kbuild.mk
omap5-sgx-ddk-linux	6343d2fd5cf03d15ca407eebf1d3dcb148135bae	b42208fb9ad30f288ebf968a994a46f3fcf90136	services4/3rdparty/dc_poulsbo/Kbuild.mk
omap5-sgx-ddk-linux	6343d2fd5cf03d15ca407eebf1d3dcb148135bae	b45658fb2090a579e48942909f3865152f82e1ca	services4/3rdparty/dc_poulsbo/Kbuild.mk
omap5-sgx-ddk-linux	6343d2fd5cf03d15ca407eebf1d3dcb148135bae	b630d462f5fbb86e5f98965ba1af35da1207822f	eurasia_km/services4/3rdparty/dc_poulsbo/Kbuild.mk
omap5-sgx-ddk-linux	6343d2fd5cf03d15ca407eebf1d3dcb148135bae	b83e2affbaeb0c2c7a010b3eacc3f0d3b0f7669a	services4/3rdparty/dc_poulsbo/Kbuild.mk
omap5-sgx-ddk-linux	6343d2fd5cf03d15ca407eebf1d3dcb148135bae	b89ffe29648d567a28ce5275aa1fbbd584d6a02c	services4/3rdparty/dc_poulsbo/Kbuild.mk
omap5-sgx-ddk-linux	6343d2fd5cf03d15ca407eebf1d3dcb148135bae	bc3128527024bd76f9ab4d8d7db13ad65a24458b	eurasia_km/services4/3rdparty/dc_poulsbo/Kbuild.mk
omap5-sgx-ddk-linux	6343d2fd5cf03d15ca407eebf1d3dcb148135bae	bcb809355f813337f2ca2640b4fa405eaf8097da	eurasia_km/services4/3rdparty/dc_poulsbo/Kbuild.mk
omap5-sgx-ddk-linux	6343d2fd5cf03d15ca407eebf1d3dcb148135bae	c13efb766a8fc680374ae7affc6df535f823bacb	eurasia_km/services4/3rdparty/dc_poulsbo/Kbuild.mk
omap5-sgx-ddk-linux	6343d2fd5cf03d15ca407eebf1d3dcb148135bae	c8d280c2842bf4b1fdc63f5efd89595807c0a254	eurasia_km/services4/3rdparty/dc_poulsbo/Kbuild.mk
omap5-sgx-ddk-linux	6343d2fd5cf03d15ca407eebf1d3dcb148135bae	cb46ba4d0c900f89f7ec0284f9803d476bfa98de	eurasia_km/services4/3rdparty/dc_poulsbo/Kbuild.mk
omap5-sgx-ddk-linux	6343d2fd5cf03d15ca407eebf1d3dcb148135bae	cbcf497bee4c86a3142f7ed0c2de672e5a96682e	services4/3rdparty/dc_poulsbo/Kbuild.mk
omap5-sgx-ddk-linux	6343d2fd5cf03d15ca407eebf1d3dcb148135bae	cc73af59a34f938f09e84b1004679e9b1a5973f2	services4/3rdparty/dc_poulsbo/Kbuild.mk
omap5-sgx-ddk-linux	6343d2fd5cf03d15ca407eebf1d3dcb148135bae	cff8103dca22c75fdb612fd431056ea0f4d4ff65	services4/3rdparty/dc_poulsbo/Kbuild.mk
omap5-sgx-ddk-linux	6343d2fd5cf03d15ca407eebf1d3dcb148135bae	d1d4d86e553a9bf56e0b5a25b280ab581ab15586	eurasia_km/services4/3rdparty/dc_poulsbo/Kbuild.mk
omap5-sgx-ddk-linux	6343d2fd5cf03d15ca407eebf1d3dcb148135bae	d230b32f421120c1d1a588cbf82e9a70950391f9	eurasia_km/services4/3rdparty/dc_poulsbo/Kbuild.mk
omap5-sgx-ddk-linux	6343d2fd5cf03d15ca407eebf1d3dcb148135bae	d2b3959738cfcc6209e8e882d1989de790866c8f	eurasia_km/services4/3rdparty/dc_poulsbo/Kbuild.mk
omap5-sgx-ddk-linux	6343d2fd5cf03d15ca407eebf1d3dcb148135bae	d77c3b2ee61b6d22706a66bd625b689a74db3c89	services4/3rdparty/dc_poulsbo/Kbuild.mk
omap5-sgx-ddk-linux	6343d2fd5cf03d15ca407eebf1d3dcb148135bae	e33760c18dbffa409d9da6a11e95083921b03af0	services4/3rdparty/dc_poulsbo/Kbuild.mk
omap5-sgx-ddk-linux	6343d2fd5cf03d15ca407eebf1d3dcb148135bae	e68719ba7c54602c710b6615cd665f5b7f47f85e	eurasia_km/services4/3rdparty/dc_poulsbo/Kbuild.mk
omap5-sgx-ddk-linux	6343d2fd5cf03d15ca407eebf1d3dcb148135bae	ea2ae0444f3643ea608f49eca2c880b8432ef62a	eurasia_km/services4/3rdparty/dc_poulsbo/Kbuild.mk
omap5-sgx-ddk-linux	6343d2fd5cf03d15ca407eebf1d3dcb148135bae	eb2a06ca205ce150edc819b5757f2ee8514e259f	services4/3rdparty/dc_poulsbo/Kbuild.mk
omap5-sgx-ddk-linux	6343d2fd5cf03d15ca407eebf1d3dcb148135bae	ebafbb34ad24cc10b4e402d1a2f2f8806343a3a8	services4/3rdparty/dc_poulsbo/Kbuild.mk
omap5-sgx-ddk-linux	6343d2fd5cf03d15ca407eebf1d3dcb148135bae	f0c729c54ad45dc4b2d2c83317545a1ef9de1cc5	eurasia_km/services4/3rdparty/dc_poulsbo/Kbuild.mk
omap5-sgx-ddk-linux	6343d2fd5cf03d15ca407eebf1d3dcb148135bae	f32b645d4eea5f89a15132cb336b346dccd8f07e	services4/3rdparty/dc_poulsbo/Kbuild.mk
omap5-sgx-ddk-linux	6343d2fd5cf03d15ca407eebf1d3dcb148135bae	fd47e44b18944cf7ade480ac67a9c0172619ff7e	eurasia_km/services4/3rdparty/dc_poulsbo/Kbuild.mk
omap5-sgx-ddk-linux	6343d2fd5cf03d15ca407eebf1d3dcb148135bae	fed0756f1b8b9d526da2821635c7d742989d47c3	eurasia_km/services4/3rdparty/dc_poulsbo/Kbuild.mk
omap5-sgx-ddk-linux	86c0adfe78965f7d304e912f90a302dcfd4f119c	0086977380d3320d70a3abc78b95fa0641427073	eurasia_km/eurasiacon/build/linux2/pc_i686_poulsbo_d0_linux/Makefile
omap5-sgx-ddk-linux	86c0adfe78965f7d304e912f90a302dcfd4f119c	00feb97c35003dac20c0d4c1935fa99660a0454f	eurasiacon/build/linux2/pc_i686_poulsbo_d0_linux/Makefile
omap5-sgx-ddk-linux	86c0adfe78965f7d304e912f90a302dcfd4f119c	0182806f070bf1c7dcbe357355105d795f36d0c5	eurasia_km/eurasiacon/build/linux2/pc_i686_poulsbo_d0_linux/Makefile
omap5-sgx-ddk-linux	86c0adfe78965f7d304e912f90a302dcfd4f119c	02545fd29aecdb1a3de8c554ab75797336b5a8e2	eurasiacon/build/linux2/pc_i686_poulsbo_d0_linux/Makefile
omap5-sgx-ddk-linux	86c0adfe78965f7d304e912f90a302dcfd4f119c	03e3a7dca1ae197e43f16a354c43fd9d64e8ec5b	eurasia_km/eurasiacon/build/linux2/pc_i686_poulsbo_d0_linux/Makefile
omap5-sgx-ddk-linux	86c0adfe78965f7d304e912f90a302dcfd4f119c	0739fc4f8b5e39eb1365e6f6c6afe9b493d5d782	eurasiacon/build/linux2/pc_i686_poulsbo_d0_linux/Makefile
omap5-sgx-ddk-linux	86c0adfe78965f7d304e912f90a302dcfd4f119c	0f1b63995057a714592ef26e28989ec4da8a4ed5	eurasiacon/build/linux2/pc_i686_poulsbo_d0_linux/Makefile
omap5-sgx-ddk-linux	86c0adfe78965f7d304e912f90a302dcfd4f119c	0f2b79401e3565c1824f86bb96672b67ff1f1cf6	eurasia_km/eurasiacon/build/linux2/pc_i686_poulsbo_d0_linux/Makefile
omap5-sgx-ddk-linux	86c0adfe78965f7d304e912f90a302dcfd4f119c	0faba9b9d4e55ca9bbd601ceac79526d9b3b602f	eurasia_km/eurasiacon/build/linux2/pc_i686_poulsbo_d0_linux/Makefile
omap5-sgx-ddk-linux	86c0adfe78965f7d304e912f90a302dcfd4f119c	106ddd54843dd05b77b57df4a72b327684916ef5	eurasia_km/eurasiacon/build/linux2/pc_i686_poulsbo_d0_linux/Makefile
omap5-sgx-ddk-linux	86c0adfe78965f7d304e912f90a302dcfd4f119c	1a6db182eb71299645807f54f687be014b557798	eurasia_km/eurasiacon/build/linux2/pc_i686_poulsbo_d0_linux/Makefile
omap5-sgx-ddk-linux	86c0adfe78965f7d304e912f90a302dcfd4f119c	200868f7e5d37057eef03a87f18b593844ccc812	eurasiacon/build/linux2/pc_i686_poulsbo_d0_linux/Makefile
omap5-sgx-ddk-linux	86c0adfe78965f7d304e912f90a302dcfd4f119c	204d10d1ac5b71cd0329dd9d59459d89630def1d	eurasia_km/eurasiacon/build/linux2/pc_i686_poulsbo_d0_linux/Makefile
omap5-sgx-ddk-linux	86c0adfe78965f7d304e912f90a302dcfd4f119c	20f805c1c37aed9a2e3c9606a373722c817e1d4b	eurasiacon/build/linux2/pc_i686_poulsbo_d0_linux/Makefile
omap5-sgx-ddk-linux	86c0adfe78965f7d304e912f90a302dcfd4f119c	256694cbc12bf1b13a6c2714372c603d6f3845b1	eurasia_km/eurasiacon/build/linux2/pc_i686_poulsbo_d0_linux/Makefile
omap5-sgx-ddk-linux	86c0adfe78965f7d304e912f90a302dcfd4f119c	27f8b72796622b1b59ff82bc988c5949de11ce80	eurasiacon/build/linux2/pc_i686_poulsbo_d0_linux/Makefile
omap5-sgx-ddk-linux	86c0adfe78965f7d304e912f90a302dcfd4f119c	29115f91063c25292cf8f973622433f576d01164	eurasia_km/eurasiacon/build/linux2/pc_i686_poulsbo_d0_linux/Makefile
omap5-sgx-ddk-linux	86c0adfe78965f7d304e912f90a302dcfd4f119c	298a29a109a890cd9b0735ee7da1783efe5a6bed	eurasiacon/build/linux2/pc_i686_poulsbo_d0_linux/Makefile
omap5-sgx-ddk-linux	86c0adfe78965f7d304e912f90a302dcfd4f119c	2c407d34e45398cbb029c4299b78af3a1ed991b7	eurasiacon/build/linux2/pc_i686_poulsbo_d0_linux/Makefile
omap5-sgx-ddk-linux	86c0adfe78965f7d304e912f90a302dcfd4f119c	2d4a2cf221a34a32dc71ab0e017f3b9a8e974a21	eurasia_km/eurasiacon/build/linux2/pc_i686_poulsbo_d0_linux/Makefile
omap5-sgx-ddk-linux	86c0adfe78965f7d304e912f90a302dcfd4f119c	33623289ac5281a4567e49429f9ca24c3f36d927	eurasiacon/build/linux2/pc_i686_poulsbo_d0_linux/Makefile
omap5-sgx-ddk-linux	86c0adfe78965f7d304e912f90a302dcfd4f119c	37502630b9b5fa4f4f412837694eb133ab28cc30	eurasia_km/eurasiacon/build/linux2/pc_i686_poulsbo_d0_linux/Makefile
omap5-sgx-ddk-linux	86c0adfe78965f7d304e912f90a302dcfd4f119c	375b47e32ab9dd48861a653ef0134ca9ae836035	eurasiacon/build/linux2/pc_i686_poulsbo_d0_linux/Makefile
omap5-sgx-ddk-linux	86c0adfe78965f7d304e912f90a302dcfd4f119c	3a5f9a5a7f6e00bf9937d36f334dd100543acea3	eurasiacon/build/linux2/pc_i686_poulsbo_d0_linux/Makefile
omap5-sgx-ddk-linux	86c0adfe78965f7d304e912f90a302dcfd4f119c	3cd845e5603692c325c302e4b77634830c355cfb	eurasia_km/eurasiacon/build/linux2/pc_i686_poulsbo_d0_linux/Makefile
omap5-sgx-ddk-linux	86c0adfe78965f7d304e912f90a302dcfd4f119c	3d15fac4bbb06a6987421f995d87d2ee3331156c	eurasiacon/build/linux2/pc_i686_poulsbo_d0_linux/Makefile
omap5-sgx-ddk-linux	86c0adfe78965f7d304e912f90a302dcfd4f119c	3d3d480d8de6effc9136329a5cf5db9a8d7eaace	eurasia_km/eurasiacon/build/linux2/pc_i686_poulsbo_d0_linux/Makefile
omap5-sgx-ddk-linux	86c0adfe78965f7d304e912f90a302dcfd4f119c	3d5e9c9074b25dc6567449ca0c11d9066b2db2dc	eurasia_km/eurasiacon/build/linux2/pc_i686_poulsbo_d0_linux/Makefile
omap5-sgx-ddk-linux	86c0adfe78965f7d304e912f90a302dcfd4f119c	426874836d3d9ec2ad21d1741df87a2234e75ebf	eurasiacon/build/linux2/pc_i686_poulsbo_d0_linux/Makefile
omap5-sgx-ddk-linux	86c0adfe78965f7d304e912f90a302dcfd4f119c	45415cca38dbb5ae081cdd14dc0c8adb36b8979b	eurasia_km/eurasiacon/build/linux2/pc_i686_poulsbo_d0_linux/Makefile
omap5-sgx-ddk-linux	86c0adfe78965f7d304e912f90a302dcfd4f119c	4548afa3d08df5fb980ad36df5e1d0a63812aa90	eurasia_km/eurasiacon/build/linux2/pc_i686_poulsbo_d0_linux/Makefile
omap5-sgx-ddk-linux	86c0adfe78965f7d304e912f90a302dcfd4f119c	4ac887b09a0209de3d1f950e00ae184872822583	eurasia_km/eurasiacon/build/linux2/pc_i686_poulsbo_d0_linux/Makefile
omap5-sgx-ddk-linux	86c0adfe78965f7d304e912f90a302dcfd4f119c	4ef19c1aed27ed74fce318b329c7707abbba5bd2	eurasiacon/build/linux2/pc_i686_poulsbo_d0_linux/Makefile
omap5-sgx-ddk-linux	86c0adfe78965f7d304e912f90a302dcfd4f119c	50a6e8fb26b0fb5160e1ffac8f0a414a69570863	eurasia_km/eurasiacon/build/linux2/pc_i686_poulsbo_d0_linux/Makefile
omap5-sgx-ddk-linux	86c0adfe78965f7d304e912f90a302dcfd4f119c	5433b1b54e5725ba79bd5a70837e5349fc40f75d	eurasia_km/eurasiacon/build/linux2/pc_i686_poulsbo_d0_linux/Makefile
omap5-sgx-ddk-linux	86c0adfe78965f7d304e912f90a302dcfd4f119c	5a08785fee8404223a42de14dea1d9bbc608dfc2	eurasiacon/build/linux2/pc_i686_poulsbo_d0_linux/Makefile
omap5-sgx-ddk-linux	86c0adfe78965f7d304e912f90a302dcfd4f119c	5bb795ce754bd8eb1a2b3ffd581f2d2ed4dacdb0	eurasiacon/build/linux2/pc_i686_poulsbo_d0_linux/Makefile
omap5-sgx-ddk-linux	86c0adfe78965f7d304e912f90a302dcfd4f119c	5c5ebf1f25d669cd56d954bf962f3ffb9a730422	eurasiacon/build/linux2/pc_i686_poulsbo_d0_linux/Makefile
omap5-sgx-ddk-linux	86c0adfe78965f7d304e912f90a302dcfd4f119c	5db485fa5350cd4228e5574fff54aae0edfa4948	eurasiacon/build/linux2/pc_i686_poulsbo_d0_linux/Makefile
omap5-sgx-ddk-linux	86c0adfe78965f7d304e912f90a302dcfd4f119c	5dcb3b098055e2eab101696de930bfb95628356d	eurasia_km/eurasiacon/build/linux2/pc_i686_poulsbo_d0_linux/Makefile
omap5-sgx-ddk-linux	86c0adfe78965f7d304e912f90a302dcfd4f119c	60bf27ff0ba6079df13813a11c81ff96056715ed	eurasia_km/eurasiacon/build/linux2/pc_i686_poulsbo_d0_linux/Makefile
omap5-sgx-ddk-linux	86c0adfe78965f7d304e912f90a302dcfd4f119c	62a7820fd10ae90e2752dbc235e461bf4346f238	eurasiacon/build/linux2/pc_i686_poulsbo_d0_linux/Makefile
omap5-sgx-ddk-linux	86c0adfe78965f7d304e912f90a302dcfd4f119c	63f064dcc4d373e51b1b1763c70bb70bd3b51668	eurasiacon/build/linux2/pc_i686_poulsbo_d0_linux/Makefile
omap5-sgx-ddk-linux	86c0adfe78965f7d304e912f90a302dcfd4f119c	6df5246430cc7c3c615081ee78ab0ed5b786a0dc	eurasia_km/eurasiacon/build/linux2/pc_i686_poulsbo_d0_linux/Makefile
omap5-sgx-ddk-linux	86c0adfe78965f7d304e912f90a302dcfd4f119c	70fd434b18cc579b15211813d01cd1bad2bf9440	eurasiacon/build/linux2/pc_i686_poulsbo_d0_linux/Makefile
omap5-sgx-ddk-linux	86c0adfe78965f7d304e912f90a302dcfd4f119c	730d2b4891ddcf9292f9e7282e9d1ab6ea9dd54b	eurasia_km/eurasiacon/build/linux2/pc_i686_poulsbo_d0_linux/Makefile
omap5-sgx-ddk-linux	86c0adfe78965f7d304e912f90a302dcfd4f119c	743c007813d709836cca97c048ef1a1c25982c22	eurasiacon/build/linux2/pc_i686_poulsbo_d0_linux/Makefile
omap5-sgx-ddk-linux	86c0adfe78965f7d304e912f90a302dcfd4f119c	75516a5f2d4ce36777fc22bd1b20445259d07737	eurasiacon/build/linux2/pc_i686_poulsbo_d0_linux/Makefile
omap5-sgx-ddk-linux	86c0adfe78965f7d304e912f90a302dcfd4f119c	766b6004db9a7227aa736dc30de2e6316e2be7f6	eurasia_km/eurasiacon/build/linux2/pc_i686_poulsbo_d0_linux/Makefile
omap5-sgx-ddk-linux	86c0adfe78965f7d304e912f90a302dcfd4f119c	769605f232660fb7a3b037424b9eb77709633506	eurasia_km/eurasiacon/build/linux2/pc_i686_poulsbo_d0_linux/Makefile
omap5-sgx-ddk-linux	86c0adfe78965f7d304e912f90a302dcfd4f119c	76da7d73976f0a5dc04fdc84a3af899d6c2b1fe2	eurasia_km/eurasiacon/build/linux2/pc_i686_poulsbo_d0_linux/Makefile
omap5-sgx-ddk-linux	86c0adfe78965f7d304e912f90a302dcfd4f119c	78db3c65b9dafb802be133c7b14f8ed432e1fb78	eurasiacon/build/linux2/pc_i686_poulsbo_d0_linux/Makefile
omap5-sgx-ddk-linux	86c0adfe78965f7d304e912f90a302dcfd4f119c	7b3b71dac2fe1df94439488f9a55c81ec762d6d6	eurasiacon/build/linux2/pc_i686_poulsbo_d0_linux/Makefile
omap5-sgx-ddk-linux	86c0adfe78965f7d304e912f90a302dcfd4f119c	7c40c1dc05226be9662860166d16fc346a1378d9	eurasia_km/eurasiacon/build/linux2/pc_i686_poulsbo_d0_linux/Makefile
omap5-sgx-ddk-linux	86c0adfe78965f7d304e912f90a302dcfd4f119c	7c89d3433bd96d8b2755ca172e99198fa4b69c05	eurasiacon/build/linux2/pc_i686_poulsbo_d0_linux/Makefile
omap5-sgx-ddk-linux	86c0adfe78965f7d304e912f90a302dcfd4f119c	7fa3c9052ddbce83a4df134e73f07c99ddc267d7	eurasia_km/eurasiacon/build/linux2/pc_i686_poulsbo_d0_linux/Makefile
omap5-sgx-ddk-linux	86c0adfe78965f7d304e912f90a302dcfd4f119c	82baf103b171ce138bef79c4194497a108e22df8	eurasia_km/eurasiacon/build/linux2/pc_i686_poulsbo_d0_linux/Makefile
omap5-sgx-ddk-linux	86c0adfe78965f7d304e912f90a302dcfd4f119c	83431055a561bd69f1efc49164bd789547d8ff85	eurasiacon/build/linux2/pc_i686_poulsbo_d0_linux/Makefile
omap5-sgx-ddk-linux	86c0adfe78965f7d304e912f90a302dcfd4f119c	83ec439629f44bbea899bfaed1e719743d61cf01	eurasiacon/build/linux2/pc_i686_poulsbo_d0_linux/Makefile
omap5-sgx-ddk-linux	86c0adfe78965f7d304e912f90a302dcfd4f119c	8526d639399e06b6e80dfa2e3dcd208d4d528550	eurasiacon/build/linux2/pc_i686_poulsbo_d0_linux/Makefile
omap5-sgx-ddk-linux	86c0adfe78965f7d304e912f90a302dcfd4f119c	852a47794d2e8656045e0339cbb9bd8e06d3e7e3	eurasia_km/eurasiacon/build/linux2/pc_i686_poulsbo_d0_linux/Makefile
omap5-sgx-ddk-linux	86c0adfe78965f7d304e912f90a302dcfd4f119c	855889f437250b6572c75d12696ec4a998b9aef9	eurasia_km/eurasiacon/build/linux2/pc_i686_poulsbo_d0_linux/Makefile
omap5-sgx-ddk-linux	86c0adfe78965f7d304e912f90a302dcfd4f119c	8680409ad5ce44b7ce3a43916332f6a29bc711de	eurasia_km/eurasiacon/build/linux2/pc_i686_poulsbo_d0_linux/Makefile
omap5-sgx-ddk-linux	86c0adfe78965f7d304e912f90a302dcfd4f119c	8d5305b03dce13f3a9a89328c69c762dcd3109a4	eurasia_km/eurasiacon/build/linux2/pc_i686_poulsbo_d0_linux/Makefile
omap5-sgx-ddk-linux	86c0adfe78965f7d304e912f90a302dcfd4f119c	9027da1de0fd0742ebc9c99d851c6b9498bb81c9	eurasiacon/build/linux2/pc_i686_poulsbo_d0_linux/Makefile
omap5-sgx-ddk-linux	86c0adfe78965f7d304e912f90a302dcfd4f119c	9855bcc288b2c3ef715064705f727334439556d8	eurasia_km/eurasiacon/build/linux2/pc_i686_poulsbo_d0_linux/Makefile
omap5-sgx-ddk-linux	86c0adfe78965f7d304e912f90a302dcfd4f119c	9f690e5e7b6c215dc54e4a8c58b8e55cabcd394f	eurasia_km/eurasiacon/build/linux2/pc_i686_poulsbo_d0_linux/Makefile
omap5-sgx-ddk-linux	86c0adfe78965f7d304e912f90a302dcfd4f119c	a0ff0e7423f26387255e1c9205f6664a954b15ef	eurasiacon/build/linux2/pc_i686_poulsbo_d0_linux/Makefile
omap5-sgx-ddk-linux	86c0adfe78965f7d304e912f90a302dcfd4f119c	a19b99beae63ed2a56e792f1b5e80437c22f8f89	eurasiacon/build/linux2/pc_i686_poulsbo_d0_linux/Makefile
omap5-sgx-ddk-linux	86c0adfe78965f7d304e912f90a302dcfd4f119c	a3084c34f54696e5ac56e95e977dfb649e283a4b	eurasiacon/build/linux2/pc_i686_poulsbo_d0_linux/Makefile
omap5-sgx-ddk-linux	86c0adfe78965f7d304e912f90a302dcfd4f119c	a5a0fe1799cabfa1278321b667263cf3fa2cf32f	eurasia_km/eurasiacon/build/linux2/pc_i686_poulsbo_d0_linux/Makefile
omap5-sgx-ddk-linux	86c0adfe78965f7d304e912f90a302dcfd4f119c	a90f89f4a2f2e8a05894d807de4db63ebf62a392	eurasia_km/eurasiacon/build/linux2/pc_i686_poulsbo_d0_linux/Makefile
omap5-sgx-ddk-linux	86c0adfe78965f7d304e912f90a302dcfd4f119c	a99c2cef71407bf63db49af96e43cfdd8c7b3b7a	eurasiacon/build/linux2/pc_i686_poulsbo_d0_linux/Makefile
omap5-sgx-ddk-linux	86c0adfe78965f7d304e912f90a302dcfd4f119c	ac8a883f35bd7049454575eab28d227e8f71aa9b	eurasiacon/build/linux2/pc_i686_poulsbo_d0_linux/Makefile
omap5-sgx-ddk-linux	86c0adfe78965f7d304e912f90a302dcfd4f119c	ad511f2798f45eab3c44826fdd860811cce4b1f6	eurasiacon/build/linux2/pc_i686_poulsbo_d0_linux/Makefile
omap5-sgx-ddk-linux	86c0adfe78965f7d304e912f90a302dcfd4f119c	b144fa4b97cb69e54cabaad62daffcd4b5497c29	eurasia_km/eurasiacon/build/linux2/pc_i686_poulsbo_d0_linux/Makefile
omap5-sgx-ddk-linux	86c0adfe78965f7d304e912f90a302dcfd4f119c	b42208fb9ad30f288ebf968a994a46f3fcf90136	eurasiacon/build/linux2/pc_i686_poulsbo_d0_linux/Makefile
omap5-sgx-ddk-linux	86c0adfe78965f7d304e912f90a302dcfd4f119c	b45658fb2090a579e48942909f3865152f82e1ca	eurasiacon/build/linux2/pc_i686_poulsbo_d0_linux/Makefile
omap5-sgx-ddk-linux	86c0adfe78965f7d304e912f90a302dcfd4f119c	b630d462f5fbb86e5f98965ba1af35da1207822f	eurasia_km/eurasiacon/build/linux2/pc_i686_poulsbo_d0_linux/Makefile
omap5-sgx-ddk-linux	86c0adfe78965f7d304e912f90a302dcfd4f119c	b83e2affbaeb0c2c7a010b3eacc3f0d3b0f7669a	eurasiacon/build/linux2/pc_i686_poulsbo_d0_linux/Makefile
omap5-sgx-ddk-linux	86c0adfe78965f7d304e912f90a302dcfd4f119c	b89ffe29648d567a28ce5275aa1fbbd584d6a02c	eurasiacon/build/linux2/pc_i686_poulsbo_d0_linux/Makefile
omap5-sgx-ddk-linux	86c0adfe78965f7d304e912f90a302dcfd4f119c	bc3128527024bd76f9ab4d8d7db13ad65a24458b	eurasia_km/eurasiacon/build/linux2/pc_i686_poulsbo_d0_linux/Makefile
omap5-sgx-ddk-linux	86c0adfe78965f7d304e912f90a302dcfd4f119c	bcb809355f813337f2ca2640b4fa405eaf8097da	eurasia_km/eurasiacon/build/linux2/pc_i686_poulsbo_d0_linux/Makefile
omap5-sgx-ddk-linux	86c0adfe78965f7d304e912f90a302dcfd4f119c	c13efb766a8fc680374ae7affc6df535f823bacb	eurasia_km/eurasiacon/build/linux2/pc_i686_poulsbo_d0_linux/Makefile
omap5-sgx-ddk-linux	86c0adfe78965f7d304e912f90a302dcfd4f119c	c8d280c2842bf4b1fdc63f5efd89595807c0a254	eurasia_km/eurasiacon/build/linux2/pc_i686_poulsbo_d0_linux/Makefile
omap5-sgx-ddk-linux	86c0adfe78965f7d304e912f90a302dcfd4f119c	cb46ba4d0c900f89f7ec0284f9803d476bfa98de	eurasia_km/eurasiacon/build/linux2/pc_i686_poulsbo_d0_linux/Makefile
omap5-sgx-ddk-linux	86c0adfe78965f7d304e912f90a302dcfd4f119c	cbcf497bee4c86a3142f7ed0c2de672e5a96682e	eurasiacon/build/linux2/pc_i686_poulsbo_d0_linux/Makefile
omap5-sgx-ddk-linux	86c0adfe78965f7d304e912f90a302dcfd4f119c	cc73af59a34f938f09e84b1004679e9b1a5973f2	eurasiacon/build/linux2/pc_i686_poulsbo_d0_linux/Makefile
omap5-sgx-ddk-linux	86c0adfe78965f7d304e912f90a302dcfd4f119c	cff8103dca22c75fdb612fd431056ea0f4d4ff65	eurasiacon/build/linux2/pc_i686_poulsbo_d0_linux/Makefile
omap5-sgx-ddk-linux	86c0adfe78965f7d304e912f90a302dcfd4f119c	d1d4d86e553a9bf56e0b5a25b280ab581ab15586	eurasia_km/eurasiacon/build/linux2/pc_i686_poulsbo_d0_linux/Makefile
omap5-sgx-ddk-linux	86c0adfe78965f7d304e912f90a302dcfd4f119c	d230b32f421120c1d1a588cbf82e9a70950391f9	eurasia_km/eurasiacon/build/linux2/pc_i686_poulsbo_d0_linux/Makefile
omap5-sgx-ddk-linux	86c0adfe78965f7d304e912f90a302dcfd4f119c	d2b3959738cfcc6209e8e882d1989de790866c8f	eurasia_km/eurasiacon/build/linux2/pc_i686_poulsbo_d0_linux/Makefile
omap5-sgx-ddk-linux	86c0adfe78965f7d304e912f90a302dcfd4f119c	d77c3b2ee61b6d22706a66bd625b689a74db3c89	eurasiacon/build/linux2/pc_i686_poulsbo_d0_linux/Makefile
omap5-sgx-ddk-linux	86c0adfe78965f7d304e912f90a302dcfd4f119c	e33760c18dbffa409d9da6a11e95083921b03af0	eurasiacon/build/linux2/pc_i686_poulsbo_d0_linux/Makefile
omap5-sgx-ddk-linux	86c0adfe78965f7d304e912f90a302dcfd4f119c	e68719ba7c54602c710b6615cd665f5b7f47f85e	eurasia_km/eurasiacon/build/linux2/pc_i686_poulsbo_d0_linux/Makefile
omap5-sgx-ddk-linux	86c0adfe78965f7d304e912f90a302dcfd4f119c	ea2ae0444f3643ea608f49eca2c880b8432ef62a	eurasia_km/eurasiacon/build/linux2/pc_i686_poulsbo_d0_linux/Makefile
omap5-sgx-ddk-linux	86c0adfe78965f7d304e912f90a302dcfd4f119c	eb2a06ca205ce150edc819b5757f2ee8514e259f	eurasiacon/build/linux2/pc_i686_poulsbo_d0_linux/Makefile
omap5-sgx-ddk-linux	86c0adfe78965f7d304e912f90a302dcfd4f119c	ebafbb34ad24cc10b4e402d1a2f2f8806343a3a8	eurasiacon/build/linux2/pc_i686_poulsbo_d0_linux/Makefile
omap5-sgx-ddk-linux	86c0adfe78965f7d304e912f90a302dcfd4f119c	f0c729c54ad45dc4b2d2c83317545a1ef9de1cc5	eurasia_km/eurasiacon/build/linux2/pc_i686_poulsbo_d0_linux/Makefile
omap5-sgx-ddk-linux	86c0adfe78965f7d304e912f90a302dcfd4f119c	f32b645d4eea5f89a15132cb336b346dccd8f07e	eurasiacon/build/linux2/pc_i686_poulsbo_d0_linux/Makefile
omap5-sgx-ddk-linux	86c0adfe78965f7d304e912f90a302dcfd4f119c	fd47e44b18944cf7ade480ac67a9c0172619ff7e	eurasia_km/eurasiacon/build/linux2/pc_i686_poulsbo_d0_linux/Makefile
omap5-sgx-ddk-linux	86c0adfe78965f7d304e912f90a302dcfd4f119c	fed0756f1b8b9d526da2821635c7d742989d47c3	eurasia_km/eurasiacon/build/linux2/pc_i686_poulsbo_d0_linux/Makefile
omap5-sgx-ddk-linux	95208f527ec7fa0779dca9c4fb42b436df389539	0086977380d3320d70a3abc78b95fa0641427073	eurasia_km/services4/3rdparty/dc_poulsbo/poulsbo_linux_lvds.c
omap5-sgx-ddk-linux	95208f527ec7fa0779dca9c4fb42b436df389539	00feb97c35003dac20c0d4c1935fa99660a0454f	services4/3rdparty/dc_poulsbo/poulsbo_linux_lvds.c
omap5-sgx-ddk-linux	95208f527ec7fa0779dca9c4fb42b436df389539	0182806f070bf1c7dcbe357355105d795f36d0c5	eurasia_km/services4/3rdparty/dc_poulsbo/poulsbo_linux_lvds.c
omap5-sgx-ddk-linux	95208f527ec7fa0779dca9c4fb42b436df389539	02545fd29aecdb1a3de8c554ab75797336b5a8e2	services4/3rdparty/dc_poulsbo/poulsbo_linux_lvds.c
omap5-sgx-ddk-linux	95208f527ec7fa0779dca9c4fb42b436df389539	03e3a7dca1ae197e43f16a354c43fd9d64e8ec5b	eurasia_km/services4/3rdparty/dc_poulsbo/poulsbo_linux_lvds.c
omap5-sgx-ddk-linux	95208f527ec7fa0779dca9c4fb42b436df389539	0739fc4f8b5e39eb1365e6f6c6afe9b493d5d782	services4/3rdparty/dc_poulsbo/poulsbo_linux_lvds.c
omap5-sgx-ddk-linux	95208f527ec7fa0779dca9c4fb42b436df389539	0f1b63995057a714592ef26e28989ec4da8a4ed5	services4/3rdparty/dc_poulsbo/poulsbo_linux_lvds.c
omap5-sgx-ddk-linux	95208f527ec7fa0779dca9c4fb42b436df389539	0f2b79401e3565c1824f86bb96672b67ff1f1cf6	eurasia_km/services4/3rdparty/dc_poulsbo/poulsbo_linux_lvds.c
omap5-sgx-ddk-linux	95208f527ec7fa0779dca9c4fb42b436df389539	0faba9b9d4e55ca9bbd601ceac79526d9b3b602f	eurasia_km/services4/3rdparty/dc_poulsbo/poulsbo_linux_lvds.c
omap5-sgx-ddk-linux	95208f527ec7fa0779dca9c4fb42b436df389539	106ddd54843dd05b77b57df4a72b327684916ef5	eurasia_km/services4/3rdparty/dc_poulsbo/poulsbo_linux_lvds.c
omap5-sgx-ddk-linux	95208f527ec7fa0779dca9c4fb42b436df389539	1a6db182eb71299645807f54f687be014b557798	eurasia_km/services4/3rdparty/dc_poulsbo/poulsbo_linux_lvds.c
omap5-sgx-ddk-linux	95208f527ec7fa0779dca9c4fb42b436df389539	200868f7e5d37057eef03a87f18b593844ccc812	services4/3rdparty/dc_poulsbo/poulsbo_linux_lvds.c
omap5-sgx-ddk-linux	95208f527ec7fa0779dca9c4fb42b436df389539	204d10d1ac5b71cd0329dd9d59459d89630def1d	eurasia_km/services4/3rdparty/dc_poulsbo/poulsbo_linux_lvds.c
omap5-sgx-ddk-linux	95208f527ec7fa0779dca9c4fb42b436df389539	20f805c1c37aed9a2e3c9606a373722c817e1d4b	services4/3rdparty/dc_poulsbo/poulsbo_linux_lvds.c
omap5-sgx-ddk-linux	95208f527ec7fa0779dca9c4fb42b436df389539	256694cbc12bf1b13a6c2714372c603d6f3845b1	eurasia_km/services4/3rdparty/dc_poulsbo/poulsbo_linux_lvds.c
omap5-sgx-ddk-linux	95208f527ec7fa0779dca9c4fb42b436df389539	27f8b72796622b1b59ff82bc988c5949de11ce80	services4/3rdparty/dc_poulsbo/poulsbo_linux_lvds.c
omap5-sgx-ddk-linux	95208f527ec7fa0779dca9c4fb42b436df389539	29115f91063c25292cf8f973622433f576d01164	eurasia_km/services4/3rdparty/dc_poulsbo/poulsbo_linux_lvds.c
omap5-sgx-ddk-linux	95208f527ec7fa0779dca9c4fb42b436df389539	298a29a109a890cd9b0735ee7da1783efe5a6bed	services4/3rdparty/dc_poulsbo/poulsbo_linux_lvds.c
omap5-sgx-ddk-linux	95208f527ec7fa0779dca9c4fb42b436df389539	2c407d34e45398cbb029c4299b78af3a1ed991b7	services4/3rdparty/dc_poulsbo/poulsbo_linux_lvds.c
omap5-sgx-ddk-linux	95208f527ec7fa0779dca9c4fb42b436df389539	2d4a2cf221a34a32dc71ab0e017f3b9a8e974a21	eurasia_km/services4/3rdparty/dc_poulsbo/poulsbo_linux_lvds.c
omap5-sgx-ddk-linux	95208f527ec7fa0779dca9c4fb42b436df389539	33623289ac5281a4567e49429f9ca24c3f36d927	services4/3rdparty/dc_poulsbo/poulsbo_linux_lvds.c
omap5-sgx-ddk-linux	95208f527ec7fa0779dca9c4fb42b436df389539	37502630b9b5fa4f4f412837694eb133ab28cc30	eurasia_km/services4/3rdparty/dc_poulsbo/poulsbo_linux_lvds.c
omap5-sgx-ddk-linux	95208f527ec7fa0779dca9c4fb42b436df389539	375b47e32ab9dd48861a653ef0134ca9ae836035	services4/3rdparty/dc_poulsbo/poulsbo_linux_lvds.c
omap5-sgx-ddk-linux	95208f527ec7fa0779dca9c4fb42b436df389539	3a5f9a5a7f6e00bf9937d36f334dd100543acea3	services4/3rdparty/dc_poulsbo/poulsbo_linux_lvds.c
omap5-sgx-ddk-linux	95208f527ec7fa0779dca9c4fb42b436df389539	3cd845e5603692c325c302e4b77634830c355cfb	eurasia_km/services4/3rdparty/dc_poulsbo/poulsbo_linux_lvds.c
omap5-sgx-ddk-linux	95208f527ec7fa0779dca9c4fb42b436df389539	3d15fac4bbb06a6987421f995d87d2ee3331156c	services4/3rdparty/dc_poulsbo/poulsbo_linux_lvds.c
omap5-sgx-ddk-linux	95208f527ec7fa0779dca9c4fb42b436df389539	3d3d480d8de6effc9136329a5cf5db9a8d7eaace	eurasia_km/services4/3rdparty/dc_poulsbo/poulsbo_linux_lvds.c
omap5-sgx-ddk-linux	95208f527ec7fa0779dca9c4fb42b436df389539	3d5e9c9074b25dc6567449ca0c11d9066b2db2dc	eurasia_km/services4/3rdparty/dc_poulsbo/poulsbo_linux_lvds.c
omap5-sgx-ddk-linux	95208f527ec7fa0779dca9c4fb42b436df389539	426874836d3d9ec2ad21d1741df87a2234e75ebf	services4/3rdparty/dc_poulsbo/poulsbo_linux_lvds.c
omap5-sgx-ddk-linux	95208f527ec7fa0779dca9c4fb42b436df389539	45415cca38dbb5ae081cdd14dc0c8adb36b8979b	eurasia_km/services4/3rdparty/dc_poulsbo/poulsbo_linux_lvds.c
omap5-sgx-ddk-linux	95208f527ec7fa0779dca9c4fb42b436df389539	4548afa3d08df5fb980ad36df5e1d0a63812aa90	eurasia_km/services4/3rdparty/dc_poulsbo/poulsbo_linux_lvds.c
omap5-sgx-ddk-linux	95208f527ec7fa0779dca9c4fb42b436df389539	4ac887b09a0209de3d1f950e00ae184872822583	eurasia_km/services4/3rdparty/dc_poulsbo/poulsbo_linux_lvds.c
omap5-sgx-ddk-linux	95208f527ec7fa0779dca9c4fb42b436df389539	4ef19c1aed27ed74fce318b329c7707abbba5bd2	services4/3rdparty/dc_poulsbo/poulsbo_linux_lvds.c
omap5-sgx-ddk-linux	95208f527ec7fa0779dca9c4fb42b436df389539	50a6e8fb26b0fb5160e1ffac8f0a414a69570863	eurasia_km/services4/3rdparty/dc_poulsbo/poulsbo_linux_lvds.c
omap5-sgx-ddk-linux	95208f527ec7fa0779dca9c4fb42b436df389539	5433b1b54e5725ba79bd5a70837e5349fc40f75d	eurasia_km/services4/3rdparty/dc_poulsbo/poulsbo_linux_lvds.c
omap5-sgx-ddk-linux	95208f527ec7fa0779dca9c4fb42b436df389539	5a08785fee8404223a42de14dea1d9bbc608dfc2	services4/3rdparty/dc_poulsbo/poulsbo_linux_lvds.c
omap5-sgx-ddk-linux	95208f527ec7fa0779dca9c4fb42b436df389539	5bb795ce754bd8eb1a2b3ffd581f2d2ed4dacdb0	services4/3rdparty/dc_poulsbo/poulsbo_linux_lvds.c
omap5-sgx-ddk-linux	95208f527ec7fa0779dca9c4fb42b436df389539	5c5ebf1f25d669cd56d954bf962f3ffb9a730422	services4/3rdparty/dc_poulsbo/poulsbo_linux_lvds.c
omap5-sgx-ddk-linux	95208f527ec7fa0779dca9c4fb42b436df389539	5db485fa5350cd4228e5574fff54aae0edfa4948	services4/3rdparty/dc_poulsbo/poulsbo_linux_lvds.c
omap5-sgx-ddk-linux	95208f527ec7fa0779dca9c4fb42b436df389539	5dcb3b098055e2eab101696de930bfb95628356d	eurasia_km/services4/3rdparty/dc_poulsbo/poulsbo_linux_lvds.c
omap5-sgx-ddk-linux	95208f527ec7fa0779dca9c4fb42b436df389539	60bf27ff0ba6079df13813a11c81ff96056715ed	eurasia_km/services4/3rdparty/dc_poulsbo/poulsbo_linux_lvds.c
omap5-sgx-ddk-linux	95208f527ec7fa0779dca9c4fb42b436df389539	62a7820fd10ae90e2752dbc235e461bf4346f238	services4/3rdparty/dc_poulsbo/poulsbo_linux_lvds.c
omap5-sgx-ddk-linux	95208f527ec7fa0779dca9c4fb42b436df389539	63f064dcc4d373e51b1b1763c70bb70bd3b51668	services4/3rdparty/dc_poulsbo/poulsbo_linux_lvds.c
omap5-sgx-ddk-linux	95208f527ec7fa0779dca9c4fb42b436df389539	6df5246430cc7c3c615081ee78ab0ed5b786a0dc	eurasia_km/services4/3rdparty/dc_poulsbo/poulsbo_linux_lvds.c
omap5-sgx-ddk-linux	95208f527ec7fa0779dca9c4fb42b436df389539	70fd434b18cc579b15211813d01cd1bad2bf9440	services4/3rdparty/dc_poulsbo/poulsbo_linux_lvds.c
omap5-sgx-ddk-linux	95208f527ec7fa0779dca9c4fb42b436df389539	730d2b4891ddcf9292f9e7282e9d1ab6ea9dd54b	eurasia_km/services4/3rdparty/dc_poulsbo/poulsbo_linux_lvds.c
omap5-sgx-ddk-linux	95208f527ec7fa0779dca9c4fb42b436df389539	743c007813d709836cca97c048ef1a1c25982c22	services4/3rdparty/dc_poulsbo/poulsbo_linux_lvds.c
omap5-sgx-ddk-linux	95208f527ec7fa0779dca9c4fb42b436df389539	75516a5f2d4ce36777fc22bd1b20445259d07737	services4/3rdparty/dc_poulsbo/poulsbo_linux_lvds.c
omap5-sgx-ddk-linux	95208f527ec7fa0779dca9c4fb42b436df389539	766b6004db9a7227aa736dc30de2e6316e2be7f6	eurasia_km/services4/3rdparty/dc_poulsbo/poulsbo_linux_lvds.c
omap5-sgx-ddk-linux	95208f527ec7fa0779dca9c4fb42b436df389539	769605f232660fb7a3b037424b9eb77709633506	eurasia_km/services4/3rdparty/dc_poulsbo/poulsbo_linux_lvds.c
omap5-sgx-ddk-linux	95208f527ec7fa0779dca9c4fb42b436df389539	76da7d73976f0a5dc04fdc84a3af899d6c2b1fe2	eurasia_km/services4/3rdparty/dc_poulsbo/poulsbo_linux_lvds.c
omap5-sgx-ddk-linux	95208f527ec7fa0779dca9c4fb42b436df389539	78db3c65b9dafb802be133c7b14f8ed432e1fb78	services4/3rdparty/dc_poulsbo/poulsbo_linux_lvds.c
omap5-sgx-ddk-linux	95208f527ec7fa0779dca9c4fb42b436df389539	7b3b71dac2fe1df94439488f9a55c81ec762d6d6	services4/3rdparty/dc_poulsbo/poulsbo_linux_lvds.c
omap5-sgx-ddk-linux	95208f527ec7fa0779dca9c4fb42b436df389539	7c40c1dc05226be9662860166d16fc346a1378d9	eurasia_km/services4/3rdparty/dc_poulsbo/poulsbo_linux_lvds.c
omap5-sgx-ddk-linux	95208f527ec7fa0779dca9c4fb42b436df389539	7c89d3433bd96d8b2755ca172e99198fa4b69c05	services4/3rdparty/dc_poulsbo/poulsbo_linux_lvds.c
omap5-sgx-ddk-linux	95208f527ec7fa0779dca9c4fb42b436df389539	7fa3c9052ddbce83a4df134e73f07c99ddc267d7	eurasia_km/services4/3rdparty/dc_poulsbo/poulsbo_linux_lvds.c
omap5-sgx-ddk-linux	95208f527ec7fa0779dca9c4fb42b436df389539	82baf103b171ce138bef79c4194497a108e22df8	eurasia_km/services4/3rdparty/dc_poulsbo/poulsbo_linux_lvds.c
omap5-sgx-ddk-linux	95208f527ec7fa0779dca9c4fb42b436df389539	83431055a561bd69f1efc49164bd789547d8ff85	services4/3rdparty/dc_poulsbo/poulsbo_linux_lvds.c
omap5-sgx-ddk-linux	95208f527ec7fa0779dca9c4fb42b436df389539	83ec439629f44bbea899bfaed1e719743d61cf01	services4/3rdparty/dc_poulsbo/poulsbo_linux_lvds.c
omap5-sgx-ddk-linux	95208f527ec7fa0779dca9c4fb42b436df389539	8526d639399e06b6e80dfa2e3dcd208d4d528550	services4/3rdparty/dc_poulsbo/poulsbo_linux_lvds.c
omap5-sgx-ddk-linux	95208f527ec7fa0779dca9c4fb42b436df389539	852a47794d2e8656045e0339cbb9bd8e06d3e7e3	eurasia_km/services4/3rdparty/dc_poulsbo/poulsbo_linux_lvds.c
omap5-sgx-ddk-linux	95208f527ec7fa0779dca9c4fb42b436df389539	855889f437250b6572c75d12696ec4a998b9aef9	eurasia_km/services4/3rdparty/dc_poulsbo/poulsbo_linux_lvds.c
omap5-sgx-ddk-linux	95208f527ec7fa0779dca9c4fb42b436df389539	8680409ad5ce44b7ce3a43916332f6a29bc711de	eurasia_km/services4/3rdparty/dc_poulsbo/poulsbo_linux_lvds.c
omap5-sgx-ddk-linux	95208f527ec7fa0779dca9c4fb42b436df389539	8d5305b03dce13f3a9a89328c69c762dcd3109a4	eurasia_km/services4/3rdparty/dc_poulsbo/poulsbo_linux_lvds.c
omap5-sgx-ddk-linux	95208f527ec7fa0779dca9c4fb42b436df389539	9027da1de0fd0742ebc9c99d851c6b9498bb81c9	services4/3rdparty/dc_poulsbo/poulsbo_linux_lvds.c
omap5-sgx-ddk-linux	95208f527ec7fa0779dca9c4fb42b436df389539	9855bcc288b2c3ef715064705f727334439556d8	eurasia_km/services4/3rdparty/dc_poulsbo/poulsbo_linux_lvds.c
omap5-sgx-ddk-linux	95208f527ec7fa0779dca9c4fb42b436df389539	9f690e5e7b6c215dc54e4a8c58b8e55cabcd394f	eurasia_km/services4/3rdparty/dc_poulsbo/poulsbo_linux_lvds.c
omap5-sgx-ddk-linux	95208f527ec7fa0779dca9c4fb42b436df389539	a0ff0e7423f26387255e1c9205f6664a954b15ef	services4/3rdparty/dc_poulsbo/poulsbo_linux_lvds.c
omap5-sgx-ddk-linux	95208f527ec7fa0779dca9c4fb42b436df389539	a19b99beae63ed2a56e792f1b5e80437c22f8f89	services4/3rdparty/dc_poulsbo/poulsbo_linux_lvds.c
omap5-sgx-ddk-linux	95208f527ec7fa0779dca9c4fb42b436df389539	a3084c34f54696e5ac56e95e977dfb649e283a4b	services4/3rdparty/dc_poulsbo/poulsbo_linux_lvds.c
omap5-sgx-ddk-linux	95208f527ec7fa0779dca9c4fb42b436df389539	a5a0fe1799cabfa1278321b667263cf3fa2cf32f	eurasia_km/services4/3rdparty/dc_poulsbo/poulsbo_linux_lvds.c
omap5-sgx-ddk-linux	95208f527ec7fa0779dca9c4fb42b436df389539	a90f89f4a2f2e8a05894d807de4db63ebf62a392	eurasia_km/services4/3rdparty/dc_poulsbo/poulsbo_linux_lvds.c
omap5-sgx-ddk-linux	95208f527ec7fa0779dca9c4fb42b436df389539	a99c2cef71407bf63db49af96e43cfdd8c7b3b7a	services4/3rdparty/dc_poulsbo/poulsbo_linux_lvds.c
omap5-sgx-ddk-linux	95208f527ec7fa0779dca9c4fb42b436df389539	ac8a883f35bd7049454575eab28d227e8f71aa9b	services4/3rdparty/dc_poulsbo/poulsbo_linux_lvds.c
omap5-sgx-ddk-linux	95208f527ec7fa0779dca9c4fb42b436df389539	ad511f2798f45eab3c44826fdd860811cce4b1f6	services4/3rdparty/dc_poulsbo/poulsbo_linux_lvds.c
omap5-sgx-ddk-linux	95208f527ec7fa0779dca9c4fb42b436df389539	b144fa4b97cb69e54cabaad62daffcd4b5497c29	eurasia_km/services4/3rdparty/dc_poulsbo/poulsbo_linux_lvds.c
omap5-sgx-ddk-linux	95208f527ec7fa0779dca9c4fb42b436df389539	b42208fb9ad30f288ebf968a994a46f3fcf90136	services4/3rdparty/dc_poulsbo/poulsbo_linux_lvds.c
omap5-sgx-ddk-linux	95208f527ec7fa0779dca9c4fb42b436df389539	b45658fb2090a579e48942909f3865152f82e1ca	services4/3rdparty/dc_poulsbo/poulsbo_linux_lvds.c
omap5-sgx-ddk-linux	95208f527ec7fa0779dca9c4fb42b436df389539	b630d462f5fbb86e5f98965ba1af35da1207822f	eurasia_km/services4/3rdparty/dc_poulsbo/poulsbo_linux_lvds.c
omap5-sgx-ddk-linux	95208f527ec7fa0779dca9c4fb42b436df389539	b83e2affbaeb0c2c7a010b3eacc3f0d3b0f7669a	services4/3rdparty/dc_poulsbo/poulsbo_linux_lvds.c
omap5-sgx-ddk-linux	95208f527ec7fa0779dca9c4fb42b436df389539	b89ffe29648d567a28ce5275aa1fbbd584d6a02c	services4/3rdparty/dc_poulsbo/poulsbo_linux_lvds.c
omap5-sgx-ddk-linux	95208f527ec7fa0779dca9c4fb42b436df389539	bc3128527024bd76f9ab4d8d7db13ad65a24458b	eurasia_km/services4/3rdparty/dc_poulsbo/poulsbo_linux_lvds.c
omap5-sgx-ddk-linux	95208f527ec7fa0779dca9c4fb42b436df389539	bcb809355f813337f2ca2640b4fa405eaf8097da	eurasia_km/services4/3rdparty/dc_poulsbo/poulsbo_linux_lvds.c
omap5-sgx-ddk-linux	95208f527ec7fa0779dca9c4fb42b436df389539	c13efb766a8fc680374ae7affc6df535f823bacb	eurasia_km/services4/3rdparty/dc_poulsbo/poulsbo_linux_lvds.c
omap5-sgx-ddk-linux	95208f527ec7fa0779dca9c4fb42b436df389539	c8d280c2842bf4b1fdc63f5efd89595807c0a254	eurasia_km/services4/3rdparty/dc_poulsbo/poulsbo_linux_lvds.c
omap5-sgx-ddk-linux	95208f527ec7fa0779dca9c4fb42b436df389539	cb46ba4d0c900f89f7ec0284f9803d476bfa98de	eurasia_km/services4/3rdparty/dc_poulsbo/poulsbo_linux_lvds.c
omap5-sgx-ddk-linux	95208f527ec7fa0779dca9c4fb42b436df389539	cbcf497bee4c86a3142f7ed0c2de672e5a96682e	services4/3rdparty/dc_poulsbo/poulsbo_linux_lvds.c
omap5-sgx-ddk-linux	95208f527ec7fa0779dca9c4fb42b436df389539	cc73af59a34f938f09e84b1004679e9b1a5973f2	services4/3rdparty/dc_poulsbo/poulsbo_linux_lvds.c
omap5-sgx-ddk-linux	95208f527ec7fa0779dca9c4fb42b436df389539	cff8103dca22c75fdb612fd431056ea0f4d4ff65	services4/3rdparty/dc_poulsbo/poulsbo_linux_lvds.c
omap5-sgx-ddk-linux	95208f527ec7fa0779dca9c4fb42b436df389539	d1d4d86e553a9bf56e0b5a25b280ab581ab15586	eurasia_km/services4/3rdparty/dc_poulsbo/poulsbo_linux_lvds.c
omap5-sgx-ddk-linux	95208f527ec7fa0779dca9c4fb42b436df389539	d230b32f421120c1d1a588cbf82e9a70950391f9	eurasia_km/services4/3rdparty/dc_poulsbo/poulsbo_linux_lvds.c
omap5-sgx-ddk-linux	95208f527ec7fa0779dca9c4fb42b436df389539	d2b3959738cfcc6209e8e882d1989de790866c8f	eurasia_km/services4/3rdparty/dc_poulsbo/poulsbo_linux_lvds.c
omap5-sgx-ddk-linux	95208f527ec7fa0779dca9c4fb42b436df389539	d77c3b2ee61b6d22706a66bd625b689a74db3c89	services4/3rdparty/dc_poulsbo/poulsbo_linux_lvds.c
omap5-sgx-ddk-linux	95208f527ec7fa0779dca9c4fb42b436df389539	e33760c18dbffa409d9da6a11e95083921b03af0	services4/3rdparty/dc_poulsbo/poulsbo_linux_lvds.c
omap5-sgx-ddk-linux	95208f527ec7fa0779dca9c4fb42b436df389539	e68719ba7c54602c710b6615cd665f5b7f47f85e	eurasia_km/services4/3rdparty/dc_poulsbo/poulsbo_linux_lvds.c
omap5-sgx-ddk-linux	95208f527ec7fa0779dca9c4fb42b436df389539	ea2ae0444f3643ea608f49eca2c880b8432ef62a	eurasia_km/services4/3rdparty/dc_poulsbo/poulsbo_linux_lvds.c
omap5-sgx-ddk-linux	95208f527ec7fa0779dca9c4fb42b436df389539	eb2a06ca205ce150edc819b5757f2ee8514e259f	services4/3rdparty/dc_poulsbo/poulsbo_linux_lvds.c
omap5-sgx-ddk-linux	95208f527ec7fa0779dca9c4fb42b436df389539	ebafbb34ad24cc10b4e402d1a2f2f8806343a3a8	services4/3rdparty/dc_poulsbo/poulsbo_linux_lvds.c
omap5-sgx-ddk-linux	95208f527ec7fa0779dca9c4fb42b436df389539	f0c729c54ad45dc4b2d2c83317545a1ef9de1cc5	eurasia_km/services4/3rdparty/dc_poulsbo/poulsbo_linux_lvds.c
omap5-sgx-ddk-linux	95208f527ec7fa0779dca9c4fb42b436df389539	f32b645d4eea5f89a15132cb336b346dccd8f07e	services4/3rdparty/dc_poulsbo/poulsbo_linux_lvds.c
omap5-sgx-ddk-linux	95208f527ec7fa0779dca9c4fb42b436df389539	fd47e44b18944cf7ade480ac67a9c0172619ff7e	eurasia_km/services4/3rdparty/dc_poulsbo/poulsbo_linux_lvds.c
omap5-sgx-ddk-linux	95208f527ec7fa0779dca9c4fb42b436df389539	fed0756f1b8b9d526da2821635c7d742989d47c3	eurasia_km/services4/3rdparty/dc_poulsbo/poulsbo_linux_lvds.c
omap5-sgx-ddk-linux	99f7a91f5ab37785248c64ef7787f9f1d0e908dd	0086977380d3320d70a3abc78b95fa0641427073	eurasia_km/services4/3rdparty/dc_poulsbo/poulsbo_linux.c
omap5-sgx-ddk-linux	99f7a91f5ab37785248c64ef7787f9f1d0e908dd	00feb97c35003dac20c0d4c1935fa99660a0454f	services4/3rdparty/dc_poulsbo/poulsbo_linux.c
omap5-sgx-ddk-linux	99f7a91f5ab37785248c64ef7787f9f1d0e908dd	0182806f070bf1c7dcbe357355105d795f36d0c5	eurasia_km/services4/3rdparty/dc_poulsbo/poulsbo_linux.c
omap5-sgx-ddk-linux	99f7a91f5ab37785248c64ef7787f9f1d0e908dd	02545fd29aecdb1a3de8c554ab75797336b5a8e2	services4/3rdparty/dc_poulsbo/poulsbo_linux.c
omap5-sgx-ddk-linux	99f7a91f5ab37785248c64ef7787f9f1d0e908dd	03e3a7dca1ae197e43f16a354c43fd9d64e8ec5b	eurasia_km/services4/3rdparty/dc_poulsbo/poulsbo_linux.c
omap5-sgx-ddk-linux	99f7a91f5ab37785248c64ef7787f9f1d0e908dd	0739fc4f8b5e39eb1365e6f6c6afe9b493d5d782	services4/3rdparty/dc_poulsbo/poulsbo_linux.c
omap5-sgx-ddk-linux	99f7a91f5ab37785248c64ef7787f9f1d0e908dd	0f1b63995057a714592ef26e28989ec4da8a4ed5	services4/3rdparty/dc_poulsbo/poulsbo_linux.c
omap5-sgx-ddk-linux	99f7a91f5ab37785248c64ef7787f9f1d0e908dd	0f2b79401e3565c1824f86bb96672b67ff1f1cf6	eurasia_km/services4/3rdparty/dc_poulsbo/poulsbo_linux.c
omap5-sgx-ddk-linux	99f7a91f5ab37785248c64ef7787f9f1d0e908dd	0faba9b9d4e55ca9bbd601ceac79526d9b3b602f	eurasia_km/services4/3rdparty/dc_poulsbo/poulsbo_linux.c
omap5-sgx-ddk-linux	99f7a91f5ab37785248c64ef7787f9f1d0e908dd	106ddd54843dd05b77b57df4a72b327684916ef5	eurasia_km/services4/3rdparty/dc_poulsbo/poulsbo_linux.c
omap5-sgx-ddk-linux	99f7a91f5ab37785248c64ef7787f9f1d0e908dd	1a6db182eb71299645807f54f687be014b557798	eurasia_km/services4/3rdparty/dc_poulsbo/poulsbo_linux.c
omap5-sgx-ddk-linux	99f7a91f5ab37785248c64ef7787f9f1d0e908dd	200868f7e5d37057eef03a87f18b593844ccc812	services4/3rdparty/dc_poulsbo/poulsbo_linux.c
omap5-sgx-ddk-linux	99f7a91f5ab37785248c64ef7787f9f1d0e908dd	204d10d1ac5b71cd0329dd9d59459d89630def1d	eurasia_km/services4/3rdparty/dc_poulsbo/poulsbo_linux.c
omap5-sgx-ddk-linux	99f7a91f5ab37785248c64ef7787f9f1d0e908dd	20f805c1c37aed9a2e3c9606a373722c817e1d4b	services4/3rdparty/dc_poulsbo/poulsbo_linux.c
omap5-sgx-ddk-linux	99f7a91f5ab37785248c64ef7787f9f1d0e908dd	256694cbc12bf1b13a6c2714372c603d6f3845b1	eurasia_km/services4/3rdparty/dc_poulsbo/poulsbo_linux.c
omap5-sgx-ddk-linux	99f7a91f5ab37785248c64ef7787f9f1d0e908dd	27f8b72796622b1b59ff82bc988c5949de11ce80	services4/3rdparty/dc_poulsbo/poulsbo_linux.c
omap5-sgx-ddk-linux	99f7a91f5ab37785248c64ef7787f9f1d0e908dd	29115f91063c25292cf8f973622433f576d01164	eurasia_km/services4/3rdparty/dc_poulsbo/poulsbo_linux.c
omap5-sgx-ddk-linux	99f7a91f5ab37785248c64ef7787f9f1d0e908dd	298a29a109a890cd9b0735ee7da1783efe5a6bed	services4/3rdparty/dc_poulsbo/poulsbo_linux.c
omap5-sgx-ddk-linux	99f7a91f5ab37785248c64ef7787f9f1d0e908dd	2c407d34e45398cbb029c4299b78af3a1ed991b7	services4/3rdparty/dc_poulsbo/poulsbo_linux.c
omap5-sgx-ddk-linux	99f7a91f5ab37785248c64ef7787f9f1d0e908dd	2d4a2cf221a34a32dc71ab0e017f3b9a8e974a21	eurasia_km/services4/3rdparty/dc_poulsbo/poulsbo_linux.c
omap5-sgx-ddk-linux	99f7a91f5ab37785248c64ef7787f9f1d0e908dd	33623289ac5281a4567e49429f9ca24c3f36d927	services4/3rdparty/dc_poulsbo/poulsbo_linux.c
omap5-sgx-ddk-linux	99f7a91f5ab37785248c64ef7787f9f1d0e908dd	37502630b9b5fa4f4f412837694eb133ab28cc30	eurasia_km/services4/3rdparty/dc_poulsbo/poulsbo_linux.c
omap5-sgx-ddk-linux	99f7a91f5ab37785248c64ef7787f9f1d0e908dd	375b47e32ab9dd48861a653ef0134ca9ae836035	services4/3rdparty/dc_poulsbo/poulsbo_linux.c
omap5-sgx-ddk-linux	99f7a91f5ab37785248c64ef7787f9f1d0e908dd	3a5f9a5a7f6e00bf9937d36f334dd100543acea3	services4/3rdparty/dc_poulsbo/poulsbo_linux.c
omap5-sgx-ddk-linux	99f7a91f5ab37785248c64ef7787f9f1d0e908dd	3cd845e5603692c325c302e4b77634830c355cfb	eurasia_km/services4/3rdparty/dc_poulsbo/poulsbo_linux.c
omap5-sgx-ddk-linux	99f7a91f5ab37785248c64ef7787f9f1d0e908dd	3d15fac4bbb06a6987421f995d87d2ee3331156c	services4/3rdparty/dc_poulsbo/poulsbo_linux.c
omap5-sgx-ddk-linux	99f7a91f5ab37785248c64ef7787f9f1d0e908dd	3d3d480d8de6effc9136329a5cf5db9a8d7eaace	eurasia_km/services4/3rdparty/dc_poulsbo/poulsbo_linux.c
omap5-sgx-ddk-linux	99f7a91f5ab37785248c64ef7787f9f1d0e908dd	3d5e9c9074b25dc6567449ca0c11d9066b2db2dc	eurasia_km/services4/3rdparty/dc_poulsbo/poulsbo_linux.c
omap5-sgx-ddk-linux	99f7a91f5ab37785248c64ef7787f9f1d0e908dd	426874836d3d9ec2ad21d1741df87a2234e75ebf	services4/3rdparty/dc_poulsbo/poulsbo_linux.c
omap5-sgx-ddk-linux	99f7a91f5ab37785248c64ef7787f9f1d0e908dd	45415cca38dbb5ae081cdd14dc0c8adb36b8979b	eurasia_km/services4/3rdparty/dc_poulsbo/poulsbo_linux.c
omap5-sgx-ddk-linux	99f7a91f5ab37785248c64ef7787f9f1d0e908dd	4548afa3d08df5fb980ad36df5e1d0a63812aa90	eurasia_km/services4/3rdparty/dc_poulsbo/poulsbo_linux.c
omap5-sgx-ddk-linux	99f7a91f5ab37785248c64ef7787f9f1d0e908dd	4ac887b09a0209de3d1f950e00ae184872822583	eurasia_km/services4/3rdparty/dc_poulsbo/poulsbo_linux.c
omap5-sgx-ddk-linux	99f7a91f5ab37785248c64ef7787f9f1d0e908dd	4ef19c1aed27ed74fce318b329c7707abbba5bd2	services4/3rdparty/dc_poulsbo/poulsbo_linux.c
omap5-sgx-ddk-linux	99f7a91f5ab37785248c64ef7787f9f1d0e908dd	50a6e8fb26b0fb5160e1ffac8f0a414a69570863	eurasia_km/services4/3rdparty/dc_poulsbo/poulsbo_linux.c
omap5-sgx-ddk-linux	99f7a91f5ab37785248c64ef7787f9f1d0e908dd	5433b1b54e5725ba79bd5a70837e5349fc40f75d	eurasia_km/services4/3rdparty/dc_poulsbo/poulsbo_linux.c
omap5-sgx-ddk-linux	99f7a91f5ab37785248c64ef7787f9f1d0e908dd	5a08785fee8404223a42de14dea1d9bbc608dfc2	services4/3rdparty/dc_poulsbo/poulsbo_linux.c
omap5-sgx-ddk-linux	99f7a91f5ab37785248c64ef7787f9f1d0e908dd	5bb795ce754bd8eb1a2b3ffd581f2d2ed4dacdb0	services4/3rdparty/dc_poulsbo/poulsbo_linux.c
omap5-sgx-ddk-linux	99f7a91f5ab37785248c64ef7787f9f1d0e908dd	5c5ebf1f25d669cd56d954bf962f3ffb9a730422	services4/3rdparty/dc_poulsbo/poulsbo_linux.c
omap5-sgx-ddk-linux	99f7a91f5ab37785248c64ef7787f9f1d0e908dd	5db485fa5350cd4228e5574fff54aae0edfa4948	services4/3rdparty/dc_poulsbo/poulsbo_linux.c
omap5-sgx-ddk-linux	99f7a91f5ab37785248c64ef7787f9f1d0e908dd	5dcb3b098055e2eab101696de930bfb95628356d	eurasia_km/services4/3rdparty/dc_poulsbo/poulsbo_linux.c
omap5-sgx-ddk-linux	99f7a91f5ab37785248c64ef7787f9f1d0e908dd	60bf27ff0ba6079df13813a11c81ff96056715ed	eurasia_km/services4/3rdparty/dc_poulsbo/poulsbo_linux.c
omap5-sgx-ddk-linux	99f7a91f5ab37785248c64ef7787f9f1d0e908dd	62a7820fd10ae90e2752dbc235e461bf4346f238	services4/3rdparty/dc_poulsbo/poulsbo_linux.c
omap5-sgx-ddk-linux	99f7a91f5ab37785248c64ef7787f9f1d0e908dd	63f064dcc4d373e51b1b1763c70bb70bd3b51668	services4/3rdparty/dc_poulsbo/poulsbo_linux.c
omap5-sgx-ddk-linux	99f7a91f5ab37785248c64ef7787f9f1d0e908dd	6df5246430cc7c3c615081ee78ab0ed5b786a0dc	eurasia_km/services4/3rdparty/dc_poulsbo/poulsbo_linux.c
omap5-sgx-ddk-linux	99f7a91f5ab37785248c64ef7787f9f1d0e908dd	70fd434b18cc579b15211813d01cd1bad2bf9440	services4/3rdparty/dc_poulsbo/poulsbo_linux.c
omap5-sgx-ddk-linux	99f7a91f5ab37785248c64ef7787f9f1d0e908dd	730d2b4891ddcf9292f9e7282e9d1ab6ea9dd54b	eurasia_km/services4/3rdparty/dc_poulsbo/poulsbo_linux.c
omap5-sgx-ddk-linux	99f7a91f5ab37785248c64ef7787f9f1d0e908dd	743c007813d709836cca97c048ef1a1c25982c22	services4/3rdparty/dc_poulsbo/poulsbo_linux.c
omap5-sgx-ddk-linux	99f7a91f5ab37785248c64ef7787f9f1d0e908dd	75516a5f2d4ce36777fc22bd1b20445259d07737	services4/3rdparty/dc_poulsbo/poulsbo_linux.c
omap5-sgx-ddk-linux	99f7a91f5ab37785248c64ef7787f9f1d0e908dd	766b6004db9a7227aa736dc30de2e6316e2be7f6	eurasia_km/services4/3rdparty/dc_poulsbo/poulsbo_linux.c
omap5-sgx-ddk-linux	99f7a91f5ab37785248c64ef7787f9f1d0e908dd	769605f232660fb7a3b037424b9eb77709633506	eurasia_km/services4/3rdparty/dc_poulsbo/poulsbo_linux.c
omap5-sgx-ddk-linux	99f7a91f5ab37785248c64ef7787f9f1d0e908dd	76da7d73976f0a5dc04fdc84a3af899d6c2b1fe2	eurasia_km/services4/3rdparty/dc_poulsbo/poulsbo_linux.c
omap5-sgx-ddk-linux	99f7a91f5ab37785248c64ef7787f9f1d0e908dd	78db3c65b9dafb802be133c7b14f8ed432e1fb78	services4/3rdparty/dc_poulsbo/poulsbo_linux.c
omap5-sgx-ddk-linux	99f7a91f5ab37785248c64ef7787f9f1d0e908dd	7b3b71dac2fe1df94439488f9a55c81ec762d6d6	services4/3rdparty/dc_poulsbo/poulsbo_linux.c
omap5-sgx-ddk-linux	99f7a91f5ab37785248c64ef7787f9f1d0e908dd	7c40c1dc05226be9662860166d16fc346a1378d9	eurasia_km/services4/3rdparty/dc_poulsbo/poulsbo_linux.c
omap5-sgx-ddk-linux	99f7a91f5ab37785248c64ef7787f9f1d0e908dd	7c89d3433bd96d8b2755ca172e99198fa4b69c05	services4/3rdparty/dc_poulsbo/poulsbo_linux.c
omap5-sgx-ddk-linux	99f7a91f5ab37785248c64ef7787f9f1d0e908dd	7fa3c9052ddbce83a4df134e73f07c99ddc267d7	eurasia_km/services4/3rdparty/dc_poulsbo/poulsbo_linux.c
omap5-sgx-ddk-linux	99f7a91f5ab37785248c64ef7787f9f1d0e908dd	82baf103b171ce138bef79c4194497a108e22df8	eurasia_km/services4/3rdparty/dc_poulsbo/poulsbo_linux.c
omap5-sgx-ddk-linux	99f7a91f5ab37785248c64ef7787f9f1d0e908dd	83431055a561bd69f1efc49164bd789547d8ff85	services4/3rdparty/dc_poulsbo/poulsbo_linux.c
omap5-sgx-ddk-linux	99f7a91f5ab37785248c64ef7787f9f1d0e908dd	83ec439629f44bbea899bfaed1e719743d61cf01	services4/3rdparty/dc_poulsbo/poulsbo_linux.c
omap5-sgx-ddk-linux	99f7a91f5ab37785248c64ef7787f9f1d0e908dd	8526d639399e06b6e80dfa2e3dcd208d4d528550	services4/3rdparty/dc_poulsbo/poulsbo_linux.c
omap5-sgx-ddk-linux	99f7a91f5ab37785248c64ef7787f9f1d0e908dd	852a47794d2e8656045e0339cbb9bd8e06d3e7e3	eurasia_km/services4/3rdparty/dc_poulsbo/poulsbo_linux.c
omap5-sgx-ddk-linux	99f7a91f5ab37785248c64ef7787f9f1d0e908dd	855889f437250b6572c75d12696ec4a998b9aef9	eurasia_km/services4/3rdparty/dc_poulsbo/poulsbo_linux.c
omap5-sgx-ddk-linux	99f7a91f5ab37785248c64ef7787f9f1d0e908dd	8680409ad5ce44b7ce3a43916332f6a29bc711de	eurasia_km/services4/3rdparty/dc_poulsbo/poulsbo_linux.c
omap5-sgx-ddk-linux	99f7a91f5ab37785248c64ef7787f9f1d0e908dd	8d5305b03dce13f3a9a89328c69c762dcd3109a4	eurasia_km/services4/3rdparty/dc_poulsbo/poulsbo_linux.c
omap5-sgx-ddk-linux	99f7a91f5ab37785248c64ef7787f9f1d0e908dd	9027da1de0fd0742ebc9c99d851c6b9498bb81c9	services4/3rdparty/dc_poulsbo/poulsbo_linux.c
omap5-sgx-ddk-linux	99f7a91f5ab37785248c64ef7787f9f1d0e908dd	9855bcc288b2c3ef715064705f727334439556d8	eurasia_km/services4/3rdparty/dc_poulsbo/poulsbo_linux.c
omap5-sgx-ddk-linux	99f7a91f5ab37785248c64ef7787f9f1d0e908dd	9f690e5e7b6c215dc54e4a8c58b8e55cabcd394f	eurasia_km/services4/3rdparty/dc_poulsbo/poulsbo_linux.c
omap5-sgx-ddk-linux	99f7a91f5ab37785248c64ef7787f9f1d0e908dd	a0ff0e7423f26387255e1c9205f6664a954b15ef	services4/3rdparty/dc_poulsbo/poulsbo_linux.c
omap5-sgx-ddk-linux	99f7a91f5ab37785248c64ef7787f9f1d0e908dd	a19b99beae63ed2a56e792f1b5e80437c22f8f89	services4/3rdparty/dc_poulsbo/poulsbo_linux.c
omap5-sgx-ddk-linux	99f7a91f5ab37785248c64ef7787f9f1d0e908dd	a3084c34f54696e5ac56e95e977dfb649e283a4b	services4/3rdparty/dc_poulsbo/poulsbo_linux.c
omap5-sgx-ddk-linux	99f7a91f5ab37785248c64ef7787f9f1d0e908dd	a5a0fe1799cabfa1278321b667263cf3fa2cf32f	eurasia_km/services4/3rdparty/dc_poulsbo/poulsbo_linux.c
omap5-sgx-ddk-linux	99f7a91f5ab37785248c64ef7787f9f1d0e908dd	a90f89f4a2f2e8a05894d807de4db63ebf62a392	eurasia_km/services4/3rdparty/dc_poulsbo/poulsbo_linux.c
omap5-sgx-ddk-linux	99f7a91f5ab37785248c64ef7787f9f1d0e908dd	a99c2cef71407bf63db49af96e43cfdd8c7b3b7a	services4/3rdparty/dc_poulsbo/poulsbo_linux.c
omap5-sgx-ddk-linux	99f7a91f5ab37785248c64ef7787f9f1d0e908dd	ac8a883f35bd7049454575eab28d227e8f71aa9b	services4/3rdparty/dc_poulsbo/poulsbo_linux.c
omap5-sgx-ddk-linux	99f7a91f5ab37785248c64ef7787f9f1d0e908dd	ad511f2798f45eab3c44826fdd860811cce4b1f6	services4/3rdparty/dc_poulsbo/poulsbo_linux.c
omap5-sgx-ddk-linux	99f7a91f5ab37785248c64ef7787f9f1d0e908dd	b144fa4b97cb69e54cabaad62daffcd4b5497c29	eurasia_km/services4/3rdparty/dc_poulsbo/poulsbo_linux.c
omap5-sgx-ddk-linux	99f7a91f5ab37785248c64ef7787f9f1d0e908dd	b42208fb9ad30f288ebf968a994a46f3fcf90136	services4/3rdparty/dc_poulsbo/poulsbo_linux.c
omap5-sgx-ddk-linux	99f7a91f5ab37785248c64ef7787f9f1d0e908dd	b45658fb2090a579e48942909f3865152f82e1ca	services4/3rdparty/dc_poulsbo/poulsbo_linux.c
omap5-sgx-ddk-linux	99f7a91f5ab37785248c64ef7787f9f1d0e908dd	b630d462f5fbb86e5f98965ba1af35da1207822f	eurasia_km/services4/3rdparty/dc_poulsbo/poulsbo_linux.c
omap5-sgx-ddk-linux	99f7a91f5ab37785248c64ef7787f9f1d0e908dd	b83e2affbaeb0c2c7a010b3eacc3f0d3b0f7669a	services4/3rdparty/dc_poulsbo/poulsbo_linux.c
omap5-sgx-ddk-linux	99f7a91f5ab37785248c64ef7787f9f1d0e908dd	b89ffe29648d567a28ce5275aa1fbbd584d6a02c	services4/3rdparty/dc_poulsbo/poulsbo_linux.c
omap5-sgx-ddk-linux	99f7a91f5ab37785248c64ef7787f9f1d0e908dd	bc3128527024bd76f9ab4d8d7db13ad65a24458b	eurasia_km/services4/3rdparty/dc_poulsbo/poulsbo_linux.c
omap5-sgx-ddk-linux	99f7a91f5ab37785248c64ef7787f9f1d0e908dd	bcb809355f813337f2ca2640b4fa405eaf8097da	eurasia_km/services4/3rdparty/dc_poulsbo/poulsbo_linux.c
omap5-sgx-ddk-linux	99f7a91f5ab37785248c64ef7787f9f1d0e908dd	c13efb766a8fc680374ae7affc6df535f823bacb	eurasia_km/services4/3rdparty/dc_poulsbo/poulsbo_linux.c
omap5-sgx-ddk-linux	99f7a91f5ab37785248c64ef7787f9f1d0e908dd	c8d280c2842bf4b1fdc63f5efd89595807c0a254	eurasia_km/services4/3rdparty/dc_poulsbo/poulsbo_linux.c
omap5-sgx-ddk-linux	99f7a91f5ab37785248c64ef7787f9f1d0e908dd	cb46ba4d0c900f89f7ec0284f9803d476bfa98de	eurasia_km/services4/3rdparty/dc_poulsbo/poulsbo_linux.c
omap5-sgx-ddk-linux	99f7a91f5ab37785248c64ef7787f9f1d0e908dd	cbcf497bee4c86a3142f7ed0c2de672e5a96682e	services4/3rdparty/dc_poulsbo/poulsbo_linux.c
omap5-sgx-ddk-linux	99f7a91f5ab37785248c64ef7787f9f1d0e908dd	cc73af59a34f938f09e84b1004679e9b1a5973f2	services4/3rdparty/dc_poulsbo/poulsbo_linux.c
omap5-sgx-ddk-linux	99f7a91f5ab37785248c64ef7787f9f1d0e908dd	cff8103dca22c75fdb612fd431056ea0f4d4ff65	services4/3rdparty/dc_poulsbo/poulsbo_linux.c
omap5-sgx-ddk-linux	99f7a91f5ab37785248c64ef7787f9f1d0e908dd	d1d4d86e553a9bf56e0b5a25b280ab581ab15586	eurasia_km/services4/3rdparty/dc_poulsbo/poulsbo_linux.c
omap5-sgx-ddk-linux	99f7a91f5ab37785248c64ef7787f9f1d0e908dd	d230b32f421120c1d1a588cbf82e9a70950391f9	eurasia_km/services4/3rdparty/dc_poulsbo/poulsbo_linux.c
omap5-sgx-ddk-linux	99f7a91f5ab37785248c64ef7787f9f1d0e908dd	d2b3959738cfcc6209e8e882d1989de790866c8f	eurasia_km/services4/3rdparty/dc_poulsbo/poulsbo_linux.c
omap5-sgx-ddk-linux	99f7a91f5ab37785248c64ef7787f9f1d0e908dd	d77c3b2ee61b6d22706a66bd625b689a74db3c89	services4/3rdparty/dc_poulsbo/poulsbo_linux.c
omap5-sgx-ddk-linux	99f7a91f5ab37785248c64ef7787f9f1d0e908dd	e33760c18dbffa409d9da6a11e95083921b03af0	services4/3rdparty/dc_poulsbo/poulsbo_linux.c
omap5-sgx-ddk-linux	99f7a91f5ab37785248c64ef7787f9f1d0e908dd	e68719ba7c54602c710b6615cd665f5b7f47f85e	eurasia_km/services4/3rdparty/dc_poulsbo/poulsbo_linux.c
omap5-sgx-ddk-linux	99f7a91f5ab37785248c64ef7787f9f1d0e908dd	ea2ae0444f3643ea608f49eca2c880b8432ef62a	eurasia_km/services4/3rdparty/dc_poulsbo/poulsbo_linux.c
omap5-sgx-ddk-linux	99f7a91f5ab37785248c64ef7787f9f1d0e908dd	eb2a06ca205ce150edc819b5757f2ee8514e259f	services4/3rdparty/dc_poulsbo/poulsbo_linux.c
omap5-sgx-ddk-linux	99f7a91f5ab37785248c64ef7787f9f1d0e908dd	ebafbb34ad24cc10b4e402d1a2f2f8806343a3a8	services4/3rdparty/dc_poulsbo/poulsbo_linux.c
omap5-sgx-ddk-linux	99f7a91f5ab37785248c64ef7787f9f1d0e908dd	f0c729c54ad45dc4b2d2c83317545a1ef9de1cc5	eurasia_km/services4/3rdparty/dc_poulsbo/poulsbo_linux.c
omap5-sgx-ddk-linux	99f7a91f5ab37785248c64ef7787f9f1d0e908dd	f32b645d4eea5f89a15132cb336b346dccd8f07e	services4/3rdparty/dc_poulsbo/poulsbo_linux.c
omap5-sgx-ddk-linux	99f7a91f5ab37785248c64ef7787f9f1d0e908dd	fd47e44b18944cf7ade480ac67a9c0172619ff7e	eurasia_km/services4/3rdparty/dc_poulsbo/poulsbo_linux.c
omap5-sgx-ddk-linux	99f7a91f5ab37785248c64ef7787f9f1d0e908dd	fed0756f1b8b9d526da2821635c7d742989d47c3	eurasia_km/services4/3rdparty/dc_poulsbo/poulsbo_linux.c
omap5-sgx-ddk-linux	9c252ce8ae5d5a2de681294ad8bfd338cea95469	0086977380d3320d70a3abc78b95fa0641427073	eurasia_km/services4/system/poulsbo/sysconfig.c
omap5-sgx-ddk-linux	9c252ce8ae5d5a2de681294ad8bfd338cea95469	00feb97c35003dac20c0d4c1935fa99660a0454f	services4/system/poulsbo/sysconfig.c
omap5-sgx-ddk-linux	9c252ce8ae5d5a2de681294ad8bfd338cea95469	0182806f070bf1c7dcbe357355105d795f36d0c5	eurasia_km/services4/system/poulsbo/sysconfig.c
omap5-sgx-ddk-linux	9c252ce8ae5d5a2de681294ad8bfd338cea95469	02545fd29aecdb1a3de8c554ab75797336b5a8e2	services4/system/poulsbo/sysconfig.c
omap5-sgx-ddk-linux	9c252ce8ae5d5a2de681294ad8bfd338cea95469	03e3a7dca1ae197e43f16a354c43fd9d64e8ec5b	eurasia_km/services4/system/poulsbo/sysconfig.c
omap5-sgx-ddk-linux	9c252ce8ae5d5a2de681294ad8bfd338cea95469	0739fc4f8b5e39eb1365e6f6c6afe9b493d5d782	services4/system/poulsbo/sysconfig.c
omap5-sgx-ddk-linux	9c252ce8ae5d5a2de681294ad8bfd338cea95469	0f1b63995057a714592ef26e28989ec4da8a4ed5	services4/system/poulsbo/sysconfig.c
omap5-sgx-ddk-linux	9c252ce8ae5d5a2de681294ad8bfd338cea95469	0f2b79401e3565c1824f86bb96672b67ff1f1cf6	eurasia_km/services4/system/poulsbo/sysconfig.c
omap5-sgx-ddk-linux	9c252ce8ae5d5a2de681294ad8bfd338cea95469	0faba9b9d4e55ca9bbd601ceac79526d9b3b602f	eurasia_km/services4/system/poulsbo/sysconfig.c
omap5-sgx-ddk-linux	9c252ce8ae5d5a2de681294ad8bfd338cea95469	106ddd54843dd05b77b57df4a72b327684916ef5	eurasia_km/services4/system/poulsbo/sysconfig.c
omap5-sgx-ddk-linux	9c252ce8ae5d5a2de681294ad8bfd338cea95469	1a6db182eb71299645807f54f687be014b557798	eurasia_km/services4/system/poulsbo/sysconfig.c
omap5-sgx-ddk-linux	9c252ce8ae5d5a2de681294ad8bfd338cea95469	200868f7e5d37057eef03a87f18b593844ccc812	services4/system/poulsbo/sysconfig.c
omap5-sgx-ddk-linux	9c252ce8ae5d5a2de681294ad8bfd338cea95469	204d10d1ac5b71cd0329dd9d59459d89630def1d	eurasia_km/services4/system/poulsbo/sysconfig.c
omap5-sgx-ddk-linux	9c252ce8ae5d5a2de681294ad8bfd338cea95469	20f805c1c37aed9a2e3c9606a373722c817e1d4b	services4/system/poulsbo/sysconfig.c
omap5-sgx-ddk-linux	9c252ce8ae5d5a2de681294ad8bfd338cea95469	256694cbc12bf1b13a6c2714372c603d6f3845b1	eurasia_km/services4/system/poulsbo/sysconfig.c
omap5-sgx-ddk-linux	9c252ce8ae5d5a2de681294ad8bfd338cea95469	27f8b72796622b1b59ff82bc988c5949de11ce80	services4/system/poulsbo/sysconfig.c
omap5-sgx-ddk-linux	9c252ce8ae5d5a2de681294ad8bfd338cea95469	29115f91063c25292cf8f973622433f576d01164	eurasia_km/services4/system/poulsbo/sysconfig.c
omap5-sgx-ddk-linux	9c252ce8ae5d5a2de681294ad8bfd338cea95469	298a29a109a890cd9b0735ee7da1783efe5a6bed	services4/system/poulsbo/sysconfig.c
omap5-sgx-ddk-linux	9c252ce8ae5d5a2de681294ad8bfd338cea95469	2c407d34e45398cbb029c4299b78af3a1ed991b7	services4/system/poulsbo/sysconfig.c
omap5-sgx-ddk-linux	9c252ce8ae5d5a2de681294ad8bfd338cea95469	2d4a2cf221a34a32dc71ab0e017f3b9a8e974a21	eurasia_km/services4/system/poulsbo/sysconfig.c
omap5-sgx-ddk-linux	9c252ce8ae5d5a2de681294ad8bfd338cea95469	33623289ac5281a4567e49429f9ca24c3f36d927	services4/system/poulsbo/sysconfig.c
omap5-sgx-ddk-linux	9c252ce8ae5d5a2de681294ad8bfd338cea95469	37502630b9b5fa4f4f412837694eb133ab28cc30	eurasia_km/services4/system/poulsbo/sysconfig.c
omap5-sgx-ddk-linux	9c252ce8ae5d5a2de681294ad8bfd338cea95469	375b47e32ab9dd48861a653ef0134ca9ae836035	services4/system/poulsbo/sysconfig.c
omap5-sgx-ddk-linux	9c252ce8ae5d5a2de681294ad8bfd338cea95469	3a5f9a5a7f6e00bf9937d36f334dd100543acea3	services4/system/poulsbo/sysconfig.c
omap5-sgx-ddk-linux	9c252ce8ae5d5a2de681294ad8bfd338cea95469	3cd845e5603692c325c302e4b77634830c355cfb	eurasia_km/services4/system/poulsbo/sysconfig.c
omap5-sgx-ddk-linux	9c252ce8ae5d5a2de681294ad8bfd338cea95469	3d15fac4bbb06a6987421f995d87d2ee3331156c	services4/system/poulsbo/sysconfig.c
omap5-sgx-ddk-linux	9c252ce8ae5d5a2de681294ad8bfd338cea95469	3d3d480d8de6effc9136329a5cf5db9a8d7eaace	eurasia_km/services4/system/poulsbo/sysconfig.c
omap5-sgx-ddk-linux	9c252ce8ae5d5a2de681294ad8bfd338cea95469	3d5e9c9074b25dc6567449ca0c11d9066b2db2dc	eurasia_km/services4/system/poulsbo/sysconfig.c
omap5-sgx-ddk-linux	9c252ce8ae5d5a2de681294ad8bfd338cea95469	426874836d3d9ec2ad21d1741df87a2234e75ebf	services4/system/poulsbo/sysconfig.c
omap5-sgx-ddk-linux	9c252ce8ae5d5a2de681294ad8bfd338cea95469	45415cca38dbb5ae081cdd14dc0c8adb36b8979b	eurasia_km/services4/system/poulsbo/sysconfig.c
omap5-sgx-ddk-linux	9c252ce8ae5d5a2de681294ad8bfd338cea95469	4548afa3d08df5fb980ad36df5e1d0a63812aa90	eurasia_km/services4/system/poulsbo/sysconfig.c
omap5-sgx-ddk-linux	9c252ce8ae5d5a2de681294ad8bfd338cea95469	4ac887b09a0209de3d1f950e00ae184872822583	eurasia_km/services4/system/poulsbo/sysconfig.c
omap5-sgx-ddk-linux	9c252ce8ae5d5a2de681294ad8bfd338cea95469	4ef19c1aed27ed74fce318b329c7707abbba5bd2	services4/system/poulsbo/sysconfig.c
omap5-sgx-ddk-linux	9c252ce8ae5d5a2de681294ad8bfd338cea95469	50a6e8fb26b0fb5160e1ffac8f0a414a69570863	eurasia_km/services4/system/poulsbo/sysconfig.c
omap5-sgx-ddk-linux	9c252ce8ae5d5a2de681294ad8bfd338cea95469	5433b1b54e5725ba79bd5a70837e5349fc40f75d	eurasia_km/services4/system/poulsbo/sysconfig.c
omap5-sgx-ddk-linux	9c252ce8ae5d5a2de681294ad8bfd338cea95469	5a08785fee8404223a42de14dea1d9bbc608dfc2	services4/system/poulsbo/sysconfig.c
omap5-sgx-ddk-linux	9c252ce8ae5d5a2de681294ad8bfd338cea95469	5bb795ce754bd8eb1a2b3ffd581f2d2ed4dacdb0	services4/system/poulsbo/sysconfig.c
omap5-sgx-ddk-linux	9c252ce8ae5d5a2de681294ad8bfd338cea95469	5c5ebf1f25d669cd56d954bf962f3ffb9a730422	services4/system/poulsbo/sysconfig.c
omap5-sgx-ddk-linux	9c252ce8ae5d5a2de681294ad8bfd338cea95469	5db485fa5350cd4228e5574fff54aae0edfa4948	services4/system/poulsbo/sysconfig.c
omap5-sgx-ddk-linux	9c252ce8ae5d5a2de681294ad8bfd338cea95469	5dcb3b098055e2eab101696de930bfb95628356d	eurasia_km/services4/system/poulsbo/sysconfig.c
omap5-sgx-ddk-linux	9c252ce8ae5d5a2de681294ad8bfd338cea95469	60bf27ff0ba6079df13813a11c81ff96056715ed	eurasia_km/services4/system/poulsbo/sysconfig.c
omap5-sgx-ddk-linux	9c252ce8ae5d5a2de681294ad8bfd338cea95469	62a7820fd10ae90e2752dbc235e461bf4346f238	services4/system/poulsbo/sysconfig.c
omap5-sgx-ddk-linux	9c252ce8ae5d5a2de681294ad8bfd338cea95469	63f064dcc4d373e51b1b1763c70bb70bd3b51668	services4/system/poulsbo/sysconfig.c
omap5-sgx-ddk-linux	9c252ce8ae5d5a2de681294ad8bfd338cea95469	6df5246430cc7c3c615081ee78ab0ed5b786a0dc	eurasia_km/services4/system/poulsbo/sysconfig.c
omap5-sgx-ddk-linux	9c252ce8ae5d5a2de681294ad8bfd338cea95469	70fd434b18cc579b15211813d01cd1bad2bf9440	services4/system/poulsbo/sysconfig.c
omap5-sgx-ddk-linux	9c252ce8ae5d5a2de681294ad8bfd338cea95469	730d2b4891ddcf9292f9e7282e9d1ab6ea9dd54b	eurasia_km/services4/system/poulsbo/sysconfig.c
omap5-sgx-ddk-linux	9c252ce8ae5d5a2de681294ad8bfd338cea95469	743c007813d709836cca97c048ef1a1c25982c22	services4/system/poulsbo/sysconfig.c
omap5-sgx-ddk-linux	9c252ce8ae5d5a2de681294ad8bfd338cea95469	75516a5f2d4ce36777fc22bd1b20445259d07737	services4/system/poulsbo/sysconfig.c
omap5-sgx-ddk-linux	9c252ce8ae5d5a2de681294ad8bfd338cea95469	766b6004db9a7227aa736dc30de2e6316e2be7f6	eurasia_km/services4/system/poulsbo/sysconfig.c
omap5-sgx-ddk-linux	9c252ce8ae5d5a2de681294ad8bfd338cea95469	769605f232660fb7a3b037424b9eb77709633506	eurasia_km/services4/system/poulsbo/sysconfig.c
omap5-sgx-ddk-linux	9c252ce8ae5d5a2de681294ad8bfd338cea95469	76da7d73976f0a5dc04fdc84a3af899d6c2b1fe2	eurasia_km/services4/system/poulsbo/sysconfig.c
omap5-sgx-ddk-linux	9c252ce8ae5d5a2de681294ad8bfd338cea95469	78db3c65b9dafb802be133c7b14f8ed432e1fb78	services4/system/poulsbo/sysconfig.c
omap5-sgx-ddk-linux	9c252ce8ae5d5a2de681294ad8bfd338cea95469	7b3b71dac2fe1df94439488f9a55c81ec762d6d6	services4/system/poulsbo/sysconfig.c
omap5-sgx-ddk-linux	9c252ce8ae5d5a2de681294ad8bfd338cea95469	7c40c1dc05226be9662860166d16fc346a1378d9	eurasia_km/services4/system/poulsbo/sysconfig.c
omap5-sgx-ddk-linux	9c252ce8ae5d5a2de681294ad8bfd338cea95469	7c89d3433bd96d8b2755ca172e99198fa4b69c05	services4/system/poulsbo/sysconfig.c
omap5-sgx-ddk-linux	9c252ce8ae5d5a2de681294ad8bfd338cea95469	7fa3c9052ddbce83a4df134e73f07c99ddc267d7	eurasia_km/services4/system/poulsbo/sysconfig.c
omap5-sgx-ddk-linux	9c252ce8ae5d5a2de681294ad8bfd338cea95469	82baf103b171ce138bef79c4194497a108e22df8	eurasia_km/services4/system/poulsbo/sysconfig.c
omap5-sgx-ddk-linux	9c252ce8ae5d5a2de681294ad8bfd338cea95469	83431055a561bd69f1efc49164bd789547d8ff85	services4/system/poulsbo/sysconfig.c
omap5-sgx-ddk-linux	9c252ce8ae5d5a2de681294ad8bfd338cea95469	83ec439629f44bbea899bfaed1e719743d61cf01	services4/system/poulsbo/sysconfig.c
omap5-sgx-ddk-linux	9c252ce8ae5d5a2de681294ad8bfd338cea95469	8526d639399e06b6e80dfa2e3dcd208d4d528550	services4/system/poulsbo/sysconfig.c
omap5-sgx-ddk-linux	9c252ce8ae5d5a2de681294ad8bfd338cea95469	852a47794d2e8656045e0339cbb9bd8e06d3e7e3	eurasia_km/services4/system/poulsbo/sysconfig.c
omap5-sgx-ddk-linux	9c252ce8ae5d5a2de681294ad8bfd338cea95469	855889f437250b6572c75d12696ec4a998b9aef9	eurasia_km/services4/system/poulsbo/sysconfig.c
omap5-sgx-ddk-linux	9c252ce8ae5d5a2de681294ad8bfd338cea95469	8680409ad5ce44b7ce3a43916332f6a29bc711de	eurasia_km/services4/system/poulsbo/sysconfig.c
omap5-sgx-ddk-linux	9c252ce8ae5d5a2de681294ad8bfd338cea95469	8d5305b03dce13f3a9a89328c69c762dcd3109a4	eurasia_km/services4/system/poulsbo/sysconfig.c
omap5-sgx-ddk-linux	9c252ce8ae5d5a2de681294ad8bfd338cea95469	9027da1de0fd0742ebc9c99d851c6b9498bb81c9	services4/system/poulsbo/sysconfig.c
omap5-sgx-ddk-linux	9c252ce8ae5d5a2de681294ad8bfd338cea95469	9855bcc288b2c3ef715064705f727334439556d8	eurasia_km/services4/system/poulsbo/sysconfig.c
omap5-sgx-ddk-linux	9c252ce8ae5d5a2de681294ad8bfd338cea95469	9f690e5e7b6c215dc54e4a8c58b8e55cabcd394f	eurasia_km/services4/system/poulsbo/sysconfig.c
omap5-sgx-ddk-linux	9c252ce8ae5d5a2de681294ad8bfd338cea95469	a0ff0e7423f26387255e1c9205f6664a954b15ef	services4/system/poulsbo/sysconfig.c
omap5-sgx-ddk-linux	9c252ce8ae5d5a2de681294ad8bfd338cea95469	a19b99beae63ed2a56e792f1b5e80437c22f8f89	services4/system/poulsbo/sysconfig.c
omap5-sgx-ddk-linux	9c252ce8ae5d5a2de681294ad8bfd338cea95469	a3084c34f54696e5ac56e95e977dfb649e283a4b	services4/system/poulsbo/sysconfig.c
omap5-sgx-ddk-linux	9c252ce8ae5d5a2de681294ad8bfd338cea95469	a5a0fe1799cabfa1278321b667263cf3fa2cf32f	eurasia_km/services4/system/poulsbo/sysconfig.c
omap5-sgx-ddk-linux	9c252ce8ae5d5a2de681294ad8bfd338cea95469	a90f89f4a2f2e8a05894d807de4db63ebf62a392	eurasia_km/services4/system/poulsbo/sysconfig.c
omap5-sgx-ddk-linux	9c252ce8ae5d5a2de681294ad8bfd338cea95469	a99c2cef71407bf63db49af96e43cfdd8c7b3b7a	services4/system/poulsbo/sysconfig.c
omap5-sgx-ddk-linux	9c252ce8ae5d5a2de681294ad8bfd338cea95469	ac8a883f35bd7049454575eab28d227e8f71aa9b	services4/system/poulsbo/sysconfig.c
omap5-sgx-ddk-linux	9c252ce8ae5d5a2de681294ad8bfd338cea95469	ad511f2798f45eab3c44826fdd860811cce4b1f6	services4/system/poulsbo/sysconfig.c
omap5-sgx-ddk-linux	9c252ce8ae5d5a2de681294ad8bfd338cea95469	b144fa4b97cb69e54cabaad62daffcd4b5497c29	eurasia_km/services4/system/poulsbo/sysconfig.c
omap5-sgx-ddk-linux	9c252ce8ae5d5a2de681294ad8bfd338cea95469	b42208fb9ad30f288ebf968a994a46f3fcf90136	services4/system/poulsbo/sysconfig.c
omap5-sgx-ddk-linux	9c252ce8ae5d5a2de681294ad8bfd338cea95469	b45658fb2090a579e48942909f3865152f82e1ca	services4/system/poulsbo/sysconfig.c
omap5-sgx-ddk-linux	9c252ce8ae5d5a2de681294ad8bfd338cea95469	b630d462f5fbb86e5f98965ba1af35da1207822f	eurasia_km/services4/system/poulsbo/sysconfig.c
omap5-sgx-ddk-linux	9c252ce8ae5d5a2de681294ad8bfd338cea95469	b83e2affbaeb0c2c7a010b3eacc3f0d3b0f7669a	services4/system/poulsbo/sysconfig.c
omap5-sgx-ddk-linux	9c252ce8ae5d5a2de681294ad8bfd338cea95469	b89ffe29648d567a28ce5275aa1fbbd584d6a02c	services4/system/poulsbo/sysconfig.c
omap5-sgx-ddk-linux	9c252ce8ae5d5a2de681294ad8bfd338cea95469	bc3128527024bd76f9ab4d8d7db13ad65a24458b	eurasia_km/services4/system/poulsbo/sysconfig.c
omap5-sgx-ddk-linux	9c252ce8ae5d5a2de681294ad8bfd338cea95469	bcb809355f813337f2ca2640b4fa405eaf8097da	eurasia_km/services4/system/poulsbo/sysconfig.c
omap5-sgx-ddk-linux	9c252ce8ae5d5a2de681294ad8bfd338cea95469	c13efb766a8fc680374ae7affc6df535f823bacb	eurasia_km/services4/system/poulsbo/sysconfig.c
omap5-sgx-ddk-linux	9c252ce8ae5d5a2de681294ad8bfd338cea95469	c8d280c2842bf4b1fdc63f5efd89595807c0a254	eurasia_km/services4/system/poulsbo/sysconfig.c
omap5-sgx-ddk-linux	9c252ce8ae5d5a2de681294ad8bfd338cea95469	cb46ba4d0c900f89f7ec0284f9803d476bfa98de	eurasia_km/services4/system/poulsbo/sysconfig.c
omap5-sgx-ddk-linux	9c252ce8ae5d5a2de681294ad8bfd338cea95469	cbcf497bee4c86a3142f7ed0c2de672e5a96682e	services4/system/poulsbo/sysconfig.c
omap5-sgx-ddk-linux	9c252ce8ae5d5a2de681294ad8bfd338cea95469	cc73af59a34f938f09e84b1004679e9b1a5973f2	services4/system/poulsbo/sysconfig.c
omap5-sgx-ddk-linux	9c252ce8ae5d5a2de681294ad8bfd338cea95469	cff8103dca22c75fdb612fd431056ea0f4d4ff65	services4/system/poulsbo/sysconfig.c
omap5-sgx-ddk-linux	9c252ce8ae5d5a2de681294ad8bfd338cea95469	d1d4d86e553a9bf56e0b5a25b280ab581ab15586	eurasia_km/services4/system/poulsbo/sysconfig.c
omap5-sgx-ddk-linux	9c252ce8ae5d5a2de681294ad8bfd338cea95469	d230b32f421120c1d1a588cbf82e9a70950391f9	eurasia_km/services4/system/poulsbo/sysconfig.c
omap5-sgx-ddk-linux	9c252ce8ae5d5a2de681294ad8bfd338cea95469	d2b3959738cfcc6209e8e882d1989de790866c8f	eurasia_km/services4/system/poulsbo/sysconfig.c
omap5-sgx-ddk-linux	9c252ce8ae5d5a2de681294ad8bfd338cea95469	d77c3b2ee61b6d22706a66bd625b689a74db3c89	services4/system/poulsbo/sysconfig.c
omap5-sgx-ddk-linux	9c252ce8ae5d5a2de681294ad8bfd338cea95469	e33760c18dbffa409d9da6a11e95083921b03af0	services4/system/poulsbo/sysconfig.c
omap5-sgx-ddk-linux	9c252ce8ae5d5a2de681294ad8bfd338cea95469	e68719ba7c54602c710b6615cd665f5b7f47f85e	eurasia_km/services4/system/poulsbo/sysconfig.c
omap5-sgx-ddk-linux	9c252ce8ae5d5a2de681294ad8bfd338cea95469	ea2ae0444f3643ea608f49eca2c880b8432ef62a	eurasia_km/services4/system/poulsbo/sysconfig.c
omap5-sgx-ddk-linux	9c252ce8ae5d5a2de681294ad8bfd338cea95469	eb2a06ca205ce150edc819b5757f2ee8514e259f	services4/system/poulsbo/sysconfig.c
omap5-sgx-ddk-linux	9c252ce8ae5d5a2de681294ad8bfd338cea95469	ebafbb34ad24cc10b4e402d1a2f2f8806343a3a8	services4/system/poulsbo/sysconfig.c
omap5-sgx-ddk-linux	9c252ce8ae5d5a2de681294ad8bfd338cea95469	f0c729c54ad45dc4b2d2c83317545a1ef9de1cc5	eurasia_km/services4/system/poulsbo/sysconfig.c
omap5-sgx-ddk-linux	9c252ce8ae5d5a2de681294ad8bfd338cea95469	f32b645d4eea5f89a15132cb336b346dccd8f07e	services4/system/poulsbo/sysconfig.c
omap5-sgx-ddk-linux	9c252ce8ae5d5a2de681294ad8bfd338cea95469	fd47e44b18944cf7ade480ac67a9c0172619ff7e	eurasia_km/services4/system/poulsbo/sysconfig.c
omap5-sgx-ddk-linux	9c252ce8ae5d5a2de681294ad8bfd338cea95469	fed0756f1b8b9d526da2821635c7d742989d47c3	eurasia_km/services4/system/poulsbo/sysconfig.c
omap5-sgx-ddk-linux	b59dfe221e1424712ef96085c366b4b57e4b66b7	0086977380d3320d70a3abc78b95fa0641427073	eurasia_km/services4/3rdparty/dc_poulsbo/poulsbo_linux.h
omap5-sgx-ddk-linux	b59dfe221e1424712ef96085c366b4b57e4b66b7	00feb97c35003dac20c0d4c1935fa99660a0454f	services4/3rdparty/dc_poulsbo/poulsbo_linux.h
omap5-sgx-ddk-linux	b59dfe221e1424712ef96085c366b4b57e4b66b7	0182806f070bf1c7dcbe357355105d795f36d0c5	eurasia_km/services4/3rdparty/dc_poulsbo/poulsbo_linux.h
omap5-sgx-ddk-linux	b59dfe221e1424712ef96085c366b4b57e4b66b7	02545fd29aecdb1a3de8c554ab75797336b5a8e2	services4/3rdparty/dc_poulsbo/poulsbo_linux.h
omap5-sgx-ddk-linux	b59dfe221e1424712ef96085c366b4b57e4b66b7	03e3a7dca1ae197e43f16a354c43fd9d64e8ec5b	eurasia_km/services4/3rdparty/dc_poulsbo/poulsbo_linux.h
omap5-sgx-ddk-linux	b59dfe221e1424712ef96085c366b4b57e4b66b7	0739fc4f8b5e39eb1365e6f6c6afe9b493d5d782	services4/3rdparty/dc_poulsbo/poulsbo_linux.h
omap5-sgx-ddk-linux	b59dfe221e1424712ef96085c366b4b57e4b66b7	0f1b63995057a714592ef26e28989ec4da8a4ed5	services4/3rdparty/dc_poulsbo/poulsbo_linux.h
omap5-sgx-ddk-linux	b59dfe221e1424712ef96085c366b4b57e4b66b7	0f2b79401e3565c1824f86bb96672b67ff1f1cf6	eurasia_km/services4/3rdparty/dc_poulsbo/poulsbo_linux.h
omap5-sgx-ddk-linux	b59dfe221e1424712ef96085c366b4b57e4b66b7	0faba9b9d4e55ca9bbd601ceac79526d9b3b602f	eurasia_km/services4/3rdparty/dc_poulsbo/poulsbo_linux.h
omap5-sgx-ddk-linux	b59dfe221e1424712ef96085c366b4b57e4b66b7	106ddd54843dd05b77b57df4a72b327684916ef5	eurasia_km/services4/3rdparty/dc_poulsbo/poulsbo_linux.h
omap5-sgx-ddk-linux	b59dfe221e1424712ef96085c366b4b57e4b66b7	1a6db182eb71299645807f54f687be014b557798	eurasia_km/services4/3rdparty/dc_poulsbo/poulsbo_linux.h
omap5-sgx-ddk-linux	b59dfe221e1424712ef96085c366b4b57e4b66b7	200868f7e5d37057eef03a87f18b593844ccc812	services4/3rdparty/dc_poulsbo/poulsbo_linux.h
omap5-sgx-ddk-linux	b59dfe221e1424712ef96085c366b4b57e4b66b7	204d10d1ac5b71cd0329dd9d59459d89630def1d	eurasia_km/services4/3rdparty/dc_poulsbo/poulsbo_linux.h
omap5-sgx-ddk-linux	b59dfe221e1424712ef96085c366b4b57e4b66b7	20f805c1c37aed9a2e3c9606a373722c817e1d4b	services4/3rdparty/dc_poulsbo/poulsbo_linux.h
omap5-sgx-ddk-linux	b59dfe221e1424712ef96085c366b4b57e4b66b7	256694cbc12bf1b13a6c2714372c603d6f3845b1	eurasia_km/services4/3rdparty/dc_poulsbo/poulsbo_linux.h
omap5-sgx-ddk-linux	b59dfe221e1424712ef96085c366b4b57e4b66b7	27f8b72796622b1b59ff82bc988c5949de11ce80	services4/3rdparty/dc_poulsbo/poulsbo_linux.h
omap5-sgx-ddk-linux	b59dfe221e1424712ef96085c366b4b57e4b66b7	29115f91063c25292cf8f973622433f576d01164	eurasia_km/services4/3rdparty/dc_poulsbo/poulsbo_linux.h
omap5-sgx-ddk-linux	b59dfe221e1424712ef96085c366b4b57e4b66b7	298a29a109a890cd9b0735ee7da1783efe5a6bed	services4/3rdparty/dc_poulsbo/poulsbo_linux.h
omap5-sgx-ddk-linux	b59dfe221e1424712ef96085c366b4b57e4b66b7	2c407d34e45398cbb029c4299b78af3a1ed991b7	services4/3rdparty/dc_poulsbo/poulsbo_linux.h
omap5-sgx-ddk-linux	b59dfe221e1424712ef96085c366b4b57e4b66b7	2d4a2cf221a34a32dc71ab0e017f3b9a8e974a21	eurasia_km/services4/3rdparty/dc_poulsbo/poulsbo_linux.h
omap5-sgx-ddk-linux	b59dfe221e1424712ef96085c366b4b57e4b66b7	33623289ac5281a4567e49429f9ca24c3f36d927	services4/3rdparty/dc_poulsbo/poulsbo_linux.h
omap5-sgx-ddk-linux	b59dfe221e1424712ef96085c366b4b57e4b66b7	37502630b9b5fa4f4f412837694eb133ab28cc30	eurasia_km/services4/3rdparty/dc_poulsbo/poulsbo_linux.h
omap5-sgx-ddk-linux	b59dfe221e1424712ef96085c366b4b57e4b66b7	375b47e32ab9dd48861a653ef0134ca9ae836035	services4/3rdparty/dc_poulsbo/poulsbo_linux.h
omap5-sgx-ddk-linux	b59dfe221e1424712ef96085c366b4b57e4b66b7	3a5f9a5a7f6e00bf9937d36f334dd100543acea3	services4/3rdparty/dc_poulsbo/poulsbo_linux.h
omap5-sgx-ddk-linux	b59dfe221e1424712ef96085c366b4b57e4b66b7	3cd845e5603692c325c302e4b77634830c355cfb	eurasia_km/services4/3rdparty/dc_poulsbo/poulsbo_linux.h
omap5-sgx-ddk-linux	b59dfe221e1424712ef96085c366b4b57e4b66b7	3d15fac4bbb06a6987421f995d87d2ee3331156c	services4/3rdparty/dc_poulsbo/poulsbo_linux.h
omap5-sgx-ddk-linux	b59dfe221e1424712ef96085c366b4b57e4b66b7	3d3d480d8de6effc9136329a5cf5db9a8d7eaace	eurasia_km/services4/3rdparty/dc_poulsbo/poulsbo_linux.h
omap5-sgx-ddk-linux	b59dfe221e1424712ef96085c366b4b57e4b66b7	3d5e9c9074b25dc6567449ca0c11d9066b2db2dc	eurasia_km/services4/3rdparty/dc_poulsbo/poulsbo_linux.h
omap5-sgx-ddk-linux	b59dfe221e1424712ef96085c366b4b57e4b66b7	426874836d3d9ec2ad21d1741df87a2234e75ebf	services4/3rdparty/dc_poulsbo/poulsbo_linux.h
omap5-sgx-ddk-linux	b59dfe221e1424712ef96085c366b4b57e4b66b7	45415cca38dbb5ae081cdd14dc0c8adb36b8979b	eurasia_km/services4/3rdparty/dc_poulsbo/poulsbo_linux.h
omap5-sgx-ddk-linux	b59dfe221e1424712ef96085c366b4b57e4b66b7	4548afa3d08df5fb980ad36df5e1d0a63812aa90	eurasia_km/services4/3rdparty/dc_poulsbo/poulsbo_linux.h
omap5-sgx-ddk-linux	b59dfe221e1424712ef96085c366b4b57e4b66b7	4ac887b09a0209de3d1f950e00ae184872822583	eurasia_km/services4/3rdparty/dc_poulsbo/poulsbo_linux.h
omap5-sgx-ddk-linux	b59dfe221e1424712ef96085c366b4b57e4b66b7	4ef19c1aed27ed74fce318b329c7707abbba5bd2	services4/3rdparty/dc_poulsbo/poulsbo_linux.h
omap5-sgx-ddk-linux	b59dfe221e1424712ef96085c366b4b57e4b66b7	50a6e8fb26b0fb5160e1ffac8f0a414a69570863	eurasia_km/services4/3rdparty/dc_poulsbo/poulsbo_linux.h
omap5-sgx-ddk-linux	b59dfe221e1424712ef96085c366b4b57e4b66b7	5433b1b54e5725ba79bd5a70837e5349fc40f75d	eurasia_km/services4/3rdparty/dc_poulsbo/poulsbo_linux.h
omap5-sgx-ddk-linux	b59dfe221e1424712ef96085c366b4b57e4b66b7	5a08785fee8404223a42de14dea1d9bbc608dfc2	services4/3rdparty/dc_poulsbo/poulsbo_linux.h
omap5-sgx-ddk-linux	b59dfe221e1424712ef96085c366b4b57e4b66b7	5bb795ce754bd8eb1a2b3ffd581f2d2ed4dacdb0	services4/3rdparty/dc_poulsbo/poulsbo_linux.h
omap5-sgx-ddk-linux	b59dfe221e1424712ef96085c366b4b57e4b66b7	5c5ebf1f25d669cd56d954bf962f3ffb9a730422	services4/3rdparty/dc_poulsbo/poulsbo_linux.h
omap5-sgx-ddk-linux	b59dfe221e1424712ef96085c366b4b57e4b66b7	5db485fa5350cd4228e5574fff54aae0edfa4948	services4/3rdparty/dc_poulsbo/poulsbo_linux.h
omap5-sgx-ddk-linux	b59dfe221e1424712ef96085c366b4b57e4b66b7	5dcb3b098055e2eab101696de930bfb95628356d	eurasia_km/services4/3rdparty/dc_poulsbo/poulsbo_linux.h
omap5-sgx-ddk-linux	b59dfe221e1424712ef96085c366b4b57e4b66b7	60bf27ff0ba6079df13813a11c81ff96056715ed	eurasia_km/services4/3rdparty/dc_poulsbo/poulsbo_linux.h
omap5-sgx-ddk-linux	b59dfe221e1424712ef96085c366b4b57e4b66b7	62a7820fd10ae90e2752dbc235e461bf4346f238	services4/3rdparty/dc_poulsbo/poulsbo_linux.h
omap5-sgx-ddk-linux	b59dfe221e1424712ef96085c366b4b57e4b66b7	63f064dcc4d373e51b1b1763c70bb70bd3b51668	services4/3rdparty/dc_poulsbo/poulsbo_linux.h
omap5-sgx-ddk-linux	b59dfe221e1424712ef96085c366b4b57e4b66b7	6df5246430cc7c3c615081ee78ab0ed5b786a0dc	eurasia_km/services4/3rdparty/dc_poulsbo/poulsbo_linux.h
omap5-sgx-ddk-linux	b59dfe221e1424712ef96085c366b4b57e4b66b7	70fd434b18cc579b15211813d01cd1bad2bf9440	services4/3rdparty/dc_poulsbo/poulsbo_linux.h
omap5-sgx-ddk-linux	b59dfe221e1424712ef96085c366b4b57e4b66b7	730d2b4891ddcf9292f9e7282e9d1ab6ea9dd54b	eurasia_km/services4/3rdparty/dc_poulsbo/poulsbo_linux.h
omap5-sgx-ddk-linux	b59dfe221e1424712ef96085c366b4b57e4b66b7	743c007813d709836cca97c048ef1a1c25982c22	services4/3rdparty/dc_poulsbo/poulsbo_linux.h
omap5-sgx-ddk-linux	b59dfe221e1424712ef96085c366b4b57e4b66b7	75516a5f2d4ce36777fc22bd1b20445259d07737	services4/3rdparty/dc_poulsbo/poulsbo_linux.h
omap5-sgx-ddk-linux	b59dfe221e1424712ef96085c366b4b57e4b66b7	766b6004db9a7227aa736dc30de2e6316e2be7f6	eurasia_km/services4/3rdparty/dc_poulsbo/poulsbo_linux.h
omap5-sgx-ddk-linux	b59dfe221e1424712ef96085c366b4b57e4b66b7	769605f232660fb7a3b037424b9eb77709633506	eurasia_km/services4/3rdparty/dc_poulsbo/poulsbo_linux.h
omap5-sgx-ddk-linux	b59dfe221e1424712ef96085c366b4b57e4b66b7	76da7d73976f0a5dc04fdc84a3af899d6c2b1fe2	eurasia_km/services4/3rdparty/dc_poulsbo/poulsbo_linux.h
omap5-sgx-ddk-linux	b59dfe221e1424712ef96085c366b4b57e4b66b7	78db3c65b9dafb802be133c7b14f8ed432e1fb78	services4/3rdparty/dc_poulsbo/poulsbo_linux.h
omap5-sgx-ddk-linux	b59dfe221e1424712ef96085c366b4b57e4b66b7	7b3b71dac2fe1df94439488f9a55c81ec762d6d6	services4/3rdparty/dc_poulsbo/poulsbo_linux.h
omap5-sgx-ddk-linux	b59dfe221e1424712ef96085c366b4b57e4b66b7	7c40c1dc05226be9662860166d16fc346a1378d9	eurasia_km/services4/3rdparty/dc_poulsbo/poulsbo_linux.h
omap5-sgx-ddk-linux	b59dfe221e1424712ef96085c366b4b57e4b66b7	7c89d3433bd96d8b2755ca172e99198fa4b69c05	services4/3rdparty/dc_poulsbo/poulsbo_linux.h
omap5-sgx-ddk-linux	b59dfe221e1424712ef96085c366b4b57e4b66b7	7fa3c9052ddbce83a4df134e73f07c99ddc267d7	eurasia_km/services4/3rdparty/dc_poulsbo/poulsbo_linux.h
omap5-sgx-ddk-linux	b59dfe221e1424712ef96085c366b4b57e4b66b7	82baf103b171ce138bef79c4194497a108e22df8	eurasia_km/services4/3rdparty/dc_poulsbo/poulsbo_linux.h
omap5-sgx-ddk-linux	b59dfe221e1424712ef96085c366b4b57e4b66b7	83431055a561bd69f1efc49164bd789547d8ff85	services4/3rdparty/dc_poulsbo/poulsbo_linux.h
omap5-sgx-ddk-linux	b59dfe221e1424712ef96085c366b4b57e4b66b7	83ec439629f44bbea899bfaed1e719743d61cf01	services4/3rdparty/dc_poulsbo/poulsbo_linux.h
omap5-sgx-ddk-linux	b59dfe221e1424712ef96085c366b4b57e4b66b7	8526d639399e06b6e80dfa2e3dcd208d4d528550	services4/3rdparty/dc_poulsbo/poulsbo_linux.h
omap5-sgx-ddk-linux	b59dfe221e1424712ef96085c366b4b57e4b66b7	852a47794d2e8656045e0339cbb9bd8e06d3e7e3	eurasia_km/services4/3rdparty/dc_poulsbo/poulsbo_linux.h
omap5-sgx-ddk-linux	b59dfe221e1424712ef96085c366b4b57e4b66b7	855889f437250b6572c75d12696ec4a998b9aef9	eurasia_km/services4/3rdparty/dc_poulsbo/poulsbo_linux.h
omap5-sgx-ddk-linux	b59dfe221e1424712ef96085c366b4b57e4b66b7	8680409ad5ce44b7ce3a43916332f6a29bc711de	eurasia_km/services4/3rdparty/dc_poulsbo/poulsbo_linux.h
omap5-sgx-ddk-linux	b59dfe221e1424712ef96085c366b4b57e4b66b7	8d5305b03dce13f3a9a89328c69c762dcd3109a4	eurasia_km/services4/3rdparty/dc_poulsbo/poulsbo_linux.h
omap5-sgx-ddk-linux	b59dfe221e1424712ef96085c366b4b57e4b66b7	9027da1de0fd0742ebc9c99d851c6b9498bb81c9	services4/3rdparty/dc_poulsbo/poulsbo_linux.h
omap5-sgx-ddk-linux	b59dfe221e1424712ef96085c366b4b57e4b66b7	9855bcc288b2c3ef715064705f727334439556d8	eurasia_km/services4/3rdparty/dc_poulsbo/poulsbo_linux.h
omap5-sgx-ddk-linux	b59dfe221e1424712ef96085c366b4b57e4b66b7	9f690e5e7b6c215dc54e4a8c58b8e55cabcd394f	eurasia_km/services4/3rdparty/dc_poulsbo/poulsbo_linux.h
omap5-sgx-ddk-linux	b59dfe221e1424712ef96085c366b4b57e4b66b7	a0ff0e7423f26387255e1c9205f6664a954b15ef	services4/3rdparty/dc_poulsbo/poulsbo_linux.h
omap5-sgx-ddk-linux	b59dfe221e1424712ef96085c366b4b57e4b66b7	a19b99beae63ed2a56e792f1b5e80437c22f8f89	services4/3rdparty/dc_poulsbo/poulsbo_linux.h
omap5-sgx-ddk-linux	b59dfe221e1424712ef96085c366b4b57e4b66b7	a3084c34f54696e5ac56e95e977dfb649e283a4b	services4/3rdparty/dc_poulsbo/poulsbo_linux.h
omap5-sgx-ddk-linux	b59dfe221e1424712ef96085c366b4b57e4b66b7	a5a0fe1799cabfa1278321b667263cf3fa2cf32f	eurasia_km/services4/3rdparty/dc_poulsbo/poulsbo_linux.h
omap5-sgx-ddk-linux	b59dfe221e1424712ef96085c366b4b57e4b66b7	a90f89f4a2f2e8a05894d807de4db63ebf62a392	eurasia_km/services4/3rdparty/dc_poulsbo/poulsbo_linux.h
omap5-sgx-ddk-linux	b59dfe221e1424712ef96085c366b4b57e4b66b7	a99c2cef71407bf63db49af96e43cfdd8c7b3b7a	services4/3rdparty/dc_poulsbo/poulsbo_linux.h
omap5-sgx-ddk-linux	b59dfe221e1424712ef96085c366b4b57e4b66b7	ac8a883f35bd7049454575eab28d227e8f71aa9b	services4/3rdparty/dc_poulsbo/poulsbo_linux.h
omap5-sgx-ddk-linux	b59dfe221e1424712ef96085c366b4b57e4b66b7	ad511f2798f45eab3c44826fdd860811cce4b1f6	services4/3rdparty/dc_poulsbo/poulsbo_linux.h
omap5-sgx-ddk-linux	b59dfe221e1424712ef96085c366b4b57e4b66b7	b144fa4b97cb69e54cabaad62daffcd4b5497c29	eurasia_km/services4/3rdparty/dc_poulsbo/poulsbo_linux.h
omap5-sgx-ddk-linux	b59dfe221e1424712ef96085c366b4b57e4b66b7	b42208fb9ad30f288ebf968a994a46f3fcf90136	services4/3rdparty/dc_poulsbo/poulsbo_linux.h
omap5-sgx-ddk-linux	b59dfe221e1424712ef96085c366b4b57e4b66b7	b45658fb2090a579e48942909f3865152f82e1ca	services4/3rdparty/dc_poulsbo/poulsbo_linux.h
omap5-sgx-ddk-linux	b59dfe221e1424712ef96085c366b4b57e4b66b7	b630d462f5fbb86e5f98965ba1af35da1207822f	eurasia_km/services4/3rdparty/dc_poulsbo/poulsbo_linux.h
omap5-sgx-ddk-linux	b59dfe221e1424712ef96085c366b4b57e4b66b7	b83e2affbaeb0c2c7a010b3eacc3f0d3b0f7669a	services4/3rdparty/dc_poulsbo/poulsbo_linux.h
omap5-sgx-ddk-linux	b59dfe221e1424712ef96085c366b4b57e4b66b7	b89ffe29648d567a28ce5275aa1fbbd584d6a02c	services4/3rdparty/dc_poulsbo/poulsbo_linux.h
omap5-sgx-ddk-linux	b59dfe221e1424712ef96085c366b4b57e4b66b7	bc3128527024bd76f9ab4d8d7db13ad65a24458b	eurasia_km/services4/3rdparty/dc_poulsbo/poulsbo_linux.h
omap5-sgx-ddk-linux	b59dfe221e1424712ef96085c366b4b57e4b66b7	bcb809355f813337f2ca2640b4fa405eaf8097da	eurasia_km/services4/3rdparty/dc_poulsbo/poulsbo_linux.h
omap5-sgx-ddk-linux	b59dfe221e1424712ef96085c366b4b57e4b66b7	c13efb766a8fc680374ae7affc6df535f823bacb	eurasia_km/services4/3rdparty/dc_poulsbo/poulsbo_linux.h
omap5-sgx-ddk-linux	b59dfe221e1424712ef96085c366b4b57e4b66b7	c8d280c2842bf4b1fdc63f5efd89595807c0a254	eurasia_km/services4/3rdparty/dc_poulsbo/poulsbo_linux.h
omap5-sgx-ddk-linux	b59dfe221e1424712ef96085c366b4b57e4b66b7	cb46ba4d0c900f89f7ec0284f9803d476bfa98de	eurasia_km/services4/3rdparty/dc_poulsbo/poulsbo_linux.h
omap5-sgx-ddk-linux	b59dfe221e1424712ef96085c366b4b57e4b66b7	cbcf497bee4c86a3142f7ed0c2de672e5a96682e	services4/3rdparty/dc_poulsbo/poulsbo_linux.h
omap5-sgx-ddk-linux	b59dfe221e1424712ef96085c366b4b57e4b66b7	cc73af59a34f938f09e84b1004679e9b1a5973f2	services4/3rdparty/dc_poulsbo/poulsbo_linux.h
omap5-sgx-ddk-linux	b59dfe221e1424712ef96085c366b4b57e4b66b7	cff8103dca22c75fdb612fd431056ea0f4d4ff65	services4/3rdparty/dc_poulsbo/poulsbo_linux.h
omap5-sgx-ddk-linux	b59dfe221e1424712ef96085c366b4b57e4b66b7	d1d4d86e553a9bf56e0b5a25b280ab581ab15586	eurasia_km/services4/3rdparty/dc_poulsbo/poulsbo_linux.h
omap5-sgx-ddk-linux	b59dfe221e1424712ef96085c366b4b57e4b66b7	d230b32f421120c1d1a588cbf82e9a70950391f9	eurasia_km/services4/3rdparty/dc_poulsbo/poulsbo_linux.h
omap5-sgx-ddk-linux	b59dfe221e1424712ef96085c366b4b57e4b66b7	d2b3959738cfcc6209e8e882d1989de790866c8f	eurasia_km/services4/3rdparty/dc_poulsbo/poulsbo_linux.h
omap5-sgx-ddk-linux	b59dfe221e1424712ef96085c366b4b57e4b66b7	d77c3b2ee61b6d22706a66bd625b689a74db3c89	services4/3rdparty/dc_poulsbo/poulsbo_linux.h
omap5-sgx-ddk-linux	b59dfe221e1424712ef96085c366b4b57e4b66b7	e33760c18dbffa409d9da6a11e95083921b03af0	services4/3rdparty/dc_poulsbo/poulsbo_linux.h
omap5-sgx-ddk-linux	b59dfe221e1424712ef96085c366b4b57e4b66b7	e68719ba7c54602c710b6615cd665f5b7f47f85e	eurasia_km/services4/3rdparty/dc_poulsbo/poulsbo_linux.h
omap5-sgx-ddk-linux	b59dfe221e1424712ef96085c366b4b57e4b66b7	ea2ae0444f3643ea608f49eca2c880b8432ef62a	eurasia_km/services4/3rdparty/dc_poulsbo/poulsbo_linux.h
omap5-sgx-ddk-linux	b59dfe221e1424712ef96085c366b4b57e4b66b7	eb2a06ca205ce150edc819b5757f2ee8514e259f	services4/3rdparty/dc_poulsbo/poulsbo_linux.h
omap5-sgx-ddk-linux	b59dfe221e1424712ef96085c366b4b57e4b66b7	ebafbb34ad24cc10b4e402d1a2f2f8806343a3a8	services4/3rdparty/dc_poulsbo/poulsbo_linux.h
omap5-sgx-ddk-linux	b59dfe221e1424712ef96085c366b4b57e4b66b7	f0c729c54ad45dc4b2d2c83317545a1ef9de1cc5	eurasia_km/services4/3rdparty/dc_poulsbo/poulsbo_linux.h
omap5-sgx-ddk-linux	b59dfe221e1424712ef96085c366b4b57e4b66b7	f32b645d4eea5f89a15132cb336b346dccd8f07e	services4/3rdparty/dc_poulsbo/poulsbo_linux.h
omap5-sgx-ddk-linux	b59dfe221e1424712ef96085c366b4b57e4b66b7	fd47e44b18944cf7ade480ac67a9c0172619ff7e	eurasia_km/services4/3rdparty/dc_poulsbo/poulsbo_linux.h
omap5-sgx-ddk-linux	b59dfe221e1424712ef96085c366b4b57e4b66b7	fed0756f1b8b9d526da2821635c7d742989d47c3	eurasia_km/services4/3rdparty/dc_poulsbo/poulsbo_linux.h
omap5-sgx-ddk-linux	d942b06673658f61d0d8010323e56ee9561e33e0	0086977380d3320d70a3abc78b95fa0641427073	eurasia_km/eurasiacon/build/linux2/pc_i686_cedarview_linux/Makefile
omap5-sgx-ddk-linux	d942b06673658f61d0d8010323e56ee9561e33e0	00feb97c35003dac20c0d4c1935fa99660a0454f	eurasiacon/build/linux2/pc_i686_cedarview_linux/Makefile
omap5-sgx-ddk-linux	d942b06673658f61d0d8010323e56ee9561e33e0	0182806f070bf1c7dcbe357355105d795f36d0c5	eurasia_km/eurasiacon/build/linux2/pc_i686_cedarview_linux/Makefile
omap5-sgx-ddk-linux	d942b06673658f61d0d8010323e56ee9561e33e0	02545fd29aecdb1a3de8c554ab75797336b5a8e2	eurasiacon/build/linux2/pc_i686_cedarview_linux/Makefile
omap5-sgx-ddk-linux	d942b06673658f61d0d8010323e56ee9561e33e0	03e3a7dca1ae197e43f16a354c43fd9d64e8ec5b	eurasia_km/eurasiacon/build/linux2/pc_i686_cedarview_linux/Makefile
omap5-sgx-ddk-linux	d942b06673658f61d0d8010323e56ee9561e33e0	0739fc4f8b5e39eb1365e6f6c6afe9b493d5d782	eurasiacon/build/linux2/pc_i686_cedarview_linux/Makefile
omap5-sgx-ddk-linux	d942b06673658f61d0d8010323e56ee9561e33e0	0f1b63995057a714592ef26e28989ec4da8a4ed5	eurasiacon/build/linux2/pc_i686_cedarview_linux/Makefile
omap5-sgx-ddk-linux	d942b06673658f61d0d8010323e56ee9561e33e0	0f2b79401e3565c1824f86bb96672b67ff1f1cf6	eurasia_km/eurasiacon/build/linux2/pc_i686_cedarview_linux/Makefile
omap5-sgx-ddk-linux	d942b06673658f61d0d8010323e56ee9561e33e0	0faba9b9d4e55ca9bbd601ceac79526d9b3b602f	eurasia_km/eurasiacon/build/linux2/pc_i686_cedarview_linux/Makefile
omap5-sgx-ddk-linux	d942b06673658f61d0d8010323e56ee9561e33e0	106ddd54843dd05b77b57df4a72b327684916ef5	eurasia_km/eurasiacon/build/linux2/pc_i686_cedarview_linux/Makefile
omap5-sgx-ddk-linux	d942b06673658f61d0d8010323e56ee9561e33e0	1a6db182eb71299645807f54f687be014b557798	eurasia_km/eurasiacon/build/linux2/pc_i686_cedarview_linux/Makefile
omap5-sgx-ddk-linux	d942b06673658f61d0d8010323e56ee9561e33e0	200868f7e5d37057eef03a87f18b593844ccc812	eurasiacon/build/linux2/pc_i686_cedarview_linux/Makefile
omap5-sgx-ddk-linux	d942b06673658f61d0d8010323e56ee9561e33e0	204d10d1ac5b71cd0329dd9d59459d89630def1d	eurasia_km/eurasiacon/build/linux2/pc_i686_cedarview_linux/Makefile
omap5-sgx-ddk-linux	d942b06673658f61d0d8010323e56ee9561e33e0	20f805c1c37aed9a2e3c9606a373722c817e1d4b	eurasiacon/build/linux2/pc_i686_cedarview_linux/Makefile
omap5-sgx-ddk-linux	d942b06673658f61d0d8010323e56ee9561e33e0	256694cbc12bf1b13a6c2714372c603d6f3845b1	eurasia_km/eurasiacon/build/linux2/pc_i686_cedarview_linux/Makefile
omap5-sgx-ddk-linux	d942b06673658f61d0d8010323e56ee9561e33e0	27f8b72796622b1b59ff82bc988c5949de11ce80	eurasiacon/build/linux2/pc_i686_cedarview_linux/Makefile
omap5-sgx-ddk-linux	d942b06673658f61d0d8010323e56ee9561e33e0	29115f91063c25292cf8f973622433f576d01164	eurasia_km/eurasiacon/build/linux2/pc_i686_cedarview_linux/Makefile
omap5-sgx-ddk-linux	d942b06673658f61d0d8010323e56ee9561e33e0	298a29a109a890cd9b0735ee7da1783efe5a6bed	eurasiacon/build/linux2/pc_i686_cedarview_linux/Makefile
omap5-sgx-ddk-linux	d942b06673658f61d0d8010323e56ee9561e33e0	2c407d34e45398cbb029c4299b78af3a1ed991b7	eurasiacon/build/linux2/pc_i686_cedarview_linux/Makefile
omap5-sgx-ddk-linux	d942b06673658f61d0d8010323e56ee9561e33e0	2d4a2cf221a34a32dc71ab0e017f3b9a8e974a21	eurasia_km/eurasiacon/build/linux2/pc_i686_cedarview_linux/Makefile
omap5-sgx-ddk-linux	d942b06673658f61d0d8010323e56ee9561e33e0	33623289ac5281a4567e49429f9ca24c3f36d927	eurasiacon/build/linux2/pc_i686_cedarview_linux/Makefile
omap5-sgx-ddk-linux	d942b06673658f61d0d8010323e56ee9561e33e0	37502630b9b5fa4f4f412837694eb133ab28cc30	eurasia_km/eurasiacon/build/linux2/pc_i686_cedarview_linux/Makefile
omap5-sgx-ddk-linux	d942b06673658f61d0d8010323e56ee9561e33e0	375b47e32ab9dd48861a653ef0134ca9ae836035	eurasiacon/build/linux2/pc_i686_cedarview_linux/Makefile
omap5-sgx-ddk-linux	d942b06673658f61d0d8010323e56ee9561e33e0	3a5f9a5a7f6e00bf9937d36f334dd100543acea3	eurasiacon/build/linux2/pc_i686_cedarview_linux/Makefile
omap5-sgx-ddk-linux	d942b06673658f61d0d8010323e56ee9561e33e0	3cd845e5603692c325c302e4b77634830c355cfb	eurasia_km/eurasiacon/build/linux2/pc_i686_cedarview_linux/Makefile
omap5-sgx-ddk-linux	d942b06673658f61d0d8010323e56ee9561e33e0	3d15fac4bbb06a6987421f995d87d2ee3331156c	eurasiacon/build/linux2/pc_i686_cedarview_linux/Makefile
omap5-sgx-ddk-linux	d942b06673658f61d0d8010323e56ee9561e33e0	3d3d480d8de6effc9136329a5cf5db9a8d7eaace	eurasia_km/eurasiacon/build/linux2/pc_i686_cedarview_linux/Makefile
omap5-sgx-ddk-linux	d942b06673658f61d0d8010323e56ee9561e33e0	3d5e9c9074b25dc6567449ca0c11d9066b2db2dc	eurasia_km/eurasiacon/build/linux2/pc_i686_cedarview_linux/Makefile
omap5-sgx-ddk-linux	d942b06673658f61d0d8010323e56ee9561e33e0	426874836d3d9ec2ad21d1741df87a2234e75ebf	eurasiacon/build/linux2/pc_i686_cedarview_linux/Makefile
omap5-sgx-ddk-linux	d942b06673658f61d0d8010323e56ee9561e33e0	45415cca38dbb5ae081cdd14dc0c8adb36b8979b	eurasia_km/eurasiacon/build/linux2/pc_i686_cedarview_linux/Makefile
omap5-sgx-ddk-linux	d942b06673658f61d0d8010323e56ee9561e33e0	4548afa3d08df5fb980ad36df5e1d0a63812aa90	eurasia_km/eurasiacon/build/linux2/pc_i686_cedarview_linux/Makefile
omap5-sgx-ddk-linux	d942b06673658f61d0d8010323e56ee9561e33e0	4ac887b09a0209de3d1f950e00ae184872822583	eurasia_km/eurasiacon/build/linux2/pc_i686_cedarview_linux/Makefile
omap5-sgx-ddk-linux	d942b06673658f61d0d8010323e56ee9561e33e0	4ef19c1aed27ed74fce318b329c7707abbba5bd2	eurasiacon/build/linux2/pc_i686_cedarview_linux/Makefile
omap5-sgx-ddk-linux	d942b06673658f61d0d8010323e56ee9561e33e0	50a6e8fb26b0fb5160e1ffac8f0a414a69570863	eurasia_km/eurasiacon/build/linux2/pc_i686_cedarview_linux/Makefile
omap5-sgx-ddk-linux	d942b06673658f61d0d8010323e56ee9561e33e0	5433b1b54e5725ba79bd5a70837e5349fc40f75d	eurasia_km/eurasiacon/build/linux2/pc_i686_cedarview_linux/Makefile
omap5-sgx-ddk-linux	d942b06673658f61d0d8010323e56ee9561e33e0	5a08785fee8404223a42de14dea1d9bbc608dfc2	eurasiacon/build/linux2/pc_i686_cedarview_linux/Makefile
omap5-sgx-ddk-linux	d942b06673658f61d0d8010323e56ee9561e33e0	5bb795ce754bd8eb1a2b3ffd581f2d2ed4dacdb0	eurasiacon/build/linux2/pc_i686_cedarview_linux/Makefile
omap5-sgx-ddk-linux	d942b06673658f61d0d8010323e56ee9561e33e0	5c5ebf1f25d669cd56d954bf962f3ffb9a730422	eurasiacon/build/linux2/pc_i686_cedarview_linux/Makefile
omap5-sgx-ddk-linux	d942b06673658f61d0d8010323e56ee9561e33e0	5db485fa5350cd4228e5574fff54aae0edfa4948	eurasiacon/build/linux2/pc_i686_cedarview_linux/Makefile
omap5-sgx-ddk-linux	d942b06673658f61d0d8010323e56ee9561e33e0	5dcb3b098055e2eab101696de930bfb95628356d	eurasia_km/eurasiacon/build/linux2/pc_i686_cedarview_linux/Makefile
omap5-sgx-ddk-linux	d942b06673658f61d0d8010323e56ee9561e33e0	60bf27ff0ba6079df13813a11c81ff96056715ed	eurasia_km/eurasiacon/build/linux2/pc_i686_cedarview_linux/Makefile
omap5-sgx-ddk-linux	d942b06673658f61d0d8010323e56ee9561e33e0	62a7820fd10ae90e2752dbc235e461bf4346f238	eurasiacon/build/linux2/pc_i686_cedarview_linux/Makefile
omap5-sgx-ddk-linux	d942b06673658f61d0d8010323e56ee9561e33e0	63f064dcc4d373e51b1b1763c70bb70bd3b51668	eurasiacon/build/linux2/pc_i686_cedarview_linux/Makefile
omap5-sgx-ddk-linux	d942b06673658f61d0d8010323e56ee9561e33e0	6df5246430cc7c3c615081ee78ab0ed5b786a0dc	eurasia_km/eurasiacon/build/linux2/pc_i686_cedarview_linux/Makefile
omap5-sgx-ddk-linux	d942b06673658f61d0d8010323e56ee9561e33e0	70fd434b18cc579b15211813d01cd1bad2bf9440	eurasiacon/build/linux2/pc_i686_cedarview_linux/Makefile
omap5-sgx-ddk-linux	d942b06673658f61d0d8010323e56ee9561e33e0	730d2b4891ddcf9292f9e7282e9d1ab6ea9dd54b	eurasia_km/eurasiacon/build/linux2/pc_i686_cedarview_linux/Makefile
omap5-sgx-ddk-linux	d942b06673658f61d0d8010323e56ee9561e33e0	743c007813d709836cca97c048ef1a1c25982c22	eurasiacon/build/linux2/pc_i686_cedarview_linux/Makefile
omap5-sgx-ddk-linux	d942b06673658f61d0d8010323e56ee9561e33e0	75516a5f2d4ce36777fc22bd1b20445259d07737	eurasiacon/build/linux2/pc_i686_cedarview_linux/Makefile
omap5-sgx-ddk-linux	d942b06673658f61d0d8010323e56ee9561e33e0	766b6004db9a7227aa736dc30de2e6316e2be7f6	eurasia_km/eurasiacon/build/linux2/pc_i686_cedarview_linux/Makefile
omap5-sgx-ddk-linux	d942b06673658f61d0d8010323e56ee9561e33e0	769605f232660fb7a3b037424b9eb77709633506	eurasia_km/eurasiacon/build/linux2/pc_i686_cedarview_linux/Makefile
omap5-sgx-ddk-linux	d942b06673658f61d0d8010323e56ee9561e33e0	76da7d73976f0a5dc04fdc84a3af899d6c2b1fe2	eurasia_km/eurasiacon/build/linux2/pc_i686_cedarview_linux/Makefile
omap5-sgx-ddk-linux	d942b06673658f61d0d8010323e56ee9561e33e0	78db3c65b9dafb802be133c7b14f8ed432e1fb78	eurasiacon/build/linux2/pc_i686_cedarview_linux/Makefile
omap5-sgx-ddk-linux	d942b06673658f61d0d8010323e56ee9561e33e0	7b3b71dac2fe1df94439488f9a55c81ec762d6d6	eurasiacon/build/linux2/pc_i686_cedarview_linux/Makefile
omap5-sgx-ddk-linux	d942b06673658f61d0d8010323e56ee9561e33e0	7c40c1dc05226be9662860166d16fc346a1378d9	eurasia_km/eurasiacon/build/linux2/pc_i686_cedarview_linux/Makefile
omap5-sgx-ddk-linux	d942b06673658f61d0d8010323e56ee9561e33e0	7c89d3433bd96d8b2755ca172e99198fa4b69c05	eurasiacon/build/linux2/pc_i686_cedarview_linux/Makefile
omap5-sgx-ddk-linux	d942b06673658f61d0d8010323e56ee9561e33e0	7fa3c9052ddbce83a4df134e73f07c99ddc267d7	eurasia_km/eurasiacon/build/linux2/pc_i686_cedarview_linux/Makefile
omap5-sgx-ddk-linux	d942b06673658f61d0d8010323e56ee9561e33e0	82baf103b171ce138bef79c4194497a108e22df8	eurasia_km/eurasiacon/build/linux2/pc_i686_cedarview_linux/Makefile
omap5-sgx-ddk-linux	d942b06673658f61d0d8010323e56ee9561e33e0	83431055a561bd69f1efc49164bd789547d8ff85	eurasiacon/build/linux2/pc_i686_cedarview_linux/Makefile
omap5-sgx-ddk-linux	d942b06673658f61d0d8010323e56ee9561e33e0	83ec439629f44bbea899bfaed1e719743d61cf01	eurasiacon/build/linux2/pc_i686_cedarview_linux/Makefile
omap5-sgx-ddk-linux	d942b06673658f61d0d8010323e56ee9561e33e0	8526d639399e06b6e80dfa2e3dcd208d4d528550	eurasiacon/build/linux2/pc_i686_cedarview_linux/Makefile
omap5-sgx-ddk-linux	d942b06673658f61d0d8010323e56ee9561e33e0	852a47794d2e8656045e0339cbb9bd8e06d3e7e3	eurasia_km/eurasiacon/build/linux2/pc_i686_cedarview_linux/Makefile
omap5-sgx-ddk-linux	d942b06673658f61d0d8010323e56ee9561e33e0	855889f437250b6572c75d12696ec4a998b9aef9	eurasia_km/eurasiacon/build/linux2/pc_i686_cedarview_linux/Makefile
omap5-sgx-ddk-linux	d942b06673658f61d0d8010323e56ee9561e33e0	8680409ad5ce44b7ce3a43916332f6a29bc711de	eurasia_km/eurasiacon/build/linux2/pc_i686_cedarview_linux/Makefile
omap5-sgx-ddk-linux	d942b06673658f61d0d8010323e56ee9561e33e0	8d5305b03dce13f3a9a89328c69c762dcd3109a4	eurasia_km/eurasiacon/build/linux2/pc_i686_cedarview_linux/Makefile
omap5-sgx-ddk-linux	d942b06673658f61d0d8010323e56ee9561e33e0	9027da1de0fd0742ebc9c99d851c6b9498bb81c9	eurasiacon/build/linux2/pc_i686_cedarview_linux/Makefile
omap5-sgx-ddk-linux	d942b06673658f61d0d8010323e56ee9561e33e0	9855bcc288b2c3ef715064705f727334439556d8	eurasia_km/eurasiacon/build/linux2/pc_i686_cedarview_linux/Makefile
omap5-sgx-ddk-linux	d942b06673658f61d0d8010323e56ee9561e33e0	9f690e5e7b6c215dc54e4a8c58b8e55cabcd394f	eurasia_km/eurasiacon/build/linux2/pc_i686_cedarview_linux/Makefile
omap5-sgx-ddk-linux	d942b06673658f61d0d8010323e56ee9561e33e0	a0ff0e7423f26387255e1c9205f6664a954b15ef	eurasiacon/build/linux2/pc_i686_cedarview_linux/Makefile
omap5-sgx-ddk-linux	d942b06673658f61d0d8010323e56ee9561e33e0	a19b99beae63ed2a56e792f1b5e80437c22f8f89	eurasiacon/build/linux2/pc_i686_cedarview_linux/Makefile
omap5-sgx-ddk-linux	d942b06673658f61d0d8010323e56ee9561e33e0	a3084c34f54696e5ac56e95e977dfb649e283a4b	eurasiacon/build/linux2/pc_i686_cedarview_linux/Makefile
omap5-sgx-ddk-linux	d942b06673658f61d0d8010323e56ee9561e33e0	a5a0fe1799cabfa1278321b667263cf3fa2cf32f	eurasia_km/eurasiacon/build/linux2/pc_i686_cedarview_linux/Makefile
omap5-sgx-ddk-linux	d942b06673658f61d0d8010323e56ee9561e33e0	a90f89f4a2f2e8a05894d807de4db63ebf62a392	eurasia_km/eurasiacon/build/linux2/pc_i686_cedarview_linux/Makefile
omap5-sgx-ddk-linux	d942b06673658f61d0d8010323e56ee9561e33e0	a99c2cef71407bf63db49af96e43cfdd8c7b3b7a	eurasiacon/build/linux2/pc_i686_cedarview_linux/Makefile
omap5-sgx-ddk-linux	d942b06673658f61d0d8010323e56ee9561e33e0	ac8a883f35bd7049454575eab28d227e8f71aa9b	eurasiacon/build/linux2/pc_i686_cedarview_linux/Makefile
omap5-sgx-ddk-linux	d942b06673658f61d0d8010323e56ee9561e33e0	ad511f2798f45eab3c44826fdd860811cce4b1f6	eurasiacon/build/linux2/pc_i686_cedarview_linux/Makefile
omap5-sgx-ddk-linux	d942b06673658f61d0d8010323e56ee9561e33e0	b144fa4b97cb69e54cabaad62daffcd4b5497c29	eurasia_km/eurasiacon/build/linux2/pc_i686_cedarview_linux/Makefile
omap5-sgx-ddk-linux	d942b06673658f61d0d8010323e56ee9561e33e0	b42208fb9ad30f288ebf968a994a46f3fcf90136	eurasiacon/build/linux2/pc_i686_cedarview_linux/Makefile
omap5-sgx-ddk-linux	d942b06673658f61d0d8010323e56ee9561e33e0	b45658fb2090a579e48942909f3865152f82e1ca	eurasiacon/build/linux2/pc_i686_cedarview_linux/Makefile
omap5-sgx-ddk-linux	d942b06673658f61d0d8010323e56ee9561e33e0	b630d462f5fbb86e5f98965ba1af35da1207822f	eurasia_km/eurasiacon/build/linux2/pc_i686_cedarview_linux/Makefile
omap5-sgx-ddk-linux	d942b06673658f61d0d8010323e56ee9561e33e0	b83e2affbaeb0c2c7a010b3eacc3f0d3b0f7669a	eurasiacon/build/linux2/pc_i686_cedarview_linux/Makefile
omap5-sgx-ddk-linux	d942b06673658f61d0d8010323e56ee9561e33e0	b89ffe29648d567a28ce5275aa1fbbd584d6a02c	eurasiacon/build/linux2/pc_i686_cedarview_linux/Makefile
omap5-sgx-ddk-linux	d942b06673658f61d0d8010323e56ee9561e33e0	bc3128527024bd76f9ab4d8d7db13ad65a24458b	eurasia_km/eurasiacon/build/linux2/pc_i686_cedarview_linux/Makefile
omap5-sgx-ddk-linux	d942b06673658f61d0d8010323e56ee9561e33e0	bcb809355f813337f2ca2640b4fa405eaf8097da	eurasia_km/eurasiacon/build/linux2/pc_i686_cedarview_linux/Makefile
omap5-sgx-ddk-linux	d942b06673658f61d0d8010323e56ee9561e33e0	c13efb766a8fc680374ae7affc6df535f823bacb	eurasia_km/eurasiacon/build/linux2/pc_i686_cedarview_linux/Makefile
omap5-sgx-ddk-linux	d942b06673658f61d0d8010323e56ee9561e33e0	c8d280c2842bf4b1fdc63f5efd89595807c0a254	eurasia_km/eurasiacon/build/linux2/pc_i686_cedarview_linux/Makefile
omap5-sgx-ddk-linux	d942b06673658f61d0d8010323e56ee9561e33e0	cb46ba4d0c900f89f7ec0284f9803d476bfa98de	eurasia_km/eurasiacon/build/linux2/pc_i686_cedarview_linux/Makefile
omap5-sgx-ddk-linux	d942b06673658f61d0d8010323e56ee9561e33e0	cbcf497bee4c86a3142f7ed0c2de672e5a96682e	eurasiacon/build/linux2/pc_i686_cedarview_linux/Makefile
omap5-sgx-ddk-linux	d942b06673658f61d0d8010323e56ee9561e33e0	cc73af59a34f938f09e84b1004679e9b1a5973f2	eurasiacon/build/linux2/pc_i686_cedarview_linux/Makefile
omap5-sgx-ddk-linux	d942b06673658f61d0d8010323e56ee9561e33e0	cff8103dca22c75fdb612fd431056ea0f4d4ff65	eurasiacon/build/linux2/pc_i686_cedarview_linux/Makefile
omap5-sgx-ddk-linux	d942b06673658f61d0d8010323e56ee9561e33e0	d1d4d86e553a9bf56e0b5a25b280ab581ab15586	eurasia_km/eurasiacon/build/linux2/pc_i686_cedarview_linux/Makefile
omap5-sgx-ddk-linux	d942b06673658f61d0d8010323e56ee9561e33e0	d230b32f421120c1d1a588cbf82e9a70950391f9	eurasia_km/eurasiacon/build/linux2/pc_i686_cedarview_linux/Makefile
omap5-sgx-ddk-linux	d942b06673658f61d0d8010323e56ee9561e33e0	d2b3959738cfcc6209e8e882d1989de790866c8f	eurasia_km/eurasiacon/build/linux2/pc_i686_cedarview_linux/Makefile
omap5-sgx-ddk-linux	d942b06673658f61d0d8010323e56ee9561e33e0	d77c3b2ee61b6d22706a66bd625b689a74db3c89	eurasiacon/build/linux2/pc_i686_cedarview_linux/Makefile
omap5-sgx-ddk-linux	d942b06673658f61d0d8010323e56ee9561e33e0	e33760c18dbffa409d9da6a11e95083921b03af0	eurasiacon/build/linux2/pc_i686_cedarview_linux/Makefile
omap5-sgx-ddk-linux	d942b06673658f61d0d8010323e56ee9561e33e0	e68719ba7c54602c710b6615cd665f5b7f47f85e	eurasia_km/eurasiacon/build/linux2/pc_i686_cedarview_linux/Makefile
omap5-sgx-ddk-linux	d942b06673658f61d0d8010323e56ee9561e33e0	ea2ae0444f3643ea608f49eca2c880b8432ef62a	eurasia_km/eurasiacon/build/linux2/pc_i686_cedarview_linux/Makefile
omap5-sgx-ddk-linux	d942b06673658f61d0d8010323e56ee9561e33e0	eb2a06ca205ce150edc819b5757f2ee8514e259f	eurasiacon/build/linux2/pc_i686_cedarview_linux/Makefile
omap5-sgx-ddk-linux	d942b06673658f61d0d8010323e56ee9561e33e0	ebafbb34ad24cc10b4e402d1a2f2f8806343a3a8	eurasiacon/build/linux2/pc_i686_cedarview_linux/Makefile
omap5-sgx-ddk-linux	d942b06673658f61d0d8010323e56ee9561e33e0	f0c729c54ad45dc4b2d2c83317545a1ef9de1cc5	eurasia_km/eurasiacon/build/linux2/pc_i686_cedarview_linux/Makefile
omap5-sgx-ddk-linux	d942b06673658f61d0d8010323e56ee9561e33e0	f32b645d4eea5f89a15132cb336b346dccd8f07e	eurasiacon/build/linux2/pc_i686_cedarview_linux/Makefile
omap5-sgx-ddk-linux	d942b06673658f61d0d8010323e56ee9561e33e0	fd47e44b18944cf7ade480ac67a9c0172619ff7e	eurasia_km/eurasiacon/build/linux2/pc_i686_cedarview_linux/Makefile
omap5-sgx-ddk-linux	d942b06673658f61d0d8010323e56ee9561e33e0	fed0756f1b8b9d526da2821635c7d742989d47c3	eurasia_km/eurasiacon/build/linux2/pc_i686_cedarview_linux/Makefile
omap5-sgx-ddk-linux	dfac6ad4fc8ec40e5f6e539b1a4d8ce5a2fd9df4	0086977380d3320d70a3abc78b95fa0641427073	eurasia_km/services4/3rdparty/dc_poulsbo/3rdparty_dc_drm_shared.h
omap5-sgx-ddk-linux	dfac6ad4fc8ec40e5f6e539b1a4d8ce5a2fd9df4	00feb97c35003dac20c0d4c1935fa99660a0454f	services4/3rdparty/dc_poulsbo/3rdparty_dc_drm_shared.h
omap5-sgx-ddk-linux	dfac6ad4fc8ec40e5f6e539b1a4d8ce5a2fd9df4	0182806f070bf1c7dcbe357355105d795f36d0c5	eurasia_km/services4/3rdparty/dc_poulsbo/3rdparty_dc_drm_shared.h
omap5-sgx-ddk-linux	dfac6ad4fc8ec40e5f6e539b1a4d8ce5a2fd9df4	02545fd29aecdb1a3de8c554ab75797336b5a8e2	services4/3rdparty/dc_poulsbo/3rdparty_dc_drm_shared.h
omap5-sgx-ddk-linux	dfac6ad4fc8ec40e5f6e539b1a4d8ce5a2fd9df4	03e3a7dca1ae197e43f16a354c43fd9d64e8ec5b	eurasia_km/services4/3rdparty/dc_poulsbo/3rdparty_dc_drm_shared.h
omap5-sgx-ddk-linux	dfac6ad4fc8ec40e5f6e539b1a4d8ce5a2fd9df4	0739fc4f8b5e39eb1365e6f6c6afe9b493d5d782	services4/3rdparty/dc_poulsbo/3rdparty_dc_drm_shared.h
omap5-sgx-ddk-linux	dfac6ad4fc8ec40e5f6e539b1a4d8ce5a2fd9df4	0f1b63995057a714592ef26e28989ec4da8a4ed5	services4/3rdparty/dc_poulsbo/3rdparty_dc_drm_shared.h
omap5-sgx-ddk-linux	dfac6ad4fc8ec40e5f6e539b1a4d8ce5a2fd9df4	0f2b79401e3565c1824f86bb96672b67ff1f1cf6	eurasia_km/services4/3rdparty/dc_poulsbo/3rdparty_dc_drm_shared.h
omap5-sgx-ddk-linux	dfac6ad4fc8ec40e5f6e539b1a4d8ce5a2fd9df4	0faba9b9d4e55ca9bbd601ceac79526d9b3b602f	eurasia_km/services4/3rdparty/dc_poulsbo/3rdparty_dc_drm_shared.h
omap5-sgx-ddk-linux	dfac6ad4fc8ec40e5f6e539b1a4d8ce5a2fd9df4	106ddd54843dd05b77b57df4a72b327684916ef5	eurasia_km/services4/3rdparty/dc_poulsbo/3rdparty_dc_drm_shared.h
omap5-sgx-ddk-linux	dfac6ad4fc8ec40e5f6e539b1a4d8ce5a2fd9df4	1a6db182eb71299645807f54f687be014b557798	eurasia_km/services4/3rdparty/dc_poulsbo/3rdparty_dc_drm_shared.h
omap5-sgx-ddk-linux	dfac6ad4fc8ec40e5f6e539b1a4d8ce5a2fd9df4	200868f7e5d37057eef03a87f18b593844ccc812	services4/3rdparty/dc_poulsbo/3rdparty_dc_drm_shared.h
omap5-sgx-ddk-linux	dfac6ad4fc8ec40e5f6e539b1a4d8ce5a2fd9df4	204d10d1ac5b71cd0329dd9d59459d89630def1d	eurasia_km/services4/3rdparty/dc_poulsbo/3rdparty_dc_drm_shared.h
omap5-sgx-ddk-linux	dfac6ad4fc8ec40e5f6e539b1a4d8ce5a2fd9df4	20f805c1c37aed9a2e3c9606a373722c817e1d4b	services4/3rdparty/dc_poulsbo/3rdparty_dc_drm_shared.h
omap5-sgx-ddk-linux	dfac6ad4fc8ec40e5f6e539b1a4d8ce5a2fd9df4	256694cbc12bf1b13a6c2714372c603d6f3845b1	eurasia_km/services4/3rdparty/dc_poulsbo/3rdparty_dc_drm_shared.h
omap5-sgx-ddk-linux	dfac6ad4fc8ec40e5f6e539b1a4d8ce5a2fd9df4	27f8b72796622b1b59ff82bc988c5949de11ce80	services4/3rdparty/dc_poulsbo/3rdparty_dc_drm_shared.h
omap5-sgx-ddk-linux	dfac6ad4fc8ec40e5f6e539b1a4d8ce5a2fd9df4	29115f91063c25292cf8f973622433f576d01164	eurasia_km/services4/3rdparty/dc_poulsbo/3rdparty_dc_drm_shared.h
omap5-sgx-ddk-linux	dfac6ad4fc8ec40e5f6e539b1a4d8ce5a2fd9df4	298a29a109a890cd9b0735ee7da1783efe5a6bed	services4/3rdparty/dc_poulsbo/3rdparty_dc_drm_shared.h
omap5-sgx-ddk-linux	dfac6ad4fc8ec40e5f6e539b1a4d8ce5a2fd9df4	2c407d34e45398cbb029c4299b78af3a1ed991b7	services4/3rdparty/dc_poulsbo/3rdparty_dc_drm_shared.h
omap5-sgx-ddk-linux	dfac6ad4fc8ec40e5f6e539b1a4d8ce5a2fd9df4	2d4a2cf221a34a32dc71ab0e017f3b9a8e974a21	eurasia_km/services4/3rdparty/dc_poulsbo/3rdparty_dc_drm_shared.h
omap5-sgx-ddk-linux	dfac6ad4fc8ec40e5f6e539b1a4d8ce5a2fd9df4	33623289ac5281a4567e49429f9ca24c3f36d927	services4/3rdparty/dc_poulsbo/3rdparty_dc_drm_shared.h
omap5-sgx-ddk-linux	dfac6ad4fc8ec40e5f6e539b1a4d8ce5a2fd9df4	37502630b9b5fa4f4f412837694eb133ab28cc30	eurasia_km/services4/3rdparty/dc_poulsbo/3rdparty_dc_drm_shared.h
omap5-sgx-ddk-linux	dfac6ad4fc8ec40e5f6e539b1a4d8ce5a2fd9df4	375b47e32ab9dd48861a653ef0134ca9ae836035	services4/3rdparty/dc_poulsbo/3rdparty_dc_drm_shared.h
omap5-sgx-ddk-linux	dfac6ad4fc8ec40e5f6e539b1a4d8ce5a2fd9df4	3a5f9a5a7f6e00bf9937d36f334dd100543acea3	services4/3rdparty/dc_poulsbo/3rdparty_dc_drm_shared.h
omap5-sgx-ddk-linux	dfac6ad4fc8ec40e5f6e539b1a4d8ce5a2fd9df4	3cd845e5603692c325c302e4b77634830c355cfb	eurasia_km/services4/3rdparty/dc_poulsbo/3rdparty_dc_drm_shared.h
omap5-sgx-ddk-linux	dfac6ad4fc8ec40e5f6e539b1a4d8ce5a2fd9df4	3d15fac4bbb06a6987421f995d87d2ee3331156c	services4/3rdparty/dc_poulsbo/3rdparty_dc_drm_shared.h
omap5-sgx-ddk-linux	dfac6ad4fc8ec40e5f6e539b1a4d8ce5a2fd9df4	3d3d480d8de6effc9136329a5cf5db9a8d7eaace	eurasia_km/services4/3rdparty/dc_poulsbo/3rdparty_dc_drm_shared.h
omap5-sgx-ddk-linux	dfac6ad4fc8ec40e5f6e539b1a4d8ce5a2fd9df4	3d5e9c9074b25dc6567449ca0c11d9066b2db2dc	eurasia_km/services4/3rdparty/dc_poulsbo/3rdparty_dc_drm_shared.h
omap5-sgx-ddk-linux	dfac6ad4fc8ec40e5f6e539b1a4d8ce5a2fd9df4	426874836d3d9ec2ad21d1741df87a2234e75ebf	services4/3rdparty/dc_poulsbo/3rdparty_dc_drm_shared.h
omap5-sgx-ddk-linux	dfac6ad4fc8ec40e5f6e539b1a4d8ce5a2fd9df4	45415cca38dbb5ae081cdd14dc0c8adb36b8979b	eurasia_km/services4/3rdparty/dc_poulsbo/3rdparty_dc_drm_shared.h
omap5-sgx-ddk-linux	dfac6ad4fc8ec40e5f6e539b1a4d8ce5a2fd9df4	4548afa3d08df5fb980ad36df5e1d0a63812aa90	eurasia_km/services4/3rdparty/dc_poulsbo/3rdparty_dc_drm_shared.h
omap5-sgx-ddk-linux	dfac6ad4fc8ec40e5f6e539b1a4d8ce5a2fd9df4	4ac887b09a0209de3d1f950e00ae184872822583	eurasia_km/services4/3rdparty/dc_poulsbo/3rdparty_dc_drm_shared.h
omap5-sgx-ddk-linux	dfac6ad4fc8ec40e5f6e539b1a4d8ce5a2fd9df4	4ef19c1aed27ed74fce318b329c7707abbba5bd2	services4/3rdparty/dc_poulsbo/3rdparty_dc_drm_shared.h
omap5-sgx-ddk-linux	dfac6ad4fc8ec40e5f6e539b1a4d8ce5a2fd9df4	50a6e8fb26b0fb5160e1ffac8f0a414a69570863	eurasia_km/services4/3rdparty/dc_poulsbo/3rdparty_dc_drm_shared.h
omap5-sgx-ddk-linux	dfac6ad4fc8ec40e5f6e539b1a4d8ce5a2fd9df4	5433b1b54e5725ba79bd5a70837e5349fc40f75d	eurasia_km/services4/3rdparty/dc_poulsbo/3rdparty_dc_drm_shared.h
omap5-sgx-ddk-linux	dfac6ad4fc8ec40e5f6e539b1a4d8ce5a2fd9df4	5a08785fee8404223a42de14dea1d9bbc608dfc2	services4/3rdparty/dc_poulsbo/3rdparty_dc_drm_shared.h
omap5-sgx-ddk-linux	dfac6ad4fc8ec40e5f6e539b1a4d8ce5a2fd9df4	5bb795ce754bd8eb1a2b3ffd581f2d2ed4dacdb0	services4/3rdparty/dc_poulsbo/3rdparty_dc_drm_shared.h
omap5-sgx-ddk-linux	dfac6ad4fc8ec40e5f6e539b1a4d8ce5a2fd9df4	5c5ebf1f25d669cd56d954bf962f3ffb9a730422	services4/3rdparty/dc_poulsbo/3rdparty_dc_drm_shared.h
omap5-sgx-ddk-linux	dfac6ad4fc8ec40e5f6e539b1a4d8ce5a2fd9df4	5db485fa5350cd4228e5574fff54aae0edfa4948	services4/3rdparty/dc_poulsbo/3rdparty_dc_drm_shared.h
omap5-sgx-ddk-linux	dfac6ad4fc8ec40e5f6e539b1a4d8ce5a2fd9df4	5dcb3b098055e2eab101696de930bfb95628356d	eurasia_km/services4/3rdparty/dc_poulsbo/3rdparty_dc_drm_shared.h
omap5-sgx-ddk-linux	dfac6ad4fc8ec40e5f6e539b1a4d8ce5a2fd9df4	60bf27ff0ba6079df13813a11c81ff96056715ed	eurasia_km/services4/3rdparty/dc_poulsbo/3rdparty_dc_drm_shared.h
omap5-sgx-ddk-linux	dfac6ad4fc8ec40e5f6e539b1a4d8ce5a2fd9df4	62a7820fd10ae90e2752dbc235e461bf4346f238	services4/3rdparty/dc_poulsbo/3rdparty_dc_drm_shared.h
omap5-sgx-ddk-linux	dfac6ad4fc8ec40e5f6e539b1a4d8ce5a2fd9df4	63f064dcc4d373e51b1b1763c70bb70bd3b51668	services4/3rdparty/dc_poulsbo/3rdparty_dc_drm_shared.h
omap5-sgx-ddk-linux	dfac6ad4fc8ec40e5f6e539b1a4d8ce5a2fd9df4	6df5246430cc7c3c615081ee78ab0ed5b786a0dc	eurasia_km/services4/3rdparty/dc_poulsbo/3rdparty_dc_drm_shared.h
omap5-sgx-ddk-linux	dfac6ad4fc8ec40e5f6e539b1a4d8ce5a2fd9df4	70fd434b18cc579b15211813d01cd1bad2bf9440	services4/3rdparty/dc_poulsbo/3rdparty_dc_drm_shared.h
omap5-sgx-ddk-linux	dfac6ad4fc8ec40e5f6e539b1a4d8ce5a2fd9df4	730d2b4891ddcf9292f9e7282e9d1ab6ea9dd54b	eurasia_km/services4/3rdparty/dc_poulsbo/3rdparty_dc_drm_shared.h
omap5-sgx-ddk-linux	dfac6ad4fc8ec40e5f6e539b1a4d8ce5a2fd9df4	743c007813d709836cca97c048ef1a1c25982c22	services4/3rdparty/dc_poulsbo/3rdparty_dc_drm_shared.h
omap5-sgx-ddk-linux	dfac6ad4fc8ec40e5f6e539b1a4d8ce5a2fd9df4	75516a5f2d4ce36777fc22bd1b20445259d07737	services4/3rdparty/dc_poulsbo/3rdparty_dc_drm_shared.h
omap5-sgx-ddk-linux	dfac6ad4fc8ec40e5f6e539b1a4d8ce5a2fd9df4	766b6004db9a7227aa736dc30de2e6316e2be7f6	eurasia_km/services4/3rdparty/dc_poulsbo/3rdparty_dc_drm_shared.h
omap5-sgx-ddk-linux	dfac6ad4fc8ec40e5f6e539b1a4d8ce5a2fd9df4	769605f232660fb7a3b037424b9eb77709633506	eurasia_km/services4/3rdparty/dc_poulsbo/3rdparty_dc_drm_shared.h
omap5-sgx-ddk-linux	dfac6ad4fc8ec40e5f6e539b1a4d8ce5a2fd9df4	76da7d73976f0a5dc04fdc84a3af899d6c2b1fe2	eurasia_km/services4/3rdparty/dc_poulsbo/3rdparty_dc_drm_shared.h
omap5-sgx-ddk-linux	dfac6ad4fc8ec40e5f6e539b1a4d8ce5a2fd9df4	78db3c65b9dafb802be133c7b14f8ed432e1fb78	services4/3rdparty/dc_poulsbo/3rdparty_dc_drm_shared.h
omap5-sgx-ddk-linux	dfac6ad4fc8ec40e5f6e539b1a4d8ce5a2fd9df4	7b3b71dac2fe1df94439488f9a55c81ec762d6d6	services4/3rdparty/dc_poulsbo/3rdparty_dc_drm_shared.h
omap5-sgx-ddk-linux	dfac6ad4fc8ec40e5f6e539b1a4d8ce5a2fd9df4	7c40c1dc05226be9662860166d16fc346a1378d9	eurasia_km/services4/3rdparty/dc_poulsbo/3rdparty_dc_drm_shared.h
omap5-sgx-ddk-linux	dfac6ad4fc8ec40e5f6e539b1a4d8ce5a2fd9df4	7c89d3433bd96d8b2755ca172e99198fa4b69c05	services4/3rdparty/dc_poulsbo/3rdparty_dc_drm_shared.h
omap5-sgx-ddk-linux	dfac6ad4fc8ec40e5f6e539b1a4d8ce5a2fd9df4	7fa3c9052ddbce83a4df134e73f07c99ddc267d7	eurasia_km/services4/3rdparty/dc_poulsbo/3rdparty_dc_drm_shared.h
omap5-sgx-ddk-linux	dfac6ad4fc8ec40e5f6e539b1a4d8ce5a2fd9df4	82baf103b171ce138bef79c4194497a108e22df8	eurasia_km/services4/3rdparty/dc_poulsbo/3rdparty_dc_drm_shared.h
omap5-sgx-ddk-linux	dfac6ad4fc8ec40e5f6e539b1a4d8ce5a2fd9df4	83431055a561bd69f1efc49164bd789547d8ff85	services4/3rdparty/dc_poulsbo/3rdparty_dc_drm_shared.h
omap5-sgx-ddk-linux	dfac6ad4fc8ec40e5f6e539b1a4d8ce5a2fd9df4	83ec439629f44bbea899bfaed1e719743d61cf01	services4/3rdparty/dc_poulsbo/3rdparty_dc_drm_shared.h
omap5-sgx-ddk-linux	dfac6ad4fc8ec40e5f6e539b1a4d8ce5a2fd9df4	8526d639399e06b6e80dfa2e3dcd208d4d528550	services4/3rdparty/dc_poulsbo/3rdparty_dc_drm_shared.h
omap5-sgx-ddk-linux	dfac6ad4fc8ec40e5f6e539b1a4d8ce5a2fd9df4	852a47794d2e8656045e0339cbb9bd8e06d3e7e3	eurasia_km/services4/3rdparty/dc_poulsbo/3rdparty_dc_drm_shared.h
omap5-sgx-ddk-linux	dfac6ad4fc8ec40e5f6e539b1a4d8ce5a2fd9df4	855889f437250b6572c75d12696ec4a998b9aef9	eurasia_km/services4/3rdparty/dc_poulsbo/3rdparty_dc_drm_shared.h
omap5-sgx-ddk-linux	dfac6ad4fc8ec40e5f6e539b1a4d8ce5a2fd9df4	8680409ad5ce44b7ce3a43916332f6a29bc711de	eurasia_km/services4/3rdparty/dc_poulsbo/3rdparty_dc_drm_shared.h
omap5-sgx-ddk-linux	dfac6ad4fc8ec40e5f6e539b1a4d8ce5a2fd9df4	8d5305b03dce13f3a9a89328c69c762dcd3109a4	eurasia_km/services4/3rdparty/dc_poulsbo/3rdparty_dc_drm_shared.h
omap5-sgx-ddk-linux	dfac6ad4fc8ec40e5f6e539b1a4d8ce5a2fd9df4	9027da1de0fd0742ebc9c99d851c6b9498bb81c9	services4/3rdparty/dc_poulsbo/3rdparty_dc_drm_shared.h
omap5-sgx-ddk-linux	dfac6ad4fc8ec40e5f6e539b1a4d8ce5a2fd9df4	9855bcc288b2c3ef715064705f727334439556d8	eurasia_km/services4/3rdparty/dc_poulsbo/3rdparty_dc_drm_shared.h
omap5-sgx-ddk-linux	dfac6ad4fc8ec40e5f6e539b1a4d8ce5a2fd9df4	9f690e5e7b6c215dc54e4a8c58b8e55cabcd394f	eurasia_km/services4/3rdparty/dc_poulsbo/3rdparty_dc_drm_shared.h
omap5-sgx-ddk-linux	dfac6ad4fc8ec40e5f6e539b1a4d8ce5a2fd9df4	a0ff0e7423f26387255e1c9205f6664a954b15ef	services4/3rdparty/dc_poulsbo/3rdparty_dc_drm_shared.h
omap5-sgx-ddk-linux	dfac6ad4fc8ec40e5f6e539b1a4d8ce5a2fd9df4	a19b99beae63ed2a56e792f1b5e80437c22f8f89	services4/3rdparty/dc_poulsbo/3rdparty_dc_drm_shared.h
omap5-sgx-ddk-linux	dfac6ad4fc8ec40e5f6e539b1a4d8ce5a2fd9df4	a3084c34f54696e5ac56e95e977dfb649e283a4b	services4/3rdparty/dc_poulsbo/3rdparty_dc_drm_shared.h
omap5-sgx-ddk-linux	dfac6ad4fc8ec40e5f6e539b1a4d8ce5a2fd9df4	a5a0fe1799cabfa1278321b667263cf3fa2cf32f	eurasia_km/services4/3rdparty/dc_poulsbo/3rdparty_dc_drm_shared.h
omap5-sgx-ddk-linux	dfac6ad4fc8ec40e5f6e539b1a4d8ce5a2fd9df4	a90f89f4a2f2e8a05894d807de4db63ebf62a392	eurasia_km/services4/3rdparty/dc_poulsbo/3rdparty_dc_drm_shared.h
omap5-sgx-ddk-linux	dfac6ad4fc8ec40e5f6e539b1a4d8ce5a2fd9df4	a99c2cef71407bf63db49af96e43cfdd8c7b3b7a	services4/3rdparty/dc_poulsbo/3rdparty_dc_drm_shared.h
omap5-sgx-ddk-linux	dfac6ad4fc8ec40e5f6e539b1a4d8ce5a2fd9df4	ac8a883f35bd7049454575eab28d227e8f71aa9b	services4/3rdparty/dc_poulsbo/3rdparty_dc_drm_shared.h
omap5-sgx-ddk-linux	dfac6ad4fc8ec40e5f6e539b1a4d8ce5a2fd9df4	ad511f2798f45eab3c44826fdd860811cce4b1f6	services4/3rdparty/dc_poulsbo/3rdparty_dc_drm_shared.h
omap5-sgx-ddk-linux	dfac6ad4fc8ec40e5f6e539b1a4d8ce5a2fd9df4	b144fa4b97cb69e54cabaad62daffcd4b5497c29	eurasia_km/services4/3rdparty/dc_poulsbo/3rdparty_dc_drm_shared.h
omap5-sgx-ddk-linux	dfac6ad4fc8ec40e5f6e539b1a4d8ce5a2fd9df4	b42208fb9ad30f288ebf968a994a46f3fcf90136	services4/3rdparty/dc_poulsbo/3rdparty_dc_drm_shared.h
omap5-sgx-ddk-linux	dfac6ad4fc8ec40e5f6e539b1a4d8ce5a2fd9df4	b45658fb2090a579e48942909f3865152f82e1ca	services4/3rdparty/dc_poulsbo/3rdparty_dc_drm_shared.h
omap5-sgx-ddk-linux	dfac6ad4fc8ec40e5f6e539b1a4d8ce5a2fd9df4	b630d462f5fbb86e5f98965ba1af35da1207822f	eurasia_km/services4/3rdparty/dc_poulsbo/3rdparty_dc_drm_shared.h
omap5-sgx-ddk-linux	dfac6ad4fc8ec40e5f6e539b1a4d8ce5a2fd9df4	b83e2affbaeb0c2c7a010b3eacc3f0d3b0f7669a	services4/3rdparty/dc_poulsbo/3rdparty_dc_drm_shared.h
omap5-sgx-ddk-linux	dfac6ad4fc8ec40e5f6e539b1a4d8ce5a2fd9df4	b89ffe29648d567a28ce5275aa1fbbd584d6a02c	services4/3rdparty/dc_poulsbo/3rdparty_dc_drm_shared.h
omap5-sgx-ddk-linux	dfac6ad4fc8ec40e5f6e539b1a4d8ce5a2fd9df4	bc3128527024bd76f9ab4d8d7db13ad65a24458b	eurasia_km/services4/3rdparty/dc_poulsbo/3rdparty_dc_drm_shared.h
omap5-sgx-ddk-linux	dfac6ad4fc8ec40e5f6e539b1a4d8ce5a2fd9df4	bcb809355f813337f2ca2640b4fa405eaf8097da	eurasia_km/services4/3rdparty/dc_poulsbo/3rdparty_dc_drm_shared.h
omap5-sgx-ddk-linux	dfac6ad4fc8ec40e5f6e539b1a4d8ce5a2fd9df4	c13efb766a8fc680374ae7affc6df535f823bacb	eurasia_km/services4/3rdparty/dc_poulsbo/3rdparty_dc_drm_shared.h
omap5-sgx-ddk-linux	dfac6ad4fc8ec40e5f6e539b1a4d8ce5a2fd9df4	c8d280c2842bf4b1fdc63f5efd89595807c0a254	eurasia_km/services4/3rdparty/dc_poulsbo/3rdparty_dc_drm_shared.h
omap5-sgx-ddk-linux	dfac6ad4fc8ec40e5f6e539b1a4d8ce5a2fd9df4	cb46ba4d0c900f89f7ec0284f9803d476bfa98de	eurasia_km/services4/3rdparty/dc_poulsbo/3rdparty_dc_drm_shared.h
omap5-sgx-ddk-linux	dfac6ad4fc8ec40e5f6e539b1a4d8ce5a2fd9df4	cbcf497bee4c86a3142f7ed0c2de672e5a96682e	services4/3rdparty/dc_poulsbo/3rdparty_dc_drm_shared.h
omap5-sgx-ddk-linux	dfac6ad4fc8ec40e5f6e539b1a4d8ce5a2fd9df4	cc73af59a34f938f09e84b1004679e9b1a5973f2	services4/3rdparty/dc_poulsbo/3rdparty_dc_drm_shared.h
omap5-sgx-ddk-linux	dfac6ad4fc8ec40e5f6e539b1a4d8ce5a2fd9df4	cff8103dca22c75fdb612fd431056ea0f4d4ff65	services4/3rdparty/dc_poulsbo/3rdparty_dc_drm_shared.h
omap5-sgx-ddk-linux	dfac6ad4fc8ec40e5f6e539b1a4d8ce5a2fd9df4	d1d4d86e553a9bf56e0b5a25b280ab581ab15586	eurasia_km/services4/3rdparty/dc_poulsbo/3rdparty_dc_drm_shared.h
omap5-sgx-ddk-linux	dfac6ad4fc8ec40e5f6e539b1a4d8ce5a2fd9df4	d230b32f421120c1d1a588cbf82e9a70950391f9	eurasia_km/services4/3rdparty/dc_poulsbo/3rdparty_dc_drm_shared.h
omap5-sgx-ddk-linux	dfac6ad4fc8ec40e5f6e539b1a4d8ce5a2fd9df4	d2b3959738cfcc6209e8e882d1989de790866c8f	eurasia_km/services4/3rdparty/dc_poulsbo/3rdparty_dc_drm_shared.h
omap5-sgx-ddk-linux	dfac6ad4fc8ec40e5f6e539b1a4d8ce5a2fd9df4	d77c3b2ee61b6d22706a66bd625b689a74db3c89	services4/3rdparty/dc_poulsbo/3rdparty_dc_drm_shared.h
omap5-sgx-ddk-linux	dfac6ad4fc8ec40e5f6e539b1a4d8ce5a2fd9df4	e33760c18dbffa409d9da6a11e95083921b03af0	services4/3rdparty/dc_poulsbo/3rdparty_dc_drm_shared.h
omap5-sgx-ddk-linux	dfac6ad4fc8ec40e5f6e539b1a4d8ce5a2fd9df4	e68719ba7c54602c710b6615cd665f5b7f47f85e	eurasia_km/services4/3rdparty/dc_poulsbo/3rdparty_dc_drm_shared.h
omap5-sgx-ddk-linux	dfac6ad4fc8ec40e5f6e539b1a4d8ce5a2fd9df4	ea2ae0444f3643ea608f49eca2c880b8432ef62a	eurasia_km/services4/3rdparty/dc_poulsbo/3rdparty_dc_drm_shared.h
omap5-sgx-ddk-linux	dfac6ad4fc8ec40e5f6e539b1a4d8ce5a2fd9df4	eb2a06ca205ce150edc819b5757f2ee8514e259f	services4/3rdparty/dc_poulsbo/3rdparty_dc_drm_shared.h
omap5-sgx-ddk-linux	dfac6ad4fc8ec40e5f6e539b1a4d8ce5a2fd9df4	ebafbb34ad24cc10b4e402d1a2f2f8806343a3a8	services4/3rdparty/dc_poulsbo/3rdparty_dc_drm_shared.h
omap5-sgx-ddk-linux	dfac6ad4fc8ec40e5f6e539b1a4d8ce5a2fd9df4	f0c729c54ad45dc4b2d2c83317545a1ef9de1cc5	eurasia_km/services4/3rdparty/dc_poulsbo/3rdparty_dc_drm_shared.h
omap5-sgx-ddk-linux	dfac6ad4fc8ec40e5f6e539b1a4d8ce5a2fd9df4	f32b645d4eea5f89a15132cb336b346dccd8f07e	services4/3rdparty/dc_poulsbo/3rdparty_dc_drm_shared.h
omap5-sgx-ddk-linux	dfac6ad4fc8ec40e5f6e539b1a4d8ce5a2fd9df4	fd47e44b18944cf7ade480ac67a9c0172619ff7e	eurasia_km/services4/3rdparty/dc_poulsbo/3rdparty_dc_drm_shared.h
omap5-sgx-ddk-linux	dfac6ad4fc8ec40e5f6e539b1a4d8ce5a2fd9df4	fed0756f1b8b9d526da2821635c7d742989d47c3	eurasia_km/services4/3rdparty/dc_poulsbo/3rdparty_dc_drm_shared.h
omap5-sgx-ddk-linux	e377bf97539f35949285fd63218fcacb1e6f6680	0086977380d3320d70a3abc78b95fa0641427073	eurasia_km/services4/3rdparty/dc_poulsbo/poulsbo_displayclass.c
omap5-sgx-ddk-linux	e377bf97539f35949285fd63218fcacb1e6f6680	00feb97c35003dac20c0d4c1935fa99660a0454f	services4/3rdparty/dc_poulsbo/poulsbo_displayclass.c
omap5-sgx-ddk-linux	e377bf97539f35949285fd63218fcacb1e6f6680	0182806f070bf1c7dcbe357355105d795f36d0c5	eurasia_km/services4/3rdparty/dc_poulsbo/poulsbo_displayclass.c
omap5-sgx-ddk-linux	e377bf97539f35949285fd63218fcacb1e6f6680	02545fd29aecdb1a3de8c554ab75797336b5a8e2	services4/3rdparty/dc_poulsbo/poulsbo_displayclass.c
omap5-sgx-ddk-linux	e377bf97539f35949285fd63218fcacb1e6f6680	03e3a7dca1ae197e43f16a354c43fd9d64e8ec5b	eurasia_km/services4/3rdparty/dc_poulsbo/poulsbo_displayclass.c
omap5-sgx-ddk-linux	e377bf97539f35949285fd63218fcacb1e6f6680	0739fc4f8b5e39eb1365e6f6c6afe9b493d5d782	services4/3rdparty/dc_poulsbo/poulsbo_displayclass.c
omap5-sgx-ddk-linux	e377bf97539f35949285fd63218fcacb1e6f6680	0f1b63995057a714592ef26e28989ec4da8a4ed5	services4/3rdparty/dc_poulsbo/poulsbo_displayclass.c
omap5-sgx-ddk-linux	e377bf97539f35949285fd63218fcacb1e6f6680	0f2b79401e3565c1824f86bb96672b67ff1f1cf6	eurasia_km/services4/3rdparty/dc_poulsbo/poulsbo_displayclass.c
omap5-sgx-ddk-linux	e377bf97539f35949285fd63218fcacb1e6f6680	0faba9b9d4e55ca9bbd601ceac79526d9b3b602f	eurasia_km/services4/3rdparty/dc_poulsbo/poulsbo_displayclass.c
omap5-sgx-ddk-linux	e377bf97539f35949285fd63218fcacb1e6f6680	106ddd54843dd05b77b57df4a72b327684916ef5	eurasia_km/services4/3rdparty/dc_poulsbo/poulsbo_displayclass.c
omap5-sgx-ddk-linux	e377bf97539f35949285fd63218fcacb1e6f6680	1a6db182eb71299645807f54f687be014b557798	eurasia_km/services4/3rdparty/dc_poulsbo/poulsbo_displayclass.c
omap5-sgx-ddk-linux	e377bf97539f35949285fd63218fcacb1e6f6680	200868f7e5d37057eef03a87f18b593844ccc812	services4/3rdparty/dc_poulsbo/poulsbo_displayclass.c
omap5-sgx-ddk-linux	e377bf97539f35949285fd63218fcacb1e6f6680	204d10d1ac5b71cd0329dd9d59459d89630def1d	eurasia_km/services4/3rdparty/dc_poulsbo/poulsbo_displayclass.c
omap5-sgx-ddk-linux	e377bf97539f35949285fd63218fcacb1e6f6680	20f805c1c37aed9a2e3c9606a373722c817e1d4b	services4/3rdparty/dc_poulsbo/poulsbo_displayclass.c
omap5-sgx-ddk-linux	e377bf97539f35949285fd63218fcacb1e6f6680	256694cbc12bf1b13a6c2714372c603d6f3845b1	eurasia_km/services4/3rdparty/dc_poulsbo/poulsbo_displayclass.c
omap5-sgx-ddk-linux	e377bf97539f35949285fd63218fcacb1e6f6680	27f8b72796622b1b59ff82bc988c5949de11ce80	services4/3rdparty/dc_poulsbo/poulsbo_displayclass.c
omap5-sgx-ddk-linux	e377bf97539f35949285fd63218fcacb1e6f6680	29115f91063c25292cf8f973622433f576d01164	eurasia_km/services4/3rdparty/dc_poulsbo/poulsbo_displayclass.c
omap5-sgx-ddk-linux	e377bf97539f35949285fd63218fcacb1e6f6680	298a29a109a890cd9b0735ee7da1783efe5a6bed	services4/3rdparty/dc_poulsbo/poulsbo_displayclass.c
omap5-sgx-ddk-linux	e377bf97539f35949285fd63218fcacb1e6f6680	2c407d34e45398cbb029c4299b78af3a1ed991b7	services4/3rdparty/dc_poulsbo/poulsbo_displayclass.c
omap5-sgx-ddk-linux	e377bf97539f35949285fd63218fcacb1e6f6680	2d4a2cf221a34a32dc71ab0e017f3b9a8e974a21	eurasia_km/services4/3rdparty/dc_poulsbo/poulsbo_displayclass.c
omap5-sgx-ddk-linux	e377bf97539f35949285fd63218fcacb1e6f6680	33623289ac5281a4567e49429f9ca24c3f36d927	services4/3rdparty/dc_poulsbo/poulsbo_displayclass.c
omap5-sgx-ddk-linux	e377bf97539f35949285fd63218fcacb1e6f6680	37502630b9b5fa4f4f412837694eb133ab28cc30	eurasia_km/services4/3rdparty/dc_poulsbo/poulsbo_displayclass.c
omap5-sgx-ddk-linux	e377bf97539f35949285fd63218fcacb1e6f6680	375b47e32ab9dd48861a653ef0134ca9ae836035	services4/3rdparty/dc_poulsbo/poulsbo_displayclass.c
omap5-sgx-ddk-linux	e377bf97539f35949285fd63218fcacb1e6f6680	3a5f9a5a7f6e00bf9937d36f334dd100543acea3	services4/3rdparty/dc_poulsbo/poulsbo_displayclass.c
omap5-sgx-ddk-linux	e377bf97539f35949285fd63218fcacb1e6f6680	3cd845e5603692c325c302e4b77634830c355cfb	eurasia_km/services4/3rdparty/dc_poulsbo/poulsbo_displayclass.c
omap5-sgx-ddk-linux	e377bf97539f35949285fd63218fcacb1e6f6680	3d15fac4bbb06a6987421f995d87d2ee3331156c	services4/3rdparty/dc_poulsbo/poulsbo_displayclass.c
omap5-sgx-ddk-linux	e377bf97539f35949285fd63218fcacb1e6f6680	3d3d480d8de6effc9136329a5cf5db9a8d7eaace	eurasia_km/services4/3rdparty/dc_poulsbo/poulsbo_displayclass.c
omap5-sgx-ddk-linux	e377bf97539f35949285fd63218fcacb1e6f6680	3d5e9c9074b25dc6567449ca0c11d9066b2db2dc	eurasia_km/services4/3rdparty/dc_poulsbo/poulsbo_displayclass.c
omap5-sgx-ddk-linux	e377bf97539f35949285fd63218fcacb1e6f6680	426874836d3d9ec2ad21d1741df87a2234e75ebf	services4/3rdparty/dc_poulsbo/poulsbo_displayclass.c
omap5-sgx-ddk-linux	e377bf97539f35949285fd63218fcacb1e6f6680	45415cca38dbb5ae081cdd14dc0c8adb36b8979b	eurasia_km/services4/3rdparty/dc_poulsbo/poulsbo_displayclass.c
omap5-sgx-ddk-linux	e377bf97539f35949285fd63218fcacb1e6f6680	4548afa3d08df5fb980ad36df5e1d0a63812aa90	eurasia_km/services4/3rdparty/dc_poulsbo/poulsbo_displayclass.c
omap5-sgx-ddk-linux	e377bf97539f35949285fd63218fcacb1e6f6680	4ac887b09a0209de3d1f950e00ae184872822583	eurasia_km/services4/3rdparty/dc_poulsbo/poulsbo_displayclass.c
omap5-sgx-ddk-linux	e377bf97539f35949285fd63218fcacb1e6f6680	4ef19c1aed27ed74fce318b329c7707abbba5bd2	services4/3rdparty/dc_poulsbo/poulsbo_displayclass.c
omap5-sgx-ddk-linux	e377bf97539f35949285fd63218fcacb1e6f6680	50a6e8fb26b0fb5160e1ffac8f0a414a69570863	eurasia_km/services4/3rdparty/dc_poulsbo/poulsbo_displayclass.c
omap5-sgx-ddk-linux	e377bf97539f35949285fd63218fcacb1e6f6680	5433b1b54e5725ba79bd5a70837e5349fc40f75d	eurasia_km/services4/3rdparty/dc_poulsbo/poulsbo_displayclass.c
omap5-sgx-ddk-linux	e377bf97539f35949285fd63218fcacb1e6f6680	5a08785fee8404223a42de14dea1d9bbc608dfc2	services4/3rdparty/dc_poulsbo/poulsbo_displayclass.c
omap5-sgx-ddk-linux	e377bf97539f35949285fd63218fcacb1e6f6680	5bb795ce754bd8eb1a2b3ffd581f2d2ed4dacdb0	services4/3rdparty/dc_poulsbo/poulsbo_displayclass.c
omap5-sgx-ddk-linux	e377bf97539f35949285fd63218fcacb1e6f6680	5c5ebf1f25d669cd56d954bf962f3ffb9a730422	services4/3rdparty/dc_poulsbo/poulsbo_displayclass.c
omap5-sgx-ddk-linux	e377bf97539f35949285fd63218fcacb1e6f6680	5db485fa5350cd4228e5574fff54aae0edfa4948	services4/3rdparty/dc_poulsbo/poulsbo_displayclass.c
omap5-sgx-ddk-linux	e377bf97539f35949285fd63218fcacb1e6f6680	5dcb3b098055e2eab101696de930bfb95628356d	eurasia_km/services4/3rdparty/dc_poulsbo/poulsbo_displayclass.c
omap5-sgx-ddk-linux	e377bf97539f35949285fd63218fcacb1e6f6680	60bf27ff0ba6079df13813a11c81ff96056715ed	eurasia_km/services4/3rdparty/dc_poulsbo/poulsbo_displayclass.c
omap5-sgx-ddk-linux	e377bf97539f35949285fd63218fcacb1e6f6680	62a7820fd10ae90e2752dbc235e461bf4346f238	services4/3rdparty/dc_poulsbo/poulsbo_displayclass.c
omap5-sgx-ddk-linux	e377bf97539f35949285fd63218fcacb1e6f6680	63f064dcc4d373e51b1b1763c70bb70bd3b51668	services4/3rdparty/dc_poulsbo/poulsbo_displayclass.c
omap5-sgx-ddk-linux	e377bf97539f35949285fd63218fcacb1e6f6680	6df5246430cc7c3c615081ee78ab0ed5b786a0dc	eurasia_km/services4/3rdparty/dc_poulsbo/poulsbo_displayclass.c
omap5-sgx-ddk-linux	e377bf97539f35949285fd63218fcacb1e6f6680	70fd434b18cc579b15211813d01cd1bad2bf9440	services4/3rdparty/dc_poulsbo/poulsbo_displayclass.c
omap5-sgx-ddk-linux	e377bf97539f35949285fd63218fcacb1e6f6680	730d2b4891ddcf9292f9e7282e9d1ab6ea9dd54b	eurasia_km/services4/3rdparty/dc_poulsbo/poulsbo_displayclass.c
omap5-sgx-ddk-linux	e377bf97539f35949285fd63218fcacb1e6f6680	743c007813d709836cca97c048ef1a1c25982c22	services4/3rdparty/dc_poulsbo/poulsbo_displayclass.c
omap5-sgx-ddk-linux	e377bf97539f35949285fd63218fcacb1e6f6680	75516a5f2d4ce36777fc22bd1b20445259d07737	services4/3rdparty/dc_poulsbo/poulsbo_displayclass.c
omap5-sgx-ddk-linux	e377bf97539f35949285fd63218fcacb1e6f6680	766b6004db9a7227aa736dc30de2e6316e2be7f6	eurasia_km/services4/3rdparty/dc_poulsbo/poulsbo_displayclass.c
omap5-sgx-ddk-linux	e377bf97539f35949285fd63218fcacb1e6f6680	769605f232660fb7a3b037424b9eb77709633506	eurasia_km/services4/3rdparty/dc_poulsbo/poulsbo_displayclass.c
omap5-sgx-ddk-linux	e377bf97539f35949285fd63218fcacb1e6f6680	76da7d73976f0a5dc04fdc84a3af899d6c2b1fe2	eurasia_km/services4/3rdparty/dc_poulsbo/poulsbo_displayclass.c
omap5-sgx-ddk-linux	e377bf97539f35949285fd63218fcacb1e6f6680	78db3c65b9dafb802be133c7b14f8ed432e1fb78	services4/3rdparty/dc_poulsbo/poulsbo_displayclass.c
omap5-sgx-ddk-linux	e377bf97539f35949285fd63218fcacb1e6f6680	7b3b71dac2fe1df94439488f9a55c81ec762d6d6	services4/3rdparty/dc_poulsbo/poulsbo_displayclass.c
omap5-sgx-ddk-linux	e377bf97539f35949285fd63218fcacb1e6f6680	7c40c1dc05226be9662860166d16fc346a1378d9	eurasia_km/services4/3rdparty/dc_poulsbo/poulsbo_displayclass.c
omap5-sgx-ddk-linux	e377bf97539f35949285fd63218fcacb1e6f6680	7c89d3433bd96d8b2755ca172e99198fa4b69c05	services4/3rdparty/dc_poulsbo/poulsbo_displayclass.c
omap5-sgx-ddk-linux	e377bf97539f35949285fd63218fcacb1e6f6680	7fa3c9052ddbce83a4df134e73f07c99ddc267d7	eurasia_km/services4/3rdparty/dc_poulsbo/poulsbo_displayclass.c
omap5-sgx-ddk-linux	e377bf97539f35949285fd63218fcacb1e6f6680	82baf103b171ce138bef79c4194497a108e22df8	eurasia_km/services4/3rdparty/dc_poulsbo/poulsbo_displayclass.c
omap5-sgx-ddk-linux	e377bf97539f35949285fd63218fcacb1e6f6680	83431055a561bd69f1efc49164bd789547d8ff85	services4/3rdparty/dc_poulsbo/poulsbo_displayclass.c
omap5-sgx-ddk-linux	e377bf97539f35949285fd63218fcacb1e6f6680	83ec439629f44bbea899bfaed1e719743d61cf01	services4/3rdparty/dc_poulsbo/poulsbo_displayclass.c
omap5-sgx-ddk-linux	e377bf97539f35949285fd63218fcacb1e6f6680	8526d639399e06b6e80dfa2e3dcd208d4d528550	services4/3rdparty/dc_poulsbo/poulsbo_displayclass.c
omap5-sgx-ddk-linux	e377bf97539f35949285fd63218fcacb1e6f6680	852a47794d2e8656045e0339cbb9bd8e06d3e7e3	eurasia_km/services4/3rdparty/dc_poulsbo/poulsbo_displayclass.c
omap5-sgx-ddk-linux	e377bf97539f35949285fd63218fcacb1e6f6680	855889f437250b6572c75d12696ec4a998b9aef9	eurasia_km/services4/3rdparty/dc_poulsbo/poulsbo_displayclass.c
omap5-sgx-ddk-linux	e377bf97539f35949285fd63218fcacb1e6f6680	8680409ad5ce44b7ce3a43916332f6a29bc711de	eurasia_km/services4/3rdparty/dc_poulsbo/poulsbo_displayclass.c
omap5-sgx-ddk-linux	e377bf97539f35949285fd63218fcacb1e6f6680	8d5305b03dce13f3a9a89328c69c762dcd3109a4	eurasia_km/services4/3rdparty/dc_poulsbo/poulsbo_displayclass.c
omap5-sgx-ddk-linux	e377bf97539f35949285fd63218fcacb1e6f6680	9027da1de0fd0742ebc9c99d851c6b9498bb81c9	services4/3rdparty/dc_poulsbo/poulsbo_displayclass.c
omap5-sgx-ddk-linux	e377bf97539f35949285fd63218fcacb1e6f6680	9855bcc288b2c3ef715064705f727334439556d8	eurasia_km/services4/3rdparty/dc_poulsbo/poulsbo_displayclass.c
omap5-sgx-ddk-linux	e377bf97539f35949285fd63218fcacb1e6f6680	9f690e5e7b6c215dc54e4a8c58b8e55cabcd394f	eurasia_km/services4/3rdparty/dc_poulsbo/poulsbo_displayclass.c
omap5-sgx-ddk-linux	e377bf97539f35949285fd63218fcacb1e6f6680	a0ff0e7423f26387255e1c9205f6664a954b15ef	services4/3rdparty/dc_poulsbo/poulsbo_displayclass.c
omap5-sgx-ddk-linux	e377bf97539f35949285fd63218fcacb1e6f6680	a19b99beae63ed2a56e792f1b5e80437c22f8f89	services4/3rdparty/dc_poulsbo/poulsbo_displayclass.c
omap5-sgx-ddk-linux	e377bf97539f35949285fd63218fcacb1e6f6680	a3084c34f54696e5ac56e95e977dfb649e283a4b	services4/3rdparty/dc_poulsbo/poulsbo_displayclass.c
omap5-sgx-ddk-linux	e377bf97539f35949285fd63218fcacb1e6f6680	a5a0fe1799cabfa1278321b667263cf3fa2cf32f	eurasia_km/services4/3rdparty/dc_poulsbo/poulsbo_displayclass.c
omap5-sgx-ddk-linux	e377bf97539f35949285fd63218fcacb1e6f6680	a90f89f4a2f2e8a05894d807de4db63ebf62a392	eurasia_km/services4/3rdparty/dc_poulsbo/poulsbo_displayclass.c
omap5-sgx-ddk-linux	e377bf97539f35949285fd63218fcacb1e6f6680	a99c2cef71407bf63db49af96e43cfdd8c7b3b7a	services4/3rdparty/dc_poulsbo/poulsbo_displayclass.c
omap5-sgx-ddk-linux	e377bf97539f35949285fd63218fcacb1e6f6680	ac8a883f35bd7049454575eab28d227e8f71aa9b	services4/3rdparty/dc_poulsbo/poulsbo_displayclass.c
omap5-sgx-ddk-linux	e377bf97539f35949285fd63218fcacb1e6f6680	ad511f2798f45eab3c44826fdd860811cce4b1f6	services4/3rdparty/dc_poulsbo/poulsbo_displayclass.c
omap5-sgx-ddk-linux	e377bf97539f35949285fd63218fcacb1e6f6680	b144fa4b97cb69e54cabaad62daffcd4b5497c29	eurasia_km/services4/3rdparty/dc_poulsbo/poulsbo_displayclass.c
omap5-sgx-ddk-linux	e377bf97539f35949285fd63218fcacb1e6f6680	b42208fb9ad30f288ebf968a994a46f3fcf90136	services4/3rdparty/dc_poulsbo/poulsbo_displayclass.c
omap5-sgx-ddk-linux	e377bf97539f35949285fd63218fcacb1e6f6680	b45658fb2090a579e48942909f3865152f82e1ca	services4/3rdparty/dc_poulsbo/poulsbo_displayclass.c
omap5-sgx-ddk-linux	e377bf97539f35949285fd63218fcacb1e6f6680	b630d462f5fbb86e5f98965ba1af35da1207822f	eurasia_km/services4/3rdparty/dc_poulsbo/poulsbo_displayclass.c
omap5-sgx-ddk-linux	e377bf97539f35949285fd63218fcacb1e6f6680	b83e2affbaeb0c2c7a010b3eacc3f0d3b0f7669a	services4/3rdparty/dc_poulsbo/poulsbo_displayclass.c
omap5-sgx-ddk-linux	e377bf97539f35949285fd63218fcacb1e6f6680	b89ffe29648d567a28ce5275aa1fbbd584d6a02c	services4/3rdparty/dc_poulsbo/poulsbo_displayclass.c
omap5-sgx-ddk-linux	e377bf97539f35949285fd63218fcacb1e6f6680	bc3128527024bd76f9ab4d8d7db13ad65a24458b	eurasia_km/services4/3rdparty/dc_poulsbo/poulsbo_displayclass.c
omap5-sgx-ddk-linux	e377bf97539f35949285fd63218fcacb1e6f6680	bcb809355f813337f2ca2640b4fa405eaf8097da	eurasia_km/services4/3rdparty/dc_poulsbo/poulsbo_displayclass.c
omap5-sgx-ddk-linux	e377bf97539f35949285fd63218fcacb1e6f6680	c13efb766a8fc680374ae7affc6df535f823bacb	eurasia_km/services4/3rdparty/dc_poulsbo/poulsbo_displayclass.c
omap5-sgx-ddk-linux	e377bf97539f35949285fd63218fcacb1e6f6680	c8d280c2842bf4b1fdc63f5efd89595807c0a254	eurasia_km/services4/3rdparty/dc_poulsbo/poulsbo_displayclass.c
omap5-sgx-ddk-linux	e377bf97539f35949285fd63218fcacb1e6f6680	cb46ba4d0c900f89f7ec0284f9803d476bfa98de	eurasia_km/services4/3rdparty/dc_poulsbo/poulsbo_displayclass.c
omap5-sgx-ddk-linux	e377bf97539f35949285fd63218fcacb1e6f6680	cbcf497bee4c86a3142f7ed0c2de672e5a96682e	services4/3rdparty/dc_poulsbo/poulsbo_displayclass.c
omap5-sgx-ddk-linux	e377bf97539f35949285fd63218fcacb1e6f6680	cc73af59a34f938f09e84b1004679e9b1a5973f2	services4/3rdparty/dc_poulsbo/poulsbo_displayclass.c
omap5-sgx-ddk-linux	e377bf97539f35949285fd63218fcacb1e6f6680	cff8103dca22c75fdb612fd431056ea0f4d4ff65	services4/3rdparty/dc_poulsbo/poulsbo_displayclass.c
omap5-sgx-ddk-linux	e377bf97539f35949285fd63218fcacb1e6f6680	d1d4d86e553a9bf56e0b5a25b280ab581ab15586	eurasia_km/services4/3rdparty/dc_poulsbo/poulsbo_displayclass.c
omap5-sgx-ddk-linux	e377bf97539f35949285fd63218fcacb1e6f6680	d230b32f421120c1d1a588cbf82e9a70950391f9	eurasia_km/services4/3rdparty/dc_poulsbo/poulsbo_displayclass.c
omap5-sgx-ddk-linux	e377bf97539f35949285fd63218fcacb1e6f6680	d2b3959738cfcc6209e8e882d1989de790866c8f	eurasia_km/services4/3rdparty/dc_poulsbo/poulsbo_displayclass.c
omap5-sgx-ddk-linux	e377bf97539f35949285fd63218fcacb1e6f6680	d77c3b2ee61b6d22706a66bd625b689a74db3c89	services4/3rdparty/dc_poulsbo/poulsbo_displayclass.c
omap5-sgx-ddk-linux	e377bf97539f35949285fd63218fcacb1e6f6680	e33760c18dbffa409d9da6a11e95083921b03af0	services4/3rdparty/dc_poulsbo/poulsbo_displayclass.c
omap5-sgx-ddk-linux	e377bf97539f35949285fd63218fcacb1e6f6680	e68719ba7c54602c710b6615cd665f5b7f47f85e	eurasia_km/services4/3rdparty/dc_poulsbo/poulsbo_displayclass.c
omap5-sgx-ddk-linux	e377bf97539f35949285fd63218fcacb1e6f6680	ea2ae0444f3643ea608f49eca2c880b8432ef62a	eurasia_km/services4/3rdparty/dc_poulsbo/poulsbo_displayclass.c
omap5-sgx-ddk-linux	e377bf97539f35949285fd63218fcacb1e6f6680	eb2a06ca205ce150edc819b5757f2ee8514e259f	services4/3rdparty/dc_poulsbo/poulsbo_displayclass.c
omap5-sgx-ddk-linux	e377bf97539f35949285fd63218fcacb1e6f6680	ebafbb34ad24cc10b4e402d1a2f2f8806343a3a8	services4/3rdparty/dc_poulsbo/poulsbo_displayclass.c
omap5-sgx-ddk-linux	e377bf97539f35949285fd63218fcacb1e6f6680	f0c729c54ad45dc4b2d2c83317545a1ef9de1cc5	eurasia_km/services4/3rdparty/dc_poulsbo/poulsbo_displayclass.c
omap5-sgx-ddk-linux	e377bf97539f35949285fd63218fcacb1e6f6680	f32b645d4eea5f89a15132cb336b346dccd8f07e	services4/3rdparty/dc_poulsbo/poulsbo_displayclass.c
omap5-sgx-ddk-linux	e377bf97539f35949285fd63218fcacb1e6f6680	fd47e44b18944cf7ade480ac67a9c0172619ff7e	eurasia_km/services4/3rdparty/dc_poulsbo/poulsbo_displayclass.c
omap5-sgx-ddk-linux	e377bf97539f35949285fd63218fcacb1e6f6680	fed0756f1b8b9d526da2821635c7d742989d47c3	eurasia_km/services4/3rdparty/dc_poulsbo/poulsbo_displayclass.c
omap5-sgx-ddk-linux	e7b03017eb8d044f39f2e9db915340df66207f9f	0086977380d3320d70a3abc78b95fa0641427073	eurasia_km/services4/3rdparty/dc_poulsbo/poulsbo_linux_sdvo.c
omap5-sgx-ddk-linux	e7b03017eb8d044f39f2e9db915340df66207f9f	00feb97c35003dac20c0d4c1935fa99660a0454f	services4/3rdparty/dc_poulsbo/poulsbo_linux_sdvo.c
omap5-sgx-ddk-linux	e7b03017eb8d044f39f2e9db915340df66207f9f	0182806f070bf1c7dcbe357355105d795f36d0c5	eurasia_km/services4/3rdparty/dc_poulsbo/poulsbo_linux_sdvo.c
omap5-sgx-ddk-linux	e7b03017eb8d044f39f2e9db915340df66207f9f	02545fd29aecdb1a3de8c554ab75797336b5a8e2	services4/3rdparty/dc_poulsbo/poulsbo_linux_sdvo.c
omap5-sgx-ddk-linux	e7b03017eb8d044f39f2e9db915340df66207f9f	03e3a7dca1ae197e43f16a354c43fd9d64e8ec5b	eurasia_km/services4/3rdparty/dc_poulsbo/poulsbo_linux_sdvo.c
omap5-sgx-ddk-linux	e7b03017eb8d044f39f2e9db915340df66207f9f	0739fc4f8b5e39eb1365e6f6c6afe9b493d5d782	services4/3rdparty/dc_poulsbo/poulsbo_linux_sdvo.c
omap5-sgx-ddk-linux	e7b03017eb8d044f39f2e9db915340df66207f9f	0f1b63995057a714592ef26e28989ec4da8a4ed5	services4/3rdparty/dc_poulsbo/poulsbo_linux_sdvo.c
omap5-sgx-ddk-linux	e7b03017eb8d044f39f2e9db915340df66207f9f	0f2b79401e3565c1824f86bb96672b67ff1f1cf6	eurasia_km/services4/3rdparty/dc_poulsbo/poulsbo_linux_sdvo.c
omap5-sgx-ddk-linux	e7b03017eb8d044f39f2e9db915340df66207f9f	0faba9b9d4e55ca9bbd601ceac79526d9b3b602f	eurasia_km/services4/3rdparty/dc_poulsbo/poulsbo_linux_sdvo.c
omap5-sgx-ddk-linux	e7b03017eb8d044f39f2e9db915340df66207f9f	106ddd54843dd05b77b57df4a72b327684916ef5	eurasia_km/services4/3rdparty/dc_poulsbo/poulsbo_linux_sdvo.c
omap5-sgx-ddk-linux	e7b03017eb8d044f39f2e9db915340df66207f9f	1a6db182eb71299645807f54f687be014b557798	eurasia_km/services4/3rdparty/dc_poulsbo/poulsbo_linux_sdvo.c
omap5-sgx-ddk-linux	e7b03017eb8d044f39f2e9db915340df66207f9f	200868f7e5d37057eef03a87f18b593844ccc812	services4/3rdparty/dc_poulsbo/poulsbo_linux_sdvo.c
omap5-sgx-ddk-linux	e7b03017eb8d044f39f2e9db915340df66207f9f	204d10d1ac5b71cd0329dd9d59459d89630def1d	eurasia_km/services4/3rdparty/dc_poulsbo/poulsbo_linux_sdvo.c
omap5-sgx-ddk-linux	e7b03017eb8d044f39f2e9db915340df66207f9f	20f805c1c37aed9a2e3c9606a373722c817e1d4b	services4/3rdparty/dc_poulsbo/poulsbo_linux_sdvo.c
omap5-sgx-ddk-linux	e7b03017eb8d044f39f2e9db915340df66207f9f	256694cbc12bf1b13a6c2714372c603d6f3845b1	eurasia_km/services4/3rdparty/dc_poulsbo/poulsbo_linux_sdvo.c
omap5-sgx-ddk-linux	e7b03017eb8d044f39f2e9db915340df66207f9f	27f8b72796622b1b59ff82bc988c5949de11ce80	services4/3rdparty/dc_poulsbo/poulsbo_linux_sdvo.c
omap5-sgx-ddk-linux	e7b03017eb8d044f39f2e9db915340df66207f9f	29115f91063c25292cf8f973622433f576d01164	eurasia_km/services4/3rdparty/dc_poulsbo/poulsbo_linux_sdvo.c
omap5-sgx-ddk-linux	e7b03017eb8d044f39f2e9db915340df66207f9f	298a29a109a890cd9b0735ee7da1783efe5a6bed	services4/3rdparty/dc_poulsbo/poulsbo_linux_sdvo.c
omap5-sgx-ddk-linux	e7b03017eb8d044f39f2e9db915340df66207f9f	2c407d34e45398cbb029c4299b78af3a1ed991b7	services4/3rdparty/dc_poulsbo/poulsbo_linux_sdvo.c
omap5-sgx-ddk-linux	e7b03017eb8d044f39f2e9db915340df66207f9f	2d4a2cf221a34a32dc71ab0e017f3b9a8e974a21	eurasia_km/services4/3rdparty/dc_poulsbo/poulsbo_linux_sdvo.c
omap5-sgx-ddk-linux	e7b03017eb8d044f39f2e9db915340df66207f9f	33623289ac5281a4567e49429f9ca24c3f36d927	services4/3rdparty/dc_poulsbo/poulsbo_linux_sdvo.c
omap5-sgx-ddk-linux	e7b03017eb8d044f39f2e9db915340df66207f9f	37502630b9b5fa4f4f412837694eb133ab28cc30	eurasia_km/services4/3rdparty/dc_poulsbo/poulsbo_linux_sdvo.c
omap5-sgx-ddk-linux	e7b03017eb8d044f39f2e9db915340df66207f9f	375b47e32ab9dd48861a653ef0134ca9ae836035	services4/3rdparty/dc_poulsbo/poulsbo_linux_sdvo.c
omap5-sgx-ddk-linux	e7b03017eb8d044f39f2e9db915340df66207f9f	3a5f9a5a7f6e00bf9937d36f334dd100543acea3	services4/3rdparty/dc_poulsbo/poulsbo_linux_sdvo.c
omap5-sgx-ddk-linux	e7b03017eb8d044f39f2e9db915340df66207f9f	3cd845e5603692c325c302e4b77634830c355cfb	eurasia_km/services4/3rdparty/dc_poulsbo/poulsbo_linux_sdvo.c
omap5-sgx-ddk-linux	e7b03017eb8d044f39f2e9db915340df66207f9f	3d15fac4bbb06a6987421f995d87d2ee3331156c	services4/3rdparty/dc_poulsbo/poulsbo_linux_sdvo.c
omap5-sgx-ddk-linux	e7b03017eb8d044f39f2e9db915340df66207f9f	3d3d480d8de6effc9136329a5cf5db9a8d7eaace	eurasia_km/services4/3rdparty/dc_poulsbo/poulsbo_linux_sdvo.c
omap5-sgx-ddk-linux	e7b03017eb8d044f39f2e9db915340df66207f9f	3d5e9c9074b25dc6567449ca0c11d9066b2db2dc	eurasia_km/services4/3rdparty/dc_poulsbo/poulsbo_linux_sdvo.c
omap5-sgx-ddk-linux	e7b03017eb8d044f39f2e9db915340df66207f9f	426874836d3d9ec2ad21d1741df87a2234e75ebf	services4/3rdparty/dc_poulsbo/poulsbo_linux_sdvo.c
omap5-sgx-ddk-linux	e7b03017eb8d044f39f2e9db915340df66207f9f	45415cca38dbb5ae081cdd14dc0c8adb36b8979b	eurasia_km/services4/3rdparty/dc_poulsbo/poulsbo_linux_sdvo.c
omap5-sgx-ddk-linux	e7b03017eb8d044f39f2e9db915340df66207f9f	4548afa3d08df5fb980ad36df5e1d0a63812aa90	eurasia_km/services4/3rdparty/dc_poulsbo/poulsbo_linux_sdvo.c
omap5-sgx-ddk-linux	e7b03017eb8d044f39f2e9db915340df66207f9f	4ac887b09a0209de3d1f950e00ae184872822583	eurasia_km/services4/3rdparty/dc_poulsbo/poulsbo_linux_sdvo.c
omap5-sgx-ddk-linux	e7b03017eb8d044f39f2e9db915340df66207f9f	4ef19c1aed27ed74fce318b329c7707abbba5bd2	services4/3rdparty/dc_poulsbo/poulsbo_linux_sdvo.c
omap5-sgx-ddk-linux	e7b03017eb8d044f39f2e9db915340df66207f9f	50a6e8fb26b0fb5160e1ffac8f0a414a69570863	eurasia_km/services4/3rdparty/dc_poulsbo/poulsbo_linux_sdvo.c
omap5-sgx-ddk-linux	e7b03017eb8d044f39f2e9db915340df66207f9f	5433b1b54e5725ba79bd5a70837e5349fc40f75d	eurasia_km/services4/3rdparty/dc_poulsbo/poulsbo_linux_sdvo.c
omap5-sgx-ddk-linux	e7b03017eb8d044f39f2e9db915340df66207f9f	5a08785fee8404223a42de14dea1d9bbc608dfc2	services4/3rdparty/dc_poulsbo/poulsbo_linux_sdvo.c
omap5-sgx-ddk-linux	e7b03017eb8d044f39f2e9db915340df66207f9f	5bb795ce754bd8eb1a2b3ffd581f2d2ed4dacdb0	services4/3rdparty/dc_poulsbo/poulsbo_linux_sdvo.c
omap5-sgx-ddk-linux	e7b03017eb8d044f39f2e9db915340df66207f9f	5c5ebf1f25d669cd56d954bf962f3ffb9a730422	services4/3rdparty/dc_poulsbo/poulsbo_linux_sdvo.c
omap5-sgx-ddk-linux	e7b03017eb8d044f39f2e9db915340df66207f9f	5db485fa5350cd4228e5574fff54aae0edfa4948	services4/3rdparty/dc_poulsbo/poulsbo_linux_sdvo.c
omap5-sgx-ddk-linux	e7b03017eb8d044f39f2e9db915340df66207f9f	5dcb3b098055e2eab101696de930bfb95628356d	eurasia_km/services4/3rdparty/dc_poulsbo/poulsbo_linux_sdvo.c
omap5-sgx-ddk-linux	e7b03017eb8d044f39f2e9db915340df66207f9f	60bf27ff0ba6079df13813a11c81ff96056715ed	eurasia_km/services4/3rdparty/dc_poulsbo/poulsbo_linux_sdvo.c
omap5-sgx-ddk-linux	e7b03017eb8d044f39f2e9db915340df66207f9f	62a7820fd10ae90e2752dbc235e461bf4346f238	services4/3rdparty/dc_poulsbo/poulsbo_linux_sdvo.c
omap5-sgx-ddk-linux	e7b03017eb8d044f39f2e9db915340df66207f9f	63f064dcc4d373e51b1b1763c70bb70bd3b51668	services4/3rdparty/dc_poulsbo/poulsbo_linux_sdvo.c
omap5-sgx-ddk-linux	e7b03017eb8d044f39f2e9db915340df66207f9f	6df5246430cc7c3c615081ee78ab0ed5b786a0dc	eurasia_km/services4/3rdparty/dc_poulsbo/poulsbo_linux_sdvo.c
omap5-sgx-ddk-linux	e7b03017eb8d044f39f2e9db915340df66207f9f	70fd434b18cc579b15211813d01cd1bad2bf9440	services4/3rdparty/dc_poulsbo/poulsbo_linux_sdvo.c
omap5-sgx-ddk-linux	e7b03017eb8d044f39f2e9db915340df66207f9f	730d2b4891ddcf9292f9e7282e9d1ab6ea9dd54b	eurasia_km/services4/3rdparty/dc_poulsbo/poulsbo_linux_sdvo.c
omap5-sgx-ddk-linux	e7b03017eb8d044f39f2e9db915340df66207f9f	743c007813d709836cca97c048ef1a1c25982c22	services4/3rdparty/dc_poulsbo/poulsbo_linux_sdvo.c
omap5-sgx-ddk-linux	e7b03017eb8d044f39f2e9db915340df66207f9f	75516a5f2d4ce36777fc22bd1b20445259d07737	services4/3rdparty/dc_poulsbo/poulsbo_linux_sdvo.c
omap5-sgx-ddk-linux	e7b03017eb8d044f39f2e9db915340df66207f9f	766b6004db9a7227aa736dc30de2e6316e2be7f6	eurasia_km/services4/3rdparty/dc_poulsbo/poulsbo_linux_sdvo.c
omap5-sgx-ddk-linux	e7b03017eb8d044f39f2e9db915340df66207f9f	769605f232660fb7a3b037424b9eb77709633506	eurasia_km/services4/3rdparty/dc_poulsbo/poulsbo_linux_sdvo.c
omap5-sgx-ddk-linux	e7b03017eb8d044f39f2e9db915340df66207f9f	76da7d73976f0a5dc04fdc84a3af899d6c2b1fe2	eurasia_km/services4/3rdparty/dc_poulsbo/poulsbo_linux_sdvo.c
omap5-sgx-ddk-linux	e7b03017eb8d044f39f2e9db915340df66207f9f	78db3c65b9dafb802be133c7b14f8ed432e1fb78	services4/3rdparty/dc_poulsbo/poulsbo_linux_sdvo.c
omap5-sgx-ddk-linux	e7b03017eb8d044f39f2e9db915340df66207f9f	7b3b71dac2fe1df94439488f9a55c81ec762d6d6	services4/3rdparty/dc_poulsbo/poulsbo_linux_sdvo.c
omap5-sgx-ddk-linux	e7b03017eb8d044f39f2e9db915340df66207f9f	7c40c1dc05226be9662860166d16fc346a1378d9	eurasia_km/services4/3rdparty/dc_poulsbo/poulsbo_linux_sdvo.c
omap5-sgx-ddk-linux	e7b03017eb8d044f39f2e9db915340df66207f9f	7c89d3433bd96d8b2755ca172e99198fa4b69c05	services4/3rdparty/dc_poulsbo/poulsbo_linux_sdvo.c
omap5-sgx-ddk-linux	e7b03017eb8d044f39f2e9db915340df66207f9f	7fa3c9052ddbce83a4df134e73f07c99ddc267d7	eurasia_km/services4/3rdparty/dc_poulsbo/poulsbo_linux_sdvo.c
omap5-sgx-ddk-linux	e7b03017eb8d044f39f2e9db915340df66207f9f	82baf103b171ce138bef79c4194497a108e22df8	eurasia_km/services4/3rdparty/dc_poulsbo/poulsbo_linux_sdvo.c
omap5-sgx-ddk-linux	e7b03017eb8d044f39f2e9db915340df66207f9f	83431055a561bd69f1efc49164bd789547d8ff85	services4/3rdparty/dc_poulsbo/poulsbo_linux_sdvo.c
omap5-sgx-ddk-linux	e7b03017eb8d044f39f2e9db915340df66207f9f	83ec439629f44bbea899bfaed1e719743d61cf01	services4/3rdparty/dc_poulsbo/poulsbo_linux_sdvo.c
omap5-sgx-ddk-linux	e7b03017eb8d044f39f2e9db915340df66207f9f	8526d639399e06b6e80dfa2e3dcd208d4d528550	services4/3rdparty/dc_poulsbo/poulsbo_linux_sdvo.c
omap5-sgx-ddk-linux	e7b03017eb8d044f39f2e9db915340df66207f9f	852a47794d2e8656045e0339cbb9bd8e06d3e7e3	eurasia_km/services4/3rdparty/dc_poulsbo/poulsbo_linux_sdvo.c
omap5-sgx-ddk-linux	e7b03017eb8d044f39f2e9db915340df66207f9f	855889f437250b6572c75d12696ec4a998b9aef9	eurasia_km/services4/3rdparty/dc_poulsbo/poulsbo_linux_sdvo.c
omap5-sgx-ddk-linux	e7b03017eb8d044f39f2e9db915340df66207f9f	8680409ad5ce44b7ce3a43916332f6a29bc711de	eurasia_km/services4/3rdparty/dc_poulsbo/poulsbo_linux_sdvo.c
omap5-sgx-ddk-linux	e7b03017eb8d044f39f2e9db915340df66207f9f	8d5305b03dce13f3a9a89328c69c762dcd3109a4	eurasia_km/services4/3rdparty/dc_poulsbo/poulsbo_linux_sdvo.c
omap5-sgx-ddk-linux	e7b03017eb8d044f39f2e9db915340df66207f9f	9027da1de0fd0742ebc9c99d851c6b9498bb81c9	services4/3rdparty/dc_poulsbo/poulsbo_linux_sdvo.c
omap5-sgx-ddk-linux	e7b03017eb8d044f39f2e9db915340df66207f9f	9855bcc288b2c3ef715064705f727334439556d8	eurasia_km/services4/3rdparty/dc_poulsbo/poulsbo_linux_sdvo.c
omap5-sgx-ddk-linux	e7b03017eb8d044f39f2e9db915340df66207f9f	9f690e5e7b6c215dc54e4a8c58b8e55cabcd394f	eurasia_km/services4/3rdparty/dc_poulsbo/poulsbo_linux_sdvo.c
omap5-sgx-ddk-linux	e7b03017eb8d044f39f2e9db915340df66207f9f	a0ff0e7423f26387255e1c9205f6664a954b15ef	services4/3rdparty/dc_poulsbo/poulsbo_linux_sdvo.c
omap5-sgx-ddk-linux	e7b03017eb8d044f39f2e9db915340df66207f9f	a19b99beae63ed2a56e792f1b5e80437c22f8f89	services4/3rdparty/dc_poulsbo/poulsbo_linux_sdvo.c
omap5-sgx-ddk-linux	e7b03017eb8d044f39f2e9db915340df66207f9f	a3084c34f54696e5ac56e95e977dfb649e283a4b	services4/3rdparty/dc_poulsbo/poulsbo_linux_sdvo.c
omap5-sgx-ddk-linux	e7b03017eb8d044f39f2e9db915340df66207f9f	a5a0fe1799cabfa1278321b667263cf3fa2cf32f	eurasia_km/services4/3rdparty/dc_poulsbo/poulsbo_linux_sdvo.c
omap5-sgx-ddk-linux	e7b03017eb8d044f39f2e9db915340df66207f9f	a90f89f4a2f2e8a05894d807de4db63ebf62a392	eurasia_km/services4/3rdparty/dc_poulsbo/poulsbo_linux_sdvo.c
omap5-sgx-ddk-linux	e7b03017eb8d044f39f2e9db915340df66207f9f	a99c2cef71407bf63db49af96e43cfdd8c7b3b7a	services4/3rdparty/dc_poulsbo/poulsbo_linux_sdvo.c
omap5-sgx-ddk-linux	e7b03017eb8d044f39f2e9db915340df66207f9f	ac8a883f35bd7049454575eab28d227e8f71aa9b	services4/3rdparty/dc_poulsbo/poulsbo_linux_sdvo.c
omap5-sgx-ddk-linux	e7b03017eb8d044f39f2e9db915340df66207f9f	ad511f2798f45eab3c44826fdd860811cce4b1f6	services4/3rdparty/dc_poulsbo/poulsbo_linux_sdvo.c
omap5-sgx-ddk-linux	e7b03017eb8d044f39f2e9db915340df66207f9f	b144fa4b97cb69e54cabaad62daffcd4b5497c29	eurasia_km/services4/3rdparty/dc_poulsbo/poulsbo_linux_sdvo.c
omap5-sgx-ddk-linux	e7b03017eb8d044f39f2e9db915340df66207f9f	b42208fb9ad30f288ebf968a994a46f3fcf90136	services4/3rdparty/dc_poulsbo/poulsbo_linux_sdvo.c
omap5-sgx-ddk-linux	e7b03017eb8d044f39f2e9db915340df66207f9f	b45658fb2090a579e48942909f3865152f82e1ca	services4/3rdparty/dc_poulsbo/poulsbo_linux_sdvo.c
omap5-sgx-ddk-linux	e7b03017eb8d044f39f2e9db915340df66207f9f	b630d462f5fbb86e5f98965ba1af35da1207822f	eurasia_km/services4/3rdparty/dc_poulsbo/poulsbo_linux_sdvo.c
omap5-sgx-ddk-linux	e7b03017eb8d044f39f2e9db915340df66207f9f	b83e2affbaeb0c2c7a010b3eacc3f0d3b0f7669a	services4/3rdparty/dc_poulsbo/poulsbo_linux_sdvo.c
omap5-sgx-ddk-linux	e7b03017eb8d044f39f2e9db915340df66207f9f	b89ffe29648d567a28ce5275aa1fbbd584d6a02c	services4/3rdparty/dc_poulsbo/poulsbo_linux_sdvo.c
omap5-sgx-ddk-linux	e7b03017eb8d044f39f2e9db915340df66207f9f	bc3128527024bd76f9ab4d8d7db13ad65a24458b	eurasia_km/services4/3rdparty/dc_poulsbo/poulsbo_linux_sdvo.c
omap5-sgx-ddk-linux	e7b03017eb8d044f39f2e9db915340df66207f9f	bcb809355f813337f2ca2640b4fa405eaf8097da	eurasia_km/services4/3rdparty/dc_poulsbo/poulsbo_linux_sdvo.c
omap5-sgx-ddk-linux	e7b03017eb8d044f39f2e9db915340df66207f9f	c13efb766a8fc680374ae7affc6df535f823bacb	eurasia_km/services4/3rdparty/dc_poulsbo/poulsbo_linux_sdvo.c
omap5-sgx-ddk-linux	e7b03017eb8d044f39f2e9db915340df66207f9f	c8d280c2842bf4b1fdc63f5efd89595807c0a254	eurasia_km/services4/3rdparty/dc_poulsbo/poulsbo_linux_sdvo.c
omap5-sgx-ddk-linux	e7b03017eb8d044f39f2e9db915340df66207f9f	cb46ba4d0c900f89f7ec0284f9803d476bfa98de	eurasia_km/services4/3rdparty/dc_poulsbo/poulsbo_linux_sdvo.c
omap5-sgx-ddk-linux	e7b03017eb8d044f39f2e9db915340df66207f9f	cbcf497bee4c86a3142f7ed0c2de672e5a96682e	services4/3rdparty/dc_poulsbo/poulsbo_linux_sdvo.c
omap5-sgx-ddk-linux	e7b03017eb8d044f39f2e9db915340df66207f9f	cc73af59a34f938f09e84b1004679e9b1a5973f2	services4/3rdparty/dc_poulsbo/poulsbo_linux_sdvo.c
omap5-sgx-ddk-linux	e7b03017eb8d044f39f2e9db915340df66207f9f	cff8103dca22c75fdb612fd431056ea0f4d4ff65	services4/3rdparty/dc_poulsbo/poulsbo_linux_sdvo.c
omap5-sgx-ddk-linux	e7b03017eb8d044f39f2e9db915340df66207f9f	d1d4d86e553a9bf56e0b5a25b280ab581ab15586	eurasia_km/services4/3rdparty/dc_poulsbo/poulsbo_linux_sdvo.c
omap5-sgx-ddk-linux	e7b03017eb8d044f39f2e9db915340df66207f9f	d230b32f421120c1d1a588cbf82e9a70950391f9	eurasia_km/services4/3rdparty/dc_poulsbo/poulsbo_linux_sdvo.c
omap5-sgx-ddk-linux	e7b03017eb8d044f39f2e9db915340df66207f9f	d2b3959738cfcc6209e8e882d1989de790866c8f	eurasia_km/services4/3rdparty/dc_poulsbo/poulsbo_linux_sdvo.c
omap5-sgx-ddk-linux	e7b03017eb8d044f39f2e9db915340df66207f9f	d77c3b2ee61b6d22706a66bd625b689a74db3c89	services4/3rdparty/dc_poulsbo/poulsbo_linux_sdvo.c
omap5-sgx-ddk-linux	e7b03017eb8d044f39f2e9db915340df66207f9f	e33760c18dbffa409d9da6a11e95083921b03af0	services4/3rdparty/dc_poulsbo/poulsbo_linux_sdvo.c
omap5-sgx-ddk-linux	e7b03017eb8d044f39f2e9db915340df66207f9f	e68719ba7c54602c710b6615cd665f5b7f47f85e	eurasia_km/services4/3rdparty/dc_poulsbo/poulsbo_linux_sdvo.c
omap5-sgx-ddk-linux	e7b03017eb8d044f39f2e9db915340df66207f9f	ea2ae0444f3643ea608f49eca2c880b8432ef62a	eurasia_km/services4/3rdparty/dc_poulsbo/poulsbo_linux_sdvo.c
omap5-sgx-ddk-linux	e7b03017eb8d044f39f2e9db915340df66207f9f	eb2a06ca205ce150edc819b5757f2ee8514e259f	services4/3rdparty/dc_poulsbo/poulsbo_linux_sdvo.c
omap5-sgx-ddk-linux	e7b03017eb8d044f39f2e9db915340df66207f9f	ebafbb34ad24cc10b4e402d1a2f2f8806343a3a8	services4/3rdparty/dc_poulsbo/poulsbo_linux_sdvo.c
omap5-sgx-ddk-linux	e7b03017eb8d044f39f2e9db915340df66207f9f	f0c729c54ad45dc4b2d2c83317545a1ef9de1cc5	eurasia_km/services4/3rdparty/dc_poulsbo/poulsbo_linux_sdvo.c
omap5-sgx-ddk-linux	e7b03017eb8d044f39f2e9db915340df66207f9f	f32b645d4eea5f89a15132cb336b346dccd8f07e	services4/3rdparty/dc_poulsbo/poulsbo_linux_sdvo.c
omap5-sgx-ddk-linux	e7b03017eb8d044f39f2e9db915340df66207f9f	fd47e44b18944cf7ade480ac67a9c0172619ff7e	eurasia_km/services4/3rdparty/dc_poulsbo/poulsbo_linux_sdvo.c
omap5-sgx-ddk-linux	e7b03017eb8d044f39f2e9db915340df66207f9f	fed0756f1b8b9d526da2821635c7d742989d47c3	eurasia_km/services4/3rdparty/dc_poulsbo/poulsbo_linux_sdvo.c
omap5-sgx-ddk-linux	fc6e4fb8e7e940efbc86b65b719f8d5b985d8bce	0086977380d3320d70a3abc78b95fa0641427073	eurasia_km/services4/3rdparty/dc_poulsbo/Linux.mk
omap5-sgx-ddk-linux	fc6e4fb8e7e940efbc86b65b719f8d5b985d8bce	00feb97c35003dac20c0d4c1935fa99660a0454f	services4/3rdparty/dc_poulsbo/Linux.mk
omap5-sgx-ddk-linux	fc6e4fb8e7e940efbc86b65b719f8d5b985d8bce	0182806f070bf1c7dcbe357355105d795f36d0c5	eurasia_km/services4/3rdparty/dc_poulsbo/Linux.mk
omap5-sgx-ddk-linux	fc6e4fb8e7e940efbc86b65b719f8d5b985d8bce	02545fd29aecdb1a3de8c554ab75797336b5a8e2	services4/3rdparty/dc_poulsbo/Linux.mk
omap5-sgx-ddk-linux	fc6e4fb8e7e940efbc86b65b719f8d5b985d8bce	03e3a7dca1ae197e43f16a354c43fd9d64e8ec5b	eurasia_km/services4/3rdparty/dc_poulsbo/Linux.mk
omap5-sgx-ddk-linux	fc6e4fb8e7e940efbc86b65b719f8d5b985d8bce	0739fc4f8b5e39eb1365e6f6c6afe9b493d5d782	services4/3rdparty/dc_poulsbo/Linux.mk
omap5-sgx-ddk-linux	fc6e4fb8e7e940efbc86b65b719f8d5b985d8bce	0f1b63995057a714592ef26e28989ec4da8a4ed5	services4/3rdparty/dc_poulsbo/Linux.mk
omap5-sgx-ddk-linux	fc6e4fb8e7e940efbc86b65b719f8d5b985d8bce	0f2b79401e3565c1824f86bb96672b67ff1f1cf6	eurasia_km/services4/3rdparty/dc_poulsbo/Linux.mk
omap5-sgx-ddk-linux	fc6e4fb8e7e940efbc86b65b719f8d5b985d8bce	0faba9b9d4e55ca9bbd601ceac79526d9b3b602f	eurasia_km/services4/3rdparty/dc_poulsbo/Linux.mk
omap5-sgx-ddk-linux	fc6e4fb8e7e940efbc86b65b719f8d5b985d8bce	106ddd54843dd05b77b57df4a72b327684916ef5	eurasia_km/services4/3rdparty/dc_poulsbo/Linux.mk
omap5-sgx-ddk-linux	fc6e4fb8e7e940efbc86b65b719f8d5b985d8bce	1a6db182eb71299645807f54f687be014b557798	eurasia_km/services4/3rdparty/dc_poulsbo/Linux.mk
omap5-sgx-ddk-linux	fc6e4fb8e7e940efbc86b65b719f8d5b985d8bce	200868f7e5d37057eef03a87f18b593844ccc812	services4/3rdparty/dc_poulsbo/Linux.mk
omap5-sgx-ddk-linux	fc6e4fb8e7e940efbc86b65b719f8d5b985d8bce	204d10d1ac5b71cd0329dd9d59459d89630def1d	eurasia_km/services4/3rdparty/dc_poulsbo/Linux.mk
omap5-sgx-ddk-linux	fc6e4fb8e7e940efbc86b65b719f8d5b985d8bce	20f805c1c37aed9a2e3c9606a373722c817e1d4b	services4/3rdparty/dc_poulsbo/Linux.mk
omap5-sgx-ddk-linux	fc6e4fb8e7e940efbc86b65b719f8d5b985d8bce	256694cbc12bf1b13a6c2714372c603d6f3845b1	eurasia_km/services4/3rdparty/dc_poulsbo/Linux.mk
omap5-sgx-ddk-linux	fc6e4fb8e7e940efbc86b65b719f8d5b985d8bce	27f8b72796622b1b59ff82bc988c5949de11ce80	services4/3rdparty/dc_poulsbo/Linux.mk
omap5-sgx-ddk-linux	fc6e4fb8e7e940efbc86b65b719f8d5b985d8bce	29115f91063c25292cf8f973622433f576d01164	eurasia_km/services4/3rdparty/dc_poulsbo/Linux.mk
omap5-sgx-ddk-linux	fc6e4fb8e7e940efbc86b65b719f8d5b985d8bce	298a29a109a890cd9b0735ee7da1783efe5a6bed	services4/3rdparty/dc_poulsbo/Linux.mk
omap5-sgx-ddk-linux	fc6e4fb8e7e940efbc86b65b719f8d5b985d8bce	2c407d34e45398cbb029c4299b78af3a1ed991b7	services4/3rdparty/dc_poulsbo/Linux.mk
omap5-sgx-ddk-linux	fc6e4fb8e7e940efbc86b65b719f8d5b985d8bce	2d4a2cf221a34a32dc71ab0e017f3b9a8e974a21	eurasia_km/services4/3rdparty/dc_poulsbo/Linux.mk
omap5-sgx-ddk-linux	fc6e4fb8e7e940efbc86b65b719f8d5b985d8bce	33623289ac5281a4567e49429f9ca24c3f36d927	services4/3rdparty/dc_poulsbo/Linux.mk
omap5-sgx-ddk-linux	fc6e4fb8e7e940efbc86b65b719f8d5b985d8bce	37502630b9b5fa4f4f412837694eb133ab28cc30	eurasia_km/services4/3rdparty/dc_poulsbo/Linux.mk
omap5-sgx-ddk-linux	fc6e4fb8e7e940efbc86b65b719f8d5b985d8bce	375b47e32ab9dd48861a653ef0134ca9ae836035	services4/3rdparty/dc_poulsbo/Linux.mk
omap5-sgx-ddk-linux	fc6e4fb8e7e940efbc86b65b719f8d5b985d8bce	3a5f9a5a7f6e00bf9937d36f334dd100543acea3	services4/3rdparty/dc_poulsbo/Linux.mk
omap5-sgx-ddk-linux	fc6e4fb8e7e940efbc86b65b719f8d5b985d8bce	3cd845e5603692c325c302e4b77634830c355cfb	eurasia_km/services4/3rdparty/dc_poulsbo/Linux.mk
omap5-sgx-ddk-linux	fc6e4fb8e7e940efbc86b65b719f8d5b985d8bce	3d15fac4bbb06a6987421f995d87d2ee3331156c	services4/3rdparty/dc_poulsbo/Linux.mk
omap5-sgx-ddk-linux	fc6e4fb8e7e940efbc86b65b719f8d5b985d8bce	3d3d480d8de6effc9136329a5cf5db9a8d7eaace	eurasia_km/services4/3rdparty/dc_poulsbo/Linux.mk
omap5-sgx-ddk-linux	fc6e4fb8e7e940efbc86b65b719f8d5b985d8bce	3d5e9c9074b25dc6567449ca0c11d9066b2db2dc	eurasia_km/services4/3rdparty/dc_poulsbo/Linux.mk
omap5-sgx-ddk-linux	fc6e4fb8e7e940efbc86b65b719f8d5b985d8bce	426874836d3d9ec2ad21d1741df87a2234e75ebf	services4/3rdparty/dc_poulsbo/Linux.mk
omap5-sgx-ddk-linux	fc6e4fb8e7e940efbc86b65b719f8d5b985d8bce	45415cca38dbb5ae081cdd14dc0c8adb36b8979b	eurasia_km/services4/3rdparty/dc_poulsbo/Linux.mk
omap5-sgx-ddk-linux	fc6e4fb8e7e940efbc86b65b719f8d5b985d8bce	4548afa3d08df5fb980ad36df5e1d0a63812aa90	eurasia_km/services4/3rdparty/dc_poulsbo/Linux.mk
omap5-sgx-ddk-linux	fc6e4fb8e7e940efbc86b65b719f8d5b985d8bce	4ac887b09a0209de3d1f950e00ae184872822583	eurasia_km/services4/3rdparty/dc_poulsbo/Linux.mk
omap5-sgx-ddk-linux	fc6e4fb8e7e940efbc86b65b719f8d5b985d8bce	4ef19c1aed27ed74fce318b329c7707abbba5bd2	services4/3rdparty/dc_poulsbo/Linux.mk
omap5-sgx-ddk-linux	fc6e4fb8e7e940efbc86b65b719f8d5b985d8bce	50a6e8fb26b0fb5160e1ffac8f0a414a69570863	eurasia_km/services4/3rdparty/dc_poulsbo/Linux.mk
omap5-sgx-ddk-linux	fc6e4fb8e7e940efbc86b65b719f8d5b985d8bce	5433b1b54e5725ba79bd5a70837e5349fc40f75d	eurasia_km/services4/3rdparty/dc_poulsbo/Linux.mk
omap5-sgx-ddk-linux	fc6e4fb8e7e940efbc86b65b719f8d5b985d8bce	5a08785fee8404223a42de14dea1d9bbc608dfc2	services4/3rdparty/dc_poulsbo/Linux.mk
omap5-sgx-ddk-linux	fc6e4fb8e7e940efbc86b65b719f8d5b985d8bce	5bb795ce754bd8eb1a2b3ffd581f2d2ed4dacdb0	services4/3rdparty/dc_poulsbo/Linux.mk
omap5-sgx-ddk-linux	fc6e4fb8e7e940efbc86b65b719f8d5b985d8bce	5c5ebf1f25d669cd56d954bf962f3ffb9a730422	services4/3rdparty/dc_poulsbo/Linux.mk
omap5-sgx-ddk-linux	fc6e4fb8e7e940efbc86b65b719f8d5b985d8bce	5db485fa5350cd4228e5574fff54aae0edfa4948	services4/3rdparty/dc_poulsbo/Linux.mk
omap5-sgx-ddk-linux	fc6e4fb8e7e940efbc86b65b719f8d5b985d8bce	5dcb3b098055e2eab101696de930bfb95628356d	eurasia_km/services4/3rdparty/dc_poulsbo/Linux.mk
omap5-sgx-ddk-linux	fc6e4fb8e7e940efbc86b65b719f8d5b985d8bce	60bf27ff0ba6079df13813a11c81ff96056715ed	eurasia_km/services4/3rdparty/dc_poulsbo/Linux.mk
omap5-sgx-ddk-linux	fc6e4fb8e7e940efbc86b65b719f8d5b985d8bce	62a7820fd10ae90e2752dbc235e461bf4346f238	services4/3rdparty/dc_poulsbo/Linux.mk
omap5-sgx-ddk-linux	fc6e4fb8e7e940efbc86b65b719f8d5b985d8bce	63f064dcc4d373e51b1b1763c70bb70bd3b51668	services4/3rdparty/dc_poulsbo/Linux.mk
omap5-sgx-ddk-linux	fc6e4fb8e7e940efbc86b65b719f8d5b985d8bce	6df5246430cc7c3c615081ee78ab0ed5b786a0dc	eurasia_km/services4/3rdparty/dc_poulsbo/Linux.mk
omap5-sgx-ddk-linux	fc6e4fb8e7e940efbc86b65b719f8d5b985d8bce	70fd434b18cc579b15211813d01cd1bad2bf9440	services4/3rdparty/dc_poulsbo/Linux.mk
omap5-sgx-ddk-linux	fc6e4fb8e7e940efbc86b65b719f8d5b985d8bce	730d2b4891ddcf9292f9e7282e9d1ab6ea9dd54b	eurasia_km/services4/3rdparty/dc_poulsbo/Linux.mk
omap5-sgx-ddk-linux	fc6e4fb8e7e940efbc86b65b719f8d5b985d8bce	743c007813d709836cca97c048ef1a1c25982c22	services4/3rdparty/dc_poulsbo/Linux.mk
omap5-sgx-ddk-linux	fc6e4fb8e7e940efbc86b65b719f8d5b985d8bce	75516a5f2d4ce36777fc22bd1b20445259d07737	services4/3rdparty/dc_poulsbo/Linux.mk
omap5-sgx-ddk-linux	fc6e4fb8e7e940efbc86b65b719f8d5b985d8bce	766b6004db9a7227aa736dc30de2e6316e2be7f6	eurasia_km/services4/3rdparty/dc_poulsbo/Linux.mk
omap5-sgx-ddk-linux	fc6e4fb8e7e940efbc86b65b719f8d5b985d8bce	769605f232660fb7a3b037424b9eb77709633506	eurasia_km/services4/3rdparty/dc_poulsbo/Linux.mk
omap5-sgx-ddk-linux	fc6e4fb8e7e940efbc86b65b719f8d5b985d8bce	76da7d73976f0a5dc04fdc84a3af899d6c2b1fe2	eurasia_km/services4/3rdparty/dc_poulsbo/Linux.mk
omap5-sgx-ddk-linux	fc6e4fb8e7e940efbc86b65b719f8d5b985d8bce	78db3c65b9dafb802be133c7b14f8ed432e1fb78	services4/3rdparty/dc_poulsbo/Linux.mk
omap5-sgx-ddk-linux	fc6e4fb8e7e940efbc86b65b719f8d5b985d8bce	7b3b71dac2fe1df94439488f9a55c81ec762d6d6	services4/3rdparty/dc_poulsbo/Linux.mk
omap5-sgx-ddk-linux	fc6e4fb8e7e940efbc86b65b719f8d5b985d8bce	7c40c1dc05226be9662860166d16fc346a1378d9	eurasia_km/services4/3rdparty/dc_poulsbo/Linux.mk
omap5-sgx-ddk-linux	fc6e4fb8e7e940efbc86b65b719f8d5b985d8bce	7c89d3433bd96d8b2755ca172e99198fa4b69c05	services4/3rdparty/dc_poulsbo/Linux.mk
omap5-sgx-ddk-linux	fc6e4fb8e7e940efbc86b65b719f8d5b985d8bce	7fa3c9052ddbce83a4df134e73f07c99ddc267d7	eurasia_km/services4/3rdparty/dc_poulsbo/Linux.mk
omap5-sgx-ddk-linux	fc6e4fb8e7e940efbc86b65b719f8d5b985d8bce	82baf103b171ce138bef79c4194497a108e22df8	eurasia_km/services4/3rdparty/dc_poulsbo/Linux.mk
omap5-sgx-ddk-linux	fc6e4fb8e7e940efbc86b65b719f8d5b985d8bce	83431055a561bd69f1efc49164bd789547d8ff85	services4/3rdparty/dc_poulsbo/Linux.mk
omap5-sgx-ddk-linux	fc6e4fb8e7e940efbc86b65b719f8d5b985d8bce	83ec439629f44bbea899bfaed1e719743d61cf01	services4/3rdparty/dc_poulsbo/Linux.mk
omap5-sgx-ddk-linux	fc6e4fb8e7e940efbc86b65b719f8d5b985d8bce	8526d639399e06b6e80dfa2e3dcd208d4d528550	services4/3rdparty/dc_poulsbo/Linux.mk
omap5-sgx-ddk-linux	fc6e4fb8e7e940efbc86b65b719f8d5b985d8bce	852a47794d2e8656045e0339cbb9bd8e06d3e7e3	eurasia_km/services4/3rdparty/dc_poulsbo/Linux.mk
omap5-sgx-ddk-linux	fc6e4fb8e7e940efbc86b65b719f8d5b985d8bce	855889f437250b6572c75d12696ec4a998b9aef9	eurasia_km/services4/3rdparty/dc_poulsbo/Linux.mk
omap5-sgx-ddk-linux	fc6e4fb8e7e940efbc86b65b719f8d5b985d8bce	8680409ad5ce44b7ce3a43916332f6a29bc711de	eurasia_km/services4/3rdparty/dc_poulsbo/Linux.mk
omap5-sgx-ddk-linux	fc6e4fb8e7e940efbc86b65b719f8d5b985d8bce	8d5305b03dce13f3a9a89328c69c762dcd3109a4	eurasia_km/services4/3rdparty/dc_poulsbo/Linux.mk
omap5-sgx-ddk-linux	fc6e4fb8e7e940efbc86b65b719f8d5b985d8bce	9027da1de0fd0742ebc9c99d851c6b9498bb81c9	services4/3rdparty/dc_poulsbo/Linux.mk
omap5-sgx-ddk-linux	fc6e4fb8e7e940efbc86b65b719f8d5b985d8bce	9855bcc288b2c3ef715064705f727334439556d8	eurasia_km/services4/3rdparty/dc_poulsbo/Linux.mk
omap5-sgx-ddk-linux	fc6e4fb8e7e940efbc86b65b719f8d5b985d8bce	9f690e5e7b6c215dc54e4a8c58b8e55cabcd394f	eurasia_km/services4/3rdparty/dc_poulsbo/Linux.mk
omap5-sgx-ddk-linux	fc6e4fb8e7e940efbc86b65b719f8d5b985d8bce	a0ff0e7423f26387255e1c9205f6664a954b15ef	services4/3rdparty/dc_poulsbo/Linux.mk
omap5-sgx-ddk-linux	fc6e4fb8e7e940efbc86b65b719f8d5b985d8bce	a19b99beae63ed2a56e792f1b5e80437c22f8f89	services4/3rdparty/dc_poulsbo/Linux.mk
omap5-sgx-ddk-linux	fc6e4fb8e7e940efbc86b65b719f8d5b985d8bce	a3084c34f54696e5ac56e95e977dfb649e283a4b	services4/3rdparty/dc_poulsbo/Linux.mk
omap5-sgx-ddk-linux	fc6e4fb8e7e940efbc86b65b719f8d5b985d8bce	a5a0fe1799cabfa1278321b667263cf3fa2cf32f	eurasia_km/services4/3rdparty/dc_poulsbo/Linux.mk
omap5-sgx-ddk-linux	fc6e4fb8e7e940efbc86b65b719f8d5b985d8bce	a90f89f4a2f2e8a05894d807de4db63ebf62a392	eurasia_km/services4/3rdparty/dc_poulsbo/Linux.mk
omap5-sgx-ddk-linux	fc6e4fb8e7e940efbc86b65b719f8d5b985d8bce	a99c2cef71407bf63db49af96e43cfdd8c7b3b7a	services4/3rdparty/dc_poulsbo/Linux.mk
omap5-sgx-ddk-linux	fc6e4fb8e7e940efbc86b65b719f8d5b985d8bce	ac8a883f35bd7049454575eab28d227e8f71aa9b	services4/3rdparty/dc_poulsbo/Linux.mk
omap5-sgx-ddk-linux	fc6e4fb8e7e940efbc86b65b719f8d5b985d8bce	ad511f2798f45eab3c44826fdd860811cce4b1f6	services4/3rdparty/dc_poulsbo/Linux.mk
omap5-sgx-ddk-linux	fc6e4fb8e7e940efbc86b65b719f8d5b985d8bce	b144fa4b97cb69e54cabaad62daffcd4b5497c29	eurasia_km/services4/3rdparty/dc_poulsbo/Linux.mk
omap5-sgx-ddk-linux	fc6e4fb8e7e940efbc86b65b719f8d5b985d8bce	b42208fb9ad30f288ebf968a994a46f3fcf90136	services4/3rdparty/dc_poulsbo/Linux.mk
omap5-sgx-ddk-linux	fc6e4fb8e7e940efbc86b65b719f8d5b985d8bce	b45658fb2090a579e48942909f3865152f82e1ca	services4/3rdparty/dc_poulsbo/Linux.mk
omap5-sgx-ddk-linux	fc6e4fb8e7e940efbc86b65b719f8d5b985d8bce	b630d462f5fbb86e5f98965ba1af35da1207822f	eurasia_km/services4/3rdparty/dc_poulsbo/Linux.mk
omap5-sgx-ddk-linux	fc6e4fb8e7e940efbc86b65b719f8d5b985d8bce	b83e2affbaeb0c2c7a010b3eacc3f0d3b0f7669a	services4/3rdparty/dc_poulsbo/Linux.mk
omap5-sgx-ddk-linux	fc6e4fb8e7e940efbc86b65b719f8d5b985d8bce	b89ffe29648d567a28ce5275aa1fbbd584d6a02c	services4/3rdparty/dc_poulsbo/Linux.mk
omap5-sgx-ddk-linux	fc6e4fb8e7e940efbc86b65b719f8d5b985d8bce	bc3128527024bd76f9ab4d8d7db13ad65a24458b	eurasia_km/services4/3rdparty/dc_poulsbo/Linux.mk
omap5-sgx-ddk-linux	fc6e4fb8e7e940efbc86b65b719f8d5b985d8bce	bcb809355f813337f2ca2640b4fa405eaf8097da	eurasia_km/services4/3rdparty/dc_poulsbo/Linux.mk
omap5-sgx-ddk-linux	fc6e4fb8e7e940efbc86b65b719f8d5b985d8bce	c13efb766a8fc680374ae7affc6df535f823bacb	eurasia_km/services4/3rdparty/dc_poulsbo/Linux.mk
omap5-sgx-ddk-linux	fc6e4fb8e7e940efbc86b65b719f8d5b985d8bce	c8d280c2842bf4b1fdc63f5efd89595807c0a254	eurasia_km/services4/3rdparty/dc_poulsbo/Linux.mk
omap5-sgx-ddk-linux	fc6e4fb8e7e940efbc86b65b719f8d5b985d8bce	cb46ba4d0c900f89f7ec0284f9803d476bfa98de	eurasia_km/services4/3rdparty/dc_poulsbo/Linux.mk
omap5-sgx-ddk-linux	fc6e4fb8e7e940efbc86b65b719f8d5b985d8bce	cbcf497bee4c86a3142f7ed0c2de672e5a96682e	services4/3rdparty/dc_poulsbo/Linux.mk
omap5-sgx-ddk-linux	fc6e4fb8e7e940efbc86b65b719f8d5b985d8bce	cc73af59a34f938f09e84b1004679e9b1a5973f2	services4/3rdparty/dc_poulsbo/Linux.mk
omap5-sgx-ddk-linux	fc6e4fb8e7e940efbc86b65b719f8d5b985d8bce	cff8103dca22c75fdb612fd431056ea0f4d4ff65	services4/3rdparty/dc_poulsbo/Linux.mk
omap5-sgx-ddk-linux	fc6e4fb8e7e940efbc86b65b719f8d5b985d8bce	d1d4d86e553a9bf56e0b5a25b280ab581ab15586	eurasia_km/services4/3rdparty/dc_poulsbo/Linux.mk
omap5-sgx-ddk-linux	fc6e4fb8e7e940efbc86b65b719f8d5b985d8bce	d230b32f421120c1d1a588cbf82e9a70950391f9	eurasia_km/services4/3rdparty/dc_poulsbo/Linux.mk
omap5-sgx-ddk-linux	fc6e4fb8e7e940efbc86b65b719f8d5b985d8bce	d2b3959738cfcc6209e8e882d1989de790866c8f	eurasia_km/services4/3rdparty/dc_poulsbo/Linux.mk
omap5-sgx-ddk-linux	fc6e4fb8e7e940efbc86b65b719f8d5b985d8bce	d77c3b2ee61b6d22706a66bd625b689a74db3c89	services4/3rdparty/dc_poulsbo/Linux.mk
omap5-sgx-ddk-linux	fc6e4fb8e7e940efbc86b65b719f8d5b985d8bce	e33760c18dbffa409d9da6a11e95083921b03af0	services4/3rdparty/dc_poulsbo/Linux.mk
omap5-sgx-ddk-linux	fc6e4fb8e7e940efbc86b65b719f8d5b985d8bce	e68719ba7c54602c710b6615cd665f5b7f47f85e	eurasia_km/services4/3rdparty/dc_poulsbo/Linux.mk
omap5-sgx-ddk-linux	fc6e4fb8e7e940efbc86b65b719f8d5b985d8bce	ea2ae0444f3643ea608f49eca2c880b8432ef62a	eurasia_km/services4/3rdparty/dc_poulsbo/Linux.mk
omap5-sgx-ddk-linux	fc6e4fb8e7e940efbc86b65b719f8d5b985d8bce	eb2a06ca205ce150edc819b5757f2ee8514e259f	services4/3rdparty/dc_poulsbo/Linux.mk
omap5-sgx-ddk-linux	fc6e4fb8e7e940efbc86b65b719f8d5b985d8bce	ebafbb34ad24cc10b4e402d1a2f2f8806343a3a8	services4/3rdparty/dc_poulsbo/Linux.mk
omap5-sgx-ddk-linux	fc6e4fb8e7e940efbc86b65b719f8d5b985d8bce	f0c729c54ad45dc4b2d2c83317545a1ef9de1cc5	eurasia_km/services4/3rdparty/dc_poulsbo/Linux.mk
omap5-sgx-ddk-linux	fc6e4fb8e7e940efbc86b65b719f8d5b985d8bce	f32b645d4eea5f89a15132cb336b346dccd8f07e	services4/3rdparty/dc_poulsbo/Linux.mk
omap5-sgx-ddk-linux	fc6e4fb8e7e940efbc86b65b719f8d5b985d8bce	fd47e44b18944cf7ade480ac67a9c0172619ff7e	eurasia_km/services4/3rdparty/dc_poulsbo/Linux.mk
omap5-sgx-ddk-linux	fc6e4fb8e7e940efbc86b65b719f8d5b985d8bce	fed0756f1b8b9d526da2821635c7d742989d47c3	eurasia_km/services4/3rdparty/dc_poulsbo/Linux.mk
