.
bin
conf
conf/arch.conf
conf/conf.d
conf/initramfs.conf
cryptroot
cryptroot/crypttab
etc
etc/console-setup
etc/console-setup/tmpkbd.RhER7I
etc/fstab
etc/ld.so.cache
etc/ld.so.conf
etc/ld.so.conf.d
etc/ld.so.conf.d/i386-linux-gnu.conf
etc/ld.so.conf.d/libc.conf
etc/modprobe.d
etc/modprobe.d/amd64-microcode-blacklist.conf
etc/modprobe.d/blacklist-nvidia.conf
etc/modprobe.d/broadcom-sta-dkms.conf
etc/modprobe.d/dkms.conf
etc/modprobe.d/hang-on-shutdown.conf
etc/modprobe.d/i915-power-saving.conf
etc/modprobe.d/intel-microcode-blacklist.conf
etc/modprobe.d/iwlwifi-no-blink.conf
etc/modprobe.d/pc-speaker.conf
etc/motd
etc/mtab
etc/udev
etc/udev/udev.conf
init
lib
run
sbin
scripts
scripts/functions
scripts/init-bottom
scripts/init-bottom/ORDER
scripts/init-bottom/udev
scripts/init-top
scripts/init-top/ORDER
scripts/init-top/all_generic_ide
scripts/init-top/blacklist
scripts/init-top/keymap
scripts/init-top/udev
scripts/local
scripts/local-block
scripts/local-block/ORDER
scripts/local-block/cryptroot
scripts/local-bottom
scripts/local-bottom/ORDER
scripts/local-bottom/cryptgnupg-sc
scripts/local-bottom/cryptopensc
scripts/local-bottom/cryptroot
scripts/local-bottom/ntfs_3g
scripts/local-premount
scripts/local-premount/ORDER
scripts/local-premount/btrfs
scripts/local-premount/ntfs_3g
scripts/local-premount/resume
scripts/local-top
scripts/local-top/ORDER
scripts/local-top/cryptopensc
scripts/local-top/cryptroot
scripts/nfs
usr
usr/bin
usr/bin/btrfs
usr/bin/cryptroot-unlock
usr/bin/fstype
usr/bin/ipconfig
usr/bin/kbd_mode
usr/bin/kmod
usr/bin/loadkeys
usr/bin/minips
usr/bin/nfsmount
usr/bin/ntfs-3g
usr/bin/setupcon
usr/bin/udevadm
usr/lib
usr/lib/cryptsetup
usr/lib/cryptsetup/askpass
usr/lib/cryptsetup/functions
usr/lib/firmware
usr/lib/firmware/3com
usr/lib/firmware/3com/typhoon.bin
usr/lib/firmware/advansys
usr/lib/firmware/advansys/3550.bin
usr/lib/firmware/advansys/38C0800.bin
usr/lib/firmware/advansys/38C1600.bin
usr/lib/firmware/advansys/mcode.bin
usr/lib/firmware/bnx2
usr/lib/firmware/bnx2/bnx2-mips-06-6.2.3.fw
usr/lib/firmware/bnx2/bnx2-mips-09-6.2.1b.fw
usr/lib/firmware/bnx2/bnx2-rv2p-06-6.0.15.fw
usr/lib/firmware/bnx2/bnx2-rv2p-09-6.0.17.fw
usr/lib/firmware/bnx2/bnx2-rv2p-09ax-6.0.17.fw
usr/lib/firmware/bnx2x
usr/lib/firmware/bnx2x/bnx2x-e1-7.13.15.0.fw
usr/lib/firmware/bnx2x/bnx2x-e1-7.13.21.0.fw
usr/lib/firmware/bnx2x/bnx2x-e1h-7.13.15.0.fw
usr/lib/firmware/bnx2x/bnx2x-e1h-7.13.21.0.fw
usr/lib/firmware/bnx2x/bnx2x-e2-7.13.15.0.fw
usr/lib/firmware/bnx2x/bnx2x-e2-7.13.21.0.fw
usr/lib/firmware/cbfw-3.2.5.1.bin
usr/lib/firmware/cis
usr/lib/firmware/cis/3CCFEM556.cis
usr/lib/firmware/cis/3CXEM556.cis
usr/lib/firmware/cis/COMpad2.cis
usr/lib/firmware/cis/COMpad4.cis
usr/lib/firmware/cis/DP83903.cis
usr/lib/firmware/cis/LA-PCM.cis
usr/lib/firmware/cis/MT5634ZLX.cis
usr/lib/firmware/cis/NE2K.cis
usr/lib/firmware/cis/PCMLM28.cis
usr/lib/firmware/cis/PE-200.cis
usr/lib/firmware/cis/PE520.cis
usr/lib/firmware/cis/RS-COM-2P.cis
usr/lib/firmware/cis/SW_555_SER.cis
usr/lib/firmware/cis/SW_7xx_SER.cis
usr/lib/firmware/cis/SW_8xx_SER.cis
usr/lib/firmware/cis/tamarack.cis
usr/lib/firmware/ct2fw-3.2.5.1.bin
usr/lib/firmware/ctfw-3.2.5.1.bin
usr/lib/firmware/cxgb3
usr/lib/firmware/cxgb3/ael2005_opt_edc.bin
usr/lib/firmware/cxgb3/ael2005_twx_edc.bin
usr/lib/firmware/cxgb3/ael2020_twx_edc.bin
usr/lib/firmware/cxgb3/t3b_psram-1.1.0.bin
usr/lib/firmware/cxgb3/t3c_psram-1.1.0.bin
usr/lib/firmware/cxgb3/t3fw-7.12.0.bin
usr/lib/firmware/cxgb4
usr/lib/firmware/cxgb4/t4fw-1.27.5.0.bin
usr/lib/firmware/cxgb4/t4fw.bin
usr/lib/firmware/cxgb4/t5fw-1.27.5.0.bin
usr/lib/firmware/cxgb4/t5fw.bin
usr/lib/firmware/cxgb4/t6fw-1.27.5.0.bin
usr/lib/firmware/cxgb4/t6fw.bin
usr/lib/firmware/e100
usr/lib/firmware/e100/d101m_ucode.bin
usr/lib/firmware/e100/d101s_ucode.bin
usr/lib/firmware/e100/d102e_ucode.bin
usr/lib/firmware/ene-ub6250
usr/lib/firmware/ene-ub6250/ms_init.bin
usr/lib/firmware/ene-ub6250/ms_rdwr.bin
usr/lib/firmware/ene-ub6250/msp_rdwr.bin
usr/lib/firmware/ene-ub6250/sd_init1.bin
usr/lib/firmware/ene-ub6250/sd_init2.bin
usr/lib/firmware/ene-ub6250/sd_rdwr.bin
usr/lib/firmware/intel
usr/lib/firmware/intel/ice
usr/lib/firmware/intel/ice/ddp
usr/lib/firmware/intel/ice/ddp/ice-1.3.43.0.pkg
usr/lib/firmware/intel/ice/ddp/ice.pkg
usr/lib/firmware/isci
usr/lib/firmware/isci/isci_firmware.bin
usr/lib/firmware/kaweth
usr/lib/firmware/kaweth/new_code.bin
usr/lib/firmware/kaweth/new_code_fix.bin
usr/lib/firmware/kaweth/trigger_code.bin
usr/lib/firmware/kaweth/trigger_code_fix.bin
usr/lib/firmware/microchip
usr/lib/firmware/microchip/mscc_vsc8574_revb_int8051_29e8.bin
usr/lib/firmware/microchip/mscc_vsc8584_revb_int8051_fb48.bin
usr/lib/firmware/myri10ge_eth_z8e.dat
usr/lib/firmware/myri10ge_ethp_z8e.dat
usr/lib/firmware/myri10ge_rss_eth_z8e.dat
usr/lib/firmware/myri10ge_rss_ethp_z8e.dat
usr/lib/firmware/netronome
usr/lib/firmware/netronome/nic
usr/lib/firmware/netronome/nic/nic_AMDA0081-0001_1x40.nffw
usr/lib/firmware/netronome/nic/nic_AMDA0081-0001_4x10.nffw
usr/lib/firmware/netronome/nic/nic_AMDA0096-0001_2x10.nffw
usr/lib/firmware/netronome/nic/nic_AMDA0097-0001_2x40.nffw
usr/lib/firmware/netronome/nic/nic_AMDA0097-0001_4x10_1x40.nffw
usr/lib/firmware/netronome/nic/nic_AMDA0097-0001_8x10.nffw
usr/lib/firmware/netronome/nic/nic_AMDA0099-0001_2x10.nffw
usr/lib/firmware/netronome/nic/nic_AMDA0099-0001_2x25.nffw
usr/lib/firmware/netronome/nic_AMDA0081-0001_1x40.nffw
usr/lib/firmware/netronome/nic_AMDA0081-0001_4x10.nffw
usr/lib/firmware/netronome/nic_AMDA0096-0001_2x10.nffw
usr/lib/firmware/netronome/nic_AMDA0097-0001_2x40.nffw
usr/lib/firmware/netronome/nic_AMDA0097-0001_4x10_1x40.nffw
usr/lib/firmware/netronome/nic_AMDA0097-0001_8x10.nffw
usr/lib/firmware/netronome/nic_AMDA0099-0001_2x10.nffw
usr/lib/firmware/netronome/nic_AMDA0099-0001_2x25.nffw
usr/lib/firmware/phanfw.bin
usr/lib/firmware/qed
usr/lib/firmware/qed/qed_init_values_zipped-8.42.2.0.bin
usr/lib/firmware/ql2100_fw.bin
usr/lib/firmware/ql2200_fw.bin
usr/lib/firmware/ql2300_fw.bin
usr/lib/firmware/ql2322_fw.bin
usr/lib/firmware/ql2400_fw.bin
usr/lib/firmware/ql2500_fw.bin
usr/lib/firmware/qlogic
usr/lib/firmware/qlogic/1040.bin
usr/lib/firmware/qlogic/12160.bin
usr/lib/firmware/qlogic/1280.bin
usr/lib/firmware/rp2.fw
usr/lib/firmware/rtl_nic
usr/lib/firmware/rtl_nic/rtl8105e-1.fw
usr/lib/firmware/rtl_nic/rtl8106e-1.fw
usr/lib/firmware/rtl_nic/rtl8106e-2.fw
usr/lib/firmware/rtl_nic/rtl8107e-1.fw
usr/lib/firmware/rtl_nic/rtl8107e-2.fw
usr/lib/firmware/rtl_nic/rtl8125a-3.fw
usr/lib/firmware/rtl_nic/rtl8125b-2.fw
usr/lib/firmware/rtl_nic/rtl8153a-2.fw
usr/lib/firmware/rtl_nic/rtl8153a-3.fw
usr/lib/firmware/rtl_nic/rtl8153a-4.fw
usr/lib/firmware/rtl_nic/rtl8153b-2.fw
usr/lib/firmware/rtl_nic/rtl8168d-1.fw
usr/lib/firmware/rtl_nic/rtl8168d-2.fw
usr/lib/firmware/rtl_nic/rtl8168e-1.fw
usr/lib/firmware/rtl_nic/rtl8168e-2.fw
usr/lib/firmware/rtl_nic/rtl8168e-3.fw
usr/lib/firmware/rtl_nic/rtl8168f-1.fw
usr/lib/firmware/rtl_nic/rtl8168f-2.fw
usr/lib/firmware/rtl_nic/rtl8168fp-3.fw
usr/lib/firmware/rtl_nic/rtl8168g-2.fw
usr/lib/firmware/rtl_nic/rtl8168g-3.fw
usr/lib/firmware/rtl_nic/rtl8168h-1.fw
usr/lib/firmware/rtl_nic/rtl8168h-2.fw
usr/lib/firmware/rtl_nic/rtl8402-1.fw
usr/lib/firmware/rtl_nic/rtl8411-1.fw
usr/lib/firmware/rtl_nic/rtl8411-2.fw
usr/lib/firmware/tehuti
usr/lib/firmware/tehuti/bdx.bin
usr/lib/firmware/tigon
usr/lib/firmware/tigon/tg3.bin
usr/lib/firmware/tigon/tg357766.bin
usr/lib/firmware/tigon/tg3_tso.bin
usr/lib/firmware/tigon/tg3_tso5.bin
usr/lib/i386-linux-gnu
usr/lib/i386-linux-gnu/ld-linux.so.2
usr/lib/i386-linux-gnu/libblkid.so.1
usr/lib/i386-linux-gnu/libblkid.so.1.1.0
usr/lib/i386-linux-gnu/libc.so.6
usr/lib/i386-linux-gnu/libcom_err.so.2
usr/lib/i386-linux-gnu/libcom_err.so.2.1
usr/lib/i386-linux-gnu/libcrypto.so.3
usr/lib/i386-linux-gnu/libcryptsetup.so.12
usr/lib/i386-linux-gnu/libcryptsetup.so.12.10.0
usr/lib/i386-linux-gnu/libdevmapper.so.1.02.1
usr/lib/i386-linux-gnu/libe2p.so.2
usr/lib/i386-linux-gnu/libe2p.so.2.3
usr/lib/i386-linux-gnu/libext2fs.so.2
usr/lib/i386-linux-gnu/libext2fs.so.2.4
usr/lib/i386-linux-gnu/libfuse3.so.3.17.2
usr/lib/i386-linux-gnu/libfuse3.so.4
usr/lib/i386-linux-gnu/libjson-c.so.5
usr/lib/i386-linux-gnu/libjson-c.so.5.4.0
usr/lib/i386-linux-gnu/libkmod.so.2
usr/lib/i386-linux-gnu/libkmod.so.2.5.1
usr/lib/i386-linux-gnu/liblzo2.so.2
usr/lib/i386-linux-gnu/liblzo2.so.2.0.0
usr/lib/i386-linux-gnu/libm.so.6
usr/lib/i386-linux-gnu/libmount.so.1
usr/lib/i386-linux-gnu/libmount.so.1.1.0
usr/lib/i386-linux-gnu/libntfs-3g.so.89
usr/lib/i386-linux-gnu/libntfs-3g.so.89.0.0
usr/lib/i386-linux-gnu/libpcre2-8.so.0
usr/lib/i386-linux-gnu/libpcre2-8.so.0.14.0
usr/lib/i386-linux-gnu/libpopt.so.0
usr/lib/i386-linux-gnu/libpopt.so.0.0.2
usr/lib/i386-linux-gnu/libresolv.so.2
usr/lib/i386-linux-gnu/libselinux.so.1
usr/lib/i386-linux-gnu/libudev.so.1
usr/lib/i386-linux-gnu/libudev.so.1.6.3
usr/lib/i386-linux-gnu/libuuid.so.1
usr/lib/i386-linux-gnu/libuuid.so.1.3.0
usr/lib/i386-linux-gnu/libz.so.1
usr/lib/i386-linux-gnu/libz.so.1.3.1
usr/lib/i386-linux-gnu/libzstd.so.1
usr/lib/i386-linux-gnu/libzstd.so.1.5.7
usr/lib/klibc-o5KKHSG2EZKrxTnhywzbw5EAVVg.so
usr/lib/ld-linux.so.2
usr/lib/modprobe.d
usr/lib/modprobe.d/aliases.conf
usr/lib/modprobe.d/fbdev-blacklist.conf
usr/lib/modules
usr/lib/modules/5.10.240-antix.1-486-smp
usr/lib/modules/5.10.240-antix.1-486-smp/kernel
usr/lib/modules/5.10.240-antix.1-486-smp/kernel/arch
usr/lib/modules/5.10.240-antix.1-486-smp/kernel/arch/x86
usr/lib/modules/5.10.240-antix.1-486-smp/kernel/arch/x86/crypto
usr/lib/modules/5.10.240-antix.1-486-smp/kernel/arch/x86/crypto/aesni-intel.ko
usr/lib/modules/5.10.240-antix.1-486-smp/kernel/arch/x86/crypto/crc32-pclmul.ko
usr/lib/modules/5.10.240-antix.1-486-smp/kernel/arch/x86/crypto/crc32c-intel.ko
usr/lib/modules/5.10.240-antix.1-486-smp/kernel/arch/x86/crypto/glue_helper.ko
usr/lib/modules/5.10.240-antix.1-486-smp/kernel/arch/x86/crypto/serpent-sse2-i586.ko
usr/lib/modules/5.10.240-antix.1-486-smp/kernel/arch/x86/crypto/twofish-i586.ko
usr/lib/modules/5.10.240-antix.1-486-smp/kernel/arch/x86/platform
usr/lib/modules/5.10.240-antix.1-486-smp/kernel/arch/x86/platform/scx200
usr/lib/modules/5.10.240-antix.1-486-smp/kernel/arch/x86/platform/scx200/scx200.ko
usr/lib/modules/5.10.240-antix.1-486-smp/kernel/crypto
usr/lib/modules/5.10.240-antix.1-486-smp/kernel/crypto/842.ko
usr/lib/modules/5.10.240-antix.1-486-smp/kernel/crypto/adiantum.ko
usr/lib/modules/5.10.240-antix.1-486-smp/kernel/crypto/aegis128.ko
usr/lib/modules/5.10.240-antix.1-486-smp/kernel/crypto/aes_ti.ko
usr/lib/modules/5.10.240-antix.1-486-smp/kernel/crypto/af_alg.ko
usr/lib/modules/5.10.240-antix.1-486-smp/kernel/crypto/algif_aead.ko
usr/lib/modules/5.10.240-antix.1-486-smp/kernel/crypto/algif_hash.ko
usr/lib/modules/5.10.240-antix.1-486-smp/kernel/crypto/algif_rng.ko
usr/lib/modules/5.10.240-antix.1-486-smp/kernel/crypto/algif_skcipher.ko
usr/lib/modules/5.10.240-antix.1-486-smp/kernel/crypto/ansi_cprng.ko
usr/lib/modules/5.10.240-antix.1-486-smp/kernel/crypto/anubis.ko
usr/lib/modules/5.10.240-antix.1-486-smp/kernel/crypto/arc4.ko
usr/lib/modules/5.10.240-antix.1-486-smp/kernel/crypto/asymmetric_keys
usr/lib/modules/5.10.240-antix.1-486-smp/kernel/crypto/asymmetric_keys/pkcs8_key_parser.ko
usr/lib/modules/5.10.240-antix.1-486-smp/kernel/crypto/async_tx
usr/lib/modules/5.10.240-antix.1-486-smp/kernel/crypto/async_tx/async_memcpy.ko
usr/lib/modules/5.10.240-antix.1-486-smp/kernel/crypto/async_tx/async_pq.ko
usr/lib/modules/5.10.240-antix.1-486-smp/kernel/crypto/async_tx/async_raid6_recov.ko
usr/lib/modules/5.10.240-antix.1-486-smp/kernel/crypto/async_tx/async_tx.ko
usr/lib/modules/5.10.240-antix.1-486-smp/kernel/crypto/async_tx/async_xor.ko
usr/lib/modules/5.10.240-antix.1-486-smp/kernel/crypto/async_tx/raid6test.ko
usr/lib/modules/5.10.240-antix.1-486-smp/kernel/crypto/authenc.ko
usr/lib/modules/5.10.240-antix.1-486-smp/kernel/crypto/authencesn.ko
usr/lib/modules/5.10.240-antix.1-486-smp/kernel/crypto/blake2b_generic.ko
usr/lib/modules/5.10.240-antix.1-486-smp/kernel/crypto/blake2s_generic.ko
usr/lib/modules/5.10.240-antix.1-486-smp/kernel/crypto/blowfish_common.ko
usr/lib/modules/5.10.240-antix.1-486-smp/kernel/crypto/blowfish_generic.ko
usr/lib/modules/5.10.240-antix.1-486-smp/kernel/crypto/camellia_generic.ko
usr/lib/modules/5.10.240-antix.1-486-smp/kernel/crypto/cast5_generic.ko
usr/lib/modules/5.10.240-antix.1-486-smp/kernel/crypto/cast6_generic.ko
usr/lib/modules/5.10.240-antix.1-486-smp/kernel/crypto/cast_common.ko
usr/lib/modules/5.10.240-antix.1-486-smp/kernel/crypto/ccm.ko
usr/lib/modules/5.10.240-antix.1-486-smp/kernel/crypto/cfb.ko
usr/lib/modules/5.10.240-antix.1-486-smp/kernel/crypto/chacha20poly1305.ko
usr/lib/modules/5.10.240-antix.1-486-smp/kernel/crypto/chacha_generic.ko
usr/lib/modules/5.10.240-antix.1-486-smp/kernel/crypto/cmac.ko
usr/lib/modules/5.10.240-antix.1-486-smp/kernel/crypto/crc32_generic.ko
usr/lib/modules/5.10.240-antix.1-486-smp/kernel/crypto/cryptd.ko
usr/lib/modules/5.10.240-antix.1-486-smp/kernel/crypto/crypto_engine.ko
usr/lib/modules/5.10.240-antix.1-486-smp/kernel/crypto/crypto_simd.ko
usr/lib/modules/5.10.240-antix.1-486-smp/kernel/crypto/crypto_user.ko
usr/lib/modules/5.10.240-antix.1-486-smp/kernel/crypto/curve25519-generic.ko
usr/lib/modules/5.10.240-antix.1-486-smp/kernel/crypto/des_generic.ko
usr/lib/modules/5.10.240-antix.1-486-smp/kernel/crypto/ecc.ko
usr/lib/modules/5.10.240-antix.1-486-smp/kernel/crypto/ecdh_generic.ko
usr/lib/modules/5.10.240-antix.1-486-smp/kernel/crypto/echainiv.ko
usr/lib/modules/5.10.240-antix.1-486-smp/kernel/crypto/ecrdsa_generic.ko
usr/lib/modules/5.10.240-antix.1-486-smp/kernel/crypto/essiv.ko
usr/lib/modules/5.10.240-antix.1-486-smp/kernel/crypto/fcrypt.ko
usr/lib/modules/5.10.240-antix.1-486-smp/kernel/crypto/gcm.ko
usr/lib/modules/5.10.240-antix.1-486-smp/kernel/crypto/gf128mul.ko
usr/lib/modules/5.10.240-antix.1-486-smp/kernel/crypto/ghash-generic.ko
usr/lib/modules/5.10.240-antix.1-486-smp/kernel/crypto/keywrap.ko
usr/lib/modules/5.10.240-antix.1-486-smp/kernel/crypto/khazad.ko
usr/lib/modules/5.10.240-antix.1-486-smp/kernel/crypto/lrw.ko
usr/lib/modules/5.10.240-antix.1-486-smp/kernel/crypto/lz4.ko
usr/lib/modules/5.10.240-antix.1-486-smp/kernel/crypto/lz4hc.ko
usr/lib/modules/5.10.240-antix.1-486-smp/kernel/crypto/md4.ko
usr/lib/modules/5.10.240-antix.1-486-smp/kernel/crypto/michael_mic.ko
usr/lib/modules/5.10.240-antix.1-486-smp/kernel/crypto/nhpoly1305.ko
usr/lib/modules/5.10.240-antix.1-486-smp/kernel/crypto/ofb.ko
usr/lib/modules/5.10.240-antix.1-486-smp/kernel/crypto/pcbc.ko
usr/lib/modules/5.10.240-antix.1-486-smp/kernel/crypto/pcrypt.ko
usr/lib/modules/5.10.240-antix.1-486-smp/kernel/crypto/poly1305_generic.ko
usr/lib/modules/5.10.240-antix.1-486-smp/kernel/crypto/rmd128.ko
usr/lib/modules/5.10.240-antix.1-486-smp/kernel/crypto/rmd160.ko
usr/lib/modules/5.10.240-antix.1-486-smp/kernel/crypto/rmd256.ko
usr/lib/modules/5.10.240-antix.1-486-smp/kernel/crypto/rmd320.ko
usr/lib/modules/5.10.240-antix.1-486-smp/kernel/crypto/salsa20_generic.ko
usr/lib/modules/5.10.240-antix.1-486-smp/kernel/crypto/seed.ko
usr/lib/modules/5.10.240-antix.1-486-smp/kernel/crypto/serpent_generic.ko
usr/lib/modules/5.10.240-antix.1-486-smp/kernel/crypto/sha3_generic.ko
usr/lib/modules/5.10.240-antix.1-486-smp/kernel/crypto/streebog_generic.ko
usr/lib/modules/5.10.240-antix.1-486-smp/kernel/crypto/tcrypt.ko
usr/lib/modules/5.10.240-antix.1-486-smp/kernel/crypto/tea.ko
usr/lib/modules/5.10.240-antix.1-486-smp/kernel/crypto/tgr192.ko
usr/lib/modules/5.10.240-antix.1-486-smp/kernel/crypto/twofish_common.ko
usr/lib/modules/5.10.240-antix.1-486-smp/kernel/crypto/twofish_generic.ko
usr/lib/modules/5.10.240-antix.1-486-smp/kernel/crypto/vmac.ko
usr/lib/modules/5.10.240-antix.1-486-smp/kernel/crypto/wp512.ko
usr/lib/modules/5.10.240-antix.1-486-smp/kernel/crypto/xcbc.ko
usr/lib/modules/5.10.240-antix.1-486-smp/kernel/crypto/xor.ko
usr/lib/modules/5.10.240-antix.1-486-smp/kernel/crypto/xxhash_generic.ko
usr/lib/modules/5.10.240-antix.1-486-smp/kernel/crypto/zstd.ko
usr/lib/modules/5.10.240-antix.1-486-smp/kernel/drivers
usr/lib/modules/5.10.240-antix.1-486-smp/kernel/drivers/acpi
usr/lib/modules/5.10.240-antix.1-486-smp/kernel/drivers/acpi/battery.ko
usr/lib/modules/5.10.240-antix.1-486-smp/kernel/drivers/acpi/fan.ko
usr/lib/modules/5.10.240-antix.1-486-smp/kernel/drivers/acpi/thermal.ko
usr/lib/modules/5.10.240-antix.1-486-smp/kernel/drivers/acpi/video.ko
usr/lib/modules/5.10.240-antix.1-486-smp/kernel/drivers/ata
usr/lib/modules/5.10.240-antix.1-486-smp/kernel/drivers/ata/pata_cmd640.ko
usr/lib/modules/5.10.240-antix.1-486-smp/kernel/drivers/ata/pata_cmd64x.ko
usr/lib/modules/5.10.240-antix.1-486-smp/kernel/drivers/ata/pata_cs5520.ko
usr/lib/modules/5.10.240-antix.1-486-smp/kernel/drivers/ata/pata_cs5530.ko
usr/lib/modules/5.10.240-antix.1-486-smp/kernel/drivers/ata/pata_cs5535.ko
usr/lib/modules/5.10.240-antix.1-486-smp/kernel/drivers/ata/pata_cs5536.ko
usr/lib/modules/5.10.240-antix.1-486-smp/kernel/drivers/ata/pata_cypress.ko
usr/lib/modules/5.10.240-antix.1-486-smp/kernel/drivers/ata/pata_efar.ko
usr/lib/modules/5.10.240-antix.1-486-smp/kernel/drivers/ata/pata_hpt366.ko
usr/lib/modules/5.10.240-antix.1-486-smp/kernel/drivers/ata/pata_hpt37x.ko
usr/lib/modules/5.10.240-antix.1-486-smp/kernel/drivers/ata/pata_hpt3x2n.ko
usr/lib/modules/5.10.240-antix.1-486-smp/kernel/drivers/ata/pata_hpt3x3.ko
usr/lib/modules/5.10.240-antix.1-486-smp/kernel/drivers/ata/pata_isapnp.ko
usr/lib/modules/5.10.240-antix.1-486-smp/kernel/drivers/ata/pata_it8213.ko
usr/lib/modules/5.10.240-antix.1-486-smp/kernel/drivers/ata/pata_it821x.ko
usr/lib/modules/5.10.240-antix.1-486-smp/kernel/drivers/ata/pata_netcell.ko
usr/lib/modules/5.10.240-antix.1-486-smp/kernel/drivers/ata/pata_ninja32.ko
usr/lib/modules/5.10.240-antix.1-486-smp/kernel/drivers/ata/pata_ns87410.ko
usr/lib/modules/5.10.240-antix.1-486-smp/kernel/drivers/ata/pata_ns87415.ko
usr/lib/modules/5.10.240-antix.1-486-smp/kernel/drivers/ata/pata_oldpiix.ko
usr/lib/modules/5.10.240-antix.1-486-smp/kernel/drivers/ata/pata_opti.ko
usr/lib/modules/5.10.240-antix.1-486-smp/kernel/drivers/ata/pata_optidma.ko
usr/lib/modules/5.10.240-antix.1-486-smp/kernel/drivers/ata/pata_pcmcia.ko
usr/lib/modules/5.10.240-antix.1-486-smp/kernel/drivers/ata/pata_pdc2027x.ko
usr/lib/modules/5.10.240-antix.1-486-smp/kernel/drivers/ata/pata_pdc202xx_old.ko
usr/lib/modules/5.10.240-antix.1-486-smp/kernel/drivers/ata/pata_radisys.ko
usr/lib/modules/5.10.240-antix.1-486-smp/kernel/drivers/ata/pata_rdc.ko
usr/lib/modules/5.10.240-antix.1-486-smp/kernel/drivers/ata/pata_rz1000.ko
usr/lib/modules/5.10.240-antix.1-486-smp/kernel/drivers/ata/pata_sc1200.ko
usr/lib/modules/5.10.240-antix.1-486-smp/kernel/drivers/ata/pata_serverworks.ko
usr/lib/modules/5.10.240-antix.1-486-smp/kernel/drivers/ata/pata_sil680.ko
usr/lib/modules/5.10.240-antix.1-486-smp/kernel/drivers/ata/pata_sl82c105.ko
usr/lib/modules/5.10.240-antix.1-486-smp/kernel/drivers/ata/pata_triflex.ko
usr/lib/modules/5.10.240-antix.1-486-smp/kernel/drivers/ata/sata_inic162x.ko
usr/lib/modules/5.10.240-antix.1-486-smp/kernel/drivers/base
usr/lib/modules/5.10.240-antix.1-486-smp/kernel/drivers/base/regmap
usr/lib/modules/5.10.240-antix.1-486-smp/kernel/drivers/base/regmap/regmap-slimbus.ko
usr/lib/modules/5.10.240-antix.1-486-smp/kernel/drivers/bcma
usr/lib/modules/5.10.240-antix.1-486-smp/kernel/drivers/bcma/bcma.ko
usr/lib/modules/5.10.240-antix.1-486-smp/kernel/drivers/block
usr/lib/modules/5.10.240-antix.1-486-smp/kernel/drivers/block/aoe
usr/lib/modules/5.10.240-antix.1-486-smp/kernel/drivers/block/aoe/aoe.ko
usr/lib/modules/5.10.240-antix.1-486-smp/kernel/drivers/block/drbd
usr/lib/modules/5.10.240-antix.1-486-smp/kernel/drivers/block/drbd/drbd.ko
usr/lib/modules/5.10.240-antix.1-486-smp/kernel/drivers/block/floppy.ko
usr/lib/modules/5.10.240-antix.1-486-smp/kernel/drivers/block/mtip32xx
usr/lib/modules/5.10.240-antix.1-486-smp/kernel/drivers/block/mtip32xx/mtip32xx.ko
usr/lib/modules/5.10.240-antix.1-486-smp/kernel/drivers/block/nbd.ko
usr/lib/modules/5.10.240-antix.1-486-smp/kernel/drivers/block/null_blk
usr/lib/modules/5.10.240-antix.1-486-smp/kernel/drivers/block/null_blk/null_blk.ko
usr/lib/modules/5.10.240-antix.1-486-smp/kernel/drivers/block/paride
usr/lib/modules/5.10.240-antix.1-486-smp/kernel/drivers/block/paride/paride.ko
usr/lib/modules/5.10.240-antix.1-486-smp/kernel/drivers/block/paride/pcd.ko
usr/lib/modules/5.10.240-antix.1-486-smp/kernel/drivers/block/paride/pd.ko
usr/lib/modules/5.10.240-antix.1-486-smp/kernel/drivers/block/paride/pf.ko
usr/lib/modules/5.10.240-antix.1-486-smp/kernel/drivers/block/pktcdvd.ko
usr/lib/modules/5.10.240-antix.1-486-smp/kernel/drivers/block/rbd.ko
usr/lib/modules/5.10.240-antix.1-486-smp/kernel/drivers/block/rnbd
usr/lib/modules/5.10.240-antix.1-486-smp/kernel/drivers/block/rnbd/rnbd-client.ko
usr/lib/modules/5.10.240-antix.1-486-smp/kernel/drivers/block/umem.ko
usr/lib/modules/5.10.240-antix.1-486-smp/kernel/drivers/block/virtio_blk.ko
usr/lib/modules/5.10.240-antix.1-486-smp/kernel/drivers/block/zram
usr/lib/modules/5.10.240-antix.1-486-smp/kernel/drivers/block/zram/zram.ko
usr/lib/modules/5.10.240-antix.1-486-smp/kernel/drivers/bus
usr/lib/modules/5.10.240-antix.1-486-smp/kernel/drivers/bus/mhi
usr/lib/modules/5.10.240-antix.1-486-smp/kernel/drivers/bus/mhi/host
usr/lib/modules/5.10.240-antix.1-486-smp/kernel/drivers/bus/mhi/host/mhi.ko
usr/lib/modules/5.10.240-antix.1-486-smp/kernel/drivers/bus/moxtet.ko
usr/lib/modules/5.10.240-antix.1-486-smp/kernel/drivers/char
usr/lib/modules/5.10.240-antix.1-486-smp/kernel/drivers/char/hw_random
usr/lib/modules/5.10.240-antix.1-486-smp/kernel/drivers/char/hw_random/rng-core.ko
usr/lib/modules/5.10.240-antix.1-486-smp/kernel/drivers/clk
usr/lib/modules/5.10.240-antix.1-486-smp/kernel/drivers/clk/clk-bd718x7.ko
usr/lib/modules/5.10.240-antix.1-486-smp/kernel/drivers/clk/clk-cdce706.ko
usr/lib/modules/5.10.240-antix.1-486-smp/kernel/drivers/clk/clk-pwm.ko
usr/lib/modules/5.10.240-antix.1-486-smp/kernel/drivers/clk/clk-si5341.ko
usr/lib/modules/5.10.240-antix.1-486-smp/kernel/drivers/clk/clk-si5351.ko
usr/lib/modules/5.10.240-antix.1-486-smp/kernel/drivers/clk/clk-wm831x.ko
usr/lib/modules/5.10.240-antix.1-486-smp/kernel/drivers/dma
usr/lib/modules/5.10.240-antix.1-486-smp/kernel/drivers/dma/dw
usr/lib/modules/5.10.240-antix.1-486-smp/kernel/drivers/dma/dw-edma
usr/lib/modules/5.10.240-antix.1-486-smp/kernel/drivers/dma/dw-edma/dw-edma-pcie.ko
usr/lib/modules/5.10.240-antix.1-486-smp/kernel/drivers/dma/dw-edma/dw-edma.ko
usr/lib/modules/5.10.240-antix.1-486-smp/kernel/drivers/dma/dw/dw_dmac.ko
usr/lib/modules/5.10.240-antix.1-486-smp/kernel/drivers/dma/idma64.ko
usr/lib/modules/5.10.240-antix.1-486-smp/kernel/drivers/dma/pch_dma.ko
usr/lib/modules/5.10.240-antix.1-486-smp/kernel/drivers/dma/sf-pdma
usr/lib/modules/5.10.240-antix.1-486-smp/kernel/drivers/dma/sf-pdma/sf-pdma.ko
usr/lib/modules/5.10.240-antix.1-486-smp/kernel/drivers/dma/timb_dma.ko
usr/lib/modules/5.10.240-antix.1-486-smp/kernel/drivers/extcon
usr/lib/modules/5.10.240-antix.1-486-smp/kernel/drivers/extcon/extcon-adc-jack.ko
usr/lib/modules/5.10.240-antix.1-486-smp/kernel/drivers/extcon/extcon-arizona.ko
usr/lib/modules/5.10.240-antix.1-486-smp/kernel/drivers/extcon/extcon-axp288.ko
usr/lib/modules/5.10.240-antix.1-486-smp/kernel/drivers/extcon/extcon-fsa9480.ko
usr/lib/modules/5.10.240-antix.1-486-smp/kernel/drivers/extcon/extcon-gpio.ko
usr/lib/modules/5.10.240-antix.1-486-smp/kernel/drivers/extcon/extcon-intel-mrfld.ko
usr/lib/modules/5.10.240-antix.1-486-smp/kernel/drivers/extcon/extcon-rt8973a.ko
usr/lib/modules/5.10.240-antix.1-486-smp/kernel/drivers/extcon/extcon-sm5502.ko
usr/lib/modules/5.10.240-antix.1-486-smp/kernel/drivers/extcon/extcon-usb-gpio.ko
usr/lib/modules/5.10.240-antix.1-486-smp/kernel/drivers/firewire
usr/lib/modules/5.10.240-antix.1-486-smp/kernel/drivers/firewire/firewire-core.ko
usr/lib/modules/5.10.240-antix.1-486-smp/kernel/drivers/firewire/firewire-ohci.ko
usr/lib/modules/5.10.240-antix.1-486-smp/kernel/drivers/firewire/firewire-sbp2.ko
usr/lib/modules/5.10.240-antix.1-486-smp/kernel/drivers/gpio
usr/lib/modules/5.10.240-antix.1-486-smp/kernel/drivers/gpio/gpio-adp5588.ko
usr/lib/modules/5.10.240-antix.1-486-smp/kernel/drivers/gpio/gpio-aggregator.ko
usr/lib/modules/5.10.240-antix.1-486-smp/kernel/drivers/gpio/gpio-amd-fch.ko
usr/lib/modules/5.10.240-antix.1-486-smp/kernel/drivers/gpio/gpio-amd8111.ko
usr/lib/modules/5.10.240-antix.1-486-smp/kernel/drivers/gpio/gpio-amdpt.ko
usr/lib/modules/5.10.240-antix.1-486-smp/kernel/drivers/gpio/gpio-arizona.ko
usr/lib/modules/5.10.240-antix.1-486-smp/kernel/drivers/gpio/gpio-bd70528.ko
usr/lib/modules/5.10.240-antix.1-486-smp/kernel/drivers/gpio/gpio-bd71828.ko
usr/lib/modules/5.10.240-antix.1-486-smp/kernel/drivers/gpio/gpio-cs5535.ko
usr/lib/modules/5.10.240-antix.1-486-smp/kernel/drivers/gpio/gpio-da9052.ko
usr/lib/modules/5.10.240-antix.1-486-smp/kernel/drivers/gpio/gpio-dln2.ko
usr/lib/modules/5.10.240-antix.1-486-smp/kernel/drivers/gpio/gpio-dwapb.ko
usr/lib/modules/5.10.240-antix.1-486-smp/kernel/drivers/gpio/gpio-exar.ko
usr/lib/modules/5.10.240-antix.1-486-smp/kernel/drivers/gpio/gpio-f7188x.ko
usr/lib/modules/5.10.240-antix.1-486-smp/kernel/drivers/gpio/gpio-ich.ko
usr/lib/modules/5.10.240-antix.1-486-smp/kernel/drivers/gpio/gpio-janz-ttl.ko
usr/lib/modules/5.10.240-antix.1-486-smp/kernel/drivers/gpio/gpio-kempld.ko
usr/lib/modules/5.10.240-antix.1-486-smp/kernel/drivers/gpio/gpio-logicvc.ko
usr/lib/modules/5.10.240-antix.1-486-smp/kernel/drivers/gpio/gpio-max7300.ko
usr/lib/modules/5.10.240-antix.1-486-smp/kernel/drivers/gpio/gpio-max7301.ko
usr/lib/modules/5.10.240-antix.1-486-smp/kernel/drivers/gpio/gpio-max730x.ko
usr/lib/modules/5.10.240-antix.1-486-smp/kernel/drivers/gpio/gpio-max732x.ko
usr/lib/modules/5.10.240-antix.1-486-smp/kernel/drivers/gpio/gpio-mc33880.ko
usr/lib/modules/5.10.240-antix.1-486-smp/kernel/drivers/gpio/gpio-ml-ioh.ko
usr/lib/modules/5.10.240-antix.1-486-smp/kernel/drivers/gpio/gpio-moxtet.ko
usr/lib/modules/5.10.240-antix.1-486-smp/kernel/drivers/gpio/gpio-pca953x.ko
usr/lib/modules/5.10.240-antix.1-486-smp/kernel/drivers/gpio/gpio-pcf857x.ko
usr/lib/modules/5.10.240-antix.1-486-smp/kernel/drivers/gpio/gpio-pch.ko
usr/lib/modules/5.10.240-antix.1-486-smp/kernel/drivers/gpio/gpio-pci-idio-16.ko
usr/lib/modules/5.10.240-antix.1-486-smp/kernel/drivers/gpio/gpio-pcie-idio-24.ko
usr/lib/modules/5.10.240-antix.1-486-smp/kernel/drivers/gpio/gpio-rdc321x.ko
usr/lib/modules/5.10.240-antix.1-486-smp/kernel/drivers/gpio/gpio-sch.ko
usr/lib/modules/5.10.240-antix.1-486-smp/kernel/drivers/gpio/gpio-sch311x.ko
usr/lib/modules/5.10.240-antix.1-486-smp/kernel/drivers/gpio/gpio-tps65912.ko
usr/lib/modules/5.10.240-antix.1-486-smp/kernel/drivers/gpio/gpio-tqmx86.ko
usr/lib/modules/5.10.240-antix.1-486-smp/kernel/drivers/gpio/gpio-ucb1400.ko
usr/lib/modules/5.10.240-antix.1-486-smp/kernel/drivers/gpio/gpio-viperboard.ko
usr/lib/modules/5.10.240-antix.1-486-smp/kernel/drivers/gpio/gpio-vx855.ko
usr/lib/modules/5.10.240-antix.1-486-smp/kernel/drivers/gpio/gpio-wcd934x.ko
usr/lib/modules/5.10.240-antix.1-486-smp/kernel/drivers/gpio/gpio-wm831x.ko
usr/lib/modules/5.10.240-antix.1-486-smp/kernel/drivers/gpio/gpio-wm8994.ko
usr/lib/modules/5.10.240-antix.1-486-smp/kernel/drivers/gpu
usr/lib/modules/5.10.240-antix.1-486-smp/kernel/drivers/gpu/drm
usr/lib/modules/5.10.240-antix.1-486-smp/kernel/drivers/gpu/drm/bridge
usr/lib/modules/5.10.240-antix.1-486-smp/kernel/drivers/gpu/drm/bridge/analogix
usr/lib/modules/5.10.240-antix.1-486-smp/kernel/drivers/gpu/drm/bridge/analogix/analogix-anx6345.ko
usr/lib/modules/5.10.240-antix.1-486-smp/kernel/drivers/gpu/drm/bridge/analogix/analogix_dp.ko
usr/lib/modules/5.10.240-antix.1-486-smp/kernel/drivers/gpu/drm/bridge/nwl-dsi.ko
usr/lib/modules/5.10.240-antix.1-486-smp/kernel/drivers/gpu/drm/bridge/parade-ps8640.ko
usr/lib/modules/5.10.240-antix.1-486-smp/kernel/drivers/gpu/drm/drm.ko
usr/lib/modules/5.10.240-antix.1-486-smp/kernel/drivers/gpu/drm/drm_kms_helper.ko
usr/lib/modules/5.10.240-antix.1-486-smp/kernel/drivers/hid
usr/lib/modules/5.10.240-antix.1-486-smp/kernel/drivers/hid/hid-accutouch.ko
usr/lib/modules/5.10.240-antix.1-486-smp/kernel/drivers/hid/hid-alps.ko
usr/lib/modules/5.10.240-antix.1-486-smp/kernel/drivers/hid/hid-appleir.ko
usr/lib/modules/5.10.240-antix.1-486-smp/kernel/drivers/hid/hid-asus.ko
usr/lib/modules/5.10.240-antix.1-486-smp/kernel/drivers/hid/hid-aureal.ko
usr/lib/modules/5.10.240-antix.1-486-smp/kernel/drivers/hid/hid-cmedia.ko
usr/lib/modules/5.10.240-antix.1-486-smp/kernel/drivers/hid/hid-corsair.ko
usr/lib/modules/5.10.240-antix.1-486-smp/kernel/drivers/hid/hid-cougar.ko
usr/lib/modules/5.10.240-antix.1-486-smp/kernel/drivers/hid/hid-cp2112.ko
usr/lib/modules/5.10.240-antix.1-486-smp/kernel/drivers/hid/hid-creative-sb0540.ko
usr/lib/modules/5.10.240-antix.1-486-smp/kernel/drivers/hid/hid-elan.ko
usr/lib/modules/5.10.240-antix.1-486-smp/kernel/drivers/hid/hid-elo.ko
usr/lib/modules/5.10.240-antix.1-486-smp/kernel/drivers/hid/hid-gembird.ko
usr/lib/modules/5.10.240-antix.1-486-smp/kernel/drivers/hid/hid-generic.ko
usr/lib/modules/5.10.240-antix.1-486-smp/kernel/drivers/hid/hid-glorious.ko
usr/lib/modules/5.10.240-antix.1-486-smp/kernel/drivers/hid/hid-gt683r.ko
usr/lib/modules/5.10.240-antix.1-486-smp/kernel/drivers/hid/hid-holtek-kbd.ko
usr/lib/modules/5.10.240-antix.1-486-smp/kernel/drivers/hid/hid-holtek-mouse.ko
usr/lib/modules/5.10.240-antix.1-486-smp/kernel/drivers/hid/hid-hyperv.ko
usr/lib/modules/5.10.240-antix.1-486-smp/kernel/drivers/hid/hid-jabra.ko
usr/lib/modules/5.10.240-antix.1-486-smp/kernel/drivers/hid/hid-keytouch.ko
usr/lib/modules/5.10.240-antix.1-486-smp/kernel/drivers/hid/hid-led.ko
usr/lib/modules/5.10.240-antix.1-486-smp/kernel/drivers/hid/hid-lenovo.ko
usr/lib/modules/5.10.240-antix.1-486-smp/kernel/drivers/hid/hid-logitech-dj.ko
usr/lib/modules/5.10.240-antix.1-486-smp/kernel/drivers/hid/hid-logitech-hidpp.ko
usr/lib/modules/5.10.240-antix.1-486-smp/kernel/drivers/hid/hid-maltron.ko
usr/lib/modules/5.10.240-antix.1-486-smp/kernel/drivers/hid/hid-mcp2221.ko
usr/lib/modules/5.10.240-antix.1-486-smp/kernel/drivers/hid/hid-mf.ko
usr/lib/modules/5.10.240-antix.1-486-smp/kernel/drivers/hid/hid-multitouch.ko
usr/lib/modules/5.10.240-antix.1-486-smp/kernel/drivers/hid/hid-nti.ko
usr/lib/modules/5.10.240-antix.1-486-smp/kernel/drivers/hid/hid-ortek.ko
usr/lib/modules/5.10.240-antix.1-486-smp/kernel/drivers/hid/hid-penmount.ko
usr/lib/modules/5.10.240-antix.1-486-smp/kernel/drivers/hid/hid-plantronics.ko
usr/lib/modules/5.10.240-antix.1-486-smp/kernel/drivers/hid/hid-primax.ko
usr/lib/modules/5.10.240-antix.1-486-smp/kernel/drivers/hid/hid-prodikeys.ko
usr/lib/modules/5.10.240-antix.1-486-smp/kernel/drivers/hid/hid-retrode.ko
usr/lib/modules/5.10.240-antix.1-486-smp/kernel/drivers/hid/hid-rmi.ko
usr/lib/modules/5.10.240-antix.1-486-smp/kernel/drivers/hid/hid-roccat-arvo.ko
usr/lib/modules/5.10.240-antix.1-486-smp/kernel/drivers/hid/hid-roccat-common.ko
usr/lib/modules/5.10.240-antix.1-486-smp/kernel/drivers/hid/hid-roccat-isku.ko
usr/lib/modules/5.10.240-antix.1-486-smp/kernel/drivers/hid/hid-roccat-lua.ko
usr/lib/modules/5.10.240-antix.1-486-smp/kernel/drivers/hid/hid-roccat-ryos.ko
usr/lib/modules/5.10.240-antix.1-486-smp/kernel/drivers/hid/hid-roccat-savu.ko
usr/lib/modules/5.10.240-antix.1-486-smp/kernel/drivers/hid/hid-roccat.ko
usr/lib/modules/5.10.240-antix.1-486-smp/kernel/drivers/hid/hid-samsung.ko
usr/lib/modules/5.10.240-antix.1-486-smp/kernel/drivers/hid/hid-sensor-custom.ko
usr/lib/modules/5.10.240-antix.1-486-smp/kernel/drivers/hid/hid-sensor-hub.ko
usr/lib/modules/5.10.240-antix.1-486-smp/kernel/drivers/hid/hid-sjoy.ko
usr/lib/modules/5.10.240-antix.1-486-smp/kernel/drivers/hid/hid-steam.ko
usr/lib/modules/5.10.240-antix.1-486-smp/kernel/drivers/hid/hid-steelseries.ko
usr/lib/modules/5.10.240-antix.1-486-smp/kernel/drivers/hid/hid-sunplus.ko
usr/lib/modules/5.10.240-antix.1-486-smp/kernel/drivers/hid/hid-topseed.ko
usr/lib/modules/5.10.240-antix.1-486-smp/kernel/drivers/hid/hid-u2fzero.ko
usr/lib/modules/5.10.240-antix.1-486-smp/kernel/drivers/hid/hid-udraw-ps3.ko
usr/lib/modules/5.10.240-antix.1-486-smp/kernel/drivers/hid/hid-viewsonic.ko
usr/lib/modules/5.10.240-antix.1-486-smp/kernel/drivers/hid/hid-xinmo.ko
usr/lib/modules/5.10.240-antix.1-486-smp/kernel/drivers/hid/i2c-hid
usr/lib/modules/5.10.240-antix.1-486-smp/kernel/drivers/hid/i2c-hid/i2c-hid.ko
usr/lib/modules/5.10.240-antix.1-486-smp/kernel/drivers/hid/wacom.ko
usr/lib/modules/5.10.240-antix.1-486-smp/kernel/drivers/hv
usr/lib/modules/5.10.240-antix.1-486-smp/kernel/drivers/hv/hv_vmbus.ko
usr/lib/modules/5.10.240-antix.1-486-smp/kernel/drivers/i2c
usr/lib/modules/5.10.240-antix.1-486-smp/kernel/drivers/i2c/algos
usr/lib/modules/5.10.240-antix.1-486-smp/kernel/drivers/i2c/algos/i2c-algo-bit.ko
usr/lib/modules/5.10.240-antix.1-486-smp/kernel/drivers/i2c/algos/i2c-algo-pca.ko
usr/lib/modules/5.10.240-antix.1-486-smp/kernel/drivers/i2c/busses
usr/lib/modules/5.10.240-antix.1-486-smp/kernel/drivers/i2c/busses/i2c-ali1535.ko
usr/lib/modules/5.10.240-antix.1-486-smp/kernel/drivers/i2c/busses/i2c-ali1563.ko
usr/lib/modules/5.10.240-antix.1-486-smp/kernel/drivers/i2c/busses/i2c-ali15x3.ko
usr/lib/modules/5.10.240-antix.1-486-smp/kernel/drivers/i2c/busses/i2c-amd-mp2-pci.ko
usr/lib/modules/5.10.240-antix.1-486-smp/kernel/drivers/i2c/busses/i2c-amd-mp2-plat.ko
usr/lib/modules/5.10.240-antix.1-486-smp/kernel/drivers/i2c/busses/i2c-amd756-s4882.ko
usr/lib/modules/5.10.240-antix.1-486-smp/kernel/drivers/i2c/busses/i2c-amd756.ko
usr/lib/modules/5.10.240-antix.1-486-smp/kernel/drivers/i2c/busses/i2c-amd8111.ko
usr/lib/modules/5.10.240-antix.1-486-smp/kernel/drivers/i2c/busses/i2c-cbus-gpio.ko
usr/lib/modules/5.10.240-antix.1-486-smp/kernel/drivers/i2c/busses/i2c-designware-core.ko
usr/lib/modules/5.10.240-antix.1-486-smp/kernel/drivers/i2c/busses/i2c-designware-pci.ko
usr/lib/modules/5.10.240-antix.1-486-smp/kernel/drivers/i2c/busses/i2c-designware-platform.ko
usr/lib/modules/5.10.240-antix.1-486-smp/kernel/drivers/i2c/busses/i2c-diolan-u2c.ko
usr/lib/modules/5.10.240-antix.1-486-smp/kernel/drivers/i2c/busses/i2c-dln2.ko
usr/lib/modules/5.10.240-antix.1-486-smp/kernel/drivers/i2c/busses/i2c-eg20t.ko
usr/lib/modules/5.10.240-antix.1-486-smp/kernel/drivers/i2c/busses/i2c-emev2.ko
usr/lib/modules/5.10.240-antix.1-486-smp/kernel/drivers/i2c/busses/i2c-gpio.ko
usr/lib/modules/5.10.240-antix.1-486-smp/kernel/drivers/i2c/busses/i2c-i801.ko
usr/lib/modules/5.10.240-antix.1-486-smp/kernel/drivers/i2c/busses/i2c-isch.ko
usr/lib/modules/5.10.240-antix.1-486-smp/kernel/drivers/i2c/busses/i2c-ismt.ko
usr/lib/modules/5.10.240-antix.1-486-smp/kernel/drivers/i2c/busses/i2c-kempld.ko
usr/lib/modules/5.10.240-antix.1-486-smp/kernel/drivers/i2c/busses/i2c-nforce2-s4985.ko
usr/lib/modules/5.10.240-antix.1-486-smp/kernel/drivers/i2c/busses/i2c-nforce2.ko
usr/lib/modules/5.10.240-antix.1-486-smp/kernel/drivers/i2c/busses/i2c-ocores.ko
usr/lib/modules/5.10.240-antix.1-486-smp/kernel/drivers/i2c/busses/i2c-parport.ko
usr/lib/modules/5.10.240-antix.1-486-smp/kernel/drivers/i2c/busses/i2c-pca-isa.ko
usr/lib/modules/5.10.240-antix.1-486-smp/kernel/drivers/i2c/busses/i2c-pca-platform.ko
usr/lib/modules/5.10.240-antix.1-486-smp/kernel/drivers/i2c/busses/i2c-piix4.ko
usr/lib/modules/5.10.240-antix.1-486-smp/kernel/drivers/i2c/busses/i2c-pxa.ko
usr/lib/modules/5.10.240-antix.1-486-smp/kernel/drivers/i2c/busses/i2c-robotfuzz-osif.ko
usr/lib/modules/5.10.240-antix.1-486-smp/kernel/drivers/i2c/busses/i2c-scmi.ko
usr/lib/modules/5.10.240-antix.1-486-smp/kernel/drivers/i2c/busses/i2c-simtec.ko
usr/lib/modules/5.10.240-antix.1-486-smp/kernel/drivers/i2c/busses/i2c-sis5595.ko
usr/lib/modules/5.10.240-antix.1-486-smp/kernel/drivers/i2c/busses/i2c-sis630.ko
usr/lib/modules/5.10.240-antix.1-486-smp/kernel/drivers/i2c/busses/i2c-sis96x.ko
usr/lib/modules/5.10.240-antix.1-486-smp/kernel/drivers/i2c/busses/i2c-taos-evm.ko
usr/lib/modules/5.10.240-antix.1-486-smp/kernel/drivers/i2c/busses/i2c-tiny-usb.ko
usr/lib/modules/5.10.240-antix.1-486-smp/kernel/drivers/i2c/busses/i2c-via.ko
usr/lib/modules/5.10.240-antix.1-486-smp/kernel/drivers/i2c/busses/i2c-viapro.ko
usr/lib/modules/5.10.240-antix.1-486-smp/kernel/drivers/i2c/busses/i2c-viperboard.ko
usr/lib/modules/5.10.240-antix.1-486-smp/kernel/drivers/i2c/busses/i2c-xiic.ko
usr/lib/modules/5.10.240-antix.1-486-smp/kernel/drivers/i2c/busses/scx200_acb.ko
usr/lib/modules/5.10.240-antix.1-486-smp/kernel/drivers/i2c/i2c-mux.ko
usr/lib/modules/5.10.240-antix.1-486-smp/kernel/drivers/i2c/i2c-smbus.ko
usr/lib/modules/5.10.240-antix.1-486-smp/kernel/drivers/i2c/muxes
usr/lib/modules/5.10.240-antix.1-486-smp/kernel/drivers/i2c/muxes/i2c-mux-gpio.ko
usr/lib/modules/5.10.240-antix.1-486-smp/kernel/drivers/i2c/muxes/i2c-mux-pca9541.ko
usr/lib/modules/5.10.240-antix.1-486-smp/kernel/drivers/i2c/muxes/i2c-mux-pca954x.ko
usr/lib/modules/5.10.240-antix.1-486-smp/kernel/drivers/i2c/muxes/i2c-mux-reg.ko
usr/lib/modules/5.10.240-antix.1-486-smp/kernel/drivers/iio
usr/lib/modules/5.10.240-antix.1-486-smp/kernel/drivers/iio/common
usr/lib/modules/5.10.240-antix.1-486-smp/kernel/drivers/iio/common/hid-sensors
usr/lib/modules/5.10.240-antix.1-486-smp/kernel/drivers/iio/common/hid-sensors/hid-sensor-iio-common.ko
usr/lib/modules/5.10.240-antix.1-486-smp/kernel/drivers/iio/industrialio.ko
usr/lib/modules/5.10.240-antix.1-486-smp/kernel/drivers/infiniband
usr/lib/modules/5.10.240-antix.1-486-smp/kernel/drivers/infiniband/core
usr/lib/modules/5.10.240-antix.1-486-smp/kernel/drivers/infiniband/core/ib_cm.ko
usr/lib/modules/5.10.240-antix.1-486-smp/kernel/drivers/infiniband/core/ib_core.ko
usr/lib/modules/5.10.240-antix.1-486-smp/kernel/drivers/infiniband/core/ib_uverbs.ko
usr/lib/modules/5.10.240-antix.1-486-smp/kernel/drivers/infiniband/core/iw_cm.ko
usr/lib/modules/5.10.240-antix.1-486-smp/kernel/drivers/infiniband/core/rdma_cm.ko
usr/lib/modules/5.10.240-antix.1-486-smp/kernel/drivers/infiniband/hw
usr/lib/modules/5.10.240-antix.1-486-smp/kernel/drivers/infiniband/hw/mlx4
usr/lib/modules/5.10.240-antix.1-486-smp/kernel/drivers/infiniband/hw/mlx4/mlx4_ib.ko
usr/lib/modules/5.10.240-antix.1-486-smp/kernel/drivers/infiniband/hw/mlx5
usr/lib/modules/5.10.240-antix.1-486-smp/kernel/drivers/infiniband/hw/mlx5/mlx5_ib.ko
usr/lib/modules/5.10.240-antix.1-486-smp/kernel/drivers/infiniband/ulp
usr/lib/modules/5.10.240-antix.1-486-smp/kernel/drivers/infiniband/ulp/rtrs
usr/lib/modules/5.10.240-antix.1-486-smp/kernel/drivers/infiniband/ulp/rtrs/rtrs-client.ko
usr/lib/modules/5.10.240-antix.1-486-smp/kernel/drivers/infiniband/ulp/rtrs/rtrs-core.ko
usr/lib/modules/5.10.240-antix.1-486-smp/kernel/drivers/input
usr/lib/modules/5.10.240-antix.1-486-smp/kernel/drivers/input/keyboard
usr/lib/modules/5.10.240-antix.1-486-smp/kernel/drivers/input/keyboard/adp5588-keys.ko
usr/lib/modules/5.10.240-antix.1-486-smp/kernel/drivers/input/keyboard/adp5589-keys.ko
usr/lib/modules/5.10.240-antix.1-486-smp/kernel/drivers/input/keyboard/cros_ec_keyb.ko
usr/lib/modules/5.10.240-antix.1-486-smp/kernel/drivers/input/keyboard/gpio_keys.ko
usr/lib/modules/5.10.240-antix.1-486-smp/kernel/drivers/input/keyboard/gpio_keys_polled.ko
usr/lib/modules/5.10.240-antix.1-486-smp/kernel/drivers/input/keyboard/iqs62x-keys.ko
usr/lib/modules/5.10.240-antix.1-486-smp/kernel/drivers/input/keyboard/lkkbd.ko
usr/lib/modules/5.10.240-antix.1-486-smp/kernel/drivers/input/keyboard/lm8323.ko
usr/lib/modules/5.10.240-antix.1-486-smp/kernel/drivers/input/keyboard/lm8333.ko
usr/lib/modules/5.10.240-antix.1-486-smp/kernel/drivers/input/keyboard/matrix_keypad.ko
usr/lib/modules/5.10.240-antix.1-486-smp/kernel/drivers/input/keyboard/max7359_keypad.ko
usr/lib/modules/5.10.240-antix.1-486-smp/kernel/drivers/input/keyboard/mcs_touchkey.ko
usr/lib/modules/5.10.240-antix.1-486-smp/kernel/drivers/input/keyboard/mpr121_touchkey.ko
usr/lib/modules/5.10.240-antix.1-486-smp/kernel/drivers/input/keyboard/newtonkbd.ko
usr/lib/modules/5.10.240-antix.1-486-smp/kernel/drivers/input/keyboard/opencores-kbd.ko
usr/lib/modules/5.10.240-antix.1-486-smp/kernel/drivers/input/keyboard/qt1070.ko
usr/lib/modules/5.10.240-antix.1-486-smp/kernel/drivers/input/keyboard/qt2160.ko
usr/lib/modules/5.10.240-antix.1-486-smp/kernel/drivers/input/keyboard/samsung-keypad.ko
usr/lib/modules/5.10.240-antix.1-486-smp/kernel/drivers/input/keyboard/stowaway.ko
usr/lib/modules/5.10.240-antix.1-486-smp/kernel/drivers/input/keyboard/sunkbd.ko
usr/lib/modules/5.10.240-antix.1-486-smp/kernel/drivers/input/keyboard/tca6416-keypad.ko
usr/lib/modules/5.10.240-antix.1-486-smp/kernel/drivers/input/keyboard/tca8418_keypad.ko
usr/lib/modules/5.10.240-antix.1-486-smp/kernel/drivers/input/keyboard/xtkbd.ko
usr/lib/modules/5.10.240-antix.1-486-smp/kernel/drivers/input/matrix-keymap.ko
usr/lib/modules/5.10.240-antix.1-486-smp/kernel/drivers/input/mouse
usr/lib/modules/5.10.240-antix.1-486-smp/kernel/drivers/input/mouse/psmouse.ko
usr/lib/modules/5.10.240-antix.1-486-smp/kernel/drivers/input/rmi4
usr/lib/modules/5.10.240-antix.1-486-smp/kernel/drivers/input/rmi4/rmi_core.ko
usr/lib/modules/5.10.240-antix.1-486-smp/kernel/drivers/input/serio
usr/lib/modules/5.10.240-antix.1-486-smp/kernel/drivers/input/serio/altera_ps2.ko
usr/lib/modules/5.10.240-antix.1-486-smp/kernel/drivers/input/serio/arc_ps2.ko
usr/lib/modules/5.10.240-antix.1-486-smp/kernel/drivers/input/serio/ct82c710.ko
usr/lib/modules/5.10.240-antix.1-486-smp/kernel/drivers/input/serio/hyperv-keyboard.ko
usr/lib/modules/5.10.240-antix.1-486-smp/kernel/drivers/input/serio/parkbd.ko
usr/lib/modules/5.10.240-antix.1-486-smp/kernel/drivers/input/serio/pcips2.ko
usr/lib/modules/5.10.240-antix.1-486-smp/kernel/drivers/input/serio/ps2mult.ko
usr/lib/modules/5.10.240-antix.1-486-smp/kernel/drivers/input/serio/serio_raw.ko
usr/lib/modules/5.10.240-antix.1-486-smp/kernel/drivers/input/serio/serport.ko
usr/lib/modules/5.10.240-antix.1-486-smp/kernel/drivers/input/sparse-keymap.ko
usr/lib/modules/5.10.240-antix.1-486-smp/kernel/drivers/mailbox
usr/lib/modules/5.10.240-antix.1-486-smp/kernel/drivers/mailbox/mailbox-altera.ko
usr/lib/modules/5.10.240-antix.1-486-smp/kernel/drivers/mcb
usr/lib/modules/5.10.240-antix.1-486-smp/kernel/drivers/mcb/mcb.ko
usr/lib/modules/5.10.240-antix.1-486-smp/kernel/drivers/md
usr/lib/modules/5.10.240-antix.1-486-smp/kernel/drivers/md/dm-crypt.ko
usr/lib/modules/5.10.240-antix.1-486-smp/kernel/drivers/md/dm-mod.ko
usr/lib/modules/5.10.240-antix.1-486-smp/kernel/drivers/media
usr/lib/modules/5.10.240-antix.1-486-smp/kernel/drivers/media/cec
usr/lib/modules/5.10.240-antix.1-486-smp/kernel/drivers/media/cec/core
usr/lib/modules/5.10.240-antix.1-486-smp/kernel/drivers/media/cec/core/cec.ko
usr/lib/modules/5.10.240-antix.1-486-smp/kernel/drivers/message
usr/lib/modules/5.10.240-antix.1-486-smp/kernel/drivers/message/fusion
usr/lib/modules/5.10.240-antix.1-486-smp/kernel/drivers/message/fusion/mptbase.ko
usr/lib/modules/5.10.240-antix.1-486-smp/kernel/drivers/message/fusion/mptfc.ko
usr/lib/modules/5.10.240-antix.1-486-smp/kernel/drivers/message/fusion/mptsas.ko
usr/lib/modules/5.10.240-antix.1-486-smp/kernel/drivers/message/fusion/mptscsih.ko
usr/lib/modules/5.10.240-antix.1-486-smp/kernel/drivers/message/fusion/mptspi.ko
usr/lib/modules/5.10.240-antix.1-486-smp/kernel/drivers/mfd
usr/lib/modules/5.10.240-antix.1-486-smp/kernel/drivers/mfd/arizona-i2c.ko
usr/lib/modules/5.10.240-antix.1-486-smp/kernel/drivers/mfd/arizona-spi.ko
usr/lib/modules/5.10.240-antix.1-486-smp/kernel/drivers/mfd/axp20x-i2c.ko
usr/lib/modules/5.10.240-antix.1-486-smp/kernel/drivers/mfd/axp20x.ko
usr/lib/modules/5.10.240-antix.1-486-smp/kernel/drivers/mfd/bcm590xx.ko
usr/lib/modules/5.10.240-antix.1-486-smp/kernel/drivers/mfd/cros_ec_dev.ko
usr/lib/modules/5.10.240-antix.1-486-smp/kernel/drivers/mfd/cs5535-mfd.ko
usr/lib/modules/5.10.240-antix.1-486-smp/kernel/drivers/mfd/dln2.ko
usr/lib/modules/5.10.240-antix.1-486-smp/kernel/drivers/mfd/gateworks-gsc.ko
usr/lib/modules/5.10.240-antix.1-486-smp/kernel/drivers/mfd/htc-pasic3.ko
usr/lib/modules/5.10.240-antix.1-486-smp/kernel/drivers/mfd/intel-lpss-acpi.ko
usr/lib/modules/5.10.240-antix.1-486-smp/kernel/drivers/mfd/intel-lpss-pci.ko
usr/lib/modules/5.10.240-antix.1-486-smp/kernel/drivers/mfd/intel-lpss.ko
usr/lib/modules/5.10.240-antix.1-486-smp/kernel/drivers/mfd/intel_pmc_bxt.ko
usr/lib/modules/5.10.240-antix.1-486-smp/kernel/drivers/mfd/intel_quark_i2c_gpio.ko
usr/lib/modules/5.10.240-antix.1-486-smp/kernel/drivers/mfd/intel_soc_pmic_bxtwc.ko
usr/lib/modules/5.10.240-antix.1-486-smp/kernel/drivers/mfd/intel_soc_pmic_chtdc_ti.ko
usr/lib/modules/5.10.240-antix.1-486-smp/kernel/drivers/mfd/intel_soc_pmic_mrfld.ko
usr/lib/modules/5.10.240-antix.1-486-smp/kernel/drivers/mfd/iqs62x.ko
usr/lib/modules/5.10.240-antix.1-486-smp/kernel/drivers/mfd/janz-cmodio.ko
usr/lib/modules/5.10.240-antix.1-486-smp/kernel/drivers/mfd/kempld-core.ko
usr/lib/modules/5.10.240-antix.1-486-smp/kernel/drivers/mfd/lm3533-core.ko
usr/lib/modules/5.10.240-antix.1-486-smp/kernel/drivers/mfd/lm3533-ctrlbank.ko
usr/lib/modules/5.10.240-antix.1-486-smp/kernel/drivers/mfd/lp3943.ko
usr/lib/modules/5.10.240-antix.1-486-smp/kernel/drivers/mfd/lpc_ich.ko
usr/lib/modules/5.10.240-antix.1-486-smp/kernel/drivers/mfd/lpc_sch.ko
usr/lib/modules/5.10.240-antix.1-486-smp/kernel/drivers/mfd/mc13xxx-core.ko
usr/lib/modules/5.10.240-antix.1-486-smp/kernel/drivers/mfd/mc13xxx-i2c.ko
usr/lib/modules/5.10.240-antix.1-486-smp/kernel/drivers/mfd/mc13xxx-spi.ko
usr/lib/modules/5.10.240-antix.1-486-smp/kernel/drivers/mfd/menf21bmc.ko
usr/lib/modules/5.10.240-antix.1-486-smp/kernel/drivers/mfd/mp2629.ko
usr/lib/modules/5.10.240-antix.1-486-smp/kernel/drivers/mfd/mt6360-core.ko
usr/lib/modules/5.10.240-antix.1-486-smp/kernel/drivers/mfd/mt6397.ko
usr/lib/modules/5.10.240-antix.1-486-smp/kernel/drivers/mfd/pcf50633-adc.ko
usr/lib/modules/5.10.240-antix.1-486-smp/kernel/drivers/mfd/pcf50633-gpio.ko
usr/lib/modules/5.10.240-antix.1-486-smp/kernel/drivers/mfd/pcf50633.ko
usr/lib/modules/5.10.240-antix.1-486-smp/kernel/drivers/mfd/rave-sp.ko
usr/lib/modules/5.10.240-antix.1-486-smp/kernel/drivers/mfd/rdc321x-southbridge.ko
usr/lib/modules/5.10.240-antix.1-486-smp/kernel/drivers/mfd/retu-mfd.ko
usr/lib/modules/5.10.240-antix.1-486-smp/kernel/drivers/mfd/rohm-bd70528.ko
usr/lib/modules/5.10.240-antix.1-486-smp/kernel/drivers/mfd/rohm-bd71828.ko
usr/lib/modules/5.10.240-antix.1-486-smp/kernel/drivers/mfd/si476x-core.ko
usr/lib/modules/5.10.240-antix.1-486-smp/kernel/drivers/mfd/sky81452.ko
usr/lib/modules/5.10.240-antix.1-486-smp/kernel/drivers/mfd/sm501.ko
usr/lib/modules/5.10.240-antix.1-486-smp/kernel/drivers/mfd/timberdale.ko
usr/lib/modules/5.10.240-antix.1-486-smp/kernel/drivers/mfd/tps6105x.ko
usr/lib/modules/5.10.240-antix.1-486-smp/kernel/drivers/mfd/tps65010.ko
usr/lib/modules/5.10.240-antix.1-486-smp/kernel/drivers/mfd/tps6507x.ko
usr/lib/modules/5.10.240-antix.1-486-smp/kernel/drivers/mfd/tqmx86.ko
usr/lib/modules/5.10.240-antix.1-486-smp/kernel/drivers/mfd/ucb1400_core.ko
usr/lib/modules/5.10.240-antix.1-486-smp/kernel/drivers/mfd/viperboard.ko
usr/lib/modules/5.10.240-antix.1-486-smp/kernel/drivers/mfd/vx855.ko
usr/lib/modules/5.10.240-antix.1-486-smp/kernel/drivers/mfd/wcd934x.ko
usr/lib/modules/5.10.240-antix.1-486-smp/kernel/drivers/mfd/wl1273-core.ko
usr/lib/modules/5.10.240-antix.1-486-smp/kernel/drivers/mfd/wm8994.ko
usr/lib/modules/5.10.240-antix.1-486-smp/kernel/drivers/misc
usr/lib/modules/5.10.240-antix.1-486-smp/kernel/drivers/misc/cardreader
usr/lib/modules/5.10.240-antix.1-486-smp/kernel/drivers/misc/cardreader/rtsx_pci.ko
usr/lib/modules/5.10.240-antix.1-486-smp/kernel/drivers/misc/cardreader/rtsx_usb.ko
usr/lib/modules/5.10.240-antix.1-486-smp/kernel/drivers/misc/cs5535-mfgpt.ko
usr/lib/modules/5.10.240-antix.1-486-smp/kernel/drivers/misc/eeprom
usr/lib/modules/5.10.240-antix.1-486-smp/kernel/drivers/misc/eeprom/eeprom_93cx6.ko
usr/lib/modules/5.10.240-antix.1-486-smp/kernel/drivers/mmc
usr/lib/modules/5.10.240-antix.1-486-smp/kernel/drivers/mmc/core
usr/lib/modules/5.10.240-antix.1-486-smp/kernel/drivers/mmc/core/pwrseq_emmc.ko
usr/lib/modules/5.10.240-antix.1-486-smp/kernel/drivers/mmc/core/pwrseq_simple.ko
usr/lib/modules/5.10.240-antix.1-486-smp/kernel/drivers/mmc/core/sdio_uart.ko
usr/lib/modules/5.10.240-antix.1-486-smp/kernel/drivers/mmc/host
usr/lib/modules/5.10.240-antix.1-486-smp/kernel/drivers/mmc/host/mmc_hsq.ko
usr/lib/modules/5.10.240-antix.1-486-smp/kernel/drivers/mmc/host/mmc_spi.ko
usr/lib/modules/5.10.240-antix.1-486-smp/kernel/drivers/mmc/host/mtk-sd.ko
usr/lib/modules/5.10.240-antix.1-486-smp/kernel/drivers/mmc/host/of_mmc_spi.ko
usr/lib/modules/5.10.240-antix.1-486-smp/kernel/drivers/mmc/host/rtsx_pci_sdmmc.ko
usr/lib/modules/5.10.240-antix.1-486-smp/kernel/drivers/mmc/host/rtsx_usb_sdmmc.ko
usr/lib/modules/5.10.240-antix.1-486-smp/kernel/drivers/mmc/host/sdhci-cadence.ko
usr/lib/modules/5.10.240-antix.1-486-smp/kernel/drivers/mmc/host/sdhci-milbeaut.ko
usr/lib/modules/5.10.240-antix.1-486-smp/kernel/drivers/mmc/host/sdhci-of-arasan.ko
usr/lib/modules/5.10.240-antix.1-486-smp/kernel/drivers/mmc/host/sdhci-of-aspeed.ko
usr/lib/modules/5.10.240-antix.1-486-smp/kernel/drivers/mmc/host/sdhci-of-at91.ko
usr/lib/modules/5.10.240-antix.1-486-smp/kernel/drivers/mmc/host/sdhci-of-dwcmshc.ko
usr/lib/modules/5.10.240-antix.1-486-smp/kernel/drivers/mmc/host/sdhci-xenon-driver.ko
usr/lib/modules/5.10.240-antix.1-486-smp/kernel/drivers/mmc/host/sdhci_f_sdh30.ko
usr/lib/modules/5.10.240-antix.1-486-smp/kernel/drivers/mmc/host/sdricoh_cs.ko
usr/lib/modules/5.10.240-antix.1-486-smp/kernel/drivers/mmc/host/toshsd.ko
usr/lib/modules/5.10.240-antix.1-486-smp/kernel/drivers/mmc/host/usdhi6rol0.ko
usr/lib/modules/5.10.240-antix.1-486-smp/kernel/drivers/mmc/host/ushc.ko
usr/lib/modules/5.10.240-antix.1-486-smp/kernel/drivers/mtd
usr/lib/modules/5.10.240-antix.1-486-smp/kernel/drivers/mtd/mtd.ko
usr/lib/modules/5.10.240-antix.1-486-smp/kernel/drivers/mux
usr/lib/modules/5.10.240-antix.1-486-smp/kernel/drivers/mux/mux-core.ko
usr/lib/modules/5.10.240-antix.1-486-smp/kernel/drivers/mux/mux-mmio.ko
usr/lib/modules/5.10.240-antix.1-486-smp/kernel/drivers/net
usr/lib/modules/5.10.240-antix.1-486-smp/kernel/drivers/net/ethernet
usr/lib/modules/5.10.240-antix.1-486-smp/kernel/drivers/net/ethernet/3com
usr/lib/modules/5.10.240-antix.1-486-smp/kernel/drivers/net/ethernet/3com/3c509.ko
usr/lib/modules/5.10.240-antix.1-486-smp/kernel/drivers/net/ethernet/3com/3c515.ko
usr/lib/modules/5.10.240-antix.1-486-smp/kernel/drivers/net/ethernet/3com/3c574_cs.ko
usr/lib/modules/5.10.240-antix.1-486-smp/kernel/drivers/net/ethernet/3com/3c589_cs.ko
usr/lib/modules/5.10.240-antix.1-486-smp/kernel/drivers/net/ethernet/3com/3c59x.ko
usr/lib/modules/5.10.240-antix.1-486-smp/kernel/drivers/net/ethernet/3com/typhoon.ko
usr/lib/modules/5.10.240-antix.1-486-smp/kernel/drivers/net/ethernet/8390
usr/lib/modules/5.10.240-antix.1-486-smp/kernel/drivers/net/ethernet/8390/8390.ko
usr/lib/modules/5.10.240-antix.1-486-smp/kernel/drivers/net/ethernet/8390/8390p.ko
usr/lib/modules/5.10.240-antix.1-486-smp/kernel/drivers/net/ethernet/8390/axnet_cs.ko
usr/lib/modules/5.10.240-antix.1-486-smp/kernel/drivers/net/ethernet/8390/ne.ko
usr/lib/modules/5.10.240-antix.1-486-smp/kernel/drivers/net/ethernet/8390/ne2k-pci.ko
usr/lib/modules/5.10.240-antix.1-486-smp/kernel/drivers/net/ethernet/8390/pcnet_cs.ko
usr/lib/modules/5.10.240-antix.1-486-smp/kernel/drivers/net/ethernet/8390/smc-ultra.ko
usr/lib/modules/5.10.240-antix.1-486-smp/kernel/drivers/net/ethernet/8390/wd.ko
usr/lib/modules/5.10.240-antix.1-486-smp/kernel/drivers/net/ethernet/adaptec
usr/lib/modules/5.10.240-antix.1-486-smp/kernel/drivers/net/ethernet/adaptec/starfire.ko
usr/lib/modules/5.10.240-antix.1-486-smp/kernel/drivers/net/ethernet/agere
usr/lib/modules/5.10.240-antix.1-486-smp/kernel/drivers/net/ethernet/agere/et131x.ko
usr/lib/modules/5.10.240-antix.1-486-smp/kernel/drivers/net/ethernet/alacritech
usr/lib/modules/5.10.240-antix.1-486-smp/kernel/drivers/net/ethernet/alacritech/slicoss.ko
usr/lib/modules/5.10.240-antix.1-486-smp/kernel/drivers/net/ethernet/alteon
usr/lib/modules/5.10.240-antix.1-486-smp/kernel/drivers/net/ethernet/alteon/acenic.ko
usr/lib/modules/5.10.240-antix.1-486-smp/kernel/drivers/net/ethernet/altera
usr/lib/modules/5.10.240-antix.1-486-smp/kernel/drivers/net/ethernet/altera/altera_tse.ko
usr/lib/modules/5.10.240-antix.1-486-smp/kernel/drivers/net/ethernet/amazon
usr/lib/modules/5.10.240-antix.1-486-smp/kernel/drivers/net/ethernet/amazon/ena
usr/lib/modules/5.10.240-antix.1-486-smp/kernel/drivers/net/ethernet/amazon/ena/ena.ko
usr/lib/modules/5.10.240-antix.1-486-smp/kernel/drivers/net/ethernet/amd
usr/lib/modules/5.10.240-antix.1-486-smp/kernel/drivers/net/ethernet/amd/amd8111e.ko
usr/lib/modules/5.10.240-antix.1-486-smp/kernel/drivers/net/ethernet/amd/lance.ko
usr/lib/modules/5.10.240-antix.1-486-smp/kernel/drivers/net/ethernet/amd/ni65.ko
usr/lib/modules/5.10.240-antix.1-486-smp/kernel/drivers/net/ethernet/amd/nmclan_cs.ko
usr/lib/modules/5.10.240-antix.1-486-smp/kernel/drivers/net/ethernet/amd/pcnet32.ko
usr/lib/modules/5.10.240-antix.1-486-smp/kernel/drivers/net/ethernet/atheros
usr/lib/modules/5.10.240-antix.1-486-smp/kernel/drivers/net/ethernet/atheros/alx
usr/lib/modules/5.10.240-antix.1-486-smp/kernel/drivers/net/ethernet/atheros/alx/alx.ko
usr/lib/modules/5.10.240-antix.1-486-smp/kernel/drivers/net/ethernet/atheros/atl1c
usr/lib/modules/5.10.240-antix.1-486-smp/kernel/drivers/net/ethernet/atheros/atl1c/atl1c.ko
usr/lib/modules/5.10.240-antix.1-486-smp/kernel/drivers/net/ethernet/atheros/atl1e
usr/lib/modules/5.10.240-antix.1-486-smp/kernel/drivers/net/ethernet/atheros/atl1e/atl1e.ko
usr/lib/modules/5.10.240-antix.1-486-smp/kernel/drivers/net/ethernet/atheros/atlx
usr/lib/modules/5.10.240-antix.1-486-smp/kernel/drivers/net/ethernet/atheros/atlx/atl1.ko
usr/lib/modules/5.10.240-antix.1-486-smp/kernel/drivers/net/ethernet/atheros/atlx/atl2.ko
usr/lib/modules/5.10.240-antix.1-486-smp/kernel/drivers/net/ethernet/broadcom
usr/lib/modules/5.10.240-antix.1-486-smp/kernel/drivers/net/ethernet/broadcom/b44.ko
usr/lib/modules/5.10.240-antix.1-486-smp/kernel/drivers/net/ethernet/broadcom/bnx2.ko
usr/lib/modules/5.10.240-antix.1-486-smp/kernel/drivers/net/ethernet/broadcom/bnx2x
usr/lib/modules/5.10.240-antix.1-486-smp/kernel/drivers/net/ethernet/broadcom/bnx2x/bnx2x.ko
usr/lib/modules/5.10.240-antix.1-486-smp/kernel/drivers/net/ethernet/broadcom/bnxt
usr/lib/modules/5.10.240-antix.1-486-smp/kernel/drivers/net/ethernet/broadcom/bnxt/bnxt_en.ko
usr/lib/modules/5.10.240-antix.1-486-smp/kernel/drivers/net/ethernet/broadcom/cnic.ko
usr/lib/modules/5.10.240-antix.1-486-smp/kernel/drivers/net/ethernet/broadcom/genet
usr/lib/modules/5.10.240-antix.1-486-smp/kernel/drivers/net/ethernet/broadcom/genet/genet.ko
usr/lib/modules/5.10.240-antix.1-486-smp/kernel/drivers/net/ethernet/broadcom/tg3.ko
usr/lib/modules/5.10.240-antix.1-486-smp/kernel/drivers/net/ethernet/brocade
usr/lib/modules/5.10.240-antix.1-486-smp/kernel/drivers/net/ethernet/brocade/bna
usr/lib/modules/5.10.240-antix.1-486-smp/kernel/drivers/net/ethernet/brocade/bna/bna.ko
usr/lib/modules/5.10.240-antix.1-486-smp/kernel/drivers/net/ethernet/cadence
usr/lib/modules/5.10.240-antix.1-486-smp/kernel/drivers/net/ethernet/cadence/macb.ko
usr/lib/modules/5.10.240-antix.1-486-smp/kernel/drivers/net/ethernet/chelsio
usr/lib/modules/5.10.240-antix.1-486-smp/kernel/drivers/net/ethernet/chelsio/cxgb
usr/lib/modules/5.10.240-antix.1-486-smp/kernel/drivers/net/ethernet/chelsio/cxgb/cxgb.ko
usr/lib/modules/5.10.240-antix.1-486-smp/kernel/drivers/net/ethernet/chelsio/cxgb3
usr/lib/modules/5.10.240-antix.1-486-smp/kernel/drivers/net/ethernet/chelsio/cxgb3/cxgb3.ko
usr/lib/modules/5.10.240-antix.1-486-smp/kernel/drivers/net/ethernet/chelsio/cxgb4
usr/lib/modules/5.10.240-antix.1-486-smp/kernel/drivers/net/ethernet/chelsio/cxgb4/cxgb4.ko
usr/lib/modules/5.10.240-antix.1-486-smp/kernel/drivers/net/ethernet/chelsio/cxgb4vf
usr/lib/modules/5.10.240-antix.1-486-smp/kernel/drivers/net/ethernet/chelsio/cxgb4vf/cxgb4vf.ko
usr/lib/modules/5.10.240-antix.1-486-smp/kernel/drivers/net/ethernet/chelsio/libcxgb
usr/lib/modules/5.10.240-antix.1-486-smp/kernel/drivers/net/ethernet/chelsio/libcxgb/libcxgb.ko
usr/lib/modules/5.10.240-antix.1-486-smp/kernel/drivers/net/ethernet/cirrus
usr/lib/modules/5.10.240-antix.1-486-smp/kernel/drivers/net/ethernet/cirrus/cs89x0.ko
usr/lib/modules/5.10.240-antix.1-486-smp/kernel/drivers/net/ethernet/cisco
usr/lib/modules/5.10.240-antix.1-486-smp/kernel/drivers/net/ethernet/cisco/enic
usr/lib/modules/5.10.240-antix.1-486-smp/kernel/drivers/net/ethernet/cisco/enic/enic.ko
usr/lib/modules/5.10.240-antix.1-486-smp/kernel/drivers/net/ethernet/dec
usr/lib/modules/5.10.240-antix.1-486-smp/kernel/drivers/net/ethernet/dec/tulip
usr/lib/modules/5.10.240-antix.1-486-smp/kernel/drivers/net/ethernet/dec/tulip/de2104x.ko
usr/lib/modules/5.10.240-antix.1-486-smp/kernel/drivers/net/ethernet/dec/tulip/de4x5.ko
usr/lib/modules/5.10.240-antix.1-486-smp/kernel/drivers/net/ethernet/dec/tulip/dmfe.ko
usr/lib/modules/5.10.240-antix.1-486-smp/kernel/drivers/net/ethernet/dec/tulip/tulip.ko
usr/lib/modules/5.10.240-antix.1-486-smp/kernel/drivers/net/ethernet/dec/tulip/uli526x.ko
usr/lib/modules/5.10.240-antix.1-486-smp/kernel/drivers/net/ethernet/dec/tulip/winbond-840.ko
usr/lib/modules/5.10.240-antix.1-486-smp/kernel/drivers/net/ethernet/dec/tulip/xircom_cb.ko
usr/lib/modules/5.10.240-antix.1-486-smp/kernel/drivers/net/ethernet/dlink
usr/lib/modules/5.10.240-antix.1-486-smp/kernel/drivers/net/ethernet/dlink/dl2k.ko
usr/lib/modules/5.10.240-antix.1-486-smp/kernel/drivers/net/ethernet/dlink/sundance.ko
usr/lib/modules/5.10.240-antix.1-486-smp/kernel/drivers/net/ethernet/dnet.ko
usr/lib/modules/5.10.240-antix.1-486-smp/kernel/drivers/net/ethernet/ec_bhf.ko
usr/lib/modules/5.10.240-antix.1-486-smp/kernel/drivers/net/ethernet/emulex
usr/lib/modules/5.10.240-antix.1-486-smp/kernel/drivers/net/ethernet/emulex/benet
usr/lib/modules/5.10.240-antix.1-486-smp/kernel/drivers/net/ethernet/emulex/benet/be2net.ko
usr/lib/modules/5.10.240-antix.1-486-smp/kernel/drivers/net/ethernet/ethoc.ko
usr/lib/modules/5.10.240-antix.1-486-smp/kernel/drivers/net/ethernet/fealnx.ko
usr/lib/modules/5.10.240-antix.1-486-smp/kernel/drivers/net/ethernet/fujitsu
usr/lib/modules/5.10.240-antix.1-486-smp/kernel/drivers/net/ethernet/fujitsu/fmvj18x_cs.ko
usr/lib/modules/5.10.240-antix.1-486-smp/kernel/drivers/net/ethernet/huawei
usr/lib/modules/5.10.240-antix.1-486-smp/kernel/drivers/net/ethernet/huawei/hinic
usr/lib/modules/5.10.240-antix.1-486-smp/kernel/drivers/net/ethernet/huawei/hinic/hinic.ko
usr/lib/modules/5.10.240-antix.1-486-smp/kernel/drivers/net/ethernet/intel
usr/lib/modules/5.10.240-antix.1-486-smp/kernel/drivers/net/ethernet/intel/e100.ko
usr/lib/modules/5.10.240-antix.1-486-smp/kernel/drivers/net/ethernet/intel/e1000
usr/lib/modules/5.10.240-antix.1-486-smp/kernel/drivers/net/ethernet/intel/e1000/e1000.ko
usr/lib/modules/5.10.240-antix.1-486-smp/kernel/drivers/net/ethernet/intel/e1000e
usr/lib/modules/5.10.240-antix.1-486-smp/kernel/drivers/net/ethernet/intel/e1000e/e1000e.ko
usr/lib/modules/5.10.240-antix.1-486-smp/kernel/drivers/net/ethernet/intel/fm10k
usr/lib/modules/5.10.240-antix.1-486-smp/kernel/drivers/net/ethernet/intel/fm10k/fm10k.ko
usr/lib/modules/5.10.240-antix.1-486-smp/kernel/drivers/net/ethernet/intel/i40e
usr/lib/modules/5.10.240-antix.1-486-smp/kernel/drivers/net/ethernet/intel/i40e/i40e.ko
usr/lib/modules/5.10.240-antix.1-486-smp/kernel/drivers/net/ethernet/intel/iavf
usr/lib/modules/5.10.240-antix.1-486-smp/kernel/drivers/net/ethernet/intel/iavf/iavf.ko
usr/lib/modules/5.10.240-antix.1-486-smp/kernel/drivers/net/ethernet/intel/ice
usr/lib/modules/5.10.240-antix.1-486-smp/kernel/drivers/net/ethernet/intel/ice/ice.ko
usr/lib/modules/5.10.240-antix.1-486-smp/kernel/drivers/net/ethernet/intel/igb
usr/lib/modules/5.10.240-antix.1-486-smp/kernel/drivers/net/ethernet/intel/igb/igb.ko
usr/lib/modules/5.10.240-antix.1-486-smp/kernel/drivers/net/ethernet/intel/igbvf
usr/lib/modules/5.10.240-antix.1-486-smp/kernel/drivers/net/ethernet/intel/igbvf/igbvf.ko
usr/lib/modules/5.10.240-antix.1-486-smp/kernel/drivers/net/ethernet/intel/ixgb
usr/lib/modules/5.10.240-antix.1-486-smp/kernel/drivers/net/ethernet/intel/ixgb/ixgb.ko
usr/lib/modules/5.10.240-antix.1-486-smp/kernel/drivers/net/ethernet/intel/ixgbe
usr/lib/modules/5.10.240-antix.1-486-smp/kernel/drivers/net/ethernet/intel/ixgbe/ixgbe.ko
usr/lib/modules/5.10.240-antix.1-486-smp/kernel/drivers/net/ethernet/intel/ixgbevf
usr/lib/modules/5.10.240-antix.1-486-smp/kernel/drivers/net/ethernet/intel/ixgbevf/ixgbevf.ko
usr/lib/modules/5.10.240-antix.1-486-smp/kernel/drivers/net/ethernet/jme.ko
usr/lib/modules/5.10.240-antix.1-486-smp/kernel/drivers/net/ethernet/marvell
usr/lib/modules/5.10.240-antix.1-486-smp/kernel/drivers/net/ethernet/marvell/mvmdio.ko
usr/lib/modules/5.10.240-antix.1-486-smp/kernel/drivers/net/ethernet/marvell/skge.ko
usr/lib/modules/5.10.240-antix.1-486-smp/kernel/drivers/net/ethernet/marvell/sky2.ko
usr/lib/modules/5.10.240-antix.1-486-smp/kernel/drivers/net/ethernet/mellanox
usr/lib/modules/5.10.240-antix.1-486-smp/kernel/drivers/net/ethernet/mellanox/mlx4
usr/lib/modules/5.10.240-antix.1-486-smp/kernel/drivers/net/ethernet/mellanox/mlx4/mlx4_core.ko
usr/lib/modules/5.10.240-antix.1-486-smp/kernel/drivers/net/ethernet/mellanox/mlx4/mlx4_en.ko
usr/lib/modules/5.10.240-antix.1-486-smp/kernel/drivers/net/ethernet/mellanox/mlx5
usr/lib/modules/5.10.240-antix.1-486-smp/kernel/drivers/net/ethernet/mellanox/mlx5/core
usr/lib/modules/5.10.240-antix.1-486-smp/kernel/drivers/net/ethernet/mellanox/mlx5/core/mlx5_core.ko
usr/lib/modules/5.10.240-antix.1-486-smp/kernel/drivers/net/ethernet/mellanox/mlxfw
usr/lib/modules/5.10.240-antix.1-486-smp/kernel/drivers/net/ethernet/mellanox/mlxfw/mlxfw.ko
usr/lib/modules/5.10.240-antix.1-486-smp/kernel/drivers/net/ethernet/mellanox/mlxsw
usr/lib/modules/5.10.240-antix.1-486-smp/kernel/drivers/net/ethernet/mellanox/mlxsw/mlxsw_core.ko
usr/lib/modules/5.10.240-antix.1-486-smp/kernel/drivers/net/ethernet/mellanox/mlxsw/mlxsw_i2c.ko
usr/lib/modules/5.10.240-antix.1-486-smp/kernel/drivers/net/ethernet/mellanox/mlxsw/mlxsw_minimal.ko
usr/lib/modules/5.10.240-antix.1-486-smp/kernel/drivers/net/ethernet/mellanox/mlxsw/mlxsw_pci.ko
usr/lib/modules/5.10.240-antix.1-486-smp/kernel/drivers/net/ethernet/mellanox/mlxsw/mlxsw_spectrum.ko
usr/lib/modules/5.10.240-antix.1-486-smp/kernel/drivers/net/ethernet/mellanox/mlxsw/mlxsw_switchib.ko
usr/lib/modules/5.10.240-antix.1-486-smp/kernel/drivers/net/ethernet/mellanox/mlxsw/mlxsw_switchx2.ko
usr/lib/modules/5.10.240-antix.1-486-smp/kernel/drivers/net/ethernet/micrel
usr/lib/modules/5.10.240-antix.1-486-smp/kernel/drivers/net/ethernet/micrel/ks8842.ko
usr/lib/modules/5.10.240-antix.1-486-smp/kernel/drivers/net/ethernet/micrel/ks8851_common.ko
usr/lib/modules/5.10.240-antix.1-486-smp/kernel/drivers/net/ethernet/micrel/ks8851_par.ko
usr/lib/modules/5.10.240-antix.1-486-smp/kernel/drivers/net/ethernet/micrel/ks8851_spi.ko
usr/lib/modules/5.10.240-antix.1-486-smp/kernel/drivers/net/ethernet/micrel/ksz884x.ko
usr/lib/modules/5.10.240-antix.1-486-smp/kernel/drivers/net/ethernet/microchip
usr/lib/modules/5.10.240-antix.1-486-smp/kernel/drivers/net/ethernet/microchip/enc28j60.ko
usr/lib/modules/5.10.240-antix.1-486-smp/kernel/drivers/net/ethernet/microchip/lan743x.ko
usr/lib/modules/5.10.240-antix.1-486-smp/kernel/drivers/net/ethernet/myricom
usr/lib/modules/5.10.240-antix.1-486-smp/kernel/drivers/net/ethernet/myricom/myri10ge
usr/lib/modules/5.10.240-antix.1-486-smp/kernel/drivers/net/ethernet/myricom/myri10ge/myri10ge.ko
usr/lib/modules/5.10.240-antix.1-486-smp/kernel/drivers/net/ethernet/natsemi
usr/lib/modules/5.10.240-antix.1-486-smp/kernel/drivers/net/ethernet/natsemi/natsemi.ko
usr/lib/modules/5.10.240-antix.1-486-smp/kernel/drivers/net/ethernet/natsemi/ns83820.ko
usr/lib/modules/5.10.240-antix.1-486-smp/kernel/drivers/net/ethernet/neterion
usr/lib/modules/5.10.240-antix.1-486-smp/kernel/drivers/net/ethernet/neterion/s2io.ko
usr/lib/modules/5.10.240-antix.1-486-smp/kernel/drivers/net/ethernet/neterion/vxge
usr/lib/modules/5.10.240-antix.1-486-smp/kernel/drivers/net/ethernet/neterion/vxge/vxge.ko
usr/lib/modules/5.10.240-antix.1-486-smp/kernel/drivers/net/ethernet/netronome
usr/lib/modules/5.10.240-antix.1-486-smp/kernel/drivers/net/ethernet/netronome/nfp
usr/lib/modules/5.10.240-antix.1-486-smp/kernel/drivers/net/ethernet/netronome/nfp/nfp.ko
usr/lib/modules/5.10.240-antix.1-486-smp/kernel/drivers/net/ethernet/nvidia
usr/lib/modules/5.10.240-antix.1-486-smp/kernel/drivers/net/ethernet/nvidia/forcedeth.ko
usr/lib/modules/5.10.240-antix.1-486-smp/kernel/drivers/net/ethernet/oki-semi
usr/lib/modules/5.10.240-antix.1-486-smp/kernel/drivers/net/ethernet/oki-semi/pch_gbe
usr/lib/modules/5.10.240-antix.1-486-smp/kernel/drivers/net/ethernet/oki-semi/pch_gbe/pch_gbe.ko
usr/lib/modules/5.10.240-antix.1-486-smp/kernel/drivers/net/ethernet/packetengines
usr/lib/modules/5.10.240-antix.1-486-smp/kernel/drivers/net/ethernet/packetengines/hamachi.ko
usr/lib/modules/5.10.240-antix.1-486-smp/kernel/drivers/net/ethernet/packetengines/yellowfin.ko
usr/lib/modules/5.10.240-antix.1-486-smp/kernel/drivers/net/ethernet/qlogic
usr/lib/modules/5.10.240-antix.1-486-smp/kernel/drivers/net/ethernet/qlogic/netxen
usr/lib/modules/5.10.240-antix.1-486-smp/kernel/drivers/net/ethernet/qlogic/netxen/netxen_nic.ko
usr/lib/modules/5.10.240-antix.1-486-smp/kernel/drivers/net/ethernet/qlogic/qed
usr/lib/modules/5.10.240-antix.1-486-smp/kernel/drivers/net/ethernet/qlogic/qed/qed.ko
usr/lib/modules/5.10.240-antix.1-486-smp/kernel/drivers/net/ethernet/qlogic/qede
usr/lib/modules/5.10.240-antix.1-486-smp/kernel/drivers/net/ethernet/qlogic/qede/qede.ko
usr/lib/modules/5.10.240-antix.1-486-smp/kernel/drivers/net/ethernet/qlogic/qla3xxx.ko
usr/lib/modules/5.10.240-antix.1-486-smp/kernel/drivers/net/ethernet/qlogic/qlcnic
usr/lib/modules/5.10.240-antix.1-486-smp/kernel/drivers/net/ethernet/qlogic/qlcnic/qlcnic.ko
usr/lib/modules/5.10.240-antix.1-486-smp/kernel/drivers/net/ethernet/qualcomm
usr/lib/modules/5.10.240-antix.1-486-smp/kernel/drivers/net/ethernet/qualcomm/qca_7k_common.ko
usr/lib/modules/5.10.240-antix.1-486-smp/kernel/drivers/net/ethernet/qualcomm/qcauart.ko
usr/lib/modules/5.10.240-antix.1-486-smp/kernel/drivers/net/ethernet/rdc
usr/lib/modules/5.10.240-antix.1-486-smp/kernel/drivers/net/ethernet/rdc/r6040.ko
usr/lib/modules/5.10.240-antix.1-486-smp/kernel/drivers/net/ethernet/realtek
usr/lib/modules/5.10.240-antix.1-486-smp/kernel/drivers/net/ethernet/realtek/8139cp.ko
usr/lib/modules/5.10.240-antix.1-486-smp/kernel/drivers/net/ethernet/realtek/8139too.ko
usr/lib/modules/5.10.240-antix.1-486-smp/kernel/drivers/net/ethernet/realtek/atp.ko
usr/lib/modules/5.10.240-antix.1-486-smp/kernel/drivers/net/ethernet/realtek/r8169.ko
usr/lib/modules/5.10.240-antix.1-486-smp/kernel/drivers/net/ethernet/rocker
usr/lib/modules/5.10.240-antix.1-486-smp/kernel/drivers/net/ethernet/rocker/rocker.ko
usr/lib/modules/5.10.240-antix.1-486-smp/kernel/drivers/net/ethernet/samsung
usr/lib/modules/5.10.240-antix.1-486-smp/kernel/drivers/net/ethernet/samsung/sxgbe
usr/lib/modules/5.10.240-antix.1-486-smp/kernel/drivers/net/ethernet/samsung/sxgbe/samsung-sxgbe.ko
usr/lib/modules/5.10.240-antix.1-486-smp/kernel/drivers/net/ethernet/sfc
usr/lib/modules/5.10.240-antix.1-486-smp/kernel/drivers/net/ethernet/sfc/falcon
usr/lib/modules/5.10.240-antix.1-486-smp/kernel/drivers/net/ethernet/sfc/falcon/sfc-falcon.ko
usr/lib/modules/5.10.240-antix.1-486-smp/kernel/drivers/net/ethernet/sfc/sfc.ko
usr/lib/modules/5.10.240-antix.1-486-smp/kernel/drivers/net/ethernet/silan
usr/lib/modules/5.10.240-antix.1-486-smp/kernel/drivers/net/ethernet/silan/sc92031.ko
usr/lib/modules/5.10.240-antix.1-486-smp/kernel/drivers/net/ethernet/sis
usr/lib/modules/5.10.240-antix.1-486-smp/kernel/drivers/net/ethernet/sis/sis190.ko
usr/lib/modules/5.10.240-antix.1-486-smp/kernel/drivers/net/ethernet/sis/sis900.ko
usr/lib/modules/5.10.240-antix.1-486-smp/kernel/drivers/net/ethernet/smsc
usr/lib/modules/5.10.240-antix.1-486-smp/kernel/drivers/net/ethernet/smsc/epic100.ko
usr/lib/modules/5.10.240-antix.1-486-smp/kernel/drivers/net/ethernet/smsc/smc9194.ko
usr/lib/modules/5.10.240-antix.1-486-smp/kernel/drivers/net/ethernet/smsc/smc91c92_cs.ko
usr/lib/modules/5.10.240-antix.1-486-smp/kernel/drivers/net/ethernet/smsc/smsc911x.ko
usr/lib/modules/5.10.240-antix.1-486-smp/kernel/drivers/net/ethernet/smsc/smsc9420.ko
usr/lib/modules/5.10.240-antix.1-486-smp/kernel/drivers/net/ethernet/stmicro
usr/lib/modules/5.10.240-antix.1-486-smp/kernel/drivers/net/ethernet/stmicro/stmmac
usr/lib/modules/5.10.240-antix.1-486-smp/kernel/drivers/net/ethernet/stmicro/stmmac/dwmac-generic.ko
usr/lib/modules/5.10.240-antix.1-486-smp/kernel/drivers/net/ethernet/stmicro/stmmac/dwmac-intel.ko
usr/lib/modules/5.10.240-antix.1-486-smp/kernel/drivers/net/ethernet/stmicro/stmmac/stmmac-pci.ko
usr/lib/modules/5.10.240-antix.1-486-smp/kernel/drivers/net/ethernet/stmicro/stmmac/stmmac-platform.ko
usr/lib/modules/5.10.240-antix.1-486-smp/kernel/drivers/net/ethernet/stmicro/stmmac/stmmac.ko
usr/lib/modules/5.10.240-antix.1-486-smp/kernel/drivers/net/ethernet/sun
usr/lib/modules/5.10.240-antix.1-486-smp/kernel/drivers/net/ethernet/sun/cassini.ko
usr/lib/modules/5.10.240-antix.1-486-smp/kernel/drivers/net/ethernet/sun/niu.ko
usr/lib/modules/5.10.240-antix.1-486-smp/kernel/drivers/net/ethernet/sun/sungem.ko
usr/lib/modules/5.10.240-antix.1-486-smp/kernel/drivers/net/ethernet/sun/sunhme.ko
usr/lib/modules/5.10.240-antix.1-486-smp/kernel/drivers/net/ethernet/tehuti
usr/lib/modules/5.10.240-antix.1-486-smp/kernel/drivers/net/ethernet/tehuti/tehuti.ko
usr/lib/modules/5.10.240-antix.1-486-smp/kernel/drivers/net/ethernet/ti
usr/lib/modules/5.10.240-antix.1-486-smp/kernel/drivers/net/ethernet/ti/tlan.ko
usr/lib/modules/5.10.240-antix.1-486-smp/kernel/drivers/net/ethernet/via
usr/lib/modules/5.10.240-antix.1-486-smp/kernel/drivers/net/ethernet/via/via-rhine.ko
usr/lib/modules/5.10.240-antix.1-486-smp/kernel/drivers/net/ethernet/via/via-velocity.ko
usr/lib/modules/5.10.240-antix.1-486-smp/kernel/drivers/net/ethernet/wiznet
usr/lib/modules/5.10.240-antix.1-486-smp/kernel/drivers/net/ethernet/wiznet/w5100.ko
usr/lib/modules/5.10.240-antix.1-486-smp/kernel/drivers/net/ethernet/wiznet/w5300.ko
usr/lib/modules/5.10.240-antix.1-486-smp/kernel/drivers/net/ethernet/xilinx
usr/lib/modules/5.10.240-antix.1-486-smp/kernel/drivers/net/ethernet/xilinx/xilinx_emac.ko
usr/lib/modules/5.10.240-antix.1-486-smp/kernel/drivers/net/ethernet/xircom
usr/lib/modules/5.10.240-antix.1-486-smp/kernel/drivers/net/ethernet/xircom/xirc2ps_cs.ko
usr/lib/modules/5.10.240-antix.1-486-smp/kernel/drivers/net/fjes
usr/lib/modules/5.10.240-antix.1-486-smp/kernel/drivers/net/fjes/fjes.ko
usr/lib/modules/5.10.240-antix.1-486-smp/kernel/drivers/net/geneve.ko
usr/lib/modules/5.10.240-antix.1-486-smp/kernel/drivers/net/hyperv
usr/lib/modules/5.10.240-antix.1-486-smp/kernel/drivers/net/hyperv/hv_netvsc.ko
usr/lib/modules/5.10.240-antix.1-486-smp/kernel/drivers/net/ipvlan
usr/lib/modules/5.10.240-antix.1-486-smp/kernel/drivers/net/ipvlan/ipvlan.ko
usr/lib/modules/5.10.240-antix.1-486-smp/kernel/drivers/net/macsec.ko
usr/lib/modules/5.10.240-antix.1-486-smp/kernel/drivers/net/mdio
usr/lib/modules/5.10.240-antix.1-486-smp/kernel/drivers/net/mdio.ko
usr/lib/modules/5.10.240-antix.1-486-smp/kernel/drivers/net/mdio/mdio-bcm-unimac.ko
usr/lib/modules/5.10.240-antix.1-486-smp/kernel/drivers/net/mdio/mdio-bitbang.ko
usr/lib/modules/5.10.240-antix.1-486-smp/kernel/drivers/net/mdio/mdio-gpio.ko
usr/lib/modules/5.10.240-antix.1-486-smp/kernel/drivers/net/mdio/mdio-i2c.ko
usr/lib/modules/5.10.240-antix.1-486-smp/kernel/drivers/net/mdio/mdio-ipq4019.ko
usr/lib/modules/5.10.240-antix.1-486-smp/kernel/drivers/net/mdio/mdio-ipq8064.ko
usr/lib/modules/5.10.240-antix.1-486-smp/kernel/drivers/net/mdio/mdio-mvusb.ko
usr/lib/modules/5.10.240-antix.1-486-smp/kernel/drivers/net/mii.ko
usr/lib/modules/5.10.240-antix.1-486-smp/kernel/drivers/net/net_failover.ko
usr/lib/modules/5.10.240-antix.1-486-smp/kernel/drivers/net/netconsole.ko
usr/lib/modules/5.10.240-antix.1-486-smp/kernel/drivers/net/ntb_netdev.ko
usr/lib/modules/5.10.240-antix.1-486-smp/kernel/drivers/net/pcs
usr/lib/modules/5.10.240-antix.1-486-smp/kernel/drivers/net/pcs/pcs-xpcs.ko
usr/lib/modules/5.10.240-antix.1-486-smp/kernel/drivers/net/phy
usr/lib/modules/5.10.240-antix.1-486-smp/kernel/drivers/net/phy/adin.ko
usr/lib/modules/5.10.240-antix.1-486-smp/kernel/drivers/net/phy/amd.ko
usr/lib/modules/5.10.240-antix.1-486-smp/kernel/drivers/net/phy/aquantia.ko
usr/lib/modules/5.10.240-antix.1-486-smp/kernel/drivers/net/phy/at803x.ko
usr/lib/modules/5.10.240-antix.1-486-smp/kernel/drivers/net/phy/bcm-phy-lib.ko
usr/lib/modules/5.10.240-antix.1-486-smp/kernel/drivers/net/phy/bcm54140.ko
usr/lib/modules/5.10.240-antix.1-486-smp/kernel/drivers/net/phy/bcm7xxx.ko
usr/lib/modules/5.10.240-antix.1-486-smp/kernel/drivers/net/phy/bcm87xx.ko
usr/lib/modules/5.10.240-antix.1-486-smp/kernel/drivers/net/phy/broadcom.ko
usr/lib/modules/5.10.240-antix.1-486-smp/kernel/drivers/net/phy/cicada.ko
usr/lib/modules/5.10.240-antix.1-486-smp/kernel/drivers/net/phy/cortina.ko
usr/lib/modules/5.10.240-antix.1-486-smp/kernel/drivers/net/phy/davicom.ko
usr/lib/modules/5.10.240-antix.1-486-smp/kernel/drivers/net/phy/dp83822.ko
usr/lib/modules/5.10.240-antix.1-486-smp/kernel/drivers/net/phy/dp83848.ko
usr/lib/modules/5.10.240-antix.1-486-smp/kernel/drivers/net/phy/dp83867.ko
usr/lib/modules/5.10.240-antix.1-486-smp/kernel/drivers/net/phy/dp83869.ko
usr/lib/modules/5.10.240-antix.1-486-smp/kernel/drivers/net/phy/dp83tc811.ko
usr/lib/modules/5.10.240-antix.1-486-smp/kernel/drivers/net/phy/et1011c.ko
usr/lib/modules/5.10.240-antix.1-486-smp/kernel/drivers/net/phy/icplus.ko
usr/lib/modules/5.10.240-antix.1-486-smp/kernel/drivers/net/phy/lxt.ko
usr/lib/modules/5.10.240-antix.1-486-smp/kernel/drivers/net/phy/marvell.ko
usr/lib/modules/5.10.240-antix.1-486-smp/kernel/drivers/net/phy/marvell10g.ko
usr/lib/modules/5.10.240-antix.1-486-smp/kernel/drivers/net/phy/micrel.ko
usr/lib/modules/5.10.240-antix.1-486-smp/kernel/drivers/net/phy/microchip.ko
usr/lib/modules/5.10.240-antix.1-486-smp/kernel/drivers/net/phy/microchip_t1.ko
usr/lib/modules/5.10.240-antix.1-486-smp/kernel/drivers/net/phy/mscc
usr/lib/modules/5.10.240-antix.1-486-smp/kernel/drivers/net/phy/mscc/mscc.ko
usr/lib/modules/5.10.240-antix.1-486-smp/kernel/drivers/net/phy/national.ko
usr/lib/modules/5.10.240-antix.1-486-smp/kernel/drivers/net/phy/nxp-tja11xx.ko
usr/lib/modules/5.10.240-antix.1-486-smp/kernel/drivers/net/phy/phylink.ko
usr/lib/modules/5.10.240-antix.1-486-smp/kernel/drivers/net/phy/qsemi.ko
usr/lib/modules/5.10.240-antix.1-486-smp/kernel/drivers/net/phy/realtek.ko
usr/lib/modules/5.10.240-antix.1-486-smp/kernel/drivers/net/phy/rockchip.ko
usr/lib/modules/5.10.240-antix.1-486-smp/kernel/drivers/net/phy/sfp.ko
usr/lib/modules/5.10.240-antix.1-486-smp/kernel/drivers/net/phy/smsc.ko
usr/lib/modules/5.10.240-antix.1-486-smp/kernel/drivers/net/phy/spi_ks8995.ko
usr/lib/modules/5.10.240-antix.1-486-smp/kernel/drivers/net/phy/ste10Xp.ko
usr/lib/modules/5.10.240-antix.1-486-smp/kernel/drivers/net/phy/teranetics.ko
usr/lib/modules/5.10.240-antix.1-486-smp/kernel/drivers/net/phy/uPD60620.ko
usr/lib/modules/5.10.240-antix.1-486-smp/kernel/drivers/net/phy/vitesse.ko
usr/lib/modules/5.10.240-antix.1-486-smp/kernel/drivers/net/rionet.ko
usr/lib/modules/5.10.240-antix.1-486-smp/kernel/drivers/net/sungem_phy.ko
usr/lib/modules/5.10.240-antix.1-486-smp/kernel/drivers/net/thunderbolt-net.ko
usr/lib/modules/5.10.240-antix.1-486-smp/kernel/drivers/net/usb
usr/lib/modules/5.10.240-antix.1-486-smp/kernel/drivers/net/usb/aqc111.ko
usr/lib/modules/5.10.240-antix.1-486-smp/kernel/drivers/net/usb/asix.ko
usr/lib/modules/5.10.240-antix.1-486-smp/kernel/drivers/net/usb/ax88179_178a.ko
usr/lib/modules/5.10.240-antix.1-486-smp/kernel/drivers/net/usb/catc.ko
usr/lib/modules/5.10.240-antix.1-486-smp/kernel/drivers/net/usb/cdc_eem.ko
usr/lib/modules/5.10.240-antix.1-486-smp/kernel/drivers/net/usb/cdc_ether.ko
usr/lib/modules/5.10.240-antix.1-486-smp/kernel/drivers/net/usb/cdc_ncm.ko
usr/lib/modules/5.10.240-antix.1-486-smp/kernel/drivers/net/usb/ch9200.ko
usr/lib/modules/5.10.240-antix.1-486-smp/kernel/drivers/net/usb/dm9601.ko
usr/lib/modules/5.10.240-antix.1-486-smp/kernel/drivers/net/usb/int51x1.ko
usr/lib/modules/5.10.240-antix.1-486-smp/kernel/drivers/net/usb/kaweth.ko
usr/lib/modules/5.10.240-antix.1-486-smp/kernel/drivers/net/usb/lan78xx.ko
usr/lib/modules/5.10.240-antix.1-486-smp/kernel/drivers/net/usb/mcs7830.ko
usr/lib/modules/5.10.240-antix.1-486-smp/kernel/drivers/net/usb/pegasus.ko
usr/lib/modules/5.10.240-antix.1-486-smp/kernel/drivers/net/usb/r8152.ko
usr/lib/modules/5.10.240-antix.1-486-smp/kernel/drivers/net/usb/rndis_host.ko
usr/lib/modules/5.10.240-antix.1-486-smp/kernel/drivers/net/usb/rtl8150.ko
usr/lib/modules/5.10.240-antix.1-486-smp/kernel/drivers/net/usb/smsc75xx.ko
usr/lib/modules/5.10.240-antix.1-486-smp/kernel/drivers/net/usb/smsc95xx.ko
usr/lib/modules/5.10.240-antix.1-486-smp/kernel/drivers/net/usb/sr9700.ko
usr/lib/modules/5.10.240-antix.1-486-smp/kernel/drivers/net/usb/sr9800.ko
usr/lib/modules/5.10.240-antix.1-486-smp/kernel/drivers/net/usb/usbnet.ko
usr/lib/modules/5.10.240-antix.1-486-smp/kernel/drivers/net/virtio_net.ko
usr/lib/modules/5.10.240-antix.1-486-smp/kernel/drivers/net/vmxnet3
usr/lib/modules/5.10.240-antix.1-486-smp/kernel/drivers/net/vmxnet3/vmxnet3.ko
usr/lib/modules/5.10.240-antix.1-486-smp/kernel/drivers/net/vrf.ko
usr/lib/modules/5.10.240-antix.1-486-smp/kernel/drivers/net/vxlan
usr/lib/modules/5.10.240-antix.1-486-smp/kernel/drivers/net/vxlan/vxlan.ko
usr/lib/modules/5.10.240-antix.1-486-smp/kernel/drivers/ntb
usr/lib/modules/5.10.240-antix.1-486-smp/kernel/drivers/ntb/ntb.ko
usr/lib/modules/5.10.240-antix.1-486-smp/kernel/drivers/ntb/ntb_transport.ko
usr/lib/modules/5.10.240-antix.1-486-smp/kernel/drivers/nvme
usr/lib/modules/5.10.240-antix.1-486-smp/kernel/drivers/nvme/host
usr/lib/modules/5.10.240-antix.1-486-smp/kernel/drivers/nvme/host/nvme-core.ko
usr/lib/modules/5.10.240-antix.1-486-smp/kernel/drivers/nvme/host/nvme-fabrics.ko
usr/lib/modules/5.10.240-antix.1-486-smp/kernel/drivers/nvme/host/nvme-fc.ko
usr/lib/modules/5.10.240-antix.1-486-smp/kernel/drivers/nvme/host/nvme-rdma.ko
usr/lib/modules/5.10.240-antix.1-486-smp/kernel/drivers/nvme/host/nvme-tcp.ko
usr/lib/modules/5.10.240-antix.1-486-smp/kernel/drivers/nvme/host/nvme.ko
usr/lib/modules/5.10.240-antix.1-486-smp/kernel/drivers/nvme/target
usr/lib/modules/5.10.240-antix.1-486-smp/kernel/drivers/nvme/target/nvmet-fc.ko
usr/lib/modules/5.10.240-antix.1-486-smp/kernel/drivers/nvme/target/nvmet.ko
usr/lib/modules/5.10.240-antix.1-486-smp/kernel/drivers/nvmem
usr/lib/modules/5.10.240-antix.1-486-smp/kernel/drivers/nvmem/nvmem-rave-sp-eeprom.ko
usr/lib/modules/5.10.240-antix.1-486-smp/kernel/drivers/nvmem/nvmem_qcom-spmi-sdam.ko
usr/lib/modules/5.10.240-antix.1-486-smp/kernel/drivers/parport
usr/lib/modules/5.10.240-antix.1-486-smp/kernel/drivers/parport/parport.ko
usr/lib/modules/5.10.240-antix.1-486-smp/kernel/drivers/pcmcia
usr/lib/modules/5.10.240-antix.1-486-smp/kernel/drivers/pcmcia/pcmcia.ko
usr/lib/modules/5.10.240-antix.1-486-smp/kernel/drivers/pcmcia/pcmcia_core.ko
usr/lib/modules/5.10.240-antix.1-486-smp/kernel/drivers/phy
usr/lib/modules/5.10.240-antix.1-486-smp/kernel/drivers/phy/broadcom
usr/lib/modules/5.10.240-antix.1-486-smp/kernel/drivers/phy/broadcom/phy-bcm-kona-usb2.ko
usr/lib/modules/5.10.240-antix.1-486-smp/kernel/drivers/phy/cadence
usr/lib/modules/5.10.240-antix.1-486-smp/kernel/drivers/phy/cadence/phy-cadence-salvo.ko
usr/lib/modules/5.10.240-antix.1-486-smp/kernel/drivers/phy/cadence/phy-cadence-torrent.ko
usr/lib/modules/5.10.240-antix.1-486-smp/kernel/drivers/phy/marvell
usr/lib/modules/5.10.240-antix.1-486-smp/kernel/drivers/phy/marvell/phy-pxa-28nm-hsic.ko
usr/lib/modules/5.10.240-antix.1-486-smp/kernel/drivers/phy/marvell/phy-pxa-28nm-usb2.ko
usr/lib/modules/5.10.240-antix.1-486-smp/kernel/drivers/phy/samsung
usr/lib/modules/5.10.240-antix.1-486-smp/kernel/drivers/phy/samsung/phy-exynos-usb2.ko
usr/lib/modules/5.10.240-antix.1-486-smp/kernel/drivers/phy/ti
usr/lib/modules/5.10.240-antix.1-486-smp/kernel/drivers/phy/ti/phy-tusb1210.ko
usr/lib/modules/5.10.240-antix.1-486-smp/kernel/drivers/pinctrl
usr/lib/modules/5.10.240-antix.1-486-smp/kernel/drivers/pinctrl/intel
usr/lib/modules/5.10.240-antix.1-486-smp/kernel/drivers/pinctrl/intel/pinctrl-jasperlake.ko
usr/lib/modules/5.10.240-antix.1-486-smp/kernel/drivers/pinctrl/intel/pinctrl-lynxpoint.ko
usr/lib/modules/5.10.240-antix.1-486-smp/kernel/drivers/pinctrl/pinctrl-axp209.ko
usr/lib/modules/5.10.240-antix.1-486-smp/kernel/drivers/platform
usr/lib/modules/5.10.240-antix.1-486-smp/kernel/drivers/platform/chrome
usr/lib/modules/5.10.240-antix.1-486-smp/kernel/drivers/platform/chrome/chromeos_laptop.ko
usr/lib/modules/5.10.240-antix.1-486-smp/kernel/drivers/platform/chrome/chromeos_pstore.ko
usr/lib/modules/5.10.240-antix.1-486-smp/kernel/drivers/platform/chrome/cros-ec-sensorhub.ko
usr/lib/modules/5.10.240-antix.1-486-smp/kernel/drivers/platform/chrome/cros_ec.ko
usr/lib/modules/5.10.240-antix.1-486-smp/kernel/drivers/platform/chrome/cros_ec_chardev.ko
usr/lib/modules/5.10.240-antix.1-486-smp/kernel/drivers/platform/chrome/cros_ec_debugfs.ko
usr/lib/modules/5.10.240-antix.1-486-smp/kernel/drivers/platform/chrome/cros_ec_lightbar.ko
usr/lib/modules/5.10.240-antix.1-486-smp/kernel/drivers/platform/chrome/cros_ec_lpcs.ko
usr/lib/modules/5.10.240-antix.1-486-smp/kernel/drivers/platform/chrome/cros_ec_sysfs.ko
usr/lib/modules/5.10.240-antix.1-486-smp/kernel/drivers/platform/chrome/cros_ec_typec.ko
usr/lib/modules/5.10.240-antix.1-486-smp/kernel/drivers/platform/chrome/cros_ec_vbc.ko
usr/lib/modules/5.10.240-antix.1-486-smp/kernel/drivers/platform/chrome/cros_kbd_led_backlight.ko
usr/lib/modules/5.10.240-antix.1-486-smp/kernel/drivers/platform/chrome/cros_usbpd_notify.ko
usr/lib/modules/5.10.240-antix.1-486-smp/kernel/drivers/platform/x86
usr/lib/modules/5.10.240-antix.1-486-smp/kernel/drivers/platform/x86/asus-wmi.ko
usr/lib/modules/5.10.240-antix.1-486-smp/kernel/drivers/platform/x86/wmi.ko
usr/lib/modules/5.10.240-antix.1-486-smp/kernel/drivers/power
usr/lib/modules/5.10.240-antix.1-486-smp/kernel/drivers/power/supply
usr/lib/modules/5.10.240-antix.1-486-smp/kernel/drivers/power/supply/axp20x_ac_power.ko
usr/lib/modules/5.10.240-antix.1-486-smp/kernel/drivers/power/supply/axp20x_battery.ko
usr/lib/modules/5.10.240-antix.1-486-smp/kernel/drivers/power/supply/axp20x_usb_power.ko
usr/lib/modules/5.10.240-antix.1-486-smp/kernel/drivers/power/supply/axp288_charger.ko
usr/lib/modules/5.10.240-antix.1-486-smp/kernel/drivers/power/supply/axp288_fuel_gauge.ko
usr/lib/modules/5.10.240-antix.1-486-smp/kernel/drivers/power/supply/bd99954-charger.ko
usr/lib/modules/5.10.240-antix.1-486-smp/kernel/drivers/power/supply/bq2415x_charger.ko
usr/lib/modules/5.10.240-antix.1-486-smp/kernel/drivers/power/supply/bq24190_charger.ko
usr/lib/modules/5.10.240-antix.1-486-smp/kernel/drivers/power/supply/bq24257_charger.ko
usr/lib/modules/5.10.240-antix.1-486-smp/kernel/drivers/power/supply/bq24735-charger.ko
usr/lib/modules/5.10.240-antix.1-486-smp/kernel/drivers/power/supply/bq25890_charger.ko
usr/lib/modules/5.10.240-antix.1-486-smp/kernel/drivers/power/supply/bq27xxx_battery.ko
usr/lib/modules/5.10.240-antix.1-486-smp/kernel/drivers/power/supply/bq27xxx_battery_hdq.ko
usr/lib/modules/5.10.240-antix.1-486-smp/kernel/drivers/power/supply/bq27xxx_battery_i2c.ko
usr/lib/modules/5.10.240-antix.1-486-smp/kernel/drivers/power/supply/cw2015_battery.ko
usr/lib/modules/5.10.240-antix.1-486-smp/kernel/drivers/power/supply/da9052-battery.ko
usr/lib/modules/5.10.240-antix.1-486-smp/kernel/drivers/power/supply/ds2760_battery.ko
usr/lib/modules/5.10.240-antix.1-486-smp/kernel/drivers/power/supply/ds2780_battery.ko
usr/lib/modules/5.10.240-antix.1-486-smp/kernel/drivers/power/supply/ds2781_battery.ko
usr/lib/modules/5.10.240-antix.1-486-smp/kernel/drivers/power/supply/ds2782_battery.ko
usr/lib/modules/5.10.240-antix.1-486-smp/kernel/drivers/power/supply/generic-adc-battery.ko
usr/lib/modules/5.10.240-antix.1-486-smp/kernel/drivers/power/supply/gpio-charger.ko
usr/lib/modules/5.10.240-antix.1-486-smp/kernel/drivers/power/supply/isp1704_charger.ko
usr/lib/modules/5.10.240-antix.1-486-smp/kernel/drivers/power/supply/lp8727_charger.ko
usr/lib/modules/5.10.240-antix.1-486-smp/kernel/drivers/power/supply/ltc2941-battery-gauge.ko
usr/lib/modules/5.10.240-antix.1-486-smp/kernel/drivers/power/supply/max17040_battery.ko
usr/lib/modules/5.10.240-antix.1-486-smp/kernel/drivers/power/supply/max17042_battery.ko
usr/lib/modules/5.10.240-antix.1-486-smp/kernel/drivers/power/supply/max8903_charger.ko
usr/lib/modules/5.10.240-antix.1-486-smp/kernel/drivers/power/supply/mp2629_charger.ko
usr/lib/modules/5.10.240-antix.1-486-smp/kernel/drivers/power/supply/pcf50633-charger.ko
usr/lib/modules/5.10.240-antix.1-486-smp/kernel/drivers/power/supply/pda_power.ko
usr/lib/modules/5.10.240-antix.1-486-smp/kernel/drivers/power/supply/rt5033_battery.ko
usr/lib/modules/5.10.240-antix.1-486-smp/kernel/drivers/power/supply/rt9455_charger.ko
usr/lib/modules/5.10.240-antix.1-486-smp/kernel/drivers/power/supply/sbs-battery.ko
usr/lib/modules/5.10.240-antix.1-486-smp/kernel/drivers/power/supply/smb347-charger.ko
usr/lib/modules/5.10.240-antix.1-486-smp/kernel/drivers/power/supply/test_power.ko
usr/lib/modules/5.10.240-antix.1-486-smp/kernel/drivers/power/supply/wm831x_backup.ko
usr/lib/modules/5.10.240-antix.1-486-smp/kernel/drivers/power/supply/wm831x_power.ko
usr/lib/modules/5.10.240-antix.1-486-smp/kernel/drivers/pps
usr/lib/modules/5.10.240-antix.1-486-smp/kernel/drivers/pps/pps_core.ko
usr/lib/modules/5.10.240-antix.1-486-smp/kernel/drivers/ptp
usr/lib/modules/5.10.240-antix.1-486-smp/kernel/drivers/ptp/ptp.ko
usr/lib/modules/5.10.240-antix.1-486-smp/kernel/drivers/ptp/ptp_pch.ko
usr/lib/modules/5.10.240-antix.1-486-smp/kernel/drivers/regulator
usr/lib/modules/5.10.240-antix.1-486-smp/kernel/drivers/regulator/act8865-regulator.ko
usr/lib/modules/5.10.240-antix.1-486-smp/kernel/drivers/regulator/ad5398.ko
usr/lib/modules/5.10.240-antix.1-486-smp/kernel/drivers/regulator/axp20x-regulator.ko
usr/lib/modules/5.10.240-antix.1-486-smp/kernel/drivers/regulator/bcm590xx-regulator.ko
usr/lib/modules/5.10.240-antix.1-486-smp/kernel/drivers/regulator/bd70528-regulator.ko
usr/lib/modules/5.10.240-antix.1-486-smp/kernel/drivers/regulator/bd71828-regulator.ko
usr/lib/modules/5.10.240-antix.1-486-smp/kernel/drivers/regulator/da9052-regulator.ko
usr/lib/modules/5.10.240-antix.1-486-smp/kernel/drivers/regulator/da9210-regulator.ko
usr/lib/modules/5.10.240-antix.1-486-smp/kernel/drivers/regulator/da9211-regulator.ko
usr/lib/modules/5.10.240-antix.1-486-smp/kernel/drivers/regulator/fan53555.ko
usr/lib/modules/5.10.240-antix.1-486-smp/kernel/drivers/regulator/fixed.ko
usr/lib/modules/5.10.240-antix.1-486-smp/kernel/drivers/regulator/gpio-regulator.ko
usr/lib/modules/5.10.240-antix.1-486-smp/kernel/drivers/regulator/isl6271a-regulator.ko
usr/lib/modules/5.10.240-antix.1-486-smp/kernel/drivers/regulator/isl9305.ko
usr/lib/modules/5.10.240-antix.1-486-smp/kernel/drivers/regulator/lp3971.ko
usr/lib/modules/5.10.240-antix.1-486-smp/kernel/drivers/regulator/lp3972.ko
usr/lib/modules/5.10.240-antix.1-486-smp/kernel/drivers/regulator/lp872x.ko
usr/lib/modules/5.10.240-antix.1-486-smp/kernel/drivers/regulator/lp8755.ko
usr/lib/modules/5.10.240-antix.1-486-smp/kernel/drivers/regulator/ltc3589.ko
usr/lib/modules/5.10.240-antix.1-486-smp/kernel/drivers/regulator/max1586.ko
usr/lib/modules/5.10.240-antix.1-486-smp/kernel/drivers/regulator/max77826-regulator.ko
usr/lib/modules/5.10.240-antix.1-486-smp/kernel/drivers/regulator/max8649.ko
usr/lib/modules/5.10.240-antix.1-486-smp/kernel/drivers/regulator/max8660.ko
usr/lib/modules/5.10.240-antix.1-486-smp/kernel/drivers/regulator/max8952.ko
usr/lib/modules/5.10.240-antix.1-486-smp/kernel/drivers/regulator/mc13783-regulator.ko
usr/lib/modules/5.10.240-antix.1-486-smp/kernel/drivers/regulator/mc13892-regulator.ko
usr/lib/modules/5.10.240-antix.1-486-smp/kernel/drivers/regulator/mc13xxx-regulator-core.ko
usr/lib/modules/5.10.240-antix.1-486-smp/kernel/drivers/regulator/mp5416.ko
usr/lib/modules/5.10.240-antix.1-486-smp/kernel/drivers/regulator/mp8859.ko
usr/lib/modules/5.10.240-antix.1-486-smp/kernel/drivers/regulator/mp886x.ko
usr/lib/modules/5.10.240-antix.1-486-smp/kernel/drivers/regulator/mpq7920.ko
usr/lib/modules/5.10.240-antix.1-486-smp/kernel/drivers/regulator/mt6311-regulator.ko
usr/lib/modules/5.10.240-antix.1-486-smp/kernel/drivers/regulator/mt6358-regulator.ko
usr/lib/modules/5.10.240-antix.1-486-smp/kernel/drivers/regulator/mt6397-regulator.ko
usr/lib/modules/5.10.240-antix.1-486-smp/kernel/drivers/regulator/pcap-regulator.ko
usr/lib/modules/5.10.240-antix.1-486-smp/kernel/drivers/regulator/pcf50633-regulator.ko
usr/lib/modules/5.10.240-antix.1-486-smp/kernel/drivers/regulator/pfuze100-regulator.ko
usr/lib/modules/5.10.240-antix.1-486-smp/kernel/drivers/regulator/pwm-regulator.ko
usr/lib/modules/5.10.240-antix.1-486-smp/kernel/drivers/regulator/qcom_spmi-regulator.ko
usr/lib/modules/5.10.240-antix.1-486-smp/kernel/drivers/regulator/rohm-regulator.ko
usr/lib/modules/5.10.240-antix.1-486-smp/kernel/drivers/regulator/sky81452-regulator.ko
usr/lib/modules/5.10.240-antix.1-486-smp/kernel/drivers/regulator/slg51000-regulator.ko
usr/lib/modules/5.10.240-antix.1-486-smp/kernel/drivers/regulator/sy8824x.ko
usr/lib/modules/5.10.240-antix.1-486-smp/kernel/drivers/regulator/tps51632-regulator.ko
usr/lib/modules/5.10.240-antix.1-486-smp/kernel/drivers/regulator/tps6105x-regulator.ko
usr/lib/modules/5.10.240-antix.1-486-smp/kernel/drivers/regulator/tps62360-regulator.ko
usr/lib/modules/5.10.240-antix.1-486-smp/kernel/drivers/regulator/tps65023-regulator.ko
usr/lib/modules/5.10.240-antix.1-486-smp/kernel/drivers/regulator/tps6507x-regulator.ko
usr/lib/modules/5.10.240-antix.1-486-smp/kernel/drivers/regulator/tps6524x-regulator.ko
usr/lib/modules/5.10.240-antix.1-486-smp/kernel/drivers/regulator/tps65912-regulator.ko
usr/lib/modules/5.10.240-antix.1-486-smp/kernel/drivers/regulator/userspace-consumer.ko
usr/lib/modules/5.10.240-antix.1-486-smp/kernel/drivers/regulator/virtual.ko
usr/lib/modules/5.10.240-antix.1-486-smp/kernel/drivers/regulator/wm831x-dcdc.ko
usr/lib/modules/5.10.240-antix.1-486-smp/kernel/drivers/regulator/wm831x-isink.ko
usr/lib/modules/5.10.240-antix.1-486-smp/kernel/drivers/regulator/wm831x-ldo.ko
usr/lib/modules/5.10.240-antix.1-486-smp/kernel/drivers/regulator/wm8994-regulator.ko
usr/lib/modules/5.10.240-antix.1-486-smp/kernel/drivers/rtc
usr/lib/modules/5.10.240-antix.1-486-smp/kernel/drivers/rtc/rtc-ab-b5ze-s3.ko
usr/lib/modules/5.10.240-antix.1-486-smp/kernel/drivers/rtc/rtc-ab-eoz9.ko
usr/lib/modules/5.10.240-antix.1-486-smp/kernel/drivers/rtc/rtc-abx80x.ko
usr/lib/modules/5.10.240-antix.1-486-smp/kernel/drivers/rtc/rtc-bd70528.ko
usr/lib/modules/5.10.240-antix.1-486-smp/kernel/drivers/rtc/rtc-bq32k.ko
usr/lib/modules/5.10.240-antix.1-486-smp/kernel/drivers/rtc/rtc-bq4802.ko
usr/lib/modules/5.10.240-antix.1-486-smp/kernel/drivers/rtc/rtc-cmos.ko
usr/lib/modules/5.10.240-antix.1-486-smp/kernel/drivers/rtc/rtc-da9052.ko
usr/lib/modules/5.10.240-antix.1-486-smp/kernel/drivers/rtc/rtc-ds1286.ko
usr/lib/modules/5.10.240-antix.1-486-smp/kernel/drivers/rtc/rtc-ds1305.ko
usr/lib/modules/5.10.240-antix.1-486-smp/kernel/drivers/rtc/rtc-ds1307.ko
usr/lib/modules/5.10.240-antix.1-486-smp/kernel/drivers/rtc/rtc-ds1343.ko
usr/lib/modules/5.10.240-antix.1-486-smp/kernel/drivers/rtc/rtc-ds1347.ko
usr/lib/modules/5.10.240-antix.1-486-smp/kernel/drivers/rtc/rtc-ds1374.ko
usr/lib/modules/5.10.240-antix.1-486-smp/kernel/drivers/rtc/rtc-ds1390.ko
usr/lib/modules/5.10.240-antix.1-486-smp/kernel/drivers/rtc/rtc-ds1511.ko
usr/lib/modules/5.10.240-antix.1-486-smp/kernel/drivers/rtc/rtc-ds1553.ko
usr/lib/modules/5.10.240-antix.1-486-smp/kernel/drivers/rtc/rtc-ds1672.ko
usr/lib/modules/5.10.240-antix.1-486-smp/kernel/drivers/rtc/rtc-ds1685.ko
usr/lib/modules/5.10.240-antix.1-486-smp/kernel/drivers/rtc/rtc-ds1742.ko
usr/lib/modules/5.10.240-antix.1-486-smp/kernel/drivers/rtc/rtc-ds2404.ko
usr/lib/modules/5.10.240-antix.1-486-smp/kernel/drivers/rtc/rtc-ds3232.ko
usr/lib/modules/5.10.240-antix.1-486-smp/kernel/drivers/rtc/rtc-em3027.ko
usr/lib/modules/5.10.240-antix.1-486-smp/kernel/drivers/rtc/rtc-fm3130.ko
usr/lib/modules/5.10.240-antix.1-486-smp/kernel/drivers/rtc/rtc-hid-sensor-time.ko
usr/lib/modules/5.10.240-antix.1-486-smp/kernel/drivers/rtc/rtc-isl12022.ko
usr/lib/modules/5.10.240-antix.1-486-smp/kernel/drivers/rtc/rtc-isl1208.ko
usr/lib/modules/5.10.240-antix.1-486-smp/kernel/drivers/rtc/rtc-m41t80.ko
usr/lib/modules/5.10.240-antix.1-486-smp/kernel/drivers/rtc/rtc-m41t93.ko
usr/lib/modules/5.10.240-antix.1-486-smp/kernel/drivers/rtc/rtc-m41t94.ko
usr/lib/modules/5.10.240-antix.1-486-smp/kernel/drivers/rtc/rtc-m48t35.ko
usr/lib/modules/5.10.240-antix.1-486-smp/kernel/drivers/rtc/rtc-m48t59.ko
usr/lib/modules/5.10.240-antix.1-486-smp/kernel/drivers/rtc/rtc-m48t86.ko
usr/lib/modules/5.10.240-antix.1-486-smp/kernel/drivers/rtc/rtc-max6900.ko
usr/lib/modules/5.10.240-antix.1-486-smp/kernel/drivers/rtc/rtc-max6902.ko
usr/lib/modules/5.10.240-antix.1-486-smp/kernel/drivers/rtc/rtc-mc13xxx.ko
usr/lib/modules/5.10.240-antix.1-486-smp/kernel/drivers/rtc/rtc-mcp795.ko
usr/lib/modules/5.10.240-antix.1-486-smp/kernel/drivers/rtc/rtc-msm6242.ko
usr/lib/modules/5.10.240-antix.1-486-smp/kernel/drivers/rtc/rtc-mt6397.ko
usr/lib/modules/5.10.240-antix.1-486-smp/kernel/drivers/rtc/rtc-pcap.ko
usr/lib/modules/5.10.240-antix.1-486-smp/kernel/drivers/rtc/rtc-pcf2123.ko
usr/lib/modules/5.10.240-antix.1-486-smp/kernel/drivers/rtc/rtc-pcf2127.ko
usr/lib/modules/5.10.240-antix.1-486-smp/kernel/drivers/rtc/rtc-pcf50633.ko
usr/lib/modules/5.10.240-antix.1-486-smp/kernel/drivers/rtc/rtc-pcf85063.ko
usr/lib/modules/5.10.240-antix.1-486-smp/kernel/drivers/rtc/rtc-pcf8523.ko
usr/lib/modules/5.10.240-antix.1-486-smp/kernel/drivers/rtc/rtc-pcf8563.ko
usr/lib/modules/5.10.240-antix.1-486-smp/kernel/drivers/rtc/rtc-pcf8583.ko
usr/lib/modules/5.10.240-antix.1-486-smp/kernel/drivers/rtc/rtc-r9701.ko
usr/lib/modules/5.10.240-antix.1-486-smp/kernel/drivers/rtc/rtc-rp5c01.ko
usr/lib/modules/5.10.240-antix.1-486-smp/kernel/drivers/rtc/rtc-rs5c348.ko
usr/lib/modules/5.10.240-antix.1-486-smp/kernel/drivers/rtc/rtc-rs5c372.ko
usr/lib/modules/5.10.240-antix.1-486-smp/kernel/drivers/rtc/rtc-rv3028.ko
usr/lib/modules/5.10.240-antix.1-486-smp/kernel/drivers/rtc/rtc-rv3029c2.ko
usr/lib/modules/5.10.240-antix.1-486-smp/kernel/drivers/rtc/rtc-rx4581.ko
usr/lib/modules/5.10.240-antix.1-486-smp/kernel/drivers/rtc/rtc-rx8025.ko
usr/lib/modules/5.10.240-antix.1-486-smp/kernel/drivers/rtc/rtc-rx8581.ko
usr/lib/modules/5.10.240-antix.1-486-smp/kernel/drivers/rtc/rtc-s35390a.ko
usr/lib/modules/5.10.240-antix.1-486-smp/kernel/drivers/rtc/rtc-stk17ta8.ko
usr/lib/modules/5.10.240-antix.1-486-smp/kernel/drivers/rtc/rtc-v3020.ko
usr/lib/modules/5.10.240-antix.1-486-smp/kernel/drivers/rtc/rtc-wm831x.ko
usr/lib/modules/5.10.240-antix.1-486-smp/kernel/drivers/rtc/rtc-x1205.ko
usr/lib/modules/5.10.240-antix.1-486-smp/kernel/drivers/scsi
usr/lib/modules/5.10.240-antix.1-486-smp/kernel/drivers/scsi/3w-9xxx.ko
usr/lib/modules/5.10.240-antix.1-486-smp/kernel/drivers/scsi/3w-sas.ko
usr/lib/modules/5.10.240-antix.1-486-smp/kernel/drivers/scsi/3w-xxxx.ko
usr/lib/modules/5.10.240-antix.1-486-smp/kernel/drivers/scsi/BusLogic.ko
usr/lib/modules/5.10.240-antix.1-486-smp/kernel/drivers/scsi/a100u2w.ko
usr/lib/modules/5.10.240-antix.1-486-smp/kernel/drivers/scsi/aacraid
usr/lib/modules/5.10.240-antix.1-486-smp/kernel/drivers/scsi/aacraid/aacraid.ko
usr/lib/modules/5.10.240-antix.1-486-smp/kernel/drivers/scsi/advansys.ko
usr/lib/modules/5.10.240-antix.1-486-smp/kernel/drivers/scsi/aha152x.ko
usr/lib/modules/5.10.240-antix.1-486-smp/kernel/drivers/scsi/aha1542.ko
usr/lib/modules/5.10.240-antix.1-486-smp/kernel/drivers/scsi/aic7xxx
usr/lib/modules/5.10.240-antix.1-486-smp/kernel/drivers/scsi/aic7xxx/aic79xx.ko
usr/lib/modules/5.10.240-antix.1-486-smp/kernel/drivers/scsi/aic7xxx/aic7xxx.ko
usr/lib/modules/5.10.240-antix.1-486-smp/kernel/drivers/scsi/aic94xx
usr/lib/modules/5.10.240-antix.1-486-smp/kernel/drivers/scsi/aic94xx/aic94xx.ko
usr/lib/modules/5.10.240-antix.1-486-smp/kernel/drivers/scsi/am53c974.ko
usr/lib/modules/5.10.240-antix.1-486-smp/kernel/drivers/scsi/arcmsr
usr/lib/modules/5.10.240-antix.1-486-smp/kernel/drivers/scsi/arcmsr/arcmsr.ko
usr/lib/modules/5.10.240-antix.1-486-smp/kernel/drivers/scsi/atp870u.ko
usr/lib/modules/5.10.240-antix.1-486-smp/kernel/drivers/scsi/be2iscsi
usr/lib/modules/5.10.240-antix.1-486-smp/kernel/drivers/scsi/be2iscsi/be2iscsi.ko
usr/lib/modules/5.10.240-antix.1-486-smp/kernel/drivers/scsi/bfa
usr/lib/modules/5.10.240-antix.1-486-smp/kernel/drivers/scsi/bfa/bfa.ko
usr/lib/modules/5.10.240-antix.1-486-smp/kernel/drivers/scsi/bnx2fc
usr/lib/modules/5.10.240-antix.1-486-smp/kernel/drivers/scsi/bnx2fc/bnx2fc.ko
usr/lib/modules/5.10.240-antix.1-486-smp/kernel/drivers/scsi/bnx2i
usr/lib/modules/5.10.240-antix.1-486-smp/kernel/drivers/scsi/bnx2i/bnx2i.ko
usr/lib/modules/5.10.240-antix.1-486-smp/kernel/drivers/scsi/csiostor
usr/lib/modules/5.10.240-antix.1-486-smp/kernel/drivers/scsi/csiostor/csiostor.ko
usr/lib/modules/5.10.240-antix.1-486-smp/kernel/drivers/scsi/cxgbi
usr/lib/modules/5.10.240-antix.1-486-smp/kernel/drivers/scsi/cxgbi/cxgb3i
usr/lib/modules/5.10.240-antix.1-486-smp/kernel/drivers/scsi/cxgbi/cxgb3i/cxgb3i.ko
usr/lib/modules/5.10.240-antix.1-486-smp/kernel/drivers/scsi/cxgbi/cxgb4i
usr/lib/modules/5.10.240-antix.1-486-smp/kernel/drivers/scsi/cxgbi/cxgb4i/cxgb4i.ko
usr/lib/modules/5.10.240-antix.1-486-smp/kernel/drivers/scsi/cxgbi/libcxgbi.ko
usr/lib/modules/5.10.240-antix.1-486-smp/kernel/drivers/scsi/dc395x.ko
usr/lib/modules/5.10.240-antix.1-486-smp/kernel/drivers/scsi/device_handler
usr/lib/modules/5.10.240-antix.1-486-smp/kernel/drivers/scsi/device_handler/scsi_dh_alua.ko
usr/lib/modules/5.10.240-antix.1-486-smp/kernel/drivers/scsi/device_handler/scsi_dh_emc.ko
usr/lib/modules/5.10.240-antix.1-486-smp/kernel/drivers/scsi/device_handler/scsi_dh_rdac.ko
usr/lib/modules/5.10.240-antix.1-486-smp/kernel/drivers/scsi/dmx3191d.ko
usr/lib/modules/5.10.240-antix.1-486-smp/kernel/drivers/scsi/dpt_i2o.ko
usr/lib/modules/5.10.240-antix.1-486-smp/kernel/drivers/scsi/esas2r
usr/lib/modules/5.10.240-antix.1-486-smp/kernel/drivers/scsi/esas2r/esas2r.ko
usr/lib/modules/5.10.240-antix.1-486-smp/kernel/drivers/scsi/esp_scsi.ko
usr/lib/modules/5.10.240-antix.1-486-smp/kernel/drivers/scsi/fcoe
usr/lib/modules/5.10.240-antix.1-486-smp/kernel/drivers/scsi/fcoe/fcoe.ko
usr/lib/modules/5.10.240-antix.1-486-smp/kernel/drivers/scsi/fcoe/libfcoe.ko
usr/lib/modules/5.10.240-antix.1-486-smp/kernel/drivers/scsi/fdomain.ko
usr/lib/modules/5.10.240-antix.1-486-smp/kernel/drivers/scsi/fnic
usr/lib/modules/5.10.240-antix.1-486-smp/kernel/drivers/scsi/fnic/fnic.ko
usr/lib/modules/5.10.240-antix.1-486-smp/kernel/drivers/scsi/gdth.ko
usr/lib/modules/5.10.240-antix.1-486-smp/kernel/drivers/scsi/hpsa.ko
usr/lib/modules/5.10.240-antix.1-486-smp/kernel/drivers/scsi/hptiop.ko
usr/lib/modules/5.10.240-antix.1-486-smp/kernel/drivers/scsi/hv_storvsc.ko
usr/lib/modules/5.10.240-antix.1-486-smp/kernel/drivers/scsi/imm.ko
usr/lib/modules/5.10.240-antix.1-486-smp/kernel/drivers/scsi/initio.ko
usr/lib/modules/5.10.240-antix.1-486-smp/kernel/drivers/scsi/ipr.ko
usr/lib/modules/5.10.240-antix.1-486-smp/kernel/drivers/scsi/ips.ko
usr/lib/modules/5.10.240-antix.1-486-smp/kernel/drivers/scsi/isci
usr/lib/modules/5.10.240-antix.1-486-smp/kernel/drivers/scsi/isci/isci.ko
usr/lib/modules/5.10.240-antix.1-486-smp/kernel/drivers/scsi/iscsi_tcp.ko
usr/lib/modules/5.10.240-antix.1-486-smp/kernel/drivers/scsi/libfc
usr/lib/modules/5.10.240-antix.1-486-smp/kernel/drivers/scsi/libfc/libfc.ko
usr/lib/modules/5.10.240-antix.1-486-smp/kernel/drivers/scsi/libiscsi.ko
usr/lib/modules/5.10.240-antix.1-486-smp/kernel/drivers/scsi/libiscsi_tcp.ko
usr/lib/modules/5.10.240-antix.1-486-smp/kernel/drivers/scsi/libsas
usr/lib/modules/5.10.240-antix.1-486-smp/kernel/drivers/scsi/libsas/libsas.ko
usr/lib/modules/5.10.240-antix.1-486-smp/kernel/drivers/scsi/lpfc
usr/lib/modules/5.10.240-antix.1-486-smp/kernel/drivers/scsi/lpfc/lpfc.ko
usr/lib/modules/5.10.240-antix.1-486-smp/kernel/drivers/scsi/megaraid
usr/lib/modules/5.10.240-antix.1-486-smp/kernel/drivers/scsi/megaraid.ko
usr/lib/modules/5.10.240-antix.1-486-smp/kernel/drivers/scsi/megaraid/megaraid_mbox.ko
usr/lib/modules/5.10.240-antix.1-486-smp/kernel/drivers/scsi/megaraid/megaraid_mm.ko
usr/lib/modules/5.10.240-antix.1-486-smp/kernel/drivers/scsi/megaraid/megaraid_sas.ko
usr/lib/modules/5.10.240-antix.1-486-smp/kernel/drivers/scsi/mpt3sas
usr/lib/modules/5.10.240-antix.1-486-smp/kernel/drivers/scsi/mpt3sas/mpt3sas.ko
usr/lib/modules/5.10.240-antix.1-486-smp/kernel/drivers/scsi/mvsas
usr/lib/modules/5.10.240-antix.1-486-smp/kernel/drivers/scsi/mvsas/mvsas.ko
usr/lib/modules/5.10.240-antix.1-486-smp/kernel/drivers/scsi/mvumi.ko
usr/lib/modules/5.10.240-antix.1-486-smp/kernel/drivers/scsi/myrb.ko
usr/lib/modules/5.10.240-antix.1-486-smp/kernel/drivers/scsi/myrs.ko
usr/lib/modules/5.10.240-antix.1-486-smp/kernel/drivers/scsi/nsp32.ko
usr/lib/modules/5.10.240-antix.1-486-smp/kernel/drivers/scsi/pcmcia
usr/lib/modules/5.10.240-antix.1-486-smp/kernel/drivers/scsi/pcmcia/aha152x_cs.ko
usr/lib/modules/5.10.240-antix.1-486-smp/kernel/drivers/scsi/pcmcia/nsp_cs.ko
usr/lib/modules/5.10.240-antix.1-486-smp/kernel/drivers/scsi/pcmcia/qlogic_cs.ko
usr/lib/modules/5.10.240-antix.1-486-smp/kernel/drivers/scsi/pcmcia/sym53c500_cs.ko
usr/lib/modules/5.10.240-antix.1-486-smp/kernel/drivers/scsi/pm8001
usr/lib/modules/5.10.240-antix.1-486-smp/kernel/drivers/scsi/pm8001/pm80xx.ko
usr/lib/modules/5.10.240-antix.1-486-smp/kernel/drivers/scsi/pmcraid.ko
usr/lib/modules/5.10.240-antix.1-486-smp/kernel/drivers/scsi/ppa.ko
usr/lib/modules/5.10.240-antix.1-486-smp/kernel/drivers/scsi/qedf
usr/lib/modules/5.10.240-antix.1-486-smp/kernel/drivers/scsi/qedf/qedf.ko
usr/lib/modules/5.10.240-antix.1-486-smp/kernel/drivers/scsi/qedi
usr/lib/modules/5.10.240-antix.1-486-smp/kernel/drivers/scsi/qedi/qedi.ko
usr/lib/modules/5.10.240-antix.1-486-smp/kernel/drivers/scsi/qla1280.ko
usr/lib/modules/5.10.240-antix.1-486-smp/kernel/drivers/scsi/qla2xxx
usr/lib/modules/5.10.240-antix.1-486-smp/kernel/drivers/scsi/qla2xxx/qla2xxx.ko
usr/lib/modules/5.10.240-antix.1-486-smp/kernel/drivers/scsi/qla4xxx
usr/lib/modules/5.10.240-antix.1-486-smp/kernel/drivers/scsi/qla4xxx/qla4xxx.ko
usr/lib/modules/5.10.240-antix.1-486-smp/kernel/drivers/scsi/qlogicfas.ko
usr/lib/modules/5.10.240-antix.1-486-smp/kernel/drivers/scsi/qlogicfas408.ko
usr/lib/modules/5.10.240-antix.1-486-smp/kernel/drivers/scsi/raid_class.ko
usr/lib/modules/5.10.240-antix.1-486-smp/kernel/drivers/scsi/scsi_debug.ko
usr/lib/modules/5.10.240-antix.1-486-smp/kernel/drivers/scsi/scsi_transport_fc.ko
usr/lib/modules/5.10.240-antix.1-486-smp/kernel/drivers/scsi/scsi_transport_iscsi.ko
usr/lib/modules/5.10.240-antix.1-486-smp/kernel/drivers/scsi/scsi_transport_sas.ko
usr/lib/modules/5.10.240-antix.1-486-smp/kernel/drivers/scsi/scsi_transport_spi.ko
usr/lib/modules/5.10.240-antix.1-486-smp/kernel/drivers/scsi/scsi_transport_srp.ko
usr/lib/modules/5.10.240-antix.1-486-smp/kernel/drivers/scsi/smartpqi
usr/lib/modules/5.10.240-antix.1-486-smp/kernel/drivers/scsi/smartpqi/smartpqi.ko
usr/lib/modules/5.10.240-antix.1-486-smp/kernel/drivers/scsi/snic
usr/lib/modules/5.10.240-antix.1-486-smp/kernel/drivers/scsi/snic/snic.ko
usr/lib/modules/5.10.240-antix.1-486-smp/kernel/drivers/scsi/stex.ko
usr/lib/modules/5.10.240-antix.1-486-smp/kernel/drivers/scsi/sym53c8xx_2
usr/lib/modules/5.10.240-antix.1-486-smp/kernel/drivers/scsi/sym53c8xx_2/sym53c8xx.ko
usr/lib/modules/5.10.240-antix.1-486-smp/kernel/drivers/scsi/ufs
usr/lib/modules/5.10.240-antix.1-486-smp/kernel/drivers/scsi/ufs/ufshcd-core.ko
usr/lib/modules/5.10.240-antix.1-486-smp/kernel/drivers/scsi/virtio_scsi.ko
usr/lib/modules/5.10.240-antix.1-486-smp/kernel/drivers/scsi/vmw_pvscsi.ko
usr/lib/modules/5.10.240-antix.1-486-smp/kernel/drivers/scsi/wd719x.ko
usr/lib/modules/5.10.240-antix.1-486-smp/kernel/drivers/slimbus
usr/lib/modules/5.10.240-antix.1-486-smp/kernel/drivers/slimbus/slimbus.ko
usr/lib/modules/5.10.240-antix.1-486-smp/kernel/drivers/soc
usr/lib/modules/5.10.240-antix.1-486-smp/kernel/drivers/soc/qcom
usr/lib/modules/5.10.240-antix.1-486-smp/kernel/drivers/soc/qcom/qmi_helpers.ko
usr/lib/modules/5.10.240-antix.1-486-smp/kernel/drivers/spi
usr/lib/modules/5.10.240-antix.1-486-smp/kernel/drivers/spi/spi-altera.ko
usr/lib/modules/5.10.240-antix.1-486-smp/kernel/drivers/spi/spi-amd.ko
usr/lib/modules/5.10.240-antix.1-486-smp/kernel/drivers/spi/spi-bitbang.ko
usr/lib/modules/5.10.240-antix.1-486-smp/kernel/drivers/spi/spi-butterfly.ko
usr/lib/modules/5.10.240-antix.1-486-smp/kernel/drivers/spi/spi-cadence.ko
usr/lib/modules/5.10.240-antix.1-486-smp/kernel/drivers/spi/spi-dln2.ko
usr/lib/modules/5.10.240-antix.1-486-smp/kernel/drivers/spi/spi-dw-mmio.ko
usr/lib/modules/5.10.240-antix.1-486-smp/kernel/drivers/spi/spi-dw-pci.ko
usr/lib/modules/5.10.240-antix.1-486-smp/kernel/drivers/spi/spi-gpio.ko
usr/lib/modules/5.10.240-antix.1-486-smp/kernel/drivers/spi/spi-lm70llp.ko
usr/lib/modules/5.10.240-antix.1-486-smp/kernel/drivers/spi/spi-mux.ko
usr/lib/modules/5.10.240-antix.1-486-smp/kernel/drivers/spi/spi-nxp-fspi.ko
usr/lib/modules/5.10.240-antix.1-486-smp/kernel/drivers/spi/spi-oc-tiny.ko
usr/lib/modules/5.10.240-antix.1-486-smp/kernel/drivers/spi/spi-pxa2xx-pci.ko
usr/lib/modules/5.10.240-antix.1-486-smp/kernel/drivers/spi/spi-pxa2xx-platform.ko
usr/lib/modules/5.10.240-antix.1-486-smp/kernel/drivers/spi/spi-sc18is602.ko
usr/lib/modules/5.10.240-antix.1-486-smp/kernel/drivers/spi/spi-sifive.ko
usr/lib/modules/5.10.240-antix.1-486-smp/kernel/drivers/spi/spi-tle62x0.ko
usr/lib/modules/5.10.240-antix.1-486-smp/kernel/drivers/spi/spi-topcliff-pch.ko
usr/lib/modules/5.10.240-antix.1-486-smp/kernel/drivers/spi/spi-xcomm.ko
usr/lib/modules/5.10.240-antix.1-486-smp/kernel/drivers/spi/spi-xilinx.ko
usr/lib/modules/5.10.240-antix.1-486-smp/kernel/drivers/spi/spi-zynqmp-gqspi.ko
usr/lib/modules/5.10.240-antix.1-486-smp/kernel/drivers/spi/spidev.ko
usr/lib/modules/5.10.240-antix.1-486-smp/kernel/drivers/spmi
usr/lib/modules/5.10.240-antix.1-486-smp/kernel/drivers/spmi/spmi.ko
usr/lib/modules/5.10.240-antix.1-486-smp/kernel/drivers/ssb
usr/lib/modules/5.10.240-antix.1-486-smp/kernel/drivers/ssb/ssb.ko
usr/lib/modules/5.10.240-antix.1-486-smp/kernel/drivers/thunderbolt
usr/lib/modules/5.10.240-antix.1-486-smp/kernel/drivers/thunderbolt/thunderbolt.ko
usr/lib/modules/5.10.240-antix.1-486-smp/kernel/drivers/tty
usr/lib/modules/5.10.240-antix.1-486-smp/kernel/drivers/tty/serial
usr/lib/modules/5.10.240-antix.1-486-smp/kernel/drivers/tty/serial/8250
usr/lib/modules/5.10.240-antix.1-486-smp/kernel/drivers/tty/serial/8250/8250_accent.ko
usr/lib/modules/5.10.240-antix.1-486-smp/kernel/drivers/tty/serial/8250/8250_boca.ko
usr/lib/modules/5.10.240-antix.1-486-smp/kernel/drivers/tty/serial/8250/8250_dw.ko
usr/lib/modules/5.10.240-antix.1-486-smp/kernel/drivers/tty/serial/8250/8250_exar_st16c554.ko
usr/lib/modules/5.10.240-antix.1-486-smp/kernel/drivers/tty/serial/8250/8250_fourport.ko
usr/lib/modules/5.10.240-antix.1-486-smp/kernel/drivers/tty/serial/8250/8250_hub6.ko
usr/lib/modules/5.10.240-antix.1-486-smp/kernel/drivers/tty/serial/8250/8250_of.ko
usr/lib/modules/5.10.240-antix.1-486-smp/kernel/drivers/tty/serial/8250/serial_cs.ko
usr/lib/modules/5.10.240-antix.1-486-smp/kernel/drivers/tty/serial/altera_jtaguart.ko
usr/lib/modules/5.10.240-antix.1-486-smp/kernel/drivers/tty/serial/altera_uart.ko
usr/lib/modules/5.10.240-antix.1-486-smp/kernel/drivers/tty/serial/arc_uart.ko
usr/lib/modules/5.10.240-antix.1-486-smp/kernel/drivers/tty/serial/fsl_linflexuart.ko
usr/lib/modules/5.10.240-antix.1-486-smp/kernel/drivers/tty/serial/fsl_lpuart.ko
usr/lib/modules/5.10.240-antix.1-486-smp/kernel/drivers/tty/serial/ifx6x60.ko
usr/lib/modules/5.10.240-antix.1-486-smp/kernel/drivers/tty/serial/jsm
usr/lib/modules/5.10.240-antix.1-486-smp/kernel/drivers/tty/serial/jsm/jsm.ko
usr/lib/modules/5.10.240-antix.1-486-smp/kernel/drivers/tty/serial/lantiq.ko
usr/lib/modules/5.10.240-antix.1-486-smp/kernel/drivers/tty/serial/max3100.ko
usr/lib/modules/5.10.240-antix.1-486-smp/kernel/drivers/tty/serial/men_z135_uart.ko
usr/lib/modules/5.10.240-antix.1-486-smp/kernel/drivers/tty/serial/pch_uart.ko
usr/lib/modules/5.10.240-antix.1-486-smp/kernel/drivers/tty/serial/rp2.ko
usr/lib/modules/5.10.240-antix.1-486-smp/kernel/drivers/tty/serial/sc16is7xx.ko
usr/lib/modules/5.10.240-antix.1-486-smp/kernel/drivers/tty/serial/sccnxp.ko
usr/lib/modules/5.10.240-antix.1-486-smp/kernel/drivers/tty/serial/sprd_serial.ko
usr/lib/modules/5.10.240-antix.1-486-smp/kernel/drivers/tty/serial/timbuart.ko
usr/lib/modules/5.10.240-antix.1-486-smp/kernel/drivers/tty/serial/uartlite.ko
usr/lib/modules/5.10.240-antix.1-486-smp/kernel/drivers/uio
usr/lib/modules/5.10.240-antix.1-486-smp/kernel/drivers/uio/uio.ko
usr/lib/modules/5.10.240-antix.1-486-smp/kernel/drivers/usb
usr/lib/modules/5.10.240-antix.1-486-smp/kernel/drivers/usb/c67x00
usr/lib/modules/5.10.240-antix.1-486-smp/kernel/drivers/usb/c67x00/c67x00.ko
usr/lib/modules/5.10.240-antix.1-486-smp/kernel/drivers/usb/chipidea
usr/lib/modules/5.10.240-antix.1-486-smp/kernel/drivers/usb/chipidea/ci_hdrc.ko
usr/lib/modules/5.10.240-antix.1-486-smp/kernel/drivers/usb/chipidea/ci_hdrc_imx.ko
usr/lib/modules/5.10.240-antix.1-486-smp/kernel/drivers/usb/chipidea/ci_hdrc_msm.ko
usr/lib/modules/5.10.240-antix.1-486-smp/kernel/drivers/usb/chipidea/ci_hdrc_pci.ko
usr/lib/modules/5.10.240-antix.1-486-smp/kernel/drivers/usb/chipidea/ci_hdrc_tegra.ko
usr/lib/modules/5.10.240-antix.1-486-smp/kernel/drivers/usb/chipidea/ci_hdrc_usb2.ko
usr/lib/modules/5.10.240-antix.1-486-smp/kernel/drivers/usb/chipidea/usbmisc_imx.ko
usr/lib/modules/5.10.240-antix.1-486-smp/kernel/drivers/usb/common
usr/lib/modules/5.10.240-antix.1-486-smp/kernel/drivers/usb/common/ulpi.ko
usr/lib/modules/5.10.240-antix.1-486-smp/kernel/drivers/usb/dwc2
usr/lib/modules/5.10.240-antix.1-486-smp/kernel/drivers/usb/dwc2/dwc2_pci.ko
usr/lib/modules/5.10.240-antix.1-486-smp/kernel/drivers/usb/dwc3
usr/lib/modules/5.10.240-antix.1-486-smp/kernel/drivers/usb/dwc3/dwc3-haps.ko
usr/lib/modules/5.10.240-antix.1-486-smp/kernel/drivers/usb/dwc3/dwc3-of-simple.ko
usr/lib/modules/5.10.240-antix.1-486-smp/kernel/drivers/usb/dwc3/dwc3-pci.ko
usr/lib/modules/5.10.240-antix.1-486-smp/kernel/drivers/usb/dwc3/dwc3.ko
usr/lib/modules/5.10.240-antix.1-486-smp/kernel/drivers/usb/gadget
usr/lib/modules/5.10.240-antix.1-486-smp/kernel/drivers/usb/gadget/udc
usr/lib/modules/5.10.240-antix.1-486-smp/kernel/drivers/usb/gadget/udc/udc-core.ko
usr/lib/modules/5.10.240-antix.1-486-smp/kernel/drivers/usb/host
usr/lib/modules/5.10.240-antix.1-486-smp/kernel/drivers/usb/host/bcma-hcd.ko
usr/lib/modules/5.10.240-antix.1-486-smp/kernel/drivers/usb/host/ehci-platform.ko
usr/lib/modules/5.10.240-antix.1-486-smp/kernel/drivers/usb/host/fotg210-hcd.ko
usr/lib/modules/5.10.240-antix.1-486-smp/kernel/drivers/usb/host/isp116x-hcd.ko
usr/lib/modules/5.10.240-antix.1-486-smp/kernel/drivers/usb/host/oxu210hp-hcd.ko
usr/lib/modules/5.10.240-antix.1-486-smp/kernel/drivers/usb/host/r8a66597-hcd.ko
usr/lib/modules/5.10.240-antix.1-486-smp/kernel/drivers/usb/host/ssb-hcd.ko
usr/lib/modules/5.10.240-antix.1-486-smp/kernel/drivers/usb/host/uhci-hcd.ko
usr/lib/modules/5.10.240-antix.1-486-smp/kernel/drivers/usb/host/xhci-pci-renesas.ko
usr/lib/modules/5.10.240-antix.1-486-smp/kernel/drivers/usb/host/xhci-pci.ko
usr/lib/modules/5.10.240-antix.1-486-smp/kernel/drivers/usb/host/xhci-plat-hcd.ko
usr/lib/modules/5.10.240-antix.1-486-smp/kernel/drivers/usb/isp1760
usr/lib/modules/5.10.240-antix.1-486-smp/kernel/drivers/usb/isp1760/isp1760.ko
usr/lib/modules/5.10.240-antix.1-486-smp/kernel/drivers/usb/musb
usr/lib/modules/5.10.240-antix.1-486-smp/kernel/drivers/usb/musb/musb_hdrc.ko
usr/lib/modules/5.10.240-antix.1-486-smp/kernel/drivers/usb/phy
usr/lib/modules/5.10.240-antix.1-486-smp/kernel/drivers/usb/phy/phy-generic.ko
usr/lib/modules/5.10.240-antix.1-486-smp/kernel/drivers/usb/phy/phy-gpio-vbus-usb.ko
usr/lib/modules/5.10.240-antix.1-486-smp/kernel/drivers/usb/phy/phy-isp1301.ko
usr/lib/modules/5.10.240-antix.1-486-smp/kernel/drivers/usb/phy/phy-tahvo.ko
usr/lib/modules/5.10.240-antix.1-486-smp/kernel/drivers/usb/storage
usr/lib/modules/5.10.240-antix.1-486-smp/kernel/drivers/usb/storage/uas.ko
usr/lib/modules/5.10.240-antix.1-486-smp/kernel/drivers/usb/storage/ums-alauda.ko
usr/lib/modules/5.10.240-antix.1-486-smp/kernel/drivers/usb/storage/ums-cypress.ko
usr/lib/modules/5.10.240-antix.1-486-smp/kernel/drivers/usb/storage/ums-datafab.ko
usr/lib/modules/5.10.240-antix.1-486-smp/kernel/drivers/usb/storage/ums-eneub6250.ko
usr/lib/modules/5.10.240-antix.1-486-smp/kernel/drivers/usb/storage/ums-freecom.ko
usr/lib/modules/5.10.240-antix.1-486-smp/kernel/drivers/usb/storage/ums-isd200.ko
usr/lib/modules/5.10.240-antix.1-486-smp/kernel/drivers/usb/storage/ums-jumpshot.ko
usr/lib/modules/5.10.240-antix.1-486-smp/kernel/drivers/usb/storage/ums-karma.ko
usr/lib/modules/5.10.240-antix.1-486-smp/kernel/drivers/usb/storage/ums-onetouch.ko
usr/lib/modules/5.10.240-antix.1-486-smp/kernel/drivers/usb/storage/ums-realtek.ko
usr/lib/modules/5.10.240-antix.1-486-smp/kernel/drivers/usb/storage/ums-sddr09.ko
usr/lib/modules/5.10.240-antix.1-486-smp/kernel/drivers/usb/storage/ums-sddr55.ko
usr/lib/modules/5.10.240-antix.1-486-smp/kernel/drivers/usb/storage/ums-usbat.ko
usr/lib/modules/5.10.240-antix.1-486-smp/kernel/drivers/usb/storage/usb-storage.ko
usr/lib/modules/5.10.240-antix.1-486-smp/kernel/drivers/usb/typec
usr/lib/modules/5.10.240-antix.1-486-smp/kernel/drivers/usb/typec/altmodes
usr/lib/modules/5.10.240-antix.1-486-smp/kernel/drivers/usb/typec/altmodes/typec_displayport.ko
usr/lib/modules/5.10.240-antix.1-486-smp/kernel/drivers/usb/typec/altmodes/typec_nvidia.ko
usr/lib/modules/5.10.240-antix.1-486-smp/kernel/drivers/usb/typec/mux
usr/lib/modules/5.10.240-antix.1-486-smp/kernel/drivers/usb/typec/mux/intel_pmc_mux.ko
usr/lib/modules/5.10.240-antix.1-486-smp/kernel/drivers/usb/typec/mux/pi3usb30532.ko
usr/lib/modules/5.10.240-antix.1-486-smp/kernel/drivers/usb/typec/tcpm
usr/lib/modules/5.10.240-antix.1-486-smp/kernel/drivers/usb/typec/tcpm/fusb302.ko
usr/lib/modules/5.10.240-antix.1-486-smp/kernel/drivers/usb/typec/tcpm/tcpm.ko
usr/lib/modules/5.10.240-antix.1-486-smp/kernel/drivers/usb/typec/tps6598x.ko
usr/lib/modules/5.10.240-antix.1-486-smp/kernel/drivers/usb/typec/typec.ko
usr/lib/modules/5.10.240-antix.1-486-smp/kernel/drivers/usb/typec/ucsi
usr/lib/modules/5.10.240-antix.1-486-smp/kernel/drivers/usb/typec/ucsi/typec_ucsi.ko
usr/lib/modules/5.10.240-antix.1-486-smp/kernel/drivers/usb/typec/ucsi/ucsi_acpi.ko
usr/lib/modules/5.10.240-antix.1-486-smp/kernel/drivers/video
usr/lib/modules/5.10.240-antix.1-486-smp/kernel/drivers/video/backlight
usr/lib/modules/5.10.240-antix.1-486-smp/kernel/drivers/video/backlight/pwm_bl.ko
usr/lib/modules/5.10.240-antix.1-486-smp/kernel/drivers/video/fbdev
usr/lib/modules/5.10.240-antix.1-486-smp/kernel/drivers/video/fbdev/core
usr/lib/modules/5.10.240-antix.1-486-smp/kernel/drivers/video/fbdev/core/fb_sys_fops.ko
usr/lib/modules/5.10.240-antix.1-486-smp/kernel/drivers/video/fbdev/core/syscopyarea.ko
usr/lib/modules/5.10.240-antix.1-486-smp/kernel/drivers/video/fbdev/core/sysfillrect.ko
usr/lib/modules/5.10.240-antix.1-486-smp/kernel/drivers/video/fbdev/core/sysimgblt.ko
usr/lib/modules/5.10.240-antix.1-486-smp/kernel/drivers/virtio
usr/lib/modules/5.10.240-antix.1-486-smp/kernel/drivers/virtio/virtio.ko
usr/lib/modules/5.10.240-antix.1-486-smp/kernel/drivers/virtio/virtio_mmio.ko
usr/lib/modules/5.10.240-antix.1-486-smp/kernel/drivers/virtio/virtio_pci.ko
usr/lib/modules/5.10.240-antix.1-486-smp/kernel/drivers/virtio/virtio_ring.ko
usr/lib/modules/5.10.240-antix.1-486-smp/kernel/drivers/w1
usr/lib/modules/5.10.240-antix.1-486-smp/kernel/drivers/w1/slaves
usr/lib/modules/5.10.240-antix.1-486-smp/kernel/drivers/w1/slaves/w1_ds2780.ko
usr/lib/modules/5.10.240-antix.1-486-smp/kernel/drivers/w1/slaves/w1_ds2781.ko
usr/lib/modules/5.10.240-antix.1-486-smp/kernel/drivers/w1/wire.ko
usr/lib/modules/5.10.240-antix.1-486-smp/kernel/drivers/watchdog
usr/lib/modules/5.10.240-antix.1-486-smp/kernel/drivers/watchdog/acquirewdt.ko
usr/lib/modules/5.10.240-antix.1-486-smp/kernel/drivers/watchdog/advantechwdt.ko
usr/lib/modules/5.10.240-antix.1-486-smp/kernel/drivers/watchdog/alim1535_wdt.ko
usr/lib/modules/5.10.240-antix.1-486-smp/kernel/drivers/watchdog/alim7101_wdt.ko
usr/lib/modules/5.10.240-antix.1-486-smp/kernel/drivers/watchdog/bd70528_wdt.ko
usr/lib/modules/5.10.240-antix.1-486-smp/kernel/drivers/watchdog/cadence_wdt.ko
usr/lib/modules/5.10.240-antix.1-486-smp/kernel/drivers/watchdog/cpu5wdt.ko
usr/lib/modules/5.10.240-antix.1-486-smp/kernel/drivers/watchdog/da9052_wdt.ko
usr/lib/modules/5.10.240-antix.1-486-smp/kernel/drivers/watchdog/dw_wdt.ko
usr/lib/modules/5.10.240-antix.1-486-smp/kernel/drivers/watchdog/eurotechwdt.ko
usr/lib/modules/5.10.240-antix.1-486-smp/kernel/drivers/watchdog/f71808e_wdt.ko
usr/lib/modules/5.10.240-antix.1-486-smp/kernel/drivers/watchdog/geodewdt.ko
usr/lib/modules/5.10.240-antix.1-486-smp/kernel/drivers/watchdog/hpwdt.ko
usr/lib/modules/5.10.240-antix.1-486-smp/kernel/drivers/watchdog/i6300esb.ko
usr/lib/modules/5.10.240-antix.1-486-smp/kernel/drivers/watchdog/iTCO_vendor_support.ko
usr/lib/modules/5.10.240-antix.1-486-smp/kernel/drivers/watchdog/iTCO_wdt.ko
usr/lib/modules/5.10.240-antix.1-486-smp/kernel/drivers/watchdog/ib700wdt.ko
usr/lib/modules/5.10.240-antix.1-486-smp/kernel/drivers/watchdog/ibmasr.ko
usr/lib/modules/5.10.240-antix.1-486-smp/kernel/drivers/watchdog/ie6xx_wdt.ko
usr/lib/modules/5.10.240-antix.1-486-smp/kernel/drivers/watchdog/it8712f_wdt.ko
usr/lib/modules/5.10.240-antix.1-486-smp/kernel/drivers/watchdog/it87_wdt.ko
usr/lib/modules/5.10.240-antix.1-486-smp/kernel/drivers/watchdog/kempld_wdt.ko
usr/lib/modules/5.10.240-antix.1-486-smp/kernel/drivers/watchdog/machzwd.ko
usr/lib/modules/5.10.240-antix.1-486-smp/kernel/drivers/watchdog/max63xx_wdt.ko
usr/lib/modules/5.10.240-antix.1-486-smp/kernel/drivers/watchdog/mei_wdt.ko
usr/lib/modules/5.10.240-antix.1-486-smp/kernel/drivers/watchdog/menf21bmc_wdt.ko
usr/lib/modules/5.10.240-antix.1-486-smp/kernel/drivers/watchdog/mixcomwd.ko
usr/lib/modules/5.10.240-antix.1-486-smp/kernel/drivers/watchdog/ni903x_wdt.ko
usr/lib/modules/5.10.240-antix.1-486-smp/kernel/drivers/watchdog/nic7018_wdt.ko
usr/lib/modules/5.10.240-antix.1-486-smp/kernel/drivers/watchdog/nv_tco.ko
usr/lib/modules/5.10.240-antix.1-486-smp/kernel/drivers/watchdog/of_xilinx_wdt.ko
usr/lib/modules/5.10.240-antix.1-486-smp/kernel/drivers/watchdog/pc87413_wdt.ko
usr/lib/modules/5.10.240-antix.1-486-smp/kernel/drivers/watchdog/pcwd.ko
usr/lib/modules/5.10.240-antix.1-486-smp/kernel/drivers/watchdog/pcwd_pci.ko
usr/lib/modules/5.10.240-antix.1-486-smp/kernel/drivers/watchdog/pcwd_usb.ko
usr/lib/modules/5.10.240-antix.1-486-smp/kernel/drivers/watchdog/pretimeout_panic.ko
usr/lib/modules/5.10.240-antix.1-486-smp/kernel/drivers/watchdog/rave-sp-wdt.ko
usr/lib/modules/5.10.240-antix.1-486-smp/kernel/drivers/watchdog/retu_wdt.ko
usr/lib/modules/5.10.240-antix.1-486-smp/kernel/drivers/watchdog/sbc60xxwdt.ko
usr/lib/modules/5.10.240-antix.1-486-smp/kernel/drivers/watchdog/sbc7240_wdt.ko
usr/lib/modules/5.10.240-antix.1-486-smp/kernel/drivers/watchdog/sbc8360.ko
usr/lib/modules/5.10.240-antix.1-486-smp/kernel/drivers/watchdog/sbc_epx_c3.ko
usr/lib/modules/5.10.240-antix.1-486-smp/kernel/drivers/watchdog/sbc_fitpc2_wdt.ko
usr/lib/modules/5.10.240-antix.1-486-smp/kernel/drivers/watchdog/sc1200wdt.ko
usr/lib/modules/5.10.240-antix.1-486-smp/kernel/drivers/watchdog/sch311x_wdt.ko
usr/lib/modules/5.10.240-antix.1-486-smp/kernel/drivers/watchdog/scx200_wdt.ko
usr/lib/modules/5.10.240-antix.1-486-smp/kernel/drivers/watchdog/smsc37b787_wdt.ko
usr/lib/modules/5.10.240-antix.1-486-smp/kernel/drivers/watchdog/softdog.ko
usr/lib/modules/5.10.240-antix.1-486-smp/kernel/drivers/watchdog/sp5100_tco.ko
usr/lib/modules/5.10.240-antix.1-486-smp/kernel/drivers/watchdog/via_wdt.ko
usr/lib/modules/5.10.240-antix.1-486-smp/kernel/drivers/watchdog/w83627hf_wdt.ko
usr/lib/modules/5.10.240-antix.1-486-smp/kernel/drivers/watchdog/w83877f_wdt.ko
usr/lib/modules/5.10.240-antix.1-486-smp/kernel/drivers/watchdog/w83977f_wdt.ko
usr/lib/modules/5.10.240-antix.1-486-smp/kernel/drivers/watchdog/wafer5823wdt.ko
usr/lib/modules/5.10.240-antix.1-486-smp/kernel/drivers/watchdog/wdat_wdt.ko
usr/lib/modules/5.10.240-antix.1-486-smp/kernel/drivers/watchdog/wdt.ko
usr/lib/modules/5.10.240-antix.1-486-smp/kernel/drivers/watchdog/wdt_pci.ko
usr/lib/modules/5.10.240-antix.1-486-smp/kernel/drivers/watchdog/wm831x_wdt.ko
usr/lib/modules/5.10.240-antix.1-486-smp/kernel/fs
usr/lib/modules/5.10.240-antix.1-486-smp/kernel/fs/btrfs
usr/lib/modules/5.10.240-antix.1-486-smp/kernel/fs/btrfs/btrfs.ko
usr/lib/modules/5.10.240-antix.1-486-smp/kernel/fs/configfs
usr/lib/modules/5.10.240-antix.1-486-smp/kernel/fs/configfs/configfs.ko
usr/lib/modules/5.10.240-antix.1-486-smp/kernel/fs/f2fs
usr/lib/modules/5.10.240-antix.1-486-smp/kernel/fs/f2fs/f2fs.ko
usr/lib/modules/5.10.240-antix.1-486-smp/kernel/fs/fscache
usr/lib/modules/5.10.240-antix.1-486-smp/kernel/fs/fscache/fscache.ko
usr/lib/modules/5.10.240-antix.1-486-smp/kernel/fs/jfs
usr/lib/modules/5.10.240-antix.1-486-smp/kernel/fs/jfs/jfs.ko
usr/lib/modules/5.10.240-antix.1-486-smp/kernel/fs/lockd
usr/lib/modules/5.10.240-antix.1-486-smp/kernel/fs/lockd/lockd.ko
usr/lib/modules/5.10.240-antix.1-486-smp/kernel/fs/nfs
usr/lib/modules/5.10.240-antix.1-486-smp/kernel/fs/nfs/nfs.ko
usr/lib/modules/5.10.240-antix.1-486-smp/kernel/fs/nfs/nfsv2.ko
usr/lib/modules/5.10.240-antix.1-486-smp/kernel/fs/nfs/nfsv3.ko
usr/lib/modules/5.10.240-antix.1-486-smp/kernel/fs/nfs/nfsv4.ko
usr/lib/modules/5.10.240-antix.1-486-smp/kernel/fs/nfs_common
usr/lib/modules/5.10.240-antix.1-486-smp/kernel/fs/nfs_common/grace.ko
usr/lib/modules/5.10.240-antix.1-486-smp/kernel/fs/nfs_common/nfs_acl.ko
usr/lib/modules/5.10.240-antix.1-486-smp/kernel/fs/xfs
usr/lib/modules/5.10.240-antix.1-486-smp/kernel/fs/xfs/xfs.ko
usr/lib/modules/5.10.240-antix.1-486-smp/kernel/lib
usr/lib/modules/5.10.240-antix.1-486-smp/kernel/lib/842
usr/lib/modules/5.10.240-antix.1-486-smp/kernel/lib/842/842_compress.ko
usr/lib/modules/5.10.240-antix.1-486-smp/kernel/lib/842/842_decompress.ko
usr/lib/modules/5.10.240-antix.1-486-smp/kernel/lib/crc7.ko
usr/lib/modules/5.10.240-antix.1-486-smp/kernel/lib/crc8.ko
usr/lib/modules/5.10.240-antix.1-486-smp/kernel/lib/crypto
usr/lib/modules/5.10.240-antix.1-486-smp/kernel/lib/crypto/libarc4.ko
usr/lib/modules/5.10.240-antix.1-486-smp/kernel/lib/crypto/libchacha.ko
usr/lib/modules/5.10.240-antix.1-486-smp/kernel/lib/crypto/libcurve25519-generic.ko
usr/lib/modules/5.10.240-antix.1-486-smp/kernel/lib/crypto/libdes.ko
usr/lib/modules/5.10.240-antix.1-486-smp/kernel/lib/crypto/libpoly1305.ko
usr/lib/modules/5.10.240-antix.1-486-smp/kernel/lib/libcrc32c.ko
usr/lib/modules/5.10.240-antix.1-486-smp/kernel/lib/lru_cache.ko
usr/lib/modules/5.10.240-antix.1-486-smp/kernel/lib/lz4
usr/lib/modules/5.10.240-antix.1-486-smp/kernel/lib/lz4/lz4hc_compress.ko
usr/lib/modules/5.10.240-antix.1-486-smp/kernel/lib/objagg.ko
usr/lib/modules/5.10.240-antix.1-486-smp/kernel/lib/parman.ko
usr/lib/modules/5.10.240-antix.1-486-smp/kernel/lib/raid6
usr/lib/modules/5.10.240-antix.1-486-smp/kernel/lib/raid6/raid6_pq.ko
usr/lib/modules/5.10.240-antix.1-486-smp/kernel/net
usr/lib/modules/5.10.240-antix.1-486-smp/kernel/net/802
usr/lib/modules/5.10.240-antix.1-486-smp/kernel/net/802/stp.ko
usr/lib/modules/5.10.240-antix.1-486-smp/kernel/net/bridge
usr/lib/modules/5.10.240-antix.1-486-smp/kernel/net/bridge/bridge.ko
usr/lib/modules/5.10.240-antix.1-486-smp/kernel/net/ceph
usr/lib/modules/5.10.240-antix.1-486-smp/kernel/net/ceph/libceph.ko
usr/lib/modules/5.10.240-antix.1-486-smp/kernel/net/core
usr/lib/modules/5.10.240-antix.1-486-smp/kernel/net/core/failover.ko
usr/lib/modules/5.10.240-antix.1-486-smp/kernel/net/ipv4
usr/lib/modules/5.10.240-antix.1-486-smp/kernel/net/ipv4/udp_tunnel.ko
usr/lib/modules/5.10.240-antix.1-486-smp/kernel/net/ipv6
usr/lib/modules/5.10.240-antix.1-486-smp/kernel/net/ipv6/ip6_tunnel.ko
usr/lib/modules/5.10.240-antix.1-486-smp/kernel/net/ipv6/ip6_udp_tunnel.ko
usr/lib/modules/5.10.240-antix.1-486-smp/kernel/net/ipv6/tunnel6.ko
usr/lib/modules/5.10.240-antix.1-486-smp/kernel/net/llc
usr/lib/modules/5.10.240-antix.1-486-smp/kernel/net/llc/llc.ko
usr/lib/modules/5.10.240-antix.1-486-smp/kernel/net/psample
usr/lib/modules/5.10.240-antix.1-486-smp/kernel/net/psample/psample.ko
usr/lib/modules/5.10.240-antix.1-486-smp/kernel/net/qrtr
usr/lib/modules/5.10.240-antix.1-486-smp/kernel/net/qrtr/qrtr-mhi.ko
usr/lib/modules/5.10.240-antix.1-486-smp/kernel/net/qrtr/qrtr-tun.ko
usr/lib/modules/5.10.240-antix.1-486-smp/kernel/net/qrtr/qrtr.ko
usr/lib/modules/5.10.240-antix.1-486-smp/kernel/net/rfkill
usr/lib/modules/5.10.240-antix.1-486-smp/kernel/net/rfkill/rfkill.ko
usr/lib/modules/5.10.240-antix.1-486-smp/kernel/net/sunrpc
usr/lib/modules/5.10.240-antix.1-486-smp/kernel/net/sunrpc/sunrpc.ko
usr/lib/modules/5.10.240-antix.1-486-smp/kernel/net/xfrm
usr/lib/modules/5.10.240-antix.1-486-smp/kernel/net/xfrm/xfrm_algo.ko
usr/lib/modules/5.10.240-antix.1-486-smp/kernel/sound
usr/lib/modules/5.10.240-antix.1-486-smp/kernel/sound/ac97_bus.ko
usr/lib/modules/5.10.240-antix.1-486-smp/kernel/sound/core
usr/lib/modules/5.10.240-antix.1-486-smp/kernel/sound/core/snd-compress.ko
usr/lib/modules/5.10.240-antix.1-486-smp/kernel/sound/core/snd-pcm-dmaengine.ko
usr/lib/modules/5.10.240-antix.1-486-smp/kernel/sound/core/snd-pcm.ko
usr/lib/modules/5.10.240-antix.1-486-smp/kernel/sound/core/snd-rawmidi.ko
usr/lib/modules/5.10.240-antix.1-486-smp/kernel/sound/core/snd-seq-device.ko
usr/lib/modules/5.10.240-antix.1-486-smp/kernel/sound/core/snd-timer.ko
usr/lib/modules/5.10.240-antix.1-486-smp/kernel/sound/core/snd.ko
usr/lib/modules/5.10.240-antix.1-486-smp/kernel/sound/soc
usr/lib/modules/5.10.240-antix.1-486-smp/kernel/sound/soc/snd-soc-core.ko
usr/lib/modules/5.10.240-antix.1-486-smp/kernel/sound/soundcore.ko
usr/lib/modules/5.10.240-antix.1-486-smp/modules.alias
usr/lib/modules/5.10.240-antix.1-486-smp/modules.alias.bin
usr/lib/modules/5.10.240-antix.1-486-smp/modules.builtin
usr/lib/modules/5.10.240-antix.1-486-smp/modules.builtin.alias.bin
usr/lib/modules/5.10.240-antix.1-486-smp/modules.builtin.bin
usr/lib/modules/5.10.240-antix.1-486-smp/modules.builtin.modinfo
usr/lib/modules/5.10.240-antix.1-486-smp/modules.dep
usr/lib/modules/5.10.240-antix.1-486-smp/modules.dep.bin
usr/lib/modules/5.10.240-antix.1-486-smp/modules.devname
usr/lib/modules/5.10.240-antix.1-486-smp/modules.order
usr/lib/modules/5.10.240-antix.1-486-smp/modules.softdep
usr/lib/modules/5.10.240-antix.1-486-smp/modules.symbols
usr/lib/modules/5.10.240-antix.1-486-smp/modules.symbols.bin
usr/lib/modules/5.10.240-antix.1-486-smp/modules.weakdep
usr/lib/udev
usr/lib/udev/ata_id
usr/lib/udev/hotplug.functions
usr/lib/udev/rules.d
usr/lib/udev/rules.d/50-udev-default.rules
usr/lib/udev/rules.d/55-dm.rules
usr/lib/udev/rules.d/60-persistent-storage-dm.rules
usr/lib/udev/rules.d/60-persistent-storage.rules
usr/lib/udev/rules.d/64-btrfs-dm.rules
usr/lib/udev/rules.d/64-btrfs.rules
usr/lib/udev/rules.d/80-drivers.rules
usr/lib/udev/rules.d/95-dm-notify.rules
usr/lib/udev/scsi_id
usr/sbin
usr/sbin/blkid
usr/sbin/cryptsetup
usr/sbin/dmsetup
usr/sbin/e2fsck
usr/sbin/fsck
usr/sbin/fsck.ext4
usr/sbin/logsave
usr/sbin/modprobe
usr/sbin/mount.fuse3
usr/sbin/mount.ntfs
usr/sbin/mount.ntfs-3g
usr/sbin/rmmod
usr/sbin/udevadm
usr/sbin/udevd
usr/sbin/vconfig
usr/sbin/uevent
usr/sbin/udhcpd
usr/sbin/udhcpc
usr/sbin/ubirename
usr/sbin/tunctl
usr/sbin/tc
usr/sbin/syslogd
usr/sbin/sysctl
usr/sbin/switch_root
usr/sbin/swapon
usr/sbin/swapoff
usr/sbin/sulogin
usr/sbin/start-stop-daemon
usr/sbin/run-init
usr/sbin/route
usr/sbin/reboot
usr/sbin/rdate
usr/sbin/poweroff
usr/sbin/pivot_root
usr/sbin/partprobe
usr/sbin/nologin
usr/sbin/nbd-client
usr/sbin/nameif
usr/sbin/modinfo
usr/sbin/mkswap
usr/sbin/mke2fs
usr/sbin/mkdosfs
usr/sbin/mim
usr/sbin/mdev
usr/sbin/lsmod
usr/sbin/losetup
usr/sbin/logread
usr/sbin/loadkmap
usr/sbin/loadfont
usr/sbin/klogd
usr/sbin/ip
usr/sbin/insmod
usr/sbin/init
usr/sbin/ifup
usr/sbin/ifdown
usr/sbin/ifconfig
usr/sbin/i2ctransfer
usr/sbin/i2cset
usr/sbin/i2cget
usr/sbin/i2cdump
usr/sbin/i2cdetect
usr/sbin/hwclock
usr/sbin/httpd
usr/sbin/halt
usr/sbin/getty
usr/sbin/fstrim
usr/sbin/fsfreeze
usr/sbin/freeramdisk
usr/sbin/findfs
usr/sbin/fdisk
usr/sbin/devmem
usr/sbin/depmod
usr/sbin/crond
usr/sbin/chroot
usr/sbin/brctl
usr/sbin/blockdev
usr/sbin/arping
usr/sbin/arp
usr/sbin/adjtimex
usr/sbin/acpid
usr/bin/zcat
usr/bin/yes
usr/bin/xzcat
usr/bin/xz
usr/bin/xxd
usr/bin/xargs
usr/bin/whoami
usr/bin/who
usr/bin/which
usr/bin/wget
usr/bin/wc
usr/bin/watch
usr/bin/w
usr/bin/vi
usr/bin/uuencode
usr/bin/uudecode
usr/bin/usleep
usr/bin/uptime
usr/bin/unzip
usr/bin/unxz
usr/bin/unshare
usr/bin/unlzma
usr/bin/unlink
usr/bin/unix2dos
usr/bin/uniq
usr/bin/unexpand
usr/bin/uncompress
usr/bin/uname
usr/bin/umount
usr/bin/udhcpc6
usr/bin/tty
usr/bin/ts
usr/bin/truncate
usr/bin/true
usr/bin/traceroute6
usr/bin/traceroute
usr/bin/tr
usr/bin/touch
usr/bin/top
usr/bin/timeout
usr/bin/time
usr/bin/tftp
usr/bin/test
usr/bin/telnet
usr/bin/tee
usr/bin/taskset
usr/bin/tar
usr/bin/tail
usr/bin/tac
usr/bin/sync
usr/bin/svok
usr/bin/svc
usr/bin/su
usr/bin/stty
usr/bin/strings
usr/bin/stat
usr/bin/ssl_client
usr/bin/sort
usr/bin/sleep
usr/bin/shuf
usr/bin/shred
usr/bin/sha512sum
usr/bin/sha3sum
usr/bin/sha256sum
usr/bin/sha1sum
usr/bin/sh
usr/bin/setsid
usr/bin/setpriv
usr/bin/setkeycodes
usr/bin/seq
usr/bin/sed
usr/bin/run-parts
usr/bin/rpm2cpio
usr/bin/rpm
usr/bin/rmdir
usr/bin/rm
usr/bin/rev
usr/bin/resume
usr/bin/reset
usr/bin/renice
usr/bin/realpath
usr/bin/readlink
usr/bin/pwd
usr/bin/ps
usr/bin/printf
usr/bin/ping6
usr/bin/ping
usr/bin/pidof
usr/bin/patch
usr/bin/paste
usr/bin/passwd
usr/bin/openvt
usr/bin/od
usr/bin/nuke
usr/bin/nslookup
usr/bin/nsenter
usr/bin/nproc
usr/bin/nl
usr/bin/netstat
usr/bin/nc
usr/bin/mv
usr/bin/mt
usr/bin/mount
usr/bin/more
usr/bin/mktemp
usr/bin/mkpasswd
usr/bin/mknod
usr/bin/mkfifo
usr/bin/mkdir
usr/bin/microcom
usr/bin/md5sum
usr/bin/lzop
usr/bin/lzma
usr/bin/lzcat
usr/bin/lsscsi
usr/bin/ls
usr/bin/logname
usr/bin/login
usr/bin/logger
usr/bin/ln
usr/bin/linuxrc
usr/bin/linux64
usr/bin/linux32
usr/bin/link
usr/bin/less
usr/bin/last
usr/bin/killall
usr/bin/kill
usr/bin/ipcalc
usr/bin/ionice
usr/bin/install
usr/bin/id
usr/bin/hostname
usr/bin/hostid
usr/bin/hexdump
usr/bin/head
usr/bin/gzip
usr/bin/gunzip
usr/bin/groups
usr/bin/grep
usr/bin/getopt
usr/bin/getfattr
usr/bin/ftpput
usr/bin/ftpget
usr/bin/free
usr/bin/fold
usr/bin/find
usr/bin/fgrep
usr/bin/fatattr
usr/bin/false
usr/bin/fallocate
usr/bin/factor
usr/bin/expr
usr/bin/expand
usr/bin/env
usr/bin/egrep
usr/bin/ed
usr/bin/echo
usr/bin/dumpleases
usr/bin/dumpkmap
usr/bin/du
usr/bin/dpkg-deb
usr/bin/dpkg
usr/bin/dos2unix
usr/bin/dnsdomainname
usr/bin/dmesg
usr/bin/dirname
usr/bin/diff
usr/bin/df
usr/bin/deallocvt
usr/bin/dd
usr/bin/dc
usr/bin/date
usr/bin/cut
usr/bin/cttyhack
usr/bin/crontab
usr/bin/crc32
usr/bin/cpio
usr/bin/cp
usr/bin/cmp
usr/bin/clear
usr/bin/chvt
usr/bin/chown
usr/bin/chmod
usr/bin/chgrp
usr/bin/cat
usr/bin/cal
usr/bin/bzip2
usr/bin/bzcat
usr/bin/busybox
usr/bin/bunzip2
usr/bin/blkdiscard
usr/bin/bc
usr/bin/basename
usr/bin/base64
usr/bin/awk
usr/bin/ash
usr/bin/ascii
usr/bin/arch
usr/bin/ar
usr/bin/[[
usr/bin/[
usr/sbin/watchdog
