component,claim,platform,source_repository,commit,file,lines,confidence,notes
identification,Linux associates PCI IDs 8086:8108 and 8086:8109 with psb_chip_ops and describes Poulsbo/GMA500/Atom Z5xx as PowerVR SGX535.,Poulsbo,linux,9b87fdc9af2fbfcdb5c24a64139685ef80f6573f,drivers/gpu/drm/gma500/psb_drv.c,43-59,CONFIRMED,P3-001; Code evidence; it is not a measurement nor an official silicon specification.
build,"The DDK 1.14 target pc_i686_poulsbo_d0_linux defaults to selecting SGX535, SGX_CORE_REV=121, and dc_poulsbo; this is a build configuration, not identification of the available board.",Poulsbo,omap5-sgx-ddk-linux,cb46ba4d0c900f89f7ec0284f9803d476bfa98de,eurasia_km/eurasiacon/build/linux2/pc_i686_poulsbo_d0_linux/Makefile,42-74,CONFIRMED,P3-002; Code evidence; it is not an official measurement or silicon specification.
build,"The DDK 1.14 target pc_i686_poulsbo_d0_linux defaults to selecting SGX535, SGX_CORE_REV=121, and dc_poulsbo; this is a build configuration, not identification of the available board.",Poulsbo,omap5-sgx-ddk-linux,cb46ba4d0c900f89f7ec0284f9803d476bfa98de,eurasia_km/include4/pvrversion.h,45-62,CONFIRMED,P3-002; Code evidence; it is not a measurement nor an official silicon specification.
core,"The SGX535 branch declares 32-bit VA, 16 directory lists, 2D hardware, and two USE pipes. Do not use the features of the SGX540/544 branches to complete this set.",SGX535 in the DDK,omap5-sgx-ddk-linux,cb46ba4d0c900f89f7ec0284f9803d476bfa98de,eurasia_km/services4/srvkm/hwdefs/sgxfeaturedefs.h,76-88,CONFIRMED,P3-003; Code evidence; it is not a measurement nor an official silicon specification.
boundaries,"The current gma500 declares MODESET and GEM, dumb_create and an empty table of its own ioctls. This driver does not expose a 3D SGX submission interface here.",Poulsbo,linux,9b87fdc9af2fbfcdb5c24a64139685ef80f6573f,drivers/gpu/drm/gma500/psb_drv.c,91-95,CONFIRMED,P3-004; Code evidence; it is not a measurement nor an official silicon specification.
boundaries,"The current gma500 declares MODESET and GEM, dumb_create and an empty table of its own ioctls. This driver does not expose a 3D SGX submission interface here.",Poulsbo,linux,9b87fdc9af2fbfcdb5c24a64139685ef80f6573f,drivers/gpu/drm/gma500/psb_drv.c,499-516,CONFIRMED,P3-004; Code evidence; it is not a measurement nor an official silicon specification.
display,The Poulsbo output configuration calls LVDS and SDVO; psb_chip_ops uses the specific SGX offset PSB_SGX_OFFSET.,Poulsbo,linux,9b87fdc9af2fbfcdb5c24a64139685ef80f6573f,drivers/gpu/drm/gma500/psb_device.c,18-25,CONFIRMED,P3-005; Code evidence; it is not a measurement nor an official silicon specification.
display,The Poulsbo output configuration calls LVDS and SDVO; psb_chip_ops uses the specific SGX offset PSB_SGX_OFFSET.,Poulsbo,linux,9b87fdc9af2fbfcdb5c24a64139685ef80f6573f,drivers/gpu/drm/gma500/psb_device.c,265-293,CONFIRMED,P3-005; Code evidence; it is not a measurement nor an official silicon specification.
platform-family,"Intel EMGD Feature Matrix 1.14 declares validation for Atom Z5xx with US15W, US15WP, and US15WPT.",Intel SCH,https://www.intel.com,N/A; document 324002-007US; 2012,https://www.intel.com/content/dam/www/public/us/en/documents/technology-briefs/emgd-v1-14-feature-matrix.pdf,"page 1, introductory paragraph",CONFIRMED,"P3-060; feature document, not a register manual; consulted 2026-09-17"
PCI,"Linux defines resources MMIO=0, GATT=2, GTT=3. The DDK uses MMADR_INDEX=4 and GMADR_INDEX=6, converted into resource indices by subtracting 4; they are not BAR4 and BAR6.",Poulsbo,linux,9b87fdc9af2fbfcdb5c24a64139685ef80f6573f,drivers/gpu/drm/gma500/psb_drv.h,41-61,CONFIRMED,P3-006; Code evidence; it is not an official measurement or silicon specification.
PCI,"Linux defines resources MMIO=0, GATT=2, GTT=3. The DDK uses MMADR_INDEX=4 and GMADR_INDEX=6, converted into resource indices by subtracting 4; they are not BAR4 and BAR6.",Poulsbo,omap5-sgx-ddk-linux,cb46ba4d0c900f89f7ec0284f9803d476bfa98de,eurasia_km/services4/system/poulsbo/sysconfig.h,65-73,CONFIRMED,P3-006; Code evidence; it is not an official measurement or silicon specification.
PCI,"Linux defines resources MMIO=0, GATT=2, GTT=3. The DDK uses MMADR_INDEX=4 and GMADR_INDEX=6, converted into resource indices by subtracting 4; they are not BAR4 and BAR6.",Poulsbo,omap5-sgx-ddk-linux,cb46ba4d0c900f89f7ec0284f9803d476bfa98de,eurasia_km/services4/system/poulsbo/sysconfig.c,144-149,CONFIRMED,P3-006; Code evidence; it is not an official measurement or silicon specification.
MMIO,"Linux maps SGX at BAR0+0x40000, size 0x8000. The Poulsbo DDK defines the same offset, but size 0x4000. These sizes are lengths used by the drivers, not proof of the physical boundaries of the block.",Poulsbo,linux,9b87fdc9af2fbfcdb5c24a64139685ef80f6573f,drivers/gpu/drm/gma500/psb_drv.h,41-53,CONFIRMED,P3-007; Code evidence; it is not a measurement nor an official silicon specification.
MMIO,"Linux maps SGX at BAR0+0x40000, size 0x8000. The Poulsbo DDK defines the same offset, but size 0x4000. These sizes are lengths used by the drivers, not proof of the physical boundaries of the block.",Poulsbo,linux,9b87fdc9af2fbfcdb5c24a64139685ef80f6573f,drivers/gpu/drm/gma500/psb_drv.c,258-266,CONFIRMED,P3-007; Code evidence; it is not a measurement nor an official silicon specification.
MMIO,"Linux maps SGX at BAR0+0x40000, size 0x8000. The Poulsbo DDK defines the same offset, but size 0x4000. These sizes are lengths used by the drivers, not proof of the physical boundaries of the block.",Poulsbo,omap5-sgx-ddk-linux,cb46ba4d0c900f89f7ec0284f9803d476bfa98de,eurasia_km/services4/system/poulsbo/sysconfig.h,51-56,CONFIRMED,P3-007; Code evidence; it is not an official measurement or silicon specification.
host-port,"The DDK Poulsbo enables SGX_FEATURE_HOST_PORT, uses GMADR feature and sets 0x08000000 size and 0xd0000000 host-port VA. The EMGD configuration only enables this feature under MAP_UNUSED_MAPPINGS.",Poulsbo,omap5-sgx-ddk-linux,cb46ba4d0c900f89f7ec0284f9803d476bfa98de,eurasia_km/services4/system/poulsbo/sysconfig.h,48-49,CONFIRMED,P3-008; Code evidence; it is not a measurement nor an official silicon specification.
host-port,"The DDK Poulsbo enables SGX_FEATURE_HOST_PORT, uses GMADR feature and sets 0x08000000 size and 0xd0000000 host-port VA. The EMGD configuration only enables this feature under MAP_UNUSED_MAPPINGS.",Poulsbo,omap5-sgx-ddk-linux,cb46ba4d0c900f89f7ec0284f9803d476bfa98de,eurasia_km/services4/system/poulsbo/sysconfig.h,108-116,CONFIRMED,P3-008; Code evidence; it is not a measurement nor an official silicon specification.
host-port,"The DDK Poulsbo enables SGX_FEATURE_HOST_PORT, uses GMADR feature and sets 0x08000000 size and 0xd0000000 host-port VA. The EMGD configuration only enables this feature under MAP_UNUSED_MAPPINGS.",Poulsbo,omap5-sgx-ddk-linux,cb46ba4d0c900f89f7ec0284f9803d476bfa98de,eurasia_km/services4/system/poulsbo/sysconfig.c,418-438,CONFIRMED,P3-008; Code evidence; it is not an official measurement or silicon specification.
host-port,"The DDK Poulsbo enables SGX_FEATURE_HOST_PORT, uses GMADR feature and sets 0x08000000 size and 0xd0000000 host-port VA. The EMGD configuration only enables this feature under MAP_UNUSED_MAPPINGS.",Poulsbo,https://github.com/EMGD-Community/intel-binaries-linux,e6884ec2eaaf1afe88d5ff9dd44d70403525be5b,drm/pvr/services4/system/include/sysconfig.h,149-157,CONFIRMED,P3-008; Code evidence; it is not a measurement nor an official silicon specification.
MMIO-integration,"The Poulsbo header separates Intel 0x00000/0x2100, MSVDX 0x50000, and display 0x70000/0x2000.",Poulsbo,omap5-sgx-ddk-linux,cb46ba4d0c900f89f7ec0284f9803d476bfa98de,eurasia_km/services4/system/poulsbo/sysconfig.h,51-56,CONFIRMED,P3-009; Code evidence; it is not a measurement nor an official silicon specification.
MMIO-integration,"The Poulsbo header separates Intel 0x00000/0x2100, MSVDX 0x50000, and display 0x70000/0x2000.",Poulsbo,omap5-sgx-ddk-linux,cb46ba4d0c900f89f7ec0284f9803d476bfa98de,eurasia_km/services4/system/poulsbo/sysconfig.h,83-107,CONFIRMED,P3-009; Code evidence; it is not a measurement nor an official silicon specification.
registers,"The SGX535 header defines CLKGATECTL at 0x0000: 2D[1:0], ISP[5:4], TSP[9:8], TA[13:12], DPM[17:16], USE[21:20], auto[24]; clock-gating fields.",SGX535 header,omap5-sgx-ddk-linux,322bcda5f3076037e2e20ef9209f4f4d575a7d5f,services4/srvkm/hwdefs/sgx535defs.h,45-61,CONFIRMED,P3-010; Code evidence; it is not a measurement nor an official silicon specification.
registers,"Header SGX535 defines CORE_ID / CORE_REVISION in 0x0010 / 0x0014: ID[31:16], config[15:0]; designer/major/minor/maintenance in bytes; declared identification.",SGX535 header,omap5-sgx-ddk-linux,322bcda5f3076037e2e20ef9209f4f4d575a7d5f,services4/srvkm/hwdefs/sgx535defs.h,89-104,CONFIRMED,P3-011; Code evidence; it is not a measurement nor an official silicon specification.
registers,Header SGX535 defines DESIGNER_REV_FIELD1/2 in 0x0018 / 0x001c: 32 bits; integrator revision fields.,SGX535 header,omap5-sgx-ddk-linux,322bcda5f3076037e2e20ef9209f4f4d575a7d5f,services4/srvkm/hwdefs/sgx535defs.h,105-112,CONFIRMED,P3-012; Code evidence; it is not a measurement nor an official silicon specification.
registers,"The SGX535 header defines SOFT_RESET at 0x0080: BIF0, 2D1, DPM2, TA3, USE4, ISP5, TSP6; block reset bits.",SGX535 header,omap5-sgx-ddk-linux,322bcda5f3076037e2e20ef9209f4f4d575a7d5f,services4/srvkm/hwdefs/sgx535defs.h,113-128,CONFIRMED,P3-013; Code evidence; it is not a measurement nor an official silicon specification.
registers,The SGX535 header defines EVENT_HOST_ENABLE2 / CLEAR2 / STATUS2 at 0x0110 / 0x0114 / 0x0118: BIF_REQUESTER_FAULT bit4; second event bank.,SGX535 header,omap5-sgx-ddk-linux,322bcda5f3076037e2e20ef9209f4f4d575a7d5f,services4/srvkm/hwdefs/sgx535defs.h,129-182,CONFIRMED,P3-014; Code evidence; it is not a measurement nor an official silicon specification.
registers,Header SGX535 defines EVENT_STATUS / HOST_ENABLE / HOST_CLEAR in 0x012c / 0x0130 / 0x0134: masks per event; consult source; first event bank.,SGX535 header,omap5-sgx-ddk-linux,322bcda5f3076037e2e20ef9209f4f4d575a7d5f,services4/srvkm/hwdefs/sgx535defs.h,183-374,CONFIRMED,P3-015; Code evidence; it is not a measurement nor an official silicon specification.
registers,Header SGX535 defines PDS_EXEC_BASE / EVENT_KICKER / EVENT_KICK in 0x0ab8 / 0x0ac4 / 0x0ac8: base fff00000; address fffffff0; NOW bit0; bootstrap/notification in DDK.,SGX535 header,omap5-sgx-ddk-linux,322bcda5f3076037e2e20ef9209f4f4d575a7d5f,services4/srvkm/hwdefs/sgx535defs.h,375-386,CONFIRMED,P3-016; Code evidence; it is not a measurement nor an official silicon specification.
registers,"The SGX535 header defines BIF_CTRL / INT_STAT / FAULT at 0x0c00 / 0x0c04 / 0x0c08: pause1, flush2, inval3, clear4; fault address fffff000; BIF control and fault handling.",SGX535 header,omap5-sgx-ddk-linux,322bcda5f3076037e2e20ef9209f4f4d575a7d5f,services4/srvkm/hwdefs/sgx535defs.h,417-458,CONFIRMED,P3-017; Code evidence; it is not an official measurement or silicon specification.
registers,Header SGX535 defines DIR_LIST_BASE1..15 / BASE0 in 0x0c38..0x0c70 / 0x0c84: address fffff000; directory lists; BASE0 out of sequence.,SGX535 header,omap5-sgx-ddk-linux,322bcda5f3076037e2e20ef9209f4f4d575a7d5f,services4/srvkm/hwdefs/sgx535defs.h,539-634,CONFIRMED,P3-018; Code evidence; it is not a measurement nor an official silicon specification.
registers,"Header SGX535 defines BANK_SET / BANK0 / BANK1 in 0x0c74 / 0x0c78 / 0x0c7c: SELECT3ff; EDM[3:0], TA[7:4], HOST[11:8], 3D[15:12], 2D[19:16]; context selection by requestor.",SGX535 header,omap5-sgx-ddk-linux,322bcda5f3076037e2e20ef9209f4f4d575a7d5f,services4/srvkm/hwdefs/sgx535defs.h,599-626,CONFIRMED,P3-019; Code evidence; it is not an official measurement or specification of the silicon.
header-version,"The SGX535 EMGD header contains EUR_CR_PDS=0x0abc, DOUT_TIMEOUT_DISABLE bit6, MNE_CR_CTRL=0x0d00, BYP_CC=0x8000, and MNE_CR_CTRL_INVAL=0x0d20.",Poulsbo,https://github.com/EMGD-Community/intel-binaries-linux,e6884ec2eaaf1afe88d5ff9dd44d70403525be5b,drm/pvr/services4/srvkm/hwdefs/sgx535defs.h,324-327,CONFIRMED,P3-061; Presence/value only in the header of this mirror; applicability to physical stepping UNKNOWN.
header-version,"The SGX535 EMGD header contains EUR_CR_PDS=0x0abc, DOUT_TIMEOUT_DISABLE bit6, MNE_CR_CTRL=0x0d00, BYP_CC=0x8000 and MNE_CR_CTRL_INVAL=0x0d20.",Poulsbo,https://github.com/EMGD-Community/intel-binaries-linux,e6884ec2eaaf1afe88d5ff9dd44d70403525be5b,drm/pvr/services4/srvkm/hwdefs/sgx535defs.h,628-630,CONFIRMED,P3-061; Presence/value only in the header of this mirror; applicability to physical stepping UNKNOWN.
GTT,"Linux obtains gtt_phys_start from PGETBL_CTL masked by PAGE_MASK; it obtains GTT size from resource 3 and GATT from resource 2; ioremap uses gtt_phys_start. mmu_gatt_start is fixed at 0xe0000000, different from gatt_start. The GATT fallback 0x40000000 is commented as a CDV case.",Poulsbo,linux,9b87fdc9af2fbfcdb5c24a64139685ef80f6573f,drivers/gpu/drm/gma500/gtt.c,185-280,CONFIRMED,P3-020; Code evidence; it is not a measurement nor an official silicon specification.
stolen,"Linux reads BSM from the PCI 0x5c configuration, calculates stolen_size = gtt_phys_start − stolen_base − PAGE_SIZE, maps WC, and populates the GTT with these pages.",Poulsbo,linux,9b87fdc9af2fbfcdb5c24a64139685ef80f6573f,drivers/gpu/drm/gma500/psb_drv.h,55-61,CONFIRMED,P3-021; Code evidence; it is not a measurement nor an official specification of silicon.
stolen,"Linux reads BSM from the PCI 0x5c configuration, calculates stolen_size = gtt_phys_start − stolen_base − PAGE_SIZE, maps WC, and populates the GTT with these pages.",Poulsbo,linux,9b87fdc9af2fbfcdb5c24a64139685ef80f6573f,drivers/gpu/drm/gma500/gem.c,309-364,CONFIRMED,P3-021; Code evidence; it is not a measurement nor an official specification of silicon.
dual-mapping,"When pinning a non-stolen GEM, Linux obtains pages, applies WC, inserts into the GTT and the SGX PD at the address gatt_start+offset. When unpinning, it removes both mappings and restores WB; allocation is restricted to DMA32.",Poulsbo,linux,9b87fdc9af2fbfcdb5c24a64139685ef80f6573f,drivers/gpu/drm/gma500/gem.c,29-102,CONFIRMED,P3-022; Code evidence; it is not a measurement nor an official silicon specification.
dual-mapping,"When pinning a non-stolen GEM, Linux obtains pages, applies WC, inserts into the GTT and the SGX PD at the address gatt_start+offset. When unpinning, it removes both mappings and restores WB; allocation is restricted to DMA32.",Poulsbo,linux,9b87fdc9af2fbfcdb5c24a64139685ef80f6573f,drivers/gpu/drm/gma500/gem.c,170-179,CONFIRMED,P3-022; Code evidence; it is not a measurement nor an official silicon specification.
page-tables,"The DDK header uses 4 KiB pages, 10-bit PD/PT indices, PTE valid=1, write-only=2, read-only=4, cache-consistent=8, and EDM-protect=16. Linux uses PDE22/PTE12 shifts and the first four flags; the SGX535 configuration selects VA32 and 16 dirlists.",SGX535 DDK / Linux PSB,omap5-sgx-ddk-linux,cb46ba4d0c900f89f7ec0284f9803d476bfa98de,eurasia_km/services4/srvkm/hwdefs/sgxmmu.h,48-93,CONFIRMED,P3-023; Code evidence; it is not a measurement nor an official specification of silicon.
page-tables,"The DDK header uses 4 KiB pages, 10-bit PD/PT indices, PTE valid=1, write-only=2, read-only=4, cache-consistent=8, and EDM-protect=16. Linux uses PDE22/PTE12 shifts and the first four flags; the SGX535 configuration selects VA32 and 16 dirlists.",SGX535 DDK / Linux PSB,linux,9b87fdc9af2fbfcdb5c24a64139685ef80f6573f,drivers/gpu/drm/gma500/psb_drv.h,75-84,CONFIRMED,P3-023; Code evidence; it is not a measurement nor an official specification of silicon.
page-tables,"The DDK header uses 4 KiB pages, 10-bit PD/PT indices, PTE valid=1, write-only=2, read-only=4, cache-consistent=8, and EDM-protect=16. Linux uses PDE22/PTE12 shifts and the first four flags; the SGX535 configuration selects VA32 and 16 dirlists.",SGX535 DDK / Linux PSB,omap5-sgx-ddk-linux,cb46ba4d0c900f89f7ec0284f9803d476bfa98de,eurasia_km/services4/srvkm/hwdefs/sgxfeaturedefs.h,76-88,CONFIRMED,P3-023; Code evidence; it is not a measurement nor an official specification of silicon.
MMU-context,"Linux zeros BANK0/1, removes bypass, inserts stolen into PD at the gatt_start address and installs default PD with argument 0 and pf_pd with argument 1. Program PDS_EXEC_BASE=0x20000000 and BIF_3D_REQ_BASE=0x30000000.",Poulsbo,linux,9b87fdc9af2fbfcdb5c24a64139685ef80f6573f,drivers/gpu/drm/gma500/psb_drv.c,127-163,CONFIRMED,P3-024; Code evidence; it is not a measurement nor an official silicon specification.
MMU-context,"Linux zeros BANK0/1, removes bypass, inserts stolen into PD at the gatt_start address and installs default PD with argument 0 and pf_pd with argument 1. Program PDS_EXEC_BASE=0x20000000 and BIF_3D_REQ_BASE=0x30000000.",Poulsbo,linux,9b87fdc9af2fbfcdb5c24a64139685ef80f6573f,drivers/gpu/drm/gma500/psb_drv.c,337-362,CONFIRMED,P3-024; Code evidence; it is not a measurement nor an official specification of silicon.
address-conversion,The CPU physical / system physical / device physical conversions of the Poulsbo integration in the DDK preserve the numerical value of the address.,Poulsbo,omap5-sgx-ddk-linux,cb46ba4d0c900f89f7ec0284f9803d476bfa98de,eurasia_km/services4/system/poulsbo/sysconfig.c,1340-1445,CONFIRMED,P3-025; Code evidence; it is not an official measurement or specification of silicon.
MMU-divergence,Linux calculates BASE0 for context 0 and BASE1 + hw_context*4 for the others. The historical PSB already contains the same formula. DDK 1.14 and EMGD use BASE1 + 4*(ui32DirList−1) for lists 1..15.,Poulsbo,linux,9b87fdc9af2fbfcdb5c24a64139685ef80f6573f,drivers/gpu/drm/gma500/mmu.c,123-135,CONFIRMED,P3-026; Code evidence; it is not a measurement nor an official silicon specification.
MMU-divergence,Linux calculates BASE0 for context 0 and BASE1 + hw_context*4 for the others. The historical PSB already contains the same formula. DDK 1.14 and EMGD use BASE1 + 4*(ui32DirList−1) for lists 1..15.,Poulsbo,https://github.com/gregkh/psb-kmp,98b5307e5158a9ac401b29128ddd1184ae06b4d7,psb_mmu.c,187-201,CONFIRMED,P3-026; Code evidence; it is not a measurement nor an official silicon specification.
MMU-divergence,Linux calculates BASE0 for context 0 and BASE1 + hw_context*4 for the others. The historical PSB already contains the same formula. DDK 1.14 and EMGD use BASE1 + 4*(ui32DirList−1) for lists 1..15.,Poulsbo,omap5-sgx-ddk-linux,cb46ba4d0c900f89f7ec0284f9803d476bfa98de,eurasia_km/services4/srvkm/devices/sgx/sgxreset.c,125-135,CONFIRMED,P3-026; Code evidence; it is not a measurement nor an official silicon specification.
MMU-divergence,Linux calculates BASE0 for context 0 and BASE1 + hw_context*4 for the others. The historical PSB already contains the same formula. DDK 1.14 and EMGD use BASE1 + 4*(ui32DirList−1) for lists 1..15.,Poulsbo,https://github.com/EMGD-Community/intel-binaries-linux,e6884ec2eaaf1afe88d5ff9dd44d70403525be5b,drm/pvr/services4/srvkm/devices/sgx/sgxreset.c,356-369,CONFIRMED,P3-026; Code evidence; it is not a measurement nor an official silicon specification.
MMU-cross-check,"The EMGD SGX535 branch declares VA32 and 16 dirlists; its header lists BASE1=c38, BASE2=c3c, BASE15=c70, and BASE0=c84.",Poulsbo,https://github.com/EMGD-Community/intel-binaries-linux,e6884ec2eaaf1afe88d5ff9dd44d70403525be5b,drm/pvr/services4/srvkm/hwdefs/sgxfeaturedefs.h,53-64,CONFIRMED,P3-062; Code evidence; it is not an official measurement or specification of the silicon.
MMU-cross-check,"The EMGD SGX535 branch declares VA32 and 16 dirlists; its header lists BASE1=c38, BASE2=c3c, BASE15=c70, and BASE0=c84.",Poulsbo,https://github.com/EMGD-Community/intel-binaries-linux,e6884ec2eaaf1afe88d5ff9dd44d70403525be5b,drm/pvr/services4/srvkm/hwdefs/sgx535defs.h,466-541,CONFIRMED,P3-062; Code evidence; it is not an official measurement or specification of the silicon.
clock,The Poulsbo DDK defines SYS_SGX_CLOCK_SPEED as 200000000.,Poulsbo,omap5-sgx-ddk-linux,cb46ba4d0c900f89f7ec0284f9803d476bfa98de,eurasia_km/services4/system/poulsbo/sysinfo.h,46-51,CONFIRMED,P3-033; Code configuration evidence; it is not a measurement or an official silicon specification.
clock,"gma_get_core_freq writes selector 0xd0050300 to root-bridge PCI config offset 0xd0, reads 0xd4, and decodes clock&7 as 100/133/150/178/200/266.",Poulsbo,linux,9b87fdc9af2fbfcdb5c24a64139685ef80f6573f,drivers/gpu/drm/gma500/gma_device.c,11-51,CONFIRMED,"P3-033; Code evidence; this is an active PCI configuration transaction, not a physical clock measurement."
reset,"psb_spank from Linux triggers reset BIF/DPM/TA/USE/ISP/TSP/2D, waits 1 ms, releases reset, toggles CLEAR_FAULT, and writes the 2D base. psb_init_pm changes only the 2D gating field to 1.",Poulsbo,linux,9b87fdc9af2fbfcdb5c24a64139685ef80f6573f,drivers/gpu/drm/gma500/psb_drv.c,103-125,CONFIRMED,P3-034; Code evidence; it is not an official measurement or specification of the silicon.
reset,"psb_spank from Linux triggers reset BIF/DPM/TA/USE/ISP/TSP/2D, waits 1 ms, releases reset, toggles CLEAR_FAULT, and writes the base 2D. psb_init_pm changes only the 2D gating field to 1.",Poulsbo,linux,9b87fdc9af2fbfcdb5c24a64139685ef80f6573f,drivers/gpu/drm/gma500/psb_device.c,85-95,CONFIRMED,P3-034; Code evidence; it is not a measurement nor an official specification of silicon.
power,"The Poulsbo psb_power_up/down callbacks return 0 without an island power sequence. power.c holds a runtime-PM reference for support described as broken, and contains suspend/resume PCI D3hot/D0 with display/GTT/GEM restoration.",Poulsbo,linux,9b87fdc9af2fbfcdb5c24a64139685ef80f6573f,drivers/gpu/drm/gma500/psb_device.c,186-194,CONFIRMED,P3-035; Code evidence; it is not an official measurement or specification of the silicon.
power,"The Poulsbo psb_power_up/down callbacks return 0 without an island power sequence. power.c holds a runtime-PM reference for support described as broken, and contains suspend/resume PCI D3hot/D0 with display/GTT/GEM restoration.",Poulsbo,linux,9b87fdc9af2fbfcdb5c24a64139685ef80f6573f,drivers/gpu/drm/gma500/power.c,46-70,CONFIRMED,P3-035; Code evidence; it is not an official measurement or specification of the silicon.
power,"The Poulsbo psb_power_up/down callbacks return 0 without an island power sequence. power.c holds a runtime-PM reference for support described as broken, and contains suspend/resume PCI D3hot/D0 with display/GTT/GEM restoration.",Poulsbo,linux,9b87fdc9af2fbfcdb5c24a64139685ef80f6573f,drivers/gpu/drm/gma500/power.c,95-203,CONFIRMED,P3-035; Code evidence; it is not an official measurement or specification of silicon.
external-power,"With SUPPORT_DRI_DRM_EXT, the Poulsbo DDK acquires display before graphics through ospm_power_using_hw_begin, rolls back display if graphics fails, and releases graphics before display. It includes psb_powermgmt.h and sys_pvr_drm_export.h.",Poulsbo,omap5-sgx-ddk-linux,cb46ba4d0c900f89f7ec0284f9803d476bfa98de,eurasia_km/services4/system/poulsbo/sysconfig.c,65-69,CONFIRMED,P3-036; Code evidence; it is not a measurement nor an official specification of silicon.
external-power,"With SUPPORT_DRI_DRM_EXT, the Poulsbo DDK acquires display before graphics through ospm_power_using_hw_begin, rolls back display if graphics fails, and releases graphics before display. It includes psb_powermgmt.h and sys_pvr_drm_export.h.",Poulsbo,omap5-sgx-ddk-linux,cb46ba4d0c900f89f7ec0284f9803d476bfa98de,eurasia_km/services4/system/poulsbo/sysconfig.c,1916-1979,CONFIRMED,P3-036; Code evidence; it is not a measurement nor an official specification of silicon.
errata-reset,"The DDK associates SGX535 revision 121 with BRN22934/23944/23410 and revision 126 with BRN22934. Its BRN23944 reset branch pauses BIF, clears fault state, and drains faults with a temporary PD before restoring context.",SGX535 DDK,omap5-sgx-ddk-linux,cb46ba4d0c900f89f7ec0284f9803d476bfa98de,eurasia_km/services4/srvkm/hwdefs/sgxerrata.h,152-178,CONFIRMED,P3-037; Code evidence; it is not a measurement or an official silicon specification.
errata-reset,"The DDK associates SGX535 revision 121 with BRN22934/23944/23410 and revision 126 with BRN22934. Its BRN23944 reset branch pauses BIF, clears fault state, and drains faults with a temporary PD before restoring context.",SGX535 DDK,omap5-sgx-ddk-linux,cb46ba4d0c900f89f7ec0284f9803d476bfa98de,eurasia_km/services4/srvkm/devices/sgx/sgxreset.c,471-495,CONFIRMED,P3-037; Code evidence; it is not a measurement or an official silicon specification.
errata-reset,"The DDK associates SGX535 revision 121 with BRN22934/23944/23410 and revision 126 with BRN22934. Its BRN23944 reset branch pauses BIF, clears fault state, and drains faults with a temporary PD before restoring context.",SGX535 DDK,omap5-sgx-ddk-linux,cb46ba4d0c900f89f7ec0284f9803d476bfa98de,eurasia_km/services4/srvkm/devices/sgx/sgxreset.c,544-655,CONFIRMED,P3-037; Code evidence; it is not an official measurement or specification of the silicon.
EMGD-power,"In the EMGD mirror, pwr_set_plb does not program D0–D3 transitions, while pwr_init_plb writes CLKGATECTL=0x1111111 and the register at +8 with zero. The SysDevicePre/PostPowerState hooks of common/sysconfig.c only log messages.",Poulsbo,https://github.com/EMGD-Community/intel-binaries-linux,e6884ec2eaaf1afe88d5ff9dd44d70403525be5b,drm/emgd/state/power/plb/pwr_plb.c,83-123,CONFIRMED,P3-038; Code evidence; it is not an official measurement or specification of the silicon.
EMGD-power,"In the EMGD mirror, pwr_set_plb does not program D0–D3 transitions, while pwr_init_plb writes CLKGATECTL=0x1111111 and the register at +8 with zero. The SysDevicePre/PostPowerState hooks of common/sysconfig.c only log messages.",Poulsbo,https://github.com/EMGD-Community/intel-binaries-linux,e6884ec2eaaf1afe88d5ff9dd44d70403525be5b,drm/pvr/services4/system/common/sysconfig.c,1332-1365,CONFIRMED,P3-038; Code evidence; it is not an official measurement or specification of silicon.
interrupt-routing,"DDK Poulsbo defines IER/IIR/IMR/ISR Intel in 0x20a0/20a4/20a8/20ac and THALIA/SGX bit18; translates the indication to DEVICE_SGX_INTERRUPT and clears IIR. Linux dispatches this bit to SGX status, separate from display events.",Poulsbo,omap5-sgx-ddk-linux,cb46ba4d0c900f89f7ec0284f9803d476bfa98de,eurasia_km/services4/system/poulsbo/sysconfig.h,77-94,CONFIRMED,P3-030; Code evidence; it is not a measurement nor an official silicon specification.
interrupt-routing,"DDK Poulsbo defines IER/IIR/IMR/ISR Intel in 0x20a0/20a4/20a8/20ac and THALIA/SGX bit18; translates the indication to DEVICE_SGX_INTERRUPT and clears IIR. Linux dispatches this bit to SGX status, separate from display events.",Poulsbo,omap5-sgx-ddk-linux,cb46ba4d0c900f89f7ec0284f9803d476bfa98de,eurasia_km/services4/system/poulsbo/sysconfig.c,1196-1282,CONFIRMED,P3-030; Code evidence; it is not a measurement nor an official silicon specification.
interrupt-routing,"DDK Poulsbo defines IER/IIR/IMR/ISR Intel in 0x20a0/20a4/20a8/20ac and THALIA/SGX bit18; translates the indication to DEVICE_SGX_INTERRUPT and clears IIR. Linux dispatches this bit to SGX status, separate from display events.",Poulsbo,linux,9b87fdc9af2fbfcdb5c24a64139685ef80f6573f,drivers/gpu/drm/gma500/psb_drv.h,91-111,CONFIRMED,P3-030; Code evidence; it is not an official measurement or specification of the silicon.
interrupt-routing,"DDK Poulsbo defines IER/IIR/IMR/ISR Intel in 0x20a0/20a4/20a8/20ac and THALIA/SGX bit18; translates the indication to DEVICE_SGX_INTERRUPT and clears IIR. Linux dispatches this bit to SGX status, separate from display events.",Poulsbo,linux,9b87fdc9af2fbfcdb5c24a64139685ef80f6573f,drivers/gpu/drm/gma500/psb_irq.c,198-230,CONFIRMED,P3-030; Code evidence; it is not an official measurement or specification of the silicon.
fault-handling,"Linux enables BIF_REQUESTER_FAULT and TWOD_COMPLETE. The handler reads INT_STAT/FAULT, logs type, requester, and address, then writes HOST_CLEAR/2; installs shared IRQ.",Poulsbo,linux,9b87fdc9af2fbfcdb5c24a64139685ef80f6573f,drivers/gpu/drm/gma500/psb_irq.c,151-196,CONFIRMED,P3-031; Code evidence; it is not a measurement nor an official specification of silicon.
fault-handling,"Linux enables BIF_REQUESTER_FAULT and TWOD_COMPLETE. The handler reads INT_STAT/FAULT, logs type, requester, and address, then writes HOST_CLEAR/2; installs shared IRQ.",Poulsbo,linux,9b87fdc9af2fbfcdb5c24a64139685ef80f6573f,drivers/gpu/drm/gma500/psb_irq.c,278-325,CONFIRMED,P3-031; Code evidence; it is not an official measurement or specification of the silicon.
firmware-interrupt,"In DDK 1.14, SGX_ISRHandler recognizes SW_EVENT; the MISR can trigger recovery. The DRM_EXT integration exports SYSPVRServiceSGXInterrupt, calls the device ISR, and schedules the MISR when handled.",Poulsbo,omap5-sgx-ddk-linux,cb46ba4d0c900f89f7ec0284f9803d476bfa98de,eurasia_km/services4/srvkm/devices/sgx/sgxinit.c,1945-2008,CONFIRMED,P3-032; Code evidence; it is not a measurement nor an official silicon specification.
firmware-interrupt,"In DDK 1.14, SGX_ISRHandler recognizes SW_EVENT; the MISR can trigger recovery. The DRM_EXT integration exports SYSPVRServiceSGXInterrupt, calls the device ISR, and schedules the MISR when handled.",Poulsbo,omap5-sgx-ddk-linux,cb46ba4d0c900f89f7ec0284f9803d476bfa98de,eurasia_km/services4/srvkm/devices/sgx/sgxinit.c,2097-2125,CONFIRMED,P3-032; Code evidence; it is not a measurement nor an official silicon specification.
firmware-interrupt,"In DDK 1.14, SGX_ISRHandler recognizes SW_EVENT; the MISR can trigger recovery. The DRM_EXT integration exports SYSPVRServiceSGXInterrupt, calls the device ISR, and schedules the MISR when handled.",Poulsbo,omap5-sgx-ddk-linux,cb46ba4d0c900f89f7ec0284f9803d476bfa98de,eurasia_km/services4/system/poulsbo/sysconfig.c,1982-2005,CONFIRMED,P3-032; Code evidence; it is not a measurement nor an official silicon specification.
PSB-ABI,"The historical PSB header declares package 5.0.0.0045 and commands CMDBUF=0, XHW_INIT=1, XHW=2, SCENE_UNREF=3, KMS_OFF=4, KMS_ON=5, HW_INFO=6. The dispatch authenticates CMDBUF and restricts XHW to root.",Poulsbo,https://github.com/gregkh/psb-kmp,98b5307e5158a9ac401b29128ddd1184ae06b4d7,psb_drm.h,32-40,CONFIRMED,P3-040; Code evidence; it is not a measurement nor an official specification of silicon.
PSB-ABI,"The historical PSB header declares package 5.0.0.0045 and commands CMDBUF=0, XHW_INIT=1, XHW=2, SCENE_UNREF=3, KMS_OFF=4, KMS_ON=5, HW_INFO=6. The dispatch authenticates CMDBUF and restricts XHW to root.",Poulsbo,https://github.com/gregkh/psb-kmp,98b5307e5158a9ac401b29128ddd1184ae06b4d7,psb_drm.h,338-361,CONFIRMED,P3-040; Code evidence; it is not an official measurement or specification of the silicon.
PSB-ABI,"The historical PSB header declares package 5.0.0.0045 and commands CMDBUF=0, XHW_INIT=1, XHW=2, SCENE_UNREF=3, KMS_OFF=4, KMS_ON=5, HW_INFO=6. The dispatch authenticates CMDBUF and restricts XHW to root.",Poulsbo,https://github.com/gregkh/psb-kmp,98b5307e5158a9ac401b29128ddd1184ae06b4d7,psb_drv.c,86-111,CONFIRMED,P3-040; Code evidence; it is not an official measurement or specification of the silicon.
PSB-memory-command,"drm_psb_cmdbuf_arg carries lists of buffers/cliprects, scene/fence, handles/offsets/sizes for TA, OOM, command and relocations, engine, and feedback. drm_psb_reloc contains operation, destination, mask, shift and parameters. Defines memory types MMU/PDS/APER/RASTGEOM, engines and fences TA/raster/scene.",Poulsbo,https://github.com/gregkh/psb-kmp,98b5307e5158a9ac401b29128ddd1184ae06b4d7,psb_drm.h,47-54,CONFIRMED,P3-041; Code evidence; it is not an official measurement or specification of the silicon.
PSB-memory-command,"drm_psb_cmdbuf_arg carries lists of buffers/cliprects, scene/fence, handles/offsets/sizes for TA, OOM, command and relocations, engine, and feedback. drm_psb_reloc contains operation, destination, mask, shift and parameters. Defines memory types MMU/PDS/APER/RASTGEOM, engines and fences TA/raster/scene.",Poulsbo,https://github.com/gregkh/psb-kmp,98b5307e5158a9ac401b29128ddd1184ae06b4d7,psb_drm.h,120-184,CONFIRMED,P3-041; Code evidence; it is not a measurement nor an official specification of silicon.
PSB-memory-command,"drm_psb_cmdbuf_arg carries lists of buffers/cliprects, scene/fence, handles/offsets/sizes for TA, OOM, command and relocations, engine, and feedback. drm_psb_reloc contains operation, destination, mask, shift and parameters. Defines memory types MMU/PDS/APER/RASTGEOM, engines and fences TA/raster/scene.",Poulsbo,https://github.com/gregkh/psb-kmp,98b5307e5158a9ac401b29128ddd1184ae06b4d7,psb_drm.h,206-263,CONFIRMED,P3-041; Code evidence; it is not an official measurement or specification of the silicon.
PSB-XHW,"XHW_INIT receives a buffer handle; the kernel does lookup/map and calls it a communication buffer with the X server. There are fire raster, bind scene, TA memory, reset DPM, OOM, terminate, vistest, resume, and lockup operations; the ioctl waits for work and uses the shared buffer.",Poulsbo,https://github.com/gregkh/psb-kmp,98b5307e5158a9ac401b29128ddd1184ae06b4d7,psb_drm.h,265-361,CONFIRMED,P3-042; Code evidence; it is not a measurement nor an official specification of silicon.
PSB-XHW,"XHW_INIT receives a buffer handle; the kernel does lookup/map and calls it a communication buffer with the X server. There are fire raster, bind scene, TA memory, reset DPM, OOM, terminate, vistest, resume, and lockup operations; the ioctl waits for work and uses the shared buffer.",Poulsbo,https://github.com/gregkh/psb-kmp,98b5307e5158a9ac401b29128ddd1184ae06b4d7,psb_xhw.c,415-475,CONFIRMED,P3-042; Code evidence; it is not a measurement nor an official specification of silicon.
PSB-XHW,"XHW_INIT receives a buffer handle; the kernel does lookup/map and calls it a communication buffer with the X server. There are fire raster, bind scene, TA memory, reset DPM, OOM, terminate, vistest, resume, and lockup operations; the ioctl waits for work and uses the shared buffer.",Poulsbo,https://github.com/gregkh/psb-kmp,98b5307e5158a9ac401b29128ddd1184ae06b4d7,psb_xhw.c,543-629,CONFIRMED,P3-042; Code evidence; it is not an official measurement or specification of the silicon.
PSB-validation,"psb_sgx.c validates the list of buffer objects and applies relocations, checking source/destination indices and specific PDS/USE operations. This documents the submission path, not a security audit of the ABI.",Poulsbo,https://github.com/gregkh/psb-kmp,98b5307e5158a9ac401b29128ddd1184ae06b4d7,psb_sgx.c,410-464,CONFIRMED,P3-043; Code evidence; it is not an official measurement or specification of the silicon.
PSB-validation,"psb_sgx.c validates the list of buffer objects and applies relocations, checking source/destination indices and specific PDS/USE operations. This documents the submission path, not a security audit of the ABI.",Poulsbo,https://github.com/gregkh/psb-kmp,98b5307e5158a9ac401b29128ddd1184ae06b4d7,psb_sgx.c,631-779,CONFIRMED,P3-043; Code evidence; it is not an official measurement or specification of the silicon.
PSB-recovery,The historic PSB has a watchdog for lockup and reset workqueue; it checks the XHW channel and requests DPM reset after MMU reconfiguration.,Poulsbo,https://github.com/gregkh/psb-kmp,98b5307e5158a9ac401b29128ddd1184ae06b4d7,psb_reset.c,145-177,CONFIRMED,P3-044; Code evidence; it is not an official measurement or specification of silicon.
PSB-recovery,The historic PSB has a watchdog for lockup and reset workqueue; it checks the XHW channel and requests DPM reset after MMU reconfiguration.,Poulsbo,https://github.com/gregkh/psb-kmp,98b5307e5158a9ac401b29128ddd1184ae06b4d7,psb_reset.c,231-279,CONFIRMED,P3-044; Code evidence; it is not an official measurement or specification of silicon.
Services-ioctl,DDK 1.14 defines DRM Services/display/buffer-class/is-master/unpriv/debug commands as 0..5 in the native mode; DRM_EXT uses DRM_PVR_RESERVED1..6. There are no universal numerical values for the external mode in this header.,Poulsbo,omap5-sgx-ddk-linux,cb46ba4d0c900f89f7ec0284f9803d476bfa98de,eurasia_km/services4/include/env/linux/pvr_drm_shared.h,43-70,CONFIRMED,P3-045; Code evidence; it is not an official measurement or specification of the silicon.
Services-ioctl,DDK 1.14 defines DRM Services/display/buffer-class/is-master/unpriv/debug commands as 0..5 in the proper mode; DRM_EXT uses DRM_PVR_RESERVED1..6. There are no universal numerical values for the external mode in this header.,Poulsbo,omap5-sgx-ddk-linux,cb46ba4d0c900f89f7ec0284f9803d476bfa98de,eurasia_km/services4/srvkm/env/linux/pvr_drm.c,462-475,CONFIRMED,P3-045; Code evidence; it is not an official measurement or specification of silicon.
Services-package,"PVRSRV_BRIDGE_PACKAGE transports BridgeID, size, input/output pointers and sizes and hKernelServices. ALLOCDEVICEMEM uses device/heap handles, attributes, size, alignment, and chunk information; it is not a modern GEM handle.",Poulsbo,omap5-sgx-ddk-linux,cb46ba4d0c900f89f7ec0284f9803d476bfa98de,eurasia_km/services4/include/pvr_bridge.h,312-322,CONFIRMED,P3-046; Code evidence; it is not an official measurement or specification of the silicon.
Services-package,"PVRSRV_BRIDGE_PACKAGE transports BridgeID, size, input/output pointers and sizes and hKernelServices. ALLOCDEVICEMEM uses device/heap handles, attributes, size, alignment, and chunk information; it is not a modern GEM handle.",Poulsbo,omap5-sgx-ddk-linux,cb46ba4d0c900f89f7ec0284f9803d476bfa98de,eurasia_km/services4/include/pvr_bridge.h,482-497,CONFIRMED,P3-046; Code evidence; it is not a measurement nor an official specification of silicon.
Services-SGX-commands,"sgx_bridge.h defines DOKICK at SGX_CMD_BASE+3; TRANSFER +13; INFO_FOR_SRVINIT +15; DEVINITPART2 +16; context registers render +20, 2D +24, transfer +26; SUBMIT2D +23 and PROCESS_QUEUES +28, with build conditionals.",Poulsbo,omap5-sgx-ddk-linux,cb46ba4d0c900f89f7ec0284f9803d476bfa98de,eurasia_km/services4/include/sgx_bridge.h,63-114,CONFIRMED,P3-047; Code evidence; it is not a measurement nor an official silicon specification.
Services-SGX-commands,"sgx_bridge.h defines DOKICK at SGX_CMD_BASE+3; TRANSFER +13; INFO_FOR_SRVINIT +15; DEVINITPART2 +16; render context registers +20, 2D +24, transfer +26; SUBMIT2D +23 and PROCESS_QUEUES +28, with build conditionals.",Poulsbo,omap5-sgx-ddk-linux,cb46ba4d0c900f89f7ec0284f9803d476bfa98de,eurasia_km/services4/include/sgx_bridge.h,233-273,CONFIRMED,P3-047; Code evidence; it is not a measurement nor an official silicon specification.
Services-SGX-commands,"sgx_bridge.h defines DOKICK at SGX_CMD_BASE+3; TRANSFER +13; INFO_FOR_SRVINIT +15; DEVINITPART2 +16; render context registers +20, 2D +24, transfer +26; SUBMIT2D +23 and PROCESS_QUEUES +28, with build conditionals.",Poulsbo,omap5-sgx-ddk-linux,cb46ba4d0c900f89f7ec0284f9803d476bfa98de,eurasia_km/services4/include/sgx_bridge.h,315-351,CONFIRMED,P3-047; Code evidence; it is not a measurement nor an official silicon specification.
Services-init,"SGX_BRIDGE_INIT_INFO receives handles CCB/controle/event-kicker/host-control/TA3D, handler addresses, scripts, build options, struct sizes, data from clock/cache and additional handles. SGX_CCB_KICK aggregates command, handle/offset CCB and synchronization objects TA/3D.",Poulsbo,omap5-sgx-ddk-linux,cb46ba4d0c900f89f7ec0284f9803d476bfa98de,eurasia_km/services4/include/sgxinfo.h,83-153,CONFIRMED,P3-048; Code evidence; it is not an official measurement or specification of the silicon.
Services-init,"SGX_BRIDGE_INIT_INFO receives handles CCB/controle/event-kicker/host-control/TA3D, handler addresses, scripts, build options, struct sizes, data from clock/cache, and additional handles. SGX_CCB_KICK aggregates command, handle/offset CCB, and TA/3D synchronization objects.",Poulsbo,omap5-sgx-ddk-linux,cb46ba4d0c900f89f7ec0284f9803d476bfa98de,eurasia_km/services4/include/sgxinfo.h,181-251,CONFIRMED,P3-048; Code evidence; it is not a measurement nor an official specification of silicon.
CCB,"SGXMKIF_COMMAND contains service address USE, cache control, and six data words; the kernel CCB contains 256 commands and read/write offset control. The producer checks space and advances the write offset modulo 256.","DDK SGX, build-dependent",omap5-sgx-ddk-linux,cb46ba4d0c900f89f7ec0284f9803d476bfa98de,eurasia_km/services4/include/sgx_mkif_km.h,70-96,CONFIRMED,P3-049; Code evidence; it is not an official measurement or specification of silicon.
CCB,"SGXMKIF_COMMAND contains service address USE, cache control, and six data words; the kernel CCB contains 256 commands and read/write offset control. The producer checks space and advances the write offset modulo 256.","DDK SGX, build-dependent",omap5-sgx-ddk-linux,cb46ba4d0c900f89f7ec0284f9803d476bfa98de,eurasia_km/services4/srvkm/devices/sgx/sgxutils.c,236-254,CONFIRMED,P3-049; Code evidence; it is not a measurement nor an official specification of silicon.
CCB,"SGXMKIF_COMMAND contains service address USE, cache control, and six data words; the kernel CCB contains 256 commands and read/write offset control. The producer checks space and advances the write offset modulo 256.","DDK SGX, build-dependent",omap5-sgx-ddk-linux,cb46ba4d0c900f89f7ec0284f9803d476bfa98de,eurasia_km/services4/srvkm/devices/sgx/sgxutils.c,552-558,CONFIRMED,P3-049; Code evidence; it is not a measurement nor an official specification of silicon.
submission,"After publishing the command, the Services path updates the event kicker, uses a memory barrier, and writes EVENT_KICK2 under FIX_HW_BRN_26620 + SYSTEM_CACHE without bypass, and EVENT_KICK in the alternate branch. The cited SGX535 definition does not enable MULTI_EVENT_KICK.",DDK SGX535,omap5-sgx-ddk-linux,cb46ba4d0c900f89f7ec0284f9803d476bfa98de,eurasia_km/services4/srvkm/devices/sgx/sgxutils.c,603-633,CONFIRMED,P3-050; Code evidence; it is not a measurement nor an official silicon specification.
submission,"After publishing the command, the Services path updates the event kicker, uses a memory barrier, and writes EVENT_KICK2 under FIX_HW_BRN_26620 + SYSTEM_CACHE without bypass, and EVENT_KICK in the alternate branch. The cited SGX535 definition does not enable MULTI_EVENT_KICK.",DDK SGX535,omap5-sgx-ddk-linux,cb46ba4d0c900f89f7ec0284f9803d476bfa98de,eurasia_km/services4/srvkm/hwdefs/sgxfeaturedefs.h,76-88,CONFIRMED,P3-050; Code evidence; it is not a measurement nor an official silicon specification.
firmware-init,"SGXInitialise executes script part1, reset, script part2, kick and waits for PVRSRV_USSE_EDM_INIT_COMPLETE in shared memory; the scripts come from SGX_BRIDGE_INIT_INFO. This evidence does not provide the content of the microkernel or the scripts filled in by the UM.",DDK SGX,omap5-sgx-ddk-linux,cb46ba4d0c900f89f7ec0284f9803d476bfa98de,eurasia_km/services4/srvkm/devices/sgx/sgxinit.c,207-220,CONFIRMED,P3-051; Code evidence; it is not an official measurement or specification of the silicon.
firmware-init,"SGXInitialise executes script part1, reset, script part2, kick and waits for PVRSRV_USSE_EDM_INIT_COMPLETE in shared memory; the scripts come from SGX_BRIDGE_INIT_INFO. This evidence does not provide the content of the microkernel nor of the scripts filled in by the UM.",DDK SGX,omap5-sgx-ddk-linux,cb46ba4d0c900f89f7ec0284f9803d476bfa98de,eurasia_km/services4/srvkm/devices/sgx/sgxinit.c,534-574,CONFIRMED,P3-051; Code evidence; it is not an official measurement or silicon specification.
firmware-init,"SGXInitialise executes script part1, reset, script part2, kick and waits for PVRSRV_USSE_EDM_INIT_COMPLETE in shared memory; the scripts come from SGX_BRIDGE_INIT_INFO. This evidence does not provide the content of the microkernel nor of the scripts filled in by the UM.",DDK SGX,omap5-sgx-ddk-linux,cb46ba4d0c900f89f7ec0284f9803d476bfa98de,eurasia_km/services4/srvkm/devices/sgx/sgxinit.c,637-730,CONFIRMED,P3-051; Code evidence; it is not an official measurement or specification of the silicon.
firmware-init,"SGXInitialise runs script part1, reset, script part2, kick and waits for PVRSRV_USSE_EDM_INIT_COMPLETE in shared memory; the scripts come from SGX_BRIDGE_INIT_INFO. This evidence does not provide the content of the microkernel nor of the scripts filled in by the UM.",DDK SGX,omap5-sgx-ddk-linux,cb46ba4d0c900f89f7ec0284f9803d476bfa98de,eurasia_km/services4/include/sgxinfo.h,83-100,CONFIRMED,P3-051; Code evidence; it is not an official measurement or specification of the silicon.
display-ABI,"The Poulsbo display-class defines ENTER_VT=1, LEAVE_VT=2, and CURSOR_LOAD=3, struct with cmd/dev-id and 32-bit cursor size / 64-bit pointer.",Poulsbo,omap5-sgx-ddk-linux,cb46ba4d0c900f89f7ec0284f9803d476bfa98de,eurasia_km/services4/3rdparty/dc_poulsbo/3rdparty_dc_drm_shared.h,46-68,CONFIRMED,P3-052; Code evidence; it is not an official measurement or specification of silicon.
EMGD-ABI,"EMGD emgd_shared.h fixes PVR_RESERVED1..5 at 0x12..0x16 and RESERVED6 at 0x1e. emgd_drm.h defines GMM_ALLOC_REGION=0x0e, ALLOC_SURFACE=0x0f, FREE=0x10, FLUSH_CACHE=0x11, DRIVER_PRE_INIT=0x23, START_PVRSRV=0x25 and PREINIT_MMU=0x39.",Poulsbo,https://github.com/EMGD-Community/intel-binaries-linux,e6884ec2eaaf1afe88d5ff9dd44d70403525be5b,drm/include/emgd_shared.h,50-59,CONFIRMED,P3-053; Code evidence; it is not a measurement nor an official silicon specification.
EMGD-ABI,"EMGD emgd_shared.h fixes PVR_RESERVED1..5 at 0x12..0x16 and RESERVED6 at 0x1e. emgd_drm.h defines GMM_ALLOC_REGION=0x0e, ALLOC_SURFACE=0x0f, FREE=0x10, FLUSH_CACHE=0x11, DRIVER_PRE_INIT=0x23, START_PVRSRV=0x25 and PREINIT_MMU=0x39.",Poulsbo,https://github.com/EMGD-Community/intel-binaries-linux,e6884ec2eaaf1afe88d5ff9dd44d70403525be5b,drm/include/emgd_drm.h,679-763,CONFIRMED,P3-053; Code evidence; it is not an official measurement or silicon specification.
EMGD-init-version,"emgd_drm_start_pvrsrv_t contains xserver and rtn, described as the return of PVRSRVDrmLoad. The mirror pvrversion.h declares 1.5.15.3226: do not confuse this internal version of PVR with EMGD 1.14 or TI DDK 1.14.",Poulsbo,https://github.com/EMGD-Community/intel-binaries-linux,e6884ec2eaaf1afe88d5ff9dd44d70403525be5b,drm/include/emgd_drm.h,638-647,CONFIRMED,P3-054; Code evidence; it is not an official measurement or specification of silicon.
EMGD-init-version,"emgd_drm_start_pvrsrv_t contains xserver and rtn, described as the return of PVRSRVDrmLoad. The mirror pvrversion.h declares 1.5.15.3226: do not confuse this internal PVR version with EMGD 1.14 or TI DDK 1.14.",Poulsbo,https://github.com/EMGD-Community/intel-binaries-linux,e6884ec2eaaf1afe88d5ff9dd44d70403525be5b,drm/pvr/include4/pvrversion.h,45-53,CONFIRMED,P3-054; Code evidence; it is not an official measurement or specification of silicon.
license-TI,"sgx535defs.h preserves dual notice MIT/GPLv2, with MIT option and retention of notices.",source artifact,omap5-sgx-ddk-linux,322bcda5f3076037e2e20ef9209f4f4d575a7d5f,services4/srvkm/hwdefs/sgx535defs.h,1-40,CONFIRMED,P3-055; Candidate for reuse only under option/license verified by file; no implementation produced.
license-Linux-PSB,gtt.c currently has SPDX GPL-2.0-only; psb_drm.h historical brings GPL version 2. Do not transplant code from these files into a future Mesa implementation under a permissive license.,source artifact,linux,9b87fdc9af2fbfcdb5c24a64139685ef80f6573f,drivers/gpu/drm/gma500/gtt.c,1-8,CONFIRMED,P3-056; Conservative separation of the project: documentary evidence does not equate to authorization to relicense implementation.
license-Linux-PSB,gtt.c currently has SPDX GPL-2.0-only; psb_drm.h historical brings GPL version 2. Do not transplant code from these files into a future Mesa implementation under a permissive license.,source artifact,https://github.com/gregkh/psb-kmp,98b5307e5158a9ac401b29128ddd1184ae06b4d7,psb_drm.h,1-21,CONFIRMED,P3-056; Conservative separation of the project: documentary evidence does not equate to authorization to relicense implementation.
license-EMGD-source,"The EMGD emgd_drm.h and SGX535 headers contain permissive warnings with a requirement to preserve copyright/license. The License.txt also separates the DRM kernel and points to GPLv2; handle the combination by file and origin, without assuming a global license.",source artifact,https://github.com/EMGD-Community/intel-binaries-linux,e6884ec2eaaf1afe88d5ff9dd44d70403525be5b,drm/include/emgd_drm.h,1-30,CONFIRMED,P3-057; Code evidence; it is not an official measurement or specification of the silicon.
license-EMGD-source,"The EMGD emgd_drm.h and SGX535 headers contain permissive warnings with a requirement to preserve copyright/license. The License.txt also separates the DRM kernel and points to GPLv2; handle the combination by file and origin, without assuming a global license.",source artifact,https://github.com/EMGD-Community/intel-binaries-linux,e6884ec2eaaf1afe88d5ff9dd44d70403525be5b,drm/pvr/services4/srvkm/hwdefs/sgx535defs.h,1-21,CONFIRMED,P3-057; Code evidence; it is not an official measurement or specification of the silicon.
license-EMGD-source,"The EMGD emgd_drm.h and SGX535 headers contain permissive warnings with a requirement to preserve copyright/license. The License.txt also separates the DRM kernel and points to GPLv2; handle the combination by file and origin, without assuming a global license.",source artifact,https://github.com/EMGD-Community/intel-binaries-linux,e6884ec2eaaf1afe88d5ff9dd44d70403525be5b,License.txt,1-9,CONFIRMED,P3-057; Code evidence; it is not a measurement nor an official silicon specification.
license-binaries,"The userspace license in readme.txt EMGD allows unmodified binaries, restricts hardware, and prohibits reverse engineering/decompilation/disassembly; License.txt also contains conditions for binary redistribution.",binary artifacts,https://github.com/EMGD-Community/intel-binaries-linux,e6884ec2eaaf1afe88d5ff9dd44d70403525be5b,readme.txt,1-16,CONFIRMED,"P3-058; Description of the published terms; no external binary was executed, loaded, decompiled, or treated as reusable source."
license-binaries,"The userspace license in readme.txt EMGD allows unmodified binaries, restricts hardware, and prohibits reverse engineering/decompilation/disassembly; License.txt also contains conditions for binary redistribution.",binary artifacts,https://github.com/EMGD-Community/intel-binaries-linux,e6884ec2eaaf1afe88d5ff9dd44d70403525be5b,License.txt,32-42,CONFIRMED,"P3-058; Description of the published terms; no external binary was executed, loaded, decompiled, or treated as reusable source."
TI-platform,"The available OMAP4 path uses pm_runtime_get_sync/put_sync and clock acquisition as gpu_fck/sgx_clk_mux_ck; it is TI integration code, not Poulsbo clock implementation.",TI OMAP4,omap5-sgx-ddk-linux,430673f78b79eccdf308a6bbfb524209b485d2cc,eurasia_km/services4/system/omap4/sysutils_linux.c,238-252,CONFIRMED,P3-059; Code evidence; it is not a measurement nor an official specification of silicon.
TI-platform,"The available OMAP4 path uses pm_runtime_get_sync/put_sync and clock acquisition as gpu_fck/sgx_clk_mux_ck; it is TI integration code, not Poulsbo clock implementation.",TI OMAP4,omap5-sgx-ddk-linux,430673f78b79eccdf308a6bbfb524209b485d2cc,eurasia_km/services4/system/omap4/sysutils_linux.c,288-300,CONFIRMED,P3-059; Code evidence; it is not an official measurement or specification of silicon.
TI-platform,"The available OMAP4 path uses pm_runtime_get_sync/put_sync and clock acquisition as gpu_fck/sgx_clk_mux_ck; it is TI integration code, not Poulsbo clock implementation.",TI OMAP4,omap5-sgx-ddk-linux,430673f78b79eccdf308a6bbfb524209b485d2cc,eurasia_km/services4/system/omap4/sysutils_linux.c,639-674,CONFIRMED,P3-059; Code evidence; it is not a measurement nor an official specification of silicon.
header-comparison,"Comparison of scalar numeric macros: 597 common equal values, 20 macros only in the TI header and 6 only in the EMGD header; macro-functions/expressions are not included in the calculation.",source artifacts,omap5-sgx-ddk-linux,322bcda5f3076037e2e20ef9209f4f4d575a7d5f,services4/srvkm/hwdefs/sgx535defs.h,1-739,CONFIRMED,P3-063; Result deterministically derived from the texts; see poulsbo-data/header-comparison.json; does not establish hardware equivalence.
header-comparison,"Comparison of scalar numeric macros: 597 equal common values, 20 macros only in the TI header and 6 only in the EMGD header; macro-functions/expressions are not included in the calculation.",source artifacts,https://github.com/EMGD-Community/intel-binaries-linux,e6884ec2eaaf1afe88d5ff9dd44d70403525be5b,drm/pvr/services4/srvkm/hwdefs/sgx535defs.h,1-633,CONFIRMED,P3-063; Result deterministically derived from the texts; see poulsbo-data/header-comparison.json; does not establish hardware equivalence.
provenance,"The community mirror README is presented as EMGD 1.18 and states that it gathers binaries, sources, and patches; it is not an Intel release authenticated by the project.",source artifact,https://github.com/EMGD-Community/intel-binaries-linux,e6884ec2eaaf1afe88d5ff9dd44d70403525be5b,README.md,1-7,CONFIRMED,"P3-064; title/declaration of the mirror, non-equivalence between releases."
identification,The Linux PCI table names 8086:8108 and 8086:8109 as Poulsbo and associates the family with PowerVR SGX535/GMA500/Atom Z5xx.,Poulsbo,linux,9b87fdc9af2fbfcdb5c24a64139685ef80f6573f,drivers/gpu/drm/gma500/psb_drv.c,43-59,CONFIRMED,P4-001; probe whitelist; does not map subsystem/revision to stepping.
passive-interface,PCI sysfs documents class/device/irq/resource/revision/subsystem/vendor as ASCII read-only; config and enable are RW and resourceN is mmapable.,Linux PCI,linux,9b87fdc9af2fbfcdb5c24a64139685ef80f6573f,Documentation/PCI/sysfs-pci.rst,7-75,CONFIRMED,P4-002/P4-003; justifies the selection and the exclusions of the probe.
passive-interface,The PCI identity attributes format fields already maintained in pci_dev and resource formats start/end/flags.,Linux PCI,linux,9b87fdc9af2fbfcdb5c24a64139685ef80f6573f,drivers/pci/pci-sysfs.c,40-76;163-195,CONFIRMED,P4-002; implementation of the passive surface.
runtime-pm,runtime_status exposes active/suspended/suspending/resuming/error/unsupported; writing on power/control can wake the device.,Linux PM core,linux,9b87fdc9af2fbfcdb5c24a64139685ef80f6573f,Documentation/ABI/testing/sysfs-devices-power,35-52;264-306,CONFIRMED,P4-004; probe reads runtime_status and does not touch control.
runtime-pm,runtime_status_show consults the runtime-PM state and formats it; it does not contain a resume call.,Linux PM core,linux,9b87fdc9af2fbfcdb5c24a64139685ef80f6573f,drivers/base/power/sysfs.c,123-179,CONFIRMED,P4-004; limited to the implementation of this commit.
DRM,"gma500 announces MODESET and GEM, has its own empty ioctl table and does not announce DRIVER_RENDER.",Poulsbo/gma500,linux,9b87fdc9af2fbfcdb5c24a64139685ef80f6573f,drivers/gpu/drm/gma500/psb_drv.c,91-95;493-518,CONFIRMED,P4-005; does not imply absence of DRM core ioctls.
DRM,The DRM core allocates a render node only when DRIVER_RENDER is present.,Linux DRM core,linux,9b87fdc9af2fbfcdb5c24a64139685ef80f6573f,drivers/gpu/drm/drm_drv.c,771-785,CONFIRMED,P4-005; cardN is the expectation for the current gma500.
probe-lifecycle,gma500 executes psb_driver_load before drm_dev_register; the DRM node is only published after the driver initialization.,Poulsbo/gma500,linux,9b87fdc9af2fbfcdb5c24a64139685ef80f6573f,drivers/gpu/drm/gma500/psb_drv.c,450-479,CONFIRMED,P4-006; passive probe does not mean hardware untouched since boot.
initialization,"Before DRM registration, gma500 maps VDC/SGX, starts PM/GTT/GEM/MMU, runs psb_do_init, programs PD/PDS/BIF, and installs the IRQ.",Poulsbo/gma500,linux,9b87fdc9af2fbfcdb5c24a64139685ef80f6573f,drivers/gpu/drm/gma500/psb_drv.c,250-385,CONFIRMED,P4-006/P4-007; active sequence during bind.
ownership,gma500 keeps the vdc_reg/sgx_reg mappings and unmaps them on unload.,Poulsbo/gma500,linux,9b87fdc9af2fbfcdb5c24a64139685ef80f6573f,drivers/gpu/drm/gma500/psb_drv.c,254-264;204-210,CONFIRMED,P4-007; ownership is held through drm_psb_private.
locking,Insertion and removal of pages from the GTT take gtt_mutex.,Poulsbo/gma500,linux,9b87fdc9af2fbfcdb5c24a64139685ef80f6573f,drivers/gpu/drm/gma500/gtt.c,70-125,CONFIRMED,P4-008.
locking,"GEM pin/unpin uses dma_resv_lock, and mmap faults use mmap_mutex.",Poulsbo/gma500,linux,9b87fdc9af2fbfcdb5c24a64139685ef80f6573f,drivers/gpu/drm/gma500/gem.c,29-108;270-300,CONFIRMED,P4-008.
locking,The MMU defines rw_semaphore for driver/PD and spinlock for tables; flush and set_pd_context take the semaphore in write.,Poulsbo/gma500,linux,9b87fdc9af2fbfcdb5c24a64139685ef80f6573f,drivers/gpu/drm/gma500/mmu.h,11-24,CONFIRMED,P4-009; declaration and order contract.
locking,MMU flush and PD context switch are serialized by driver->sem.,Poulsbo/gma500,linux,9b87fdc9af2fbfcdb5c24a64139685ef80f6573f,drivers/gpu/drm/gma500/mmu.c,97-135,CONFIRMED,P4-009.
interrupt-ownership,"The handler aggregates display/hotplug/SGX under irqmask_lock, reads status/fault SGX, and acknowledges events by EVENT_HOST_CLEAR.",Poulsbo/gma500,linux,9b87fdc9af2fbfcdb5c24a64139685ef80f6573f,drivers/gpu/drm/gma500/psb_irq.c,151-247,CONFIRMED,P4-010; external readings can run with IRQ.
interrupt-ownership,gma500 installs the PCI IRQ with IRQF_SHARED and programs SGX/display masks under irqmask_lock.,Poulsbo/gma500,linux,9b87fdc9af2fbfcdb5c24a64139685ef80f6573f,drivers/gpu/drm/gma500/psb_irq.c,250-333,CONFIRMED,P4-010.
memory,gma500 derives gtt_phys_start/mmu_gatt_start/gtt_start/gatt_start from driver state and PCI resources.,Poulsbo/gma500,linux,9b87fdc9af2fbfcdb5c24a64139685ef80f6573f,drivers/gpu/drm/gma500/gtt.c,185-253,CONFIRMED,P4-011; PCI resource file does not expose all derivatives.
memory,"gma500 reads BSM in PCI config, calculates stolen, and populates the GTT; the derived size is kept in the private state and debug log.",Poulsbo/gma500,linux,9b87fdc9af2fbfcdb5c24a64139685ef80f6573f,drivers/gpu/drm/gma500/gem.c,309-361,CONFIRMED,P4-011.
power,"gma_power_init declares broken runtime PM, takes unconditional pm_runtime_get and returns with pm_runtime_put_noidle in uninit.",Poulsbo/gma500,linux,9b87fdc9af2fbfcdb5c24a64139685ef80f6573f,drivers/gpu/drm/gma500/power.c,46-87,CONFIRMED,P4-012; does not test internal SGX clocks.
power,The Poulsbo callbacks psb_power_down and psb_power_up are stubs that return zero.,Poulsbo/gma500,linux,9b87fdc9af2fbfcdb5c24a64139685ef80f6573f,drivers/gpu/drm/gma500/psb_device.c,186-194,CONFIRMED,P4-012.
suspend-resume,"Suspend removes the IRQ, saves display state, disables PCI, and selects D3hot; resume restores PCI/GTT/GEM/display and the IRQ.",Poulsbo/gma500,linux,9b87fdc9af2fbfcdb5c24a64139685ef80f6573f,drivers/gpu/drm/gma500/power.c,95-203,CONFIRMED,P4-013; does not define SGX 3D state preservation.
register-read-use,The historical PSB driver reads CORE_ID and CORE_REVISION and breaks down the revision fields.,historical Poulsbo,https://github.com/gregkh/psb-kmp,98b5307e5158a9ac401b29128ddd1184ae06b4d7,psb_drv.c,325-340,CONFIRMED,P4-014; historical use is not a safety contract.
register-read-use,The EMGD artifact maps SGX and reads EUR_CR_CORE_REVISION to produce a version string.,historical Poulsbo/EMGD,https://github.com/EMGD-Community/intel-binaries-linux,e6884ec2eaaf1afe88d5ff9dd44d70403525be5b,drm/pvr/services4/system/common/sysconfig.c,547-580,CONFIRMED,"P4-015; community mirror, not official documentation."
register-read-use,The DDK Poulsbo lists CORE_ID/CORE_REVISION and BIF/event registers in its optional debug dump.,historical Poulsbo,omap5-sgx-ddk-linux,cb46ba4d0c900f89f7ec0284f9803d476bfa98de,eurasia_km/services4/srvkm/devices/sgx/sgxinit.c,1333-1364,CONFIRMED,P4-015; a debug read does not prove absence of side effects.
clock-gating,psb_init_pm performs read-modify-write of CLKGATECTL for field 2D and executes readback.,Poulsbo/gma500,linux,9b87fdc9af2fbfcdb5c24a64139685ef80f6573f,drivers/gpu/drm/gma500/psb_device.c,85-94,CONFIRMED,P4-016; does not generalize safety to other registers.
recovery,"The SysRq documentation describes enabling and dump operations of locks/tasks, sync, remount read-only, and immediate reboot without sync/unmount.",Linux,linux,9b87fdc9af2fbfcdb5c24a64139685ef80f6573f,Documentation/admin-guide/sysrq.rst,9-46;93-165,CONFIRMED,"P4-017; future plan, no operation executed."
recovery,ramoops/pstore provides dmesg-ramoops-N dumps and can keep persistent ftrace to investigate hangs.,Linux,linux,9b87fdc9af2fbfcdb5c24a64139685ef80f6573f,Documentation/admin-guide/ramoops.rst,145-167,CONFIRMED,P4-018; requires prior configuration of the machine.
identification,Linux exports public system/board/BIOS DMI fields with mode 0444 and protects serial/UUID with mode 0400.,x86/DMI,linux,9b87fdc9af2fbfcdb5c24a64139685ef80f6573f,drivers/firmware/dmi-id.c,22-62;188-224,CONFIRMED,"P4-019; the probe does not collect serial, UUID, or asset tags."
power,The DDK Poulsbo warns that the SGX register dump should not be done when the SGX is not powered.,historical Poulsbo,omap5-sgx-ddk-linux,cb46ba4d0c900f89f7ec0284f9803d476bfa98de,eurasia_km/services4/srvkm/devices/sgx/sgxinit.c,1320-1334,CONFIRMED,P4-020; does not define how to check power/clocks nor guarantee absence of read side effects.
runtime-pm,gma_power_begin with force_on calls pm_runtime_resume_and_get; without force_on uses pm_runtime_get_if_in_use; gma_power_end calls pm_runtime_put.,Poulsbo/gma500,linux,9b87fdc9af2fbfcdb5c24a64139685ef80f6573f,drivers/gpu/drm/gma500/power.c,210-232,CONFIRMED,"P4-021; API described as display power island, does not guarantee internal SGX clocks."
power,The PCI power_state attribute is read-only and formats pci_dev.current_state.,Linux PCI,linux,9b87fdc9af2fbfcdb5c24a64139685ef80f6573f,drivers/pci/pci-sysfs.c,154-161,CONFIRMED,P4-022; does not describe SGX internal clocks.
missing-document,Intel EMGD specification update 445348-016US lists document 364236 as Intel System Controller HUB External Design Specification.,Intel SCH/EMGD,Intel Corporation,N/A; document 445348-016US; April 2012,https://www.intel.de/content/dam/www/public/us/en/documents/specification-updates/emgd-v1-14-winxp-spec-update.pdf,"page 6, Table 1",CONFIRMED,P5-001; title and number only; does not establish the document's contents; retrieved SHA256 bd83dabaf1e4e4f7fe69884fd399d4050be1bac74d2259fac663d2d07217d326.
document-access,An Intel Community moderator states that document 364236 is available through a privileged Intel Resource and Documentation Center account and gives its content URL.,Intel SCH,Intel Community,N/A; public support thread; 2021,https://community.intel.com/t5/Embedded-Intel-Atom-Processors/Intel-SCH-US15WPT/m-p/1248506,Intel moderator response,CONFIRMED,P5-002; establishes the stated access route only; contents and classification remain UNKNOWN.
missing-document,A forum user names Eurasia.3D Input Parameter Format.1.3.37a.SGX535 1.2.External.pdf and Imagination staff redirects the technical issue to private developer support.,SGX535,Imagination Technologies developer forum,N/A; public topic; 2009-04-23,https://forums.imgtec.com/t/pds-programming/333,topic posts,CONFIRMED,"P5-003; confirms only the public statements; does not authenticate the filename or establish contents, license, or register semantics."
platform-scope,Imagination staff states that SGX535 and SGX545 have feature differences and directs an Intel-platform question to the platform provider.,SGX535/SGX545 on Intel platform,Imagination Technologies developer forum,N/A; public topic; 2014-02-27 to 2014-02-28,https://forums.imgtec.com/t/sgx545-blitter/2000,posts 2 and 4,CONFIRMED,P5-004; supports keeping core and platform scopes separate; not a register-access contract.
document-access,An anonymous request to the Intel content URL for document 364236 redirects to Intel's public 404 page.,Intel SCH,Intel Corporation,N/A; retrieval 2026-09-20,https://cdrdv2.intel.com/v1/dl/getContent/364236,HTTP redirect ending at public 404 page,CONFIRMED,P5-005; anonymous retrieval result only; authenticated availability and document contents remain UNKNOWN.
clock,gma_get_core_freq writes root-bridge PCI config offset 0xd0 before reading 0xd4 and derives dev_priv->core_freq from the returned low three bits.,Poulsbo/gma500,linux,9b87fdc9af2fbfcdb5c24a64139685ef80f6573f,drivers/gpu/drm/gma500/gma_device.c,11-51,CONFIRMED,"P6-001; source establishes an active PCI configuration transaction, not a passive observation or SGX clock contract."
clock,"psb_backlight_setup uses dev_priv->core_freq to calculate the BLC_PWM_CTL value, and psb_chip_setup calls gma_get_core_freq during Poulsbo setup.",Poulsbo/gma500,linux,9b87fdc9af2fbfcdb5c24a64139685ef80f6573f,drivers/gpu/drm/gma500/psb_device.c,41-77;248-256,CONFIRMED,"P6-002; establishes a display/backlight consumer in this source path, not the physical SGX execution clock."
clock,"The Poulsbo DDK defines SYS_SGX_CLOCK_SPEED as 200000000, and the EMGD community mirror supplies SYS_SGX_CLOCK_SPEED_PLB to a platform interface and timing structure.",historical Poulsbo,omap5-sgx-ddk-linux; https://github.com/EMGD-Community/intel-binaries-linux,cb46ba4d0c900f89f7ec0284f9803d476bfa98de; e6884ec2eaaf1afe88d5ff9dd44d70403525be5b,eurasia_km/services4/system/poulsbo/sysinfo.h; drm/pvr/services4/system/plb/sysconfig.c; drm/pvr/services4/system/common/sysconfig.c,46;40-46;665-674,CONFIRMED,P6-003; historical software configuration/timing evidence only; no measured hardware frequency or register-access prerequisite.
power,The Poulsbo DDK warns that its SGX register dump must not run when SGX is not powered.,historical Poulsbo,omap5-sgx-ddk-linux,cb46ba4d0c900f89f7ec0284f9803d476bfa98de,eurasia_km/services4/srvkm/devices/sgx/sgxinit.c,1320-1334,CONFIRMED,"P6-004; confirms a historical power-sensitive dump boundary, not a minimum state, safe check, or CORE_ID/CORE_REVISION exception."
history,A 2014 DRI-devel patch moves the existing Poulsbo psb_get_core_freq implementation into gma_device.c as gma_get_core_freq without changing the selector write/read or frequency decode.,Poulsbo/gma500,DRI-devel archive,2014-03-18,https://go.mail-archive.com/dri-devel%40lists.freedesktop.org/msg110201.html,patch 11/16; gma_device.c and psb_device.c diff,CONFIRMED,"P6-1-001; PRIMARY-INDIRECT historical-source evidence. It establishes a refactor, not the hardware meaning of the selected PCI field."
power,"The historical staging gma500 header has an optional TRAP_SGX_PM_FAULT macro that tests PSB_APM_STS, logs an SGX-off read warning, and then executes ioread32 on sgx_reg.",Poulsbo/gma500,LKML archive,2011-02-22,https://lkml.org/lkml/2011/2/22/183,psb_drv.h diff around TRAP_SGX_PM_FAULT,CONFIRMED,"P6-1-002; PRIMARY-INDIRECT. The macro is disabled, does not define APM semantics, does not prevent the read, and is not an access contract."
historical-package,A 2009 DRI-devel thread identifies an old Moblin xf86-video-psb tree and states that the 3D binary pieces were not open source.,Poulsbo/Moblin,DRI-devel archive,2009-03-19,https://sourceforge.net/p/dri/mailman/dri-devel/thread/20090319040838.GC29249%40kroah.com/,thread post,CONFIRMED,"P6-1-003; PRIMARY-INDIRECT package/provenance evidence only; no register, power, or reset contract."
clock,A PHYTEC manual labels US15WP/US15WPT board configuration 'GFX frequency' as 200 MHz.,US15WP/US15WPT board,PHYTEC,2009,https://www.phytec.eu/fileadmin/legacy/downloads/Manuals/L-732E.pdf,SCH table on page 21,CONFIRMED,"P6-1-004; SECONDARY board-manual label for another system. It does not define the clocked block, establish the Dell's SGX execution clock, or provide register-access requirements."
document-access,"An Imagination staff response says hardware TRMs are exposed to graphics-IP licensees, identifies a public developer architecture guide, and offers forum or email support for questions beyond it.",PowerVR SGX,Imagination Technologies developer forum,N/A; public topic; 2013-08-27,https://forums.imgtec.com/t/sgx-trms/1883,post 2,CONFIRMED,P6-2-001; establishes a historical licensee/support route only. It does not establish that any SGX535 or Poulsbo material is currently available or disclose register semantics.
document-access,An Intel Community moderator identifies an Intel sign-on support form for trouble with or updates to the privileged RDC account used for document 364236.,Intel SCH,Intel Community,N/A; public support thread; 2021,https://community.intel.com/t5/Embedded-Intel-Atom-Processors/Intel-SCH-US15WPT/m-p/1248506,Intel moderator response,CONFIRMED,"P6-2-002; establishes an account-support route only. It does not establish current entitlement, document availability, or document contents."
target-lifecycle,"5.10.240 gma500 selects Poulsbo for 8086:8108/8109, maps BAR0 SGX before DRM registration, performs initialization, and unmaps it during unload.",Poulsbo path in antiX 5.10.240 source,https://github.com/gregkh/linux,d5eca7ebcf6f64c4aebf9684c365c130a3a069b3,drivers/gpu/drm/gma500/psb_drv.c,40-57;147-245;295-395;428-482,CONFIRMED,"P7-001; source key target:psb_drv.c; SHA-256 db2699f9301563dfe7cd8c87e7087d00a1c7af432a41161a6e2ec21b07d3d576; antiX 5.10.240-antix.1-486-smp-6; installed binary UNVERIFIED; source behavior only, not hardware safety; retained docs/phase4-2-data/antix-source/drivers/gpu/drm/gma500/psb_drv.c"
target-lifecycle,"The target source defines MMIO resource 0, SGX offset 0x40000 and size 0x8000, and includes ASLE/hotplug work in private state.",Poulsbo path in antiX 5.10.240 source,https://github.com/gregkh/linux,d5eca7ebcf6f64c4aebf9684c365c130a3a069b3,drivers/gpu/drm/gma500/psb_drv.h,51-64;246;554,CONFIRMED,"P7-001; source key target:psb_drv.h; SHA-256 6dce38176eccc8d7037783ec6c41d101c3c614068a3b7b11f40b06e1d1ca6261; antiX 5.10.240-antix.1-486-smp-6; installed binary UNVERIFIED; source behavior only, not hardware safety; retained docs/phase4-2-data/antix-source/drivers/gpu/drm/gma500/psb_drv.h"
target-lifecycle,Poulsbo ops select PSB_SGX_OFFSET and platform callbacks.,Poulsbo path in antiX 5.10.240 source,https://github.com/gregkh/linux,d5eca7ebcf6f64c4aebf9684c365c130a3a069b3,drivers/gpu/drm/gma500/psb_device.c,319-348,CONFIRMED,"P7-001; source key target:psb_device.c; SHA-256 c02f8c825350ed89675d7618e158d503fbb92169a7f2f8aba4255b353de9a493; antiX 5.10.240-antix.1-486-smp-6; installed binary UNVERIFIED; source behavior only, not hardware safety; retained docs/phase4-2-data/antix-source/drivers/gpu/drm/gma500/psb_device.c"
target-power,5.10.240 uses power_mutex for suspend/resume and power_ctrl_lock for display claims; D3hot/D0 and runtime callbacks do not establish SGX internal power.,Poulsbo path in antiX 5.10.240 source,https://github.com/gregkh/linux,d5eca7ebcf6f64c4aebf9684c365c130a3a069b3,drivers/gpu/drm/gma500/power.c,38-75;83-176;188-331,CONFIRMED,"P7-002; source key target:power.c; SHA-256 94f01101e484ef73f111278a225c74c8528f99a5ffee79b97f368ee5e5de6a9d; antiX 5.10.240-antix.1-486-smp-6; installed binary UNVERIFIED; source behavior only, not hardware safety; retained docs/phase4-2-data/antix-source/drivers/gpu/drm/gma500/power.c"
target-irq,The target IRQ handler unlocks irqmask_lock before SGX reads; uninstall programs masks and is not itself IRQ deregistration or synchronization.,Poulsbo path in antiX 5.10.240 source,https://github.com/gregkh/linux,d5eca7ebcf6f64c4aebf9684c365c130a3a069b3,drivers/gpu/drm/gma500/psb_irq.c,198-249;252-407,CONFIRMED,"P7-003; source key target:psb_irq.c; SHA-256 9dfbb8dca48e68a1f9eef266e85c4b55807e2689d598d5f24995f9aa9938bd97; antiX 5.10.240-antix.1-486-smp-6; installed binary UNVERIFIED; source behavior only, not hardware safety; retained docs/phase4-2-data/antix-source/drivers/gpu/drm/gma500/psb_irq.c"
target-mmu,"PD setup uses BASE1 plus context times four for nonzero contexts, while free uses BASE0 plus stored context times four; MMU flush and setup use driver sem.",Poulsbo path in antiX 5.10.240 source,https://github.com/gregkh/linux,d5eca7ebcf6f64c4aebf9684c365c130a3a069b3,drivers/gpu/drm/gma500/mmu.c,102-140;237-259,CONFIRMED,"P7-004; source key target:mmu.c; SHA-256 d9a7e839d24c3a6e5a6be77c8583a8073ea4e20fb64eb1fc0228048db4e8fd24; antiX 5.10.240-antix.1-486-smp-6; installed binary UNVERIFIED; source behavior only, not hardware safety; retained docs/phase4-2-data/antix-source/drivers/gpu/drm/gma500/mmu.c"
target-2d,"Target 2D code contains SGX reset, FIFO submission and synchronization paths under a separate lock_2d protocol.",Poulsbo path in antiX 5.10.240 source,https://github.com/gregkh/linux,d5eca7ebcf6f64c4aebf9684c365c130a3a069b3,drivers/gpu/drm/gma500/accel_2d.c,35-60;95-118;259-285;313-352,CONFIRMED,"P7-005; source key target:accel_2d.c; SHA-256 090002c14bf5e0f0777382f735807faa6dfa0dde98a1a57aff8f65aee20a2f1c; antiX 5.10.240-antix.1-486-smp-6; installed binary UNVERIFIED; source behavior only, not hardware safety; retained docs/phase4-2-data/antix-source/drivers/gpu/drm/gma500/accel_2d.c"
target-diagnostic,The disabled TRAP_SGX_PM_FAULT branch still appears in 5.10.240; it tests APM port bits and warns before proceeding to the SGX read.,Poulsbo path in antiX 5.10.240 source,https://github.com/gregkh/linux,d5eca7ebcf6f64c4aebf9684c365c130a3a069b3,drivers/gpu/drm/gma500/psb_drv.h,893-907,CONFIRMED,"P7-006; source key target:psb_drv.h; SHA-256 6dce38176eccc8d7037783ec6c41d101c3c614068a3b7b11f40b06e1d1ca6261; antiX 5.10.240-antix.1-486-smp-6; installed binary UNVERIFIED; source behavior only, not hardware safety; retained docs/phase4-2-data/antix-source/drivers/gpu/drm/gma500/psb_drv.h"
core-encoding,SGX535 header defines ID/configuration fields and designer/major/minor/maintenance revision fields at 0x0010 and 0x0014.,Historical source; exact scope in claim,omap5-sgx-ddk-linux,322bcda5f3076037e2e20ef9209f4f4d575a7d5f,services4/srvkm/hwdefs/sgx535defs.h,89-104,CONFIRMED,"P7-007; source key catalog:H535; SHA-256 cb2a3e9119d65b421a16744137b1114b0ebd6982cb27549b4fce1d8405bd41c3; docs/poulsbo-data/sources.json; source behavior only, not hardware safety; retained docs/archaeology-data/H535.txt"
historical-core-read,Historical PSB reads and decodes the two core identification registers.,Historical source; exact scope in claim,https://github.com/gregkh/psb-kmp,98b5307e5158a9ac401b29128ddd1184ae06b4d7,psb_drv.c,325-340,CONFIRMED,"P7-007; source key catalog:PSB_psb_drv_c; SHA-256 8aae96d114be1349e22f156a4f00f2bf6335f0c08be19d3d6e72382e1f9801fe; docs/poulsbo-data/sources.json; source behavior only, not hardware safety; retained docs/poulsbo-data/PSB_psb_drv_c.txt"
revision-build,Poulsbo build defaults to SGXCORE 535 and SGX_CORE_REV 121 when SGXCORE is unset.,Historical source; exact scope in claim,omap5-sgx-ddk-linux,cb46ba4d0c900f89f7ec0284f9803d476bfa98de,eurasia_km/eurasiacon/build/linux2/pc_i686_poulsbo_d0_linux/Makefile,44-50,CONFIRMED,"P7-008; source key catalog:PBUILD; SHA-256 cc9814e9e9cb575ad28223ebc5239f3799d7a92460d2eac4e2e36a88fc08a7a8; docs/poulsbo-data/sources.json; source behavior only, not hardware safety; retained docs/archaeology-data/PBUILD.txt"
errata-selector,DDK SGX535 conditional definitions select BRNs for revisions 121/126 and a software HEAD branch.,Historical source; exact scope in claim,omap5-sgx-ddk-linux,cb46ba4d0c900f89f7ec0284f9803d476bfa98de,eurasia_km/services4/srvkm/hwdefs/sgxerrata.h,152-178,CONFIRMED,"P7-008; source key catalog:ERRATA; SHA-256 b6b7a7e53708f9b9516d3b53a317c27bea9aa9b2302c853b1d1d944ac3554e4d; docs/poulsbo-data/sources.json; source behavior only, not hardware safety; retained docs/archaeology-data/ERRATA.txt"
errata-selector,EMGD SGX535 conditional definitions include 111/1111/112/113/121/126 with differing BRN sets.,SGX535 branch; EMGD community mirror,https://github.com/EMGD-Community/intel-binaries-linux,e6884ec2eaaf1afe88d5ff9dd44d70403525be5b,drm/pvr/services4/srvkm/hwdefs/sgxerrata.h,140-200,CONFIRMED,"P7-008; source key external:errata; SHA-256 d88b66f34fd17fcc3303f04e14996098623e4931b81f7ec5a0c16f87c4b1d3a7; docs/phase4-2-data/manifest.json; mirror not vendor authenticated; source behavior only, not hardware safety; retained docs/phase4-2-data/EMGD_sgxerrata.h.txt"
ddk-reset,"DDK reset uses list-minus-one offsets, conditional EDM/TA contexts, clock waits, and BRN23944 BIF fault handling.",Historical source; exact scope in claim,omap5-sgx-ddk-linux,cb46ba4d0c900f89f7ec0284f9803d476bfa98de,eurasia_km/services4/srvkm/devices/sgx/sgxreset.c,121-138;164-201;225-260;471-500,CONFIRMED,"P7-009; source key catalog:RESET; SHA-256 9eef409b4acfd96e096ce0cf372bdbeb0ba57fd2b8842e64853f9e18c71460d3; docs/poulsbo-data/sources.json; source behavior only, not hardware safety; retained docs/archaeology-data/RESET.txt"
ddk-features,"SGX535 branch defines 32-bit address space, 16 directory lists and autoclockgating; BRN22934 conditionally removes multi-event-kick support.",Historical source; exact scope in claim,omap5-sgx-ddk-linux,cb46ba4d0c900f89f7ec0284f9803d476bfa98de,eurasia_km/services4/srvkm/hwdefs/sgxfeaturedefs.h,76-88;233-236,CONFIRMED,"P7-010; source key catalog:FEATURE; SHA-256 0f3e2d7170c81a882b371023159b5a6112232431c43c2113b031b4bf7b9ba7e4; docs/poulsbo-data/sources.json; source behavior only, not hardware safety; retained docs/archaeology-data/FEATURE.txt"
target-clock,Poulsbo target code modifies the 2D clock-gating field and has no-op power_up/power_down callbacks.,Poulsbo path in antiX 5.10.240 source,https://github.com/gregkh/linux,d5eca7ebcf6f64c4aebf9684c365c130a3a069b3,drivers/gpu/drm/gma500/psb_device.c,150-159;239-247,CONFIRMED,"P7-011; source key target:psb_device.c; SHA-256 c02f8c825350ed89675d7618e158d503fbb92169a7f2f8aba4255b353de9a493; antiX 5.10.240-antix.1-486-smp-6; installed binary UNVERIFIED; source behavior only, not hardware safety; retained docs/phase4-2-data/antix-source/drivers/gpu/drm/gma500/psb_device.c"
ddk-platform-power,Poulsbo DDK separates non-DRM_EXT system PCI/interrupt/map handling from DRM_EXT graphics/display island reference calls.,Historical source; exact scope in claim,omap5-sgx-ddk-linux,cb46ba4d0c900f89f7ec0284f9803d476bfa98de,eurasia_km/services4/system/poulsbo/sysconfig.c,1763-1897;1916-1979,CONFIRMED,"P7-012; source key catalog:PSYSC; SHA-256 725faa537e192c1e680a7646a9dcb7588691b8b5fe3796668b8e810ba071d5e1; docs/poulsbo-data/sources.json; source behavior only, not hardware safety; retained docs/archaeology-data/PSYSC.txt"
emgd-platform-power,EMGD PLB power cases contain no transitions while initialization writes clock-gating controls.,Historical source; exact scope in claim,https://github.com/EMGD-Community/intel-binaries-linux,e6884ec2eaaf1afe88d5ff9dd44d70403525be5b,drm/emgd/state/power/plb/pwr_plb.c,83-121,CONFIRMED,"P7-013; source key catalog:EMGD_drm_emgd_state_power_plb_pwr_plb_c; SHA-256 81bb7c947cc06b3ceae033eed4ceeea0dc27ef0fec53392fb73669345f71cfc5; docs/poulsbo-data/sources.json; source behavior only, not hardware safety; retained docs/poulsbo-data/EMGD_drm_emgd_state_power_plb_pwr_plb_c.txt"
sgx535-layout,"Historical SGX535 header names directory BASE1/2/15/0, PDS execution base and BIF control/request base offsets.",Historical source; exact scope in claim,omap5-sgx-ddk-linux,322bcda5f3076037e2e20ef9209f4f4d575a7d5f,services4/srvkm/hwdefs/sgx535defs.h,375-378;417-446;539-696,CONFIRMED,"P7-014; source key catalog:H535; SHA-256 cb2a3e9119d65b421a16744137b1114b0ebd6982cb27549b4fce1d8405bd41c3; docs/poulsbo-data/sources.json; source behavior only, not hardware safety; retained docs/archaeology-data/H535.txt"
sgx535-layout,EMGD SGX535 definitions contain directory BASE1/2/15/0 and BIF_3D_REQ_BASE.,Historical source; exact scope in claim,https://github.com/EMGD-Community/intel-binaries-linux,e6884ec2eaaf1afe88d5ff9dd44d70403525be5b,drm/pvr/services4/srvkm/hwdefs/sgx535defs.h,466-541;580-582,CONFIRMED,"P7-014; source key catalog:EMGD_drm_pvr_services4_srvkm_hwdefs_sgx535defs_h; SHA-256 634fbb74645d373e0c60ad5e01194fa96e91bb6b26d60dbc35a71a2eda49d12c; docs/poulsbo-data/sources.json; source behavior only, not hardware safety; retained docs/poulsbo-data/EMGD_drm_pvr_services4_srvkm_hwdefs_sgx535defs_h.txt"
target-layout,Target Linux defines PDS_EXEC_BASE and BIF directory and request-base offsets.,Poulsbo path in antiX 5.10.240 source,https://github.com/gregkh/linux,d5eca7ebcf6f64c4aebf9684c365c130a3a069b3,drivers/gpu/drm/gma500/psb_reg.h,116-154,CONFIRMED,"P7-014; source key target:psb_reg.h; SHA-256 a340d4fb7bb9df2403eb196639d930b8c56463ddc7a3754d152e6ed7ab1daef7; antiX 5.10.240-antix.1-486-smp-6; installed binary UNVERIFIED; source behavior only, not hardware safety; retained docs/phase4-2-data/antix-source/drivers/gpu/drm/gma500/psb_reg.h"
directory-divergence,Historical PSB uses the same context-setup and teardown expressions as the inspected 5.10.240 source.,Historical source; exact scope in claim,https://github.com/gregkh/psb-kmp,98b5307e5158a9ac401b29128ddd1184ae06b4d7,psb_mmu.c,187-200;295-310,CONFIRMED,"P7-015; source key catalog:PSB_psb_mmu_c; SHA-256 401954c022c8c7a76e6b30ae86b141e8a673f0b8587b7786f8c09bf7e4d05f5b; docs/poulsbo-data/sources.json; source behavior only, not hardware safety; retained docs/poulsbo-data/PSB_psb_mmu_c.txt"
directory-divergence,EMGD list reset calculates BASE1 plus four times list-minus-one.,Historical source; exact scope in claim,https://github.com/EMGD-Community/intel-binaries-linux,e6884ec2eaaf1afe88d5ff9dd44d70403525be5b,drm/pvr/services4/srvkm/devices/sgx/sgxreset.c,353-369,CONFIRMED,"P7-015; source key catalog:EMGD_drm_pvr_services4_srvkm_devices_sgx_sgxreset_c; SHA-256 f4cc92f191c0124ea35c44e05a7b0a64eba299d3391c07cca9b5cc9986fa2ff7; docs/poulsbo-data/sources.json; source behavior only, not hardware safety; retained docs/poulsbo-data/EMGD_drm_pvr_services4_srvkm_devices_sgx_sgxreset_c.txt"
address-spaces,Target GTT pin maps a page array into both GTT and SGX MMU; initialization derives distinct GTT/GATT/stolen fields.,Poulsbo path in antiX 5.10.240 source,https://github.com/gregkh/linux,d5eca7ebcf6f64c4aebf9684c365c130a3a069b3,drivers/gpu/drm/gma500/gtt.c,32-44;55-106;235-302;426-546,CONFIRMED,"P7-016; source key target:gtt.c; SHA-256 388c5b251cfa17545031c1841a4ef6afcf1bc7385a424e34221948959e15818d; antiX 5.10.240-antix.1-486-smp-6; installed binary UNVERIFIED; source behavior only, not hardware safety; retained docs/phase4-2-data/antix-source/drivers/gpu/drm/gma500/gtt.c"
address-spaces,Target MMU code indexes a two-level table and forms PTEs from PFNs and flags.,Poulsbo path in antiX 5.10.240 source,https://github.com/gregkh/linux,d5eca7ebcf6f64c4aebf9684c365c130a3a069b3,drivers/gpu/drm/gma500/mmu.c,41-49;151-177;696-755,CONFIRMED,"P7-016; source key target:mmu.c; SHA-256 d9a7e839d24c3a6e5a6be77c8583a8073ea4e20fb64eb1fc0228048db4e8fd24; antiX 5.10.240-antix.1-486-smp-6; installed binary UNVERIFIED; source behavior only, not hardware safety; retained docs/phase4-2-data/antix-source/drivers/gpu/drm/gma500/mmu.c"
address-spaces,Target source defines PDE and PTE shifts as 22 and 12.,Poulsbo path in antiX 5.10.240 source,https://github.com/gregkh/linux,d5eca7ebcf6f64c4aebf9684c365c130a3a069b3,drivers/gpu/drm/gma500/psb_drv.h,85-90,CONFIRMED,"P7-016; source key target:psb_drv.h; SHA-256 6dce38176eccc8d7037783ec6c41d101c3c614068a3b7b11f40b06e1d1ca6261; antiX 5.10.240-antix.1-486-smp-6; installed binary UNVERIFIED; source behavior only, not hardware safety; retained docs/phase4-2-data/antix-source/drivers/gpu/drm/gma500/psb_drv.h"
address-domain-divergence,Target load inserts stolen PFNs at gatt_start whereas unload removes them at mmu_gatt_start; load programs PDS and 3D request bases.,Poulsbo path in antiX 5.10.240 source,https://github.com/gregkh/linux,d5eca7ebcf6f64c4aebf9684c365c130a3a069b3,drivers/gpu/drm/gma500/psb_drv.c,163-178;330-342,CONFIRMED,"P7-017; source key target:psb_drv.c; SHA-256 db2699f9301563dfe7cd8c87e7087d00a1c7af432a41161a6e2ec21b07d3d576; antiX 5.10.240-antix.1-486-smp-6; installed binary UNVERIFIED; source behavior only, not hardware safety; retained docs/phase4-2-data/antix-source/drivers/gpu/drm/gma500/psb_drv.c"
init-interface,"Services init input carries memory handles, scripts, handler addresses, build sizes and clock fields.",Historical source; exact scope in claim,omap5-sgx-ddk-linux,cb46ba4d0c900f89f7ec0284f9803d476bfa98de,eurasia_km/services4/include/sgxinfo.h,83-153,CONFIRMED,"P7-018; source key catalog:INFO; SHA-256 b16e76e79dc24b3e3356815514103cd8c2d305e5bfcd74abd6192d637e0f468f; docs/poulsbo-data/sources.json; source behavior only, not hardware safety; retained docs/poulsbo-data/INFO.txt"
init-interface,Services bridge declares query and init-part-2 structures.,Historical source; exact scope in claim,omap5-sgx-ddk-linux,cb46ba4d0c900f89f7ec0284f9803d476bfa98de,eurasia_km/services4/include/sgx_bridge.h,315-351,CONFIRMED,"P7-018; source key catalog:SBRIDGE; SHA-256 33448ba5d1c3d833e29198fadd4b7b0c1d181dcefdee1201d1da27c7a00b7612; docs/poulsbo-data/sources.json; source behavior only, not hardware safety; retained docs/poulsbo-data/SBRIDGE.txt"
init-sequence,"Kernel copies init inputs, executes register scripts and historical clock/script/reset/startup/completion order.",Historical source; exact scope in claim,omap5-sgx-ddk-linux,cb46ba4d0c900f89f7ec0284f9803d476bfa98de,eurasia_km/services4/srvkm/devices/sgx/sgxinit.c,207-298;327-378;534-570;633-734,CONFIRMED,"P7-018; source key catalog:INIT; SHA-256 da5facd0ac7db01c20dab240d1fe07515da42580c86f6afb5821ef04afb3e2a5; docs/poulsbo-data/sources.json; source behavior only, not hardware safety; retained docs/poulsbo-data/INIT.txt"
init-wrapper,"Init bridge requires the init process, looks up memory handles and invokes DevInitSGXPart2KM.",Common Services4 in Poulsbo-capable tree,omap5-sgx-ddk-linux,cb46ba4d0c900f89f7ec0284f9803d476bfa98de,eurasia_km/services4/srvkm/bridged/sgx/bridged_sgx_bridge.c,980-1058;1614-1619,CONFIRMED,"P7-019; source key git:bridge; SHA-256 07dd4296bc64cbb39d374958ced63eca860aef589852d01222cb16993dedf494; Existing reference repository Git object; source behavior only, not hardware safety"
compatibility,DDK compatibility checks consume initialized-microkernel data and include HW/SW revision exceptions and structure-size checks.,Historical source; exact scope in claim,omap5-sgx-ddk-linux,cb46ba4d0c900f89f7ec0284f9803d476bfa98de,eurasia_km/services4/srvkm/devices/sgx/sgxinit.c,2670-2860,CONFIRMED,"P7-020; source key catalog:INIT; SHA-256 da5facd0ac7db01c20dab240d1fe07515da42580c86f6afb5821ef04afb3e2a5; docs/poulsbo-data/sources.json; source behavior only, not hardware safety; retained docs/poulsbo-data/INIT.txt"
binary-metadata,Existing OMAP libsrv_init ARM ELF contains named microkernel and PDS objects; metadata does not identify Poulsbo-compatible payload.,OTHER-SGX: OMAP5/DRA7xx,omap5-sgx-ddk-um-linux,b6801bf89e00d69893c2957455bbeb3195c0ed52,targetfs/lib/libsrv_init.so.1.9.6.0,ELF header and symbol table; symbols pbuKernelProgram pbSlaveuKernelProgram g_pui32PDSUKERNEL_INIT_PRIM1 g_pui32PDSUKERNEL_INIT_SEC g_pui32PDSUKERNEL_INIT_PRIM2 g_pui32PDSUKERNEL_EVENTS,CONFIRMED,"P7-021; source key um:lib; SHA-256 a1a3572ee4ae6104505808d171d6b4cd023309959588f890b2192aea44fafdda; Existing local reference checkout; source behavior only, not hardware safety; retained references/omap5-sgx-ddk-um-linux/targetfs/lib/libsrv_init.so.1.9.6.0"
package-scope,TI UM README identifies targetfs as OMAP5/DRA7xx user-mode modules.,OTHER-SGX: OMAP5/DRA7xx,omap5-sgx-ddk-um-linux,b6801bf89e00d69893c2957455bbeb3195c0ed52,README,19-23;59,CONFIRMED,"P7-021; source key um:readme; SHA-256 4c8aebfd572bb01f040f0ee1a9a63247f75c669136866aa1383b084df01a8135; Existing local reference checkout; source behavior only, not hardware safety; retained references/omap5-sgx-ddk-um-linux/README"
historical-userspace,PSB XHW init maps the client-provided X-server communications buffer; this is not an SGX firmware identification.,Historical source; exact scope in claim,https://github.com/gregkh/psb-kmp,98b5307e5158a9ac401b29128ddd1184ae06b4d7,psb_xhw.c,416-470,CONFIRMED,"P7-022; source key catalog:PSB_psb_xhw_c; SHA-256 73783fad6b072b655d50386621d09d7fe6f4cdd896cb991ed0258a2494330fc1; docs/poulsbo-data/sources.json; source behavior only, not hardware safety; retained docs/poulsbo-data/PSB_psb_xhw_c.txt"
historical-userspace,EMGD Services-start structure documents X-server input and PVRSRVDrmLoad return value.,Historical source; exact scope in claim,https://github.com/EMGD-Community/intel-binaries-linux,e6884ec2eaaf1afe88d5ff9dd44d70403525be5b,drm/include/emgd_drm.h,638-647,CONFIRMED,"P7-022; source key catalog:EMGD_drm_include_emgd_drm_h; SHA-256 8291ea2191be5fc0691b07967b4bf3620c78bb5d577b06d75520c7e528d5a726; docs/poulsbo-data/sources.json; source behavior only, not hardware safety; retained docs/poulsbo-data/EMGD_drm_include_emgd_drm_h.txt"
binary-identity,The retained psb_dri.so is a 2921100-byte stripped ELF32 Intel i386 shared object with the recorded SHA-256.,Historical Poulsbo userspace,home:lkundrak:poulsbo/xpsb-glx,xpsb-glx 0.18-4.1; SHA-256 74ca42991906741ee91be1bc088ae0b142fa71b6a85658c5dad0851ce50dd0d8,references/home:lkundrak:poulsbo/xpsb-glx/extracted/xpsb-glx/dri/psb_dri.so,ELF header; file metadata,CONFIRMED,P7B-001; file bytes only
dri-abi,"__driDriverExtensions at ELF VA 0x002bb1bc points to DRI_Core, DRI_Legacy and DRI_DRI2 version-1 descriptors.",Historical Poulsbo userspace,home:lkundrak:poulsbo/xpsb-glx,xpsb-glx 0.18-4.1; SHA-256 74ca42991906741ee91be1bc088ae0b142fa71b6a85658c5dad0851ce50dd0d8,references/home:lkundrak:poulsbo/xpsb-glx/extracted/xpsb-glx/dri/psb_dri.so,"ELF VA 0x002bb1bc; file offset 0x2ba1bc; descriptors 0x002b9620,0x002b3280,0x002b3294",CONFIRMED,P7B-002; binary pointers plus public Mesa 7.4.4 ABI layout
dri-abi,The driver-specific screen initializer attaches the five-entry extension list and checks a 0x20-byte device-private record.,Historical Poulsbo userspace,home:lkundrak:poulsbo/xpsb-glx,xpsb-glx 0.18-4.1; SHA-256 74ca42991906741ee91be1bc088ae0b142fa71b6a85658c5dad0851ce50dd0d8,references/home:lkundrak:poulsbo/xpsb-glx/extracted/xpsb-glx/dri/psb_dri.so,ELF VA 0x0004be92; list 0x002bb2d0,CONFIRMED,P7B-003; disassembly/decompiler and pointer data
historical-abi,The ELF directly calls drmCommandWriteRead with index 3 and size 0x14 and drmCommandWrite with index 0 and size 0x90.,Historical Poulsbo userspace,home:lkundrak:poulsbo/xpsb-glx,xpsb-glx 0.18-4.1; SHA-256 74ca42991906741ee91be1bc088ae0b142fa71b6a85658c5dad0851ce50dd0d8,references/home:lkundrak:poulsbo/xpsb-glx/extracted/xpsb-glx/dri/psb_dri.so,ELF call sites 0x00037529 and 0x00037fb4,CONFIRMED,P7B-004; request numbers and sizes confirmed; PSB header semantic match inferred
submission,The static DRI swap callback path reaches a 2D copy builder and the direct command-write wrapper.,Historical Poulsbo userspace,home:lkundrak:poulsbo/xpsb-glx,xpsb-glx 0.18-4.1; SHA-256 74ca42991906741ee91be1bc088ae0b142fa71b6a85658c5dad0851ce50dd0d8,references/home:lkundrak:poulsbo/xpsb-glx/extracted/xpsb-glx/dri/psb_dri.so,"ELF VAs 0x00021790,0x000477b3,0x0003aa2a,0x000464e0,0x00037b51,0x00037fb4",CONFIRMED,"P7B-005; static control flow, not hardware execution"
buffer-management,The ELF calls historical libdrm BO and fence imports from located wrappers.,Historical Poulsbo userspace,home:lkundrak:poulsbo/xpsb-glx,xpsb-glx 0.18-4.1; SHA-256 74ca42991906741ee91be1bc088ae0b142fa71b6a85658c5dad0851ce50dd0d8,references/home:lkundrak:poulsbo/xpsb-glx/extracted/xpsb-glx/dri/psb_dri.so,"ELF VAs 0x0004297b,0x000436cc,0x0004383e,0x00044097; PLT relocations and call sites",CONFIRMED,P7B-006; libdrm internal kernel requests unknown
relocation,A psbSetOffsetRelocation-associated routine reserves 0x28 bytes and writes relocation fields.,Historical Poulsbo userspace,home:lkundrak:poulsbo/xpsb-glx,xpsb-glx 0.18-4.1; SHA-256 74ca42991906741ee91be1bc088ae0b142fa71b6a85658c5dad0851ce50dd0d8,references/home:lkundrak:poulsbo/xpsb-glx/extracted/xpsb-glx/dri/psb_dri.so,ELF VA 0x00037854; string psb_ioctl.c and assertion XREFs,CONFIRMED,"P7B-007; binary behavior, exact paired ABI unknown"
shader-compiler,The ELF contains USC code that allocates and generates USSE output.,Historical Poulsbo userspace,home:lkundrak:poulsbo/xpsb-glx,xpsb-glx 0.18-4.1; SHA-256 74ca42991906741ee91be1bc088ae0b142fa71b6a85658c5dad0851ce50dd0d8,references/home:lkundrak:poulsbo/xpsb-glx/extracted/xpsb-glx/dri/psb_dri.so,"ELF VAs 0x00034ce4,0x0003503d,0x001fb7af; usc/hw.c and psb_use_compiler.c string XREFs",CONFIRMED,P7B-008; no complete ISA or target silicon revision implied
pds-generation,The ELF constructs a USE/USSE eight-byte-instruction buffer and a separate PDS-related vertex output block in userspace.,Historical Poulsbo userspace,home:lkundrak:poulsbo/xpsb-glx,xpsb-glx 0.18-4.1; SHA-256 74ca42991906741ee91be1bc088ae0b142fa71b6a85658c5dad0851ce50dd0d8,references/home:lkundrak:poulsbo/xpsb-glx/extracted/xpsb-glx/dri/psb_dri.so,"ELF VAs 0x0002fabd,0x00030ffd,0x00030fb7,0x000381a0,0x00040355; psb_use.c/psb_vs.c assertions",CONFIRMED,P7B-009 corrected by P7F-003: 0x30ffd buffer is USE/USSE; exact instruction semantics and execution unverified
external-dependencies,The ELF DT_NEEDED list names libm libpthread libexpat libdl libdrm and libc but no direct PowerVR Services library.,Historical Poulsbo userspace,home:lkundrak:poulsbo/xpsb-glx,xpsb-glx 0.18-4.1; SHA-256 74ca42991906741ee91be1bc088ae0b142fa71b6a85658c5dad0851ce50dd0d8,references/home:lkundrak:poulsbo/xpsb-glx/extracted/xpsb-glx/dri/psb_dri.so,ELF dynamic section DT_NEEDED,CONFIRMED,P7B-010; does not establish stack completeness
dri-abi,The DRI2 screen constructor tests a fixed NULL InitScreen2 table slot and returns NULL along the normal path.,Historical Poulsbo userspace,home:lkundrak:poulsbo/xpsb-glx,xpsb-glx 0.18-4.1; SHA-256 74ca42991906741ee91be1bc088ae0b142fa71b6a85658c5dad0851ce50dd0d8,references/home:lkundrak:poulsbo/xpsb-glx/extracted/xpsb-glx/dri/psb_dri.so,ELF VAs 0x00021ca5-0x00021caf; table 0x002b9660+0x3c,CONFIRMED,P7B-011; only this binary build
scene-submission,The ELF scene-finalization path emits TA state and reaches the direct PSB command-write wrapper with engine-selection argument zero.,Historical Poulsbo userspace,home:lkundrak:poulsbo/xpsb-glx,xpsb-glx 0.18-4.1; SHA-256 74ca42991906741ee91be1bc088ae0b142fa71b6a85658c5dad0851ce50dd0d8,references/home:lkundrak:poulsbo/xpsb-glx/extracted/xpsb-glx/dri/psb_dri.so,"ELF VAs 0x0002673d,0x0002a39a,0x0003b73b,0x00037b51,0x00037fb4",CONFIRMED,"P7B-012; static control and data flow, not hardware execution"
dri-abi,Four additional DRI_* strings have no aligned direct descriptor pointer in the scanned data sections; strings alone do not establish exposed extensions.,Historical Poulsbo userspace,home:lkundrak:poulsbo/xpsb-glx,xpsb-glx 0.18-4.1; SHA-256 74ca42991906741ee91be1bc088ae0b142fa71b6a85658c5dad0851ce50dd0d8,references/home:lkundrak:poulsbo/xpsb-glx/extracted/xpsb-glx/dri/psb_dri.so,"ELF string VAs 0x00256990,0x002569a4,0x002569af,0x002569be; .data.rel.ro/.data/.rodata aligned pointer scan",CONFIRMED,P7B-013; scan scope only; indirect construction remains unknown
binary-provenance,"The retained xpsb-glx spec identifies version 0.18, i686 build architecture, Poulsbo 3D purpose and Redistributable/no-modification license label.",Historical Poulsbo package,home:lkundrak:poulsbo/xpsb-glx,spec SHA-256 60062e6850f6780e0c9a5d458b380f188188ed3ea2b58a0f5651dcd41b64c895,references/home:lkundrak:poulsbo/xpsb-glx/xpsb-glx.spec,1-14;25-27;40-44,CONFIRMED,P7B-014; packaging metadata only; does not authenticate original build source or grant modification rights
binary-identity,Retained Xpsb.so is a 58888-byte stripped ELF32 i386 ET_DYN with the recorded SHA-256.,Historical Poulsbo userspace,home:lkundrak:poulsbo/xpsb-glx,xpsb-glx 0.18; SHA-256 da531587b1ec59fe433fa20ddd2e691b2f8b7fb35bb82525d4db99259c5e571f,references/home:lkundrak:poulsbo/xpsb-glx/extracted/xpsb-glx/drivers/Xpsb.so,ELF header; stat; SHA-256,CONFIRMED,P7C-001; file bytes only
binary-imports,Xpsb.so imports historical drmBO drmFence drmBOVersion and drmCommand helpers and exports named Xpsb initialization and submission routines.,Historical Poulsbo userspace,home:lkundrak:poulsbo/xpsb-glx,xpsb-glx 0.18; SHA-256 da531587b1ec59fe433fa20ddd2e691b2f8b7fb35bb82525d4db99259c5e571f,references/home:lkundrak:poulsbo/xpsb-glx/extracted/xpsb-glx/drivers/Xpsb.so,"ELF .dynsym/.rel.plt; exported ELF VAs 0x2690,0x30f0,0x3820,0x9f70",CONFIRMED,P7C-002; names and imports alone do not prove runtime success
dri-record,DDX 0.32.0 source defines an eight-field PsbDRIRec and creates it as DRIInfoRec.devPrivate; EXA later fills exaBufHandle.,Historical Poulsbo Xorg DDX,https://ftp.gwdg.de/pub/linux/rpmfusion/nonfree/fedora/updates/11/SRPMS/xorg-x11-drv-psb-0.32.0-1.fc11.src.rpm,0.32.0 source tar SHA-256 3116dc8f19966264e3518d9578a4772e891139ac91fdd5efd06dd27cfdd4537d,xserver-xorg-video-psb-0.32.0/src/psb_dri.h;src/psb_dri.c;src/psb_accel.c,43-54;625-654;370-376,CONFIRMED,P7C-003; source-release behavior only; exact binary pairing unknown
dri-record,The DDX eight-field PsbDRIRec layout matches the 0x20 size and selected field offsets read by retained psb_dri.so.,Historical Poulsbo userspace/DDX correlation,xpsb-glx 0.18 binary plus public DDX 0.32.0 source,binary SHA-256 74ca42991906741ee91be1bc088ae0b142fa71b6a85658c5dad0851ce50dd0d8; DDX tar SHA-256 3116dc8f19966264e3518d9578a4772e891139ac91fdd5efd06dd27cfdd4537d,psb_dri.so; xserver-xorg-video-psb-0.32.0/src/psb_dri.h,ELF VA 0x0004be92; header 43-54,INFERRED,P7C-004; no authenticated paired DDX binary
ddx-xpsb-boundary,The DDX source maps BAR0 and calls XpsbInit with regMap and DRM fd; the retained binary derives regMap+0x40000.,Historical Poulsbo Xorg source and binary,public DDX 0.32.0 source plus home:lkundrak:poulsbo/xpsb-glx,DDX tar SHA-256 3116dc8f19966264e3518d9578a4772e891139ac91fdd5efd06dd27cfdd4537d; Xpsb SHA-256 da531587b1ec59fe433fa20ddd2e691b2f8b7fb35bb82525d4db99259c5e571f,src/psb_driver.c; Xpsb.so,"1027-1047,1554-1559; ELF VA 0x2690",CONFIRMED,P7C-005; each artifact separately; exact release pairing unknown; historical behavior not hardware authorization
ddx-xpsb-boundary,DDX source loader string XpsbTakedown differs from its call/declaration and retained ELF export XpsbTakeDown.,Historical Poulsbo source/binary correlation,public DDX 0.32.0 source plus retained Xpsb.so,DDX tar SHA-256 3116dc8f19966264e3518d9578a4772e891139ac91fdd5efd06dd27cfdd4537d; Xpsb SHA-256 da531587b1ec59fe433fa20ddd2e691b2f8b7fb35bb82525d4db99259c5e571f,src/psb_driver.c;src/Xpsb.h; Xpsb.so,"268-275,1837-1838;116-117; ELF .dynsym",CONFIRMED,P7C-006; consequence for actual loader/runtime UNKNOWN
abi-provenance,Candidate libdrm source RPM PSB header is 2.2.0.32L.0027 whereas retained Xpsb version string is 5.0.1.0046 and archived kernel header is 5.0.0.0045.,Historical source/version signals,public libdrm-poulsbo 2.3.0 source plus retained Xpsb and PSB snapshot,source RPM SHA-256 d2173d8063ee35f496321bcf814d3abc2bc5541e47ab36aa135c87cdd9bb7ea0; Xpsb SHA-256 da531587b1ec59fe433fa20ddd2e691b2f8b7fb35bb82525d4db99259c5e571f,RPM psb_drm.h; Xpsb.so; docs/poulsbo-data/PSB_psb_drm_h.txt,34-37; ELF VA 0x2690;34-37,CONFIRMED,P7C-007; version labels are not a matched build manifest
libdrm-abi,Public libdrm-poulsbo 2.3.0 source defines generic BO/fence/lock/vblank ioctl numbers and wrapper argument structures listed in the new ABI map.,Historical libdrm candidate,https://ftp.gwdg.de/pub/linux/rpmfusion/nonfree/fedora/updates/testing/11/SRPMS/libdrm-poulsbo-2.3.0-11.fc11.src.rpm,source tar SHA-256 482fa4e4904c7ec5a926627b587288f4c5c16191681e02ad44ee646af0c97c8c,libdrm-2.3.0/shared-core/drm.h;libdrm-2.3.0/libdrm/xf86drm.c,"642-652,764-859,1036,1072-1114;1249-1285,1855-1864,2413-2468,2546-2803,2882-2900",CONFIRMED,P7C-008; source behavior only; exact linked library unknown
xpsb-init,"XpsbInit statically checks DRM/BO major versions, allocates BO pools and starts an XHW thread after initialization.",Historical Poulsbo userspace,home:lkundrak:poulsbo/xpsb-glx,Xpsb SHA-256 da531587b1ec59fe433fa20ddd2e691b2f8b7fb35bb82525d4db99259c5e571f,references/home:lkundrak:poulsbo/xpsb-glx/extracted/xpsb-glx/drivers/Xpsb.so,ELF VA 0x2690,CONFIRMED,P7C-009; static path only
xpsb-mmio,Xpsb_sgx_initialize contains stores via a pointer derived from the DDX mapping plus 0x40000; Xpsb_set_vopt reads relative 0x14.,Historical Poulsbo userspace,home:lkundrak:poulsbo/xpsb-glx,Xpsb SHA-256 da531587b1ec59fe433fa20ddd2e691b2f8b7fb35bb82525d4db99259c5e571f,references/home:lkundrak:poulsbo/xpsb-glx/extracted/xpsb-glx/drivers/Xpsb.so,"ELF VAs 0x2690,0x3820,0x4af0",CONFIRMED,P7C-010; historical software behavior; no register-read safety implication
static-upload,XpsbInit copies 440 bytes from a fixed rodata region into a BO labeled USSE static buffer.,Historical Poulsbo userspace,home:lkundrak:poulsbo/xpsb-glx,Xpsb SHA-256 da531587b1ec59fe433fa20ddd2e691b2f8b7fb35bb82525d4db99259c5e571f; slice SHA-256 8b5e46addd6e1d5c98eb16787cb23c74196c56d8aa5bd729b26f56a6026f7fbe,references/home:lkundrak:poulsbo/xpsb-glx/extracted/xpsb-glx/drivers/Xpsb.so,ELF VA 0x2690 call; XpsbBOData 0xbaa0; rodata 0xd0e0-0xd297,CONFIRMED,P7C-011; XpsbBOData maps then copies; instruction identity/execution UNKNOWN
xhw-interface,Xpsb binary uses direct requests 1/2 and an XHW shared BO; the archived PSB kernel source defines corresponding init/handler operations.,Historical Poulsbo source/binary correlation,home:lkundrak:poulsbo/xpsb-glx; gregkh/psb-kmp,Xpsb SHA-256 da531587b1ec59fe433fa20ddd2e691b2f8b7fb35bb82525d4db99259c5e571f; kernel commit 98b5307e5158a9ac401b29128ddd1184ae06b4d7,Xpsb.so; psb_xhw.c;psb_drm.h,"ELF VAs 0x2cdc,0x31fe; kernel 416-470,516-580; header 265-272,338-345",INFERRED,P7C-012; matching kernel binary/version not authenticated
xpsb-submission,Xpsb contains direct index-0 0x90-byte command calls and archived kernel source defines validation relocation scene and fence handling for CMDBUF.,Historical Poulsbo source/binary correlation,home:lkundrak:poulsbo/xpsb-glx; gregkh/psb-kmp,Xpsb SHA-256 da531587b1ec59fe433fa20ddd2e691b2f8b7fb35bb82525d4db99259c5e571f; kernel commit 98b5307e5158a9ac401b29128ddd1184ae06b4d7,Xpsb.so; psb_sgx.c;psb_drm.h,"ELF VAs 0x981b,0xa325; kernel 410-450,818-899,1237-1430; header 143-165,221-263",INFERRED,P7C-013; binary call index/size confirmed separately; exact paired ABI and operation UNKNOWN
current-gma500,Current Linux reference gma500 declares an empty psb_ioctls array.,Linux current reference tree,references/linux,9b87fdc9af2fbfcdb5c24a64139685ef80f6573f,drivers/gpu/drm/gma500/psb_drv.c,90-95,CONFIRMED,P7C-014; reference-tree source only; installed antiX module equivalence remains unverified
static-buffer,The Xpsb 440-byte source is ELF .rodata at VA/file offset 0xd0e0-0xd297 with three direct references to its start and no relocation targeting the range.,Historical Poulsbo userspace,home:lkundrak:poulsbo/xpsb-glx,Xpsb SHA-256 da531587b1ec59fe433fa20ddd2e691b2f8b7fb35bb82525d4db99259c5e571f; slice SHA-256 8b5e46addd6e1d5c98eb16787cb23c74196c56d8aa5bd729b26f56a6026f7fbe,references/home:lkundrak:poulsbo/xpsb-glx/extracted/xpsb-glx/drivers/Xpsb.so,"ELF section .rodata; source 0xd0e0-0xd297; XREF origins 0x267e,0x2b7d,0x2b93",CONFIRMED,"P7D-001; direct static XREF sweep only, not proof against computed or GPU-side access"
static-buffer,"XpsbInit creates a wrapper at private +0x7c, XpsbBOData maps/copies all 440 bytes, and XpsbTakeDown unreferences that wrapper.",Historical Poulsbo userspace,home:lkundrak:poulsbo/xpsb-glx,Xpsb SHA-256 da531587b1ec59fe433fa20ddd2e691b2f8b7fb35bb82525d4db99259c5e571f,references/home:lkundrak:poulsbo/xpsb-glx/extracted/xpsb-glx/drivers/Xpsb.so,"ELF VAs 0x2690,0x2f10,0xae70,0xbaa0",CONFIRMED,"P7D-002; historical software behavior, uploaded BO consumer UNKNOWN"
composite-templates,XpsbCompositeShader reads the original static source through XpsbShaderCode using a 14-entry offset table and copies a selected two-word pair into a 16-byte output record.,Historical Poulsbo userspace,home:lkundrak:poulsbo/xpsb-glx,Xpsb SHA-256 da531587b1ec59fe433fa20ddd2e691b2f8b7fb35bb82525d4db99259c5e571f,references/home:lkundrak:poulsbo/xpsb-glx/extracted/xpsb-glx/drivers/Xpsb.so,"ELF VAs 0x2670,0xa660-0xa7b2; tables 0xd700-0xd777",CONFIRMED,P7D-003; table values 0x30..0x100; instruction meaning and GPU execution UNKNOWN
version-pairing,Both retained 0.18 ELFs and public psb-kernel-source 4.41.1 embed package label 5.0.1.0046.,Historical Poulsbo source/binary family,home:lkundrak:poulsbo/xpsb-glx; RPM Fusion psb-kmod 4.41.1,Xpsb SHA-256 da531587b1ec59fe433fa20ddd2e691b2f8b7fb35bb82525d4db99259c5e571f; DRI SHA-256 74ca42991906741ee91be1bc088ae0b142fa71b6a85658c5dad0851ce50dd0d8; kernel tar SHA-256 12fe32e61b313882bd72a1eeda87afceb5b5b326761392edddf294b404efb5cd,Xpsb.so;psb_dri.so;psb-kernel-source-4.41.1/psb_drm.h,"ELF file offsets 0xcfea,0x25a7e4; psb_drm.h:37",CONFIRMED,P7D-004; shared label not an authenticated matched build
version-pairing,"The public 4.41.1 PSB header defines command indices 0-3 and i386 structures whose sizes are 0x90 CMDBUF and 0x14 XHW_INIT/scene, agreeing with direct retained-binary call sizes.",Historical Poulsbo source/binary family,RPM Fusion psb-kmod 4.41.1;home:lkundrak:poulsbo/xpsb-glx,kernel header SHA-256 b4aeb1f85c5609c5811447f2c1ea691a4dbaedb439955df507b51b8302769494; Xpsb SHA-256 da531587b1ec59fe433fa20ddd2e691b2f8b7fb35bb82525d4db99259c5e571f; DRI SHA-256 74ca42991906741ee91be1bc088ae0b142fa71b6a85658c5dad0851ce50dd0d8,psb-kernel-source-4.41.1/psb_drm.h;Xpsb.so;psb_dri.so,"header 193-212,221-273,338-345; Xpsb calls 0x2cdc,0x981b,0xa325; DRI calls 0x37fb4,0x374f5",INFERRED,P7D-005; individual source/binary sizes confirmed; cross-version ABI pairing inferred; built kernel unknown
package-dependency,Public Xorg DDX 0.32.0 source spec requires kmod-psb psb-firmware xpsb-glx and libdrm-poulsbo without exact release pins.,Historical Poulsbo packaging,RPM Fusion xorg-x11-drv-psb 0.32.0,source RPM SHA-256 62219cacc062ba978b8a93c9606ce2fdce67eb3471d57ef5f9e77f59b8ec791f,xorg-x11-drv-psb.spec,46-50,CONFIRMED,P7D-006; dependency family only; exact binary pairing unknown
firmware-inventory,"Public psb-firmware 0.30-4 archive installs only msvdx_fw.bin, which candidate PSB 4.41.1 source requests in its MSVDX initializer.",Historical Poulsbo packaging/kernel source,RPM Fusion psb-firmware 0.30-4;psb-kmod 4.41.1,firmware RPM SHA-256 bbb858a537bf3f2dbba0a74b352f53fb595616a7b2f8d740fcefaa1f19407300; tar SHA-256 7372fcaf4aa3f1d2c6c659fd7b3d49fb991d98bb3f46b0f64b5509edbade1a5e; kernel tar SHA-256 12fe32e61b313882bd72a1eeda87afceb5b5b326761392edddf294b404efb5cd,psb-firmware.spec;psb-firmware_0.30.orig.tar.gz;psb-kernel-source-4.41.1/psb_msvdxinit.c,"spec 19-36; archive member list; msvdxinit.c 239-247,328-357",CONFIRMED,"P7D-007; specific public package only, no conclusion about separate SGX payloads"
draw-scene-state,Historical DRI draw and scene-finalization functions read the same context-derived +0x81c scene-pointer slot; no direct draw-to-finalization call path is established.,Historical Poulsbo userspace,home:lkundrak:poulsbo/xpsb-glx,DRI SHA-256 74ca42991906741ee91be1bc088ae0b142fa71b6a85658c5dad0851ce50dd0d8,references/home:lkundrak:poulsbo/xpsb-glx/extracted/xpsb-glx/dri/psb_dri.so,"ELF VAs 0x2673d,0x26896,0x26a0f; callgraph.csv",INFERRED,P7D-008; direct-call graph only; later P7E-002 resolves conditional indirect edge
xpsb-composite-submission,psb3DPrepareComposite places selected static source words in a BO-backed composite shader output path; psb3DCompositeFinish later unmaps and calls index-0 XpsbFlush3D.,Historical Poulsbo X-server userspace,home:lkundrak:poulsbo/xpsb-glx;RPM Fusion Xorg DDX 0.32.0,Xpsb SHA-256 da531587b1ec59fe433fa20ddd2e691b2f8b7fb35bb82525d4db99259c5e571f; DDX tar SHA-256 3116dc8f19966264e3518d9578a4772e891139ac91fdd5efd06dd27cfdd4537d,references/home:lkundrak:poulsbo/xpsb-glx/extracted/xpsb-glx/drivers/Xpsb.so;src/psb_composite.c,"ELF VAs 0x5ee0,0xa660,0x82c0,0x8d90,0x5c40,0x9f70,0xa325; DDX lines 200,297",INFERRED,P7D-009; internal ELF call/data edges confirmed; cross-DDX pairing inferred; GPU execution UNKNOWN
dri-render-callbacks,The DRI CreateContext callback reaches a renderer initializer that installs indexed-draw and scene-finalization pointers in one 0x68-byte table stored in context-derived state.,Historical Poulsbo userspace,home:lkundrak:poulsbo/xpsb-glx;Mesa 7.4.4 ABI source,DRI SHA-256 74ca42991906741ee91be1bc088ae0b142fa71b6a85658c5dad0851ce50dd0d8,references/home:lkundrak:poulsbo/xpsb-glx/extracted/xpsb-glx/dri/psb_dri.so;Mesa-7.4.4/src/mesa/drivers/dri/common/dri_util.h,"ELF VAs 0x2b9668,0x4bd92,0x371f0,0x26678,0x26896,0x2673d; dri_util.h 153-157",CONFIRMED,P7D-010; callback installation confirmed; later P7E-002 resolves conditional finalization trigger
render-table-lifetime,DRI context setup stores the 0x68-byte private renderer table at context-derived +0x728 and the frame tracker is stored at +0x730.,Historical Poulsbo userspace,home:lkundrak:poulsbo/xpsb-glx,DRI SHA-256 74ca42991906741ee91be1bc088ae0b142fa71b6a85658c5dad0851ce50dd0d8,references/home:lkundrak:poulsbo/xpsb-glx/extracted/xpsb-glx/dri/psb_dri.so,"ELF VAs 0x26678,0x371f0,0x48592,0x51830; raw displacements 0x13b84 and 0x13b8c",CONFIRMED,P7E-001; binary stores; no physical SGX claim
frame-tracker-indirect-edge,On exit from mode 3 the frame tracker calls renderer table +0x28 which resolves to scene finalizer caller 0x2673d; entering mode 3 calls table +0x08 which resolves to 0x26dbd.,Historical Poulsbo userspace,home:lkundrak:poulsbo/xpsb-glx,DRI SHA-256 74ca42991906741ee91be1bc088ae0b142fa71b6a85658c5dad0851ce50dd0d8,references/home:lkundrak:poulsbo/xpsb-glx/extracted/xpsb-glx/dri/psb_dri.so,"ELF VAs 0x26678,0x26dbd,0x2673d,0x51860; call sites 0x518d7 and 0x519dd",CONFIRMED,P7E-002; indirect target resolution assumes the context table installed by 0x371f0 and unchanged
scene-lifetime-and-submit,Renderer start creates a scene stored at context-derived +0x81c; draw uses it; finalizer submits index 0 then clears the slot and frees the scene.,Historical Poulsbo userspace,home:lkundrak:poulsbo/xpsb-glx,DRI SHA-256 74ca42991906741ee91be1bc088ae0b142fa71b6a85658c5dad0851ce50dd0d8,references/home:lkundrak:poulsbo/xpsb-glx/extracted/xpsb-glx/dri/psb_dri.so,"ELF VAs 0x26dbd,0x27060,0x26896,0x2673d,0x2a39a,0x37b51; raw field displacement 0x13c78",CONFIRMED,P7E-003; historical control and state flow only; GPU execution unverified
submission-triggers,Swap and framebuffer changes can leave mode 3 and finalize a scene; vertex allocation or scene draw failure can force mode 0 then restore the old mode and retry.,Historical Poulsbo userspace,home:lkundrak:poulsbo/xpsb-glx,DRI SHA-256 74ca42991906741ee91be1bc088ae0b142fa71b6a85658c5dad0851ce50dd0d8,references/home:lkundrak:poulsbo/xpsb-glx/extracted/xpsb-glx/dri/psb_dri.so,"ELF VAs 0x477b3,0x473bd,0x26c9f,0x26896,0x51a1f,0x51860",CONFIRMED,P7E-004; conditional historical behavior; no unconditional per-draw submission
format-fields,The retained DRI binary emits a 20-byte TA index record and 40-byte relocation record; candidate 4.41.1 PSB source defines corresponding relocation fields and a 144-byte command argument.,Historical Poulsbo userspace and candidate kernel source,home:lkundrak:poulsbo/xpsb-glx;RPM Fusion psb-kmod 4.41.1,DRI SHA-256 74ca42991906741ee91be1bc088ae0b142fa71b6a85658c5dad0851ce50dd0d8; kernel header SHA-256 b4aeb1f85c5609c5811447f2c1ea691a4dbaedb439955df507b51b8302769494,references/home:lkundrak:poulsbo/xpsb-glx/extracted/xpsb-glx/dri/psb_dri.so;psb-kernel-source-4.41.1/psb_drm.h,"ELF VAs 0x3b890,0x37854,0x37b51; source lines 143-154,193-212,221-263",CONFIRMED,P7E-005; sizes and individual artifact layouts only; cross-artifact pairing inferred
mesa-source-scope,Official MesaLib 7.4.4 TNL Render structure and pipeline call sequence differ from the private 0x68-byte Poulsbo renderer table.,Historical generic Mesa source,Mesa 7.4.4 official SourceForge release,tar SHA-256 eaf73d7a3a2dc959ddc0753abaa18160c64bec00b35bf4a0c96040b2072918ec; release MD5 b66528d314c574dccbe0ed963cac5e93,Mesa-7.4.4/src/mesa/tnl/t_context.h;src/mesa/tnl/t_vb_render.c,t_context.h 410-480; t_vb_render.c 262-325,CONFIRMED,P7E-006; source-layout comparison only; exact binary Mesa source revision not proven
clip-render-dispatch,Historical DRI clipping code selects the private renderer table and propagates it to clip_pipe_emit which calls its +0x1c slot on one path.,Historical Poulsbo userspace,home:lkundrak:poulsbo/xpsb-glx,DRI SHA-256 74ca42991906741ee91be1bc088ae0b142fa71b6a85658c5dad0851ce50dd0d8,references/home:lkundrak:poulsbo/xpsb-glx/extracted/xpsb-glx/dri/psb_dri.so,"ELF VAs 0x2d124,0xdd16d,0xdea09,0xdea86; context displacements 0x13b84/0x13b80; clip fields +0xf8/+0x103c",CONFIRMED,P7E-007; mode-3 target resolves to 0x26896; exact GL entry into clipping pipeline still UNKNOWN
bounded-scene-entry,First indexed scene draw checks dirty byte +0x554; bit 2 can call 0x2a2f6 and conditionally 0x29fbd when its 20-byte key differs.,Historical Poulsbo userspace,home:lkundrak:poulsbo/xpsb-glx,DRI SHA-256 74ca42991906741ee91be1bc088ae0b142fa71b6a85658c5dad0851ce50dd0d8,references/home:lkundrak:poulsbo/xpsb-glx/extracted/xpsb-glx/dri/psb_dri.so,"ELF VAs 0x27fa0,0x29251,0x2a2f6,0x29fbd; scene +0x554/+0x53c",CONFIRMED,P7F-001; conditional scene setup not universal GL draw
bounded-vertex-index,Selected scene setup copies eight four-word vertex records and six 16-bit indices 0 1 2 3 2 1 into output buffers.,Historical Poulsbo userspace,home:lkundrak:poulsbo/xpsb-glx,DRI SHA-256 74ca42991906741ee91be1bc088ae0b142fa71b6a85658c5dad0851ce50dd0d8,references/home:lkundrak:poulsbo/xpsb-glx/extracted/xpsb-glx/dri/psb_dri.so,"ELF VAs 0x29fbd,0x3f94c,0x37409; 128-byte vertex copy and 12-byte index copy",CONFIRMED,P7F-002; symbolic input values and GPU interpretation distinct; corrected by P7G-001: previous four-eight-word grouping was wrong; literal 128 bytes unchanged
program-classification,The eight-byte-instruction buffer at 0x30ffd belongs to a psb_use.c USE/USSE builder; 0x40355 also produces a separate vertex output block.,Historical Poulsbo userspace,home:lkundrak:poulsbo/xpsb-glx,DRI SHA-256 74ca42991906741ee91be1bc088ae0b142fa71b6a85658c5dad0851ce50dd0d8,references/home:lkundrak:poulsbo/xpsb-glx/extracted/xpsb-glx/dri/psb_dri.so,"ELF VAs 0x2fabd,0x30ffd,0x30fb7,0x30e22,0x30a09,0x381a0,0x40355; psb_use.c:0x129 assertion",CONFIRMED,P7F-003; corrects P7B-009 buffer label; ISA semantics UNKNOWN
bounded-ta-record,For the selected four-dword-record six-index scene branch the 20-byte TA index record has known first and fifth literals and two relocation sites.,Historical Poulsbo userspace,home:lkundrak:poulsbo/xpsb-glx,DRI SHA-256 74ca42991906741ee91be1bc088ae0b142fa71b6a85658c5dad0851ce50dd0d8,references/home:lkundrak:poulsbo/xpsb-glx/extracted/xpsb-glx/dri/psb_dri.so,"ELF VAs 0x29fbd,0x40355,0x3b890; offsets +0x00=0x81400006 +0x10=0x02000103",CONFIRMED,P7F-004; relocation results and hardware bit meanings UNKNOWN; P7G-001 distinguishes record width from count
scene-final-word,The historical scene finalizer reserves eight bytes and writes only first word 0xc0000000 before closing output on the inspected path.,Historical Poulsbo userspace,home:lkundrak:poulsbo/xpsb-glx,DRI SHA-256 74ca42991906741ee91be1bc088ae0b142fa71b6a85658c5dad0851ce50dd0d8,references/home:lkundrak:poulsbo/xpsb-glx/extracted/xpsb-glx/dri/psb_dri.so,"ELF VAs 0x2a39a,0x38762,0x384ab",CONFIRMED,P7F-005; P7G-002 resolves prior second-word uncertainty: closes at start+4; second reservation word not committed
validation-layout,Historical DRI submit code zeroes 0x88-byte validation nodes and sends a 0x90-byte index-0 command; candidate 4.41.1 kernel parses BO validation relocation scene and fence state.,Historical Poulsbo binary plus candidate kernel source,home:lkundrak:poulsbo/xpsb-glx;RPM Fusion psb-kmod 4.41.1,DRI SHA-256 74ca42991906741ee91be1bc088ae0b142fa71b6a85658c5dad0851ce50dd0d8; kernel header SHA-256 b4aeb1f85c5609c5811447f2c1ea691a4dbaedb439955df507b51b8302769494,references/home:lkundrak:poulsbo/xpsb-glx/extracted/xpsb-glx/dri/psb_dri.so;psb_sgx.c;psb_schedule.c;psb_drm.h,"ELF VA 0x37b51; kernel psb_sgx.c:384-500,631-782,1091-1130,1237-1435; psb_schedule.c:1230-1294",CONFIRMED,P7F-006; binary and source facts separately; exact linked ABI remains INFERRED
xpsb-init-order,Retained XpsbInit conditionally creates XHW and BO resources uploads static data performs SGX-related register writes then sends index-1 XHW init before starting request thread.,Historical Poulsbo X-server binary,home:lkundrak:poulsbo/xpsb-glx,Xpsb SHA-256 da531587b1ec59fe433fa20ddd2e691b2f8b7fb35bb82525d4db99259c5e571f,references/home:lkundrak:poulsbo/xpsb-glx/extracted/xpsb-glx/drivers/Xpsb.so,"ELF VAs 0x2690,0x3820,0x51c0,0xbaa0; index-1 call 0x2cdc",CONFIRMED,P7F-007; historical conditional order not safe hardware contract or required DRI dependency
release-pairing,Shared 5.0.1.0046 and agreeing request sizes indicate a strong release family but DDX loader name and libdrm header mismatches prevent exact five-way pairing.,Historical Poulsbo stack metadata,home:lkundrak:poulsbo/xpsb-glx;RPM Fusion PSB kernel/DDX/libdrm source,binary SHAs 74ca42991906741ee91be1bc088ae0b142fa71b6a85658c5dad0851ce50dd0d8 and da531587b1ec59fe433fa20ddd2e691b2f8b7fb35bb82525d4db99259c5e571f; kernel header SHA-256 b4aeb1f85c5609c5811447f2c1ea691a4dbaedb439955df507b51b8302769494,Xpsb.so;psb_dri.so;psb_drm.h;src/psb_driver.c;libdrm-2.3.0/shared-core/psb_drm.h,"ELF version strings; kernel psb_drm.h:37; DDX psb_driver.c:268-275,1837-1838; DDX spec:46-50",INFERRED,P7F-008; release-family inference only; exact built stack UNKNOWN
bounded-use-words,The selected four-dword-record caller emits two eight-byte USE/USSE slots with bytes 00 00 00 a0 01 30 a1 28 and 00 00 20 a0 00 50 27 fb after finalization.,Historical Poulsbo userspace,home:lkundrak:poulsbo/xpsb-glx,DRI SHA-256 74ca42991906741ee91be1bc088ae0b142fa71b6a85658c5dad0851ce50dd0d8,references/home:lkundrak:poulsbo/xpsb-glx/extracted/xpsb-glx/dri/psb_dri.so,ELF i386 disassembly 0x40355:0x4037b-0x404e5;0x30e22-0x30f50;0x30a09-0x30b75;0x30fb7,CONFIRMED,P7F-009; conditional CPU bytes only; instruction meaning and revision applicability UNKNOWN; P7G-001 corrects the repeat-count interpretation; literal bytes unchanged
state-atom-dispatch,The retained ELF stores callback 0x2d124 in a 16-byte dirty-state atom with second mask 0x74 and dispatches atoms through context list +0x698/+0x69c.,Historical Poulsbo userspace,home:lkundrak:poulsbo/xpsb-glx,DRI SHA-256 74ca42991906741ee91be1bc088ae0b142fa71b6a85658c5dad0851ce50dd0d8,references/home:lkundrak:poulsbo/xpsb-glx/extracted/xpsb-glx/dri/psb_dri.so,"ELF VAs 0x2b3368-0x2b3377,0x2bb208,0x4f3ef,0x48592,0x52fcc; relocations 0x2b3374 and 0x2bb208",CONFIRMED,P7F-010; static atom pointer and callback layout; list installation subsequently closed by P7F-011; GL entry further traced in P7G
state-atom-list-installation,Retained context setup copies a 17-pointer static array including the renderer-selector atom into context list +0x698 and sets count +0x69c to 0x11.,Historical Poulsbo userspace,home:lkundrak:poulsbo/xpsb-glx,DRI SHA-256 74ca42991906741ee91be1bc088ae0b142fa71b6a85658c5dad0851ce50dd0d8,references/home:lkundrak:poulsbo/xpsb-glx/extracted/xpsb-glx/dri/psb_dri.so,"ELF VAs 0x2b3d4,0x371f0,0x2bb200-0x2bb243,0x2bb208; context +0x698/+0x69c",CONFIRMED,P7F-011; exact GL draw dirty-bit producer still UNKNOWN
frozen-triangle-selection,Software vertex branch selects 0x40355; primitive table maps GL code4 to privatecode0 and the validator accepts count3.,Historical Poulsbo userspace,home:lkundrak:poulsbo/xpsb-glx,DRI SHA-256 74ca42991906741ee91be1bc088ae0b142fa71b6a85658c5dad0851ce50dd0d8,references/home:lkundrak:poulsbo/xpsb-glx/extracted/xpsb-glx/dri/psb_dri.so,ELF VAs 0x00048592;0x002bb280;0x00029dd9;0x00258040;0x00026aa1;0x0003b430;0x00027fa0,CONFIRMED,P7G-003; Conditional branch evidence; no environment or hardware operation performed
complete-state-atom-table,The ELF installs 17 ordered state atoms; the dispatcher tests live dirty masks and the parameter atom has a context-local mutable first mask.,Historical Poulsbo userspace,home:lkundrak:poulsbo/xpsb-glx,DRI SHA-256 74ca42991906741ee91be1bc088ae0b142fa71b6a85658c5dad0851ce50dd0d8,references/home:lkundrak:poulsbo/xpsb-glx/extracted/xpsb-glx/dri/psb_dri.so,ELF VAs 0x002bb200-0x002bb243;0x0002b3d4;0x0002cc10;0x0004f3ef;0x00026dbd;0x00026aa1,CONFIRMED,P7G-004; state-atoms.csv and hash-guarded state_atoms.py; initial masks nonzero; complete selected outputs not closed
conditional-raster-state,The selected no-depth/stencil/kill/blend/dither/logic/feedback branch constrains ISP triplets and smooth no-cull state.,Historical Poulsbo userspace,home:lkundrak:poulsbo/xpsb-glx,DRI SHA-256 74ca42991906741ee91be1bc088ae0b142fa71b6a85658c5dad0851ce50dd0d8,references/home:lkundrak:poulsbo/xpsb-glx/extracted/xpsb-glx/dri/psb_dri.so,ELF VAs 0x0002bfdf;0x0002bc07,CONFIRMED,P7G-005; Values and conditions in frozen-draw-closure.md; not a proven complete valid GL state
software-vertex-format,"Primary-color software input selects two 16-byte attributes, viewport position then four-component color.",Historical Poulsbo userspace,home:lkundrak:poulsbo/xpsb-glx,DRI SHA-256 74ca42991906741ee91be1bc088ae0b142fa71b6a85658c5dad0851ce50dd0d8,references/home:lkundrak:poulsbo/xpsb-glx/extracted/xpsb-glx/dri/psb_dri.so,ELF VAs 0x0002daad;0x002b4eb4;0x002b4f08;0x000d8529;0x000d87bc;0x000d8a22;0x00026b5c;0x0003f610,CONFIRMED,P7G-006; 96 bytes for three selected vertices; research inputs are not observed hardware values
width-eight-use-pds,Width-eight helper derives two USE slots and a 64-byte companion PDS block; six one-part data dwords are not written by that producer.,Historical Poulsbo userspace,home:lkundrak:poulsbo/xpsb-glx,DRI SHA-256 74ca42991906741ee91be1bc088ae0b142fa71b6a85658c5dad0851ce50dd0d8,references/home:lkundrak:poulsbo/xpsb-glx/extracted/xpsb-glx/dri/psb_dri.so,ELF VAs 0x00040355;0x00030ffd;0x00030e22;0x00030a09;0x00030fb7;0x000381a0;0x00038762,CONFIRMED,"P7G-007; frozen-draw-formats.csv; literal CPU bytes confirmed, full instruction meaning and hole consumption UNKNOWN"
fragment-compiler-boundary,"Mesa 64-byte instruction records feed 132-byte UniFlex records, USC passes and an eight-byte instruction emitter; result fields retain main and secondary output.",Historical Poulsbo userspace,home:lkundrak:poulsbo/xpsb-glx,DRI SHA-256 74ca42991906741ee91be1bc088ae0b142fa71b6a85658c5dad0851ce50dd0d8,references/home:lkundrak:poulsbo/xpsb-glx/extracted/xpsb-glx/dri/psb_dri.so,ELF VAs 0x00033490;0x00031381;0x000310e0;0x0003503d;0x001c6b56;0x001c606c;0x001fb7af;0x001fa3ea;0x000370d8,CONFIRMED,"P7G-008; At P7G these were UNKNOWN; selected frozen input later resolved by P7H-010/P7H-011; no compiler execution"
selected-triangle-ta,The width-eight ordinary indexed path emits a five-word record with first word 0x81400003 and final word 0x04000203 plus two dynamic address references.,Historical Poulsbo userspace,home:lkundrak:poulsbo/xpsb-glx,DRI SHA-256 74ca42991906741ee91be1bc088ae0b142fa71b6a85658c5dad0851ce50dd0d8,references/home:lkundrak:poulsbo/xpsb-glx/extracted/xpsb-glx/dri/psb_dri.so,ELF VAs 0x00027fa0;0x00027e08;0x0003b890;0x00027f03,CONFIRMED,P7G-009; Conditional output formula; no claim of one submission per draw or valid complete scene
historical-gl-entry,Installed DrawElements VBO callback reaches the installed TNL callback and pipeline stage whose run slot calls clipping into the private renderer.,Historical Poulsbo userspace,home:lkundrak:poulsbo/xpsb-glx,DRI SHA-256 74ca42991906741ee91be1bc088ae0b142fa71b6a85658c5dad0851ce50dd0d8,references/home:lkundrak:poulsbo/xpsb-glx/extracted/xpsb-glx/dri/psb_dri.so,ELF VAs 0x000d1031;0x000d12f5;0x000d106d;0x00048592;0x00048f05;0x000e1a49;0x00048eb8;0x000e17f9;0x002bb2a0;0x002b458c;0x002b45a0;0x00052fcc;0x000dcc4a,CONFIRMED,P7G-010; Generic vbo_exec_array_init callback installation plus pointer/table/call chain; shader validation and complete dirty-state data remain separate
dynamic-use-relocation,Binary emits compound USE relocations; candidate source preserves preceding destination fields and returns selected base register plus base-relative offset.,Historical Poulsbo binary and candidate source families,home:lkundrak:poulsbo/xpsb-glx; recovered RPM Fusion PSB/libdrm sources,DRI SHA-256 74ca42991906741ee91be1bc088ae0b142fa71b6a85658c5dad0851ce50dd0d8; source hashes in frozen-source-checks.json,references/home:lkundrak:poulsbo/xpsb-glx/extracted/xpsb-glx/dri/psb_dri.so;/tmp/sgx535-pairing/psb-kmod-4.41.1-10.fc11.10/psb-kernel-source-4.41.1/psb_sgx.c;/tmp/sgx535-pairing/psb-kmod-4.41.1-10.fc11.10/psb-kernel-source-4.41.1/psb_regman.c,"ELF 0x0003a82c,0x0003773b,0x00037621,0x00037854; psb_sgx.c:710-787;psb_regman.c:42-118",CONFIRMED,P7G-011; Individual producer/source algorithms only; cross-build compatibility INFERRED
fence-wrapper-boundary,Candidate libdrm uses a 40-byte public fence distinct from a 48-byte ioctl fence argument and translates wait/unreference fields.,Historical Poulsbo binary and candidate source families,home:lkundrak:poulsbo/xpsb-glx; recovered RPM Fusion PSB/libdrm sources,DRI SHA-256 74ca42991906741ee91be1bc088ae0b142fa71b6a85658c5dad0851ce50dd0d8; source hashes in frozen-source-checks.json,references/home:lkundrak:poulsbo/xpsb-glx/extracted/xpsb-glx/dri/psb_dri.so;/tmp/sgx535-libdrm-psb/libdrm-2.3.0/libdrm/xf86mm.h;/tmp/sgx535-libdrm-psb/libdrm-2.3.0/libdrm/xf86drm.c;/tmp/sgx535-libdrm-psb/libdrm-2.3.0/shared-core/drm.h,"ELF 0x00037b51,0x000442bd,0x00044097,0x00044107; xf86mm.h:97-106;xf86drm.c:2413-2425,2546-2578;drm.h:642-652,1097-1104",CONFIRMED,P7G-012; Size difference not itself mismatch; linked library identity and full lifecycle still unproved
candidate-xhw-prerequisite,Candidate kernel rejects XHW queueing until submit_ok and uses XHW scene-bind/fire in TA/raster scheduling.,Historical Poulsbo binary and candidate source families,home:lkundrak:poulsbo/xpsb-glx; recovered RPM Fusion PSB/libdrm sources,DRI SHA-256 74ca42991906741ee91be1bc088ae0b142fa71b6a85658c5dad0851ce50dd0d8; source hashes in frozen-source-checks.json,/tmp/sgx535-pairing/psb-kmod-4.41.1-10.fc11.10/psb-kernel-source-4.41.1/psb_xhw.c;/tmp/sgx535-pairing/psb-kmod-4.41.1-10.fc11.10/psb-kernel-source-4.41.1/psb_schedule.c,"psb_xhw.c:42-63,146-175,416-460;psb_schedule.c:199,313-328",CONFIRMED,"P7G-013; Required in this source protocol, not proof of exact retained stack or real hardware state"
binary-bo-pools,Retained context creates distinct flag/alignment pools and constructs zeroed validation and command envelopes from retained BO state.,Historical Poulsbo binary and candidate source families,home:lkundrak:poulsbo/xpsb-glx; recovered RPM Fusion PSB/libdrm sources,DRI SHA-256 74ca42991906741ee91be1bc088ae0b142fa71b6a85658c5dad0851ce50dd0d8; source hashes in frozen-source-checks.json,references/home:lkundrak:poulsbo/xpsb-glx/extracted/xpsb-glx/dri/psb_dri.so,"ELF 0x00048592,0x0004297b,0x00043d8c,0x000443d1,0x00037b51,0x0003f87a,0x0003f505",CONFIRMED,P7G-015; Pool inputs and envelope fields in frozen-draw-objects.md; complete selected object inventory remains open
minimal-fragment-input,No-texture no-specular no-fog fixed-function builder emits primary-color move opcode0x2b then end0x19; converter maps them to UniFlex0x48 and0x35.,Historical Poulsbo userspace,home:lkundrak:poulsbo/xpsb-glx,DRI SHA-256 74ca42991906741ee91be1bc088ae0b142fa71b6a85658c5dad0851ce50dd0d8,references/home:lkundrak:poulsbo/xpsb-glx/extracted/xpsb-glx/dri/psb_dri.so,ELF VAs 0x000ab557;0x000aa97c;0x000aa197;0x000a9916;0x000a9ac8;0x0010c3b7;0x00031381,CONFIRMED,P7G-014; CPU input-program selection; selected compiler bytes later resolved by P7H-010; linked resources remain open
compiler-target-selector,"Fragment compiler wrapper writes target pair3 and0x6f and selects feature pointer0x2a8d98 and table row(3,111,0x1e8).",Historical Poulsbo userspace,home:lkundrak:poulsbo/xpsb-glx,DRI SHA-256 74ca42991906741ee91be1bc088ae0b142fa71b6a85658c5dad0851ce50dd0d8,references/home:lkundrak:poulsbo/xpsb-glx/extracted/xpsb-glx/dri/psb_dri.so,ELF VAs 0x000350a4-0x000350b1;0x001c6b56;0x001d9790;0x001d9b23;0x002b849c;0x002b84e0;0x002a8ce8;0x002a8d98,CONFIRMED,"P7G-016; Software selector pair only; no physical core revision, PCI mapping or named BRN applicability established"
frozen-fragment-uniflex-input,"For the frozen no-texture primary-color fragment, the converter creates ordinary UniFlex opcode 0x48 with one input source, then END opcode 0x35; output destination maps to class/index 6/0, primary-color source to 1/0, and default XYZW swizzle remains 0x688. The OutputsWritten & 4 insertion branch is excluded.",Historical Poulsbo userspace with Mesa 7.4.4 source correlation,home:lkundrak:poulsbo/xpsb-glx; Mesa 7.4.4 source candidate,DRI SHA-256 74ca42991906741ee91be1bc088ae0b142fa71b6a85658c5dad0851ce50dd0d8; Mesa 7.4.4 source release,references/home:lkundrak:poulsbo/xpsb-glx/extracted/xpsb-glx/dri/psb_dri.so;/tmp/sgx535-mesa-7.4.4/Mesa-7.4.4/src/mesa/main/texenvprogram.c;/tmp/sgx535-mesa-7.4.4/Mesa-7.4.4/src/mesa/main/mtypes.h,"ELF 0x000aa97c,0x00033490,0x00031381,0x00033100,0x00033257,0x000311b6,0x000310e0;texenvprogram.c:475-485,1067-1074,1099-1125;mtypes.h:254-263,306,1840-1851",CONFIRMED,P7H-001; conditional CPU intermediate mapping; selected compiler bytes later resolved by P7H-010; physical revision UNKNOWN
fragment-compiler-output-boundary,"The retained compiler parses 0x84-byte UniFlex records into internal control flow, runs lowering and allocation passes, calculates the main instruction count at 0x001c95f7, allocates main and optional SA-update output in eight-byte units, then encodes lowered assembler records. Source MOV/END opcodes alone do not specify final words or count.",Historical Poulsbo userspace,home:lkundrak:poulsbo/xpsb-glx,DRI SHA-256 74ca42991906741ee91be1bc088ae0b142fa71b6a85658c5dad0851ce50dd0d8,references/home:lkundrak:poulsbo/xpsb-glx/extracted/xpsb-glx/dri/psb_dri.so,"ELF 0x001c3ba5,0x001c606c,0x001c95f7 (count store 0x001cab00),0x001c72a1,0x001fb7af,0x001fa3ea,0x002400eb,0x0023d831,0x0025309a",CONFIRMED,P7H-002; stage/control-flow finding; selected frozen output later resolved by P7H-010
candidate-xhw-direction-dispatch,"The candidate PSB DRM core dispatches private ioctls by request number, has its full request-word equality check disabled, and copies input according to the caller-supplied direction/size; the candidate XHW init handler consumes that input without returning an argument payload.",Historical PSB kernel source candidate,RPM Fusion psb-kmod 4.41.1 source package,psb-kernel-source-4.41.1; drm_drv.c SHA-256 1d1a3513361b759b2cce23b5241b8079a4f360db649ae77b8068eed3a99b1c60; psb_xhw.c SHA-256 73783fad6b072b655d50386621d09d7fe6f4cdd896cb991ed0258a2494330fc1,/tmp/sgx535-pairing/psb-kmod-4.41.1-10.fc11.10/psb-kernel-source-4.41.1/drm_drv.c;/tmp/sgx535-pairing/psb-kmod-4.41.1-10.fc11.10/psb-kernel-source-4.41.1/psb_xhw.c,"drm_drv.c:607-659;psb_xhw.c:416-470,516-528;psb_drv.c:88-108",CONFIRMED,P7H-003; candidate-source behavior only; XHW ioctl direction difference is not itself a blocker in this source tree; exact retained binary/kernel pairing and runtime compatibility UNKNOWN
frozen-fragment-scalar-lowering,"For the selected UniFlex MOV input, the ordinary parser path selects scalar floating-point lowering; the output mask visits all four components before later optimization and allocation. END creates a control-flow terminator rather than establishing a GPU instruction count.",Historical Poulsbo userspace,home:lkundrak:poulsbo/xpsb-glx,DRI SHA-256 74ca42991906741ee91be1bc088ae0b142fa71b6a85658c5dad0851ce50dd0d8,references/home:lkundrak:poulsbo/xpsb-glx/extracted/xpsb-glx/dri/psb_dri.so,"ELF 0x001c22b0,0x001be5bc,0x00219998,0x001c3ba5,0x001c606c,0x001c95f7",CONFIRMED,P7H-004; confirms compiler intermediate control flow; selected output later resolved by P7H-010
xhw-init-selected-path,Retained XpsbInit sends a 20-byte index-1 XHW init request with operation zero and communication-BO handle set; the candidate kernel operation-zero handler consumes those two fields and marks the service online; retained XpsbThread dispatches scene-info and scene-bind/fire operations 1 and 2.,Historical Poulsbo Xpsb binary and candidate PSB kernel family,home:lkundrak:poulsbo/xpsb-glx; RPM Fusion psb-kmod 4.41.1 candidate,Xpsb SHA-256 da531587b1ec59fe433fa20ddd2e691b2f8b7fb35bb82525d4db99259c5e571f; psb_xhw.c SHA-256 73783fad6b072b655d50386621d09d7fe6f4cdd896cb991ed0258a2494330fc1; psb_drm.h SHA-256 b4aeb1f85c5609c5811447f2c1ea691a4dbaedb439955df507b51b8302769494,references/home:lkundrak:poulsbo/xpsb-glx/extracted/xpsb-glx/drivers/Xpsb.so; /tmp/sgx535-pairing/psb-kmod-4.41.1-10.fc11.10/psb-kernel-source-4.41.1/psb_drm.h; /tmp/sgx535-pairing/psb-kmod-4.41.1-10.fc11.10/psb-kernel-source-4.41.1/psb_xhw.c; /tmp/sgx535-pairing/psb-kmod-4.41.1-10.fc11.10/psb-kernel-source-4.41.1/psb_scene.c; /tmp/sgx535-pairing/psb-kmod-4.41.1-10.fc11.10/psb-kernel-source-4.41.1/psb_schedule.c,"Xpsb ELF 0x2690,0x2c27-0x2cdc,0x30f0,0x3a40,0x4550; psb_drm.h:265-273,293-363; psb_xhw.c:416-470,516-528; psb_scene.c:128-132; psb_schedule.c:199-207",CONFIRMED,P7H-005; facts confirmed within each artifact; cross-artifact pairing remains strongly INFERRED; no runtime or hardware validation
frozen-fragment-link-record,"Retained fragment linker zeroes an 0x88-byte object and populates key copy, compiler-result pointer, resource count, and conditional suffix words from exact source fields; downstream fragment/pixel caches use larger keys and further writers.",Historical Poulsbo userspace,home:lkundrak:poulsbo/xpsb-glx,DRI SHA-256 74ca42991906741ee91be1bc088ae0b142fa71b6a85658c5dad0851ce50dd0d8,references/home:lkundrak:poulsbo/xpsb-glx/extracted/xpsb-glx/dri/psb_dri.so,"ELF 0x000370d8,0x000283d8,0x00028559",CONFIRMED,P7H-006; exact conditional linker construction; selected compiler fields later resolved by P7H-011; final linked pixel-state bytes remain UNKNOWN
xhw-scene-revision-option,Retained Xpsb_set_vopt derives a software option from SGX-mapping-relative +0x14 and sets option +0x64 for selected numeric cases; Xpsb_scene_info branches on the same state while calculating scene information.,Historical Poulsbo Xpsb userspace,home:lkundrak:poulsbo/xpsb-glx,Xpsb SHA-256 da531587b1ec59fe433fa20ddd2e691b2f8b7fb35bb82525d4db99259c5e571f,references/home:lkundrak:poulsbo/xpsb-glx/extracted/xpsb-glx/drivers/Xpsb.so,"ELF 0x2690 (calls at 0x2c0f-0x2c1a),0x30f0,0x3a40,0x4af0 (read at 0x4b02-0x4b10; option store 0x4bb5)",CONFIRMED,P7H-007; binary software dependency only; actual Dell register value and SGX core revision UNKNOWN; no MMIO performed
frozen-xhw-scene-info-32x32,"Retained Xpsb_scene_info computes identical cookie words 0-14 and scene-size/clear-page outputs for both revision-option branches at 32x32; it does not write cookie word 15. The candidate kernel copies all 16 cookie words; retained normal bind/fire does not read word 15, while its OOM branch does.",Historical Poulsbo Xpsb userspace and candidate PSB kernel family,home:lkundrak:poulsbo/xpsb-glx; RPM Fusion psb-kmod 4.41.1 candidate,Xpsb SHA-256 da531587b1ec59fe433fa20ddd2e691b2f8b7fb35bb82525d4db99259c5e571f; psb_xhw.c SHA-256 73783fad6b072b655d50386621d09d7fe6f4cdd896cb991ed0258a2494330fc1; psb_scene.c SHA-256 07309f6a189eb0ede64aaa98e7fbd858f44314256e2262226f48ba33d9b7528e,references/home:lkundrak:poulsbo/xpsb-glx/extracted/xpsb-glx/drivers/Xpsb.so; /tmp/sgx535-pairing/psb-kmod-4.41.1-10.fc11.10/psb-kernel-source-4.41.1/psb_xhw.c; /tmp/sgx535-pairing/psb-kmod-4.41.1-10.fc11.10/psb-kernel-source-4.41.1/psb_scene.c,"Xpsb ELF 0x3a40,0x4550; psb_xhw.c:42-63,80-112; psb_scene.c:111-132",CONFIRMED,"P7H-008; exact source-branch arithmetic for the frozen dimensions only; candidate kernel behavior scoped to candidate source; cookie word 15 remains UNKNOWN, no MMIO performed"
candidate-initial-ta-flags,"Candidate normal TA task is created with PSB_FIRE_FLAG_RASTER_DEALLOC bit 0; the OOM flag is bit 24. Retained Xpsb_scene_switch_fire reads cookie word 15 only in the OOM-flag branch, not the initial normal branch.",Historical Poulsbo Xpsb userspace and candidate PSB kernel family,home:lkundrak:poulsbo/xpsb-glx; RPM Fusion psb-kmod 4.41.1 candidate,Xpsb SHA-256 da531587b1ec59fe433fa20ddd2e691b2f8b7fb35bb82525d4db99259c5e571f; psb_schedule.c SHA-256 1a139a24cfbd6593e7a6c71315bd63d5ea649fda712555dc34ae30650f24eeca; psb_drm.h SHA-256 b4aeb1f85c5609c5811447f2c1ea691a4dbaedb439955df507b51b8302769494,references/home:lkundrak:poulsbo/xpsb-glx/extracted/xpsb-glx/drivers/Xpsb.so; /tmp/sgx535-pairing/psb-kmod-4.41.1-10.fc11.10/psb-kernel-source-4.41.1/psb_schedule.c; /tmp/sgx535-pairing/psb-kmod-4.41.1-10.fc11.10/psb-kernel-source-4.41.1/psb_drm.h,Xpsb ELF 0x4550; psb_schedule.c:1252-1256; psb_drm.h:377-384,CONFIRMED,P7H-009; scoped to retained ELF and candidate kernel; exact built pairing and later OOM path UNKNOWN
frozen-fragment-empty-usse,"For the frozen no-texture primary-color MOV/END input, the retained compiler lowers four scalar MOVs, eliminates them by DCE, inserts no replacement, and emits zero main and secondary USSE instructions and zero instruction bytes.",Historical Poulsbo userspace; frozen CPU input,home:lkundrak:poulsbo/xpsb-glx,DRI SHA-256 74ca42991906741ee91be1bc088ae0b142fa71b6a85658c5dad0851ce50dd0d8,references/home:lkundrak:poulsbo/xpsb-glx/extracted/xpsb-glx/dri/psb_dri.so,ELF 0x00033490;0x0003503d;0x001c3ba5;0x001c5fa0-0x001c600c;0x00219998;0x001deecc;0x001dce31;0x001c95f7;0x001f9561;0x001f74ab;0x001fb7af;0x001fa3ea,CONFIRMED,P7H-010; selected-path static derivation in docs/phase7/psb-dri-re/frozen-fragment-exact-output.md; no ELF execution or hardware observation; does not describe linked pixel program
frozen-fragment-compiler-metadata,"For the same frozen input the compiler wrapper returns null main and secondary pointers, main/secondary counts zero, temporary count zero, primary-attribute count zero, compiler flags 0x2, selected mode 1, register-constant count zero, and parameter bytes zero.",Historical Poulsbo userspace; frozen CPU input,home:lkundrak:poulsbo/xpsb-glx,DRI SHA-256 74ca42991906741ee91be1bc088ae0b142fa71b6a85658c5dad0851ce50dd0d8,references/home:lkundrak:poulsbo/xpsb-glx/extracted/xpsb-glx/dri/psb_dri.so,ELF 0x0003503d;0x001c6b56;0x001c95f7;0x001c7187;0x001fb7af;0x002338b0;0x00237b63;0x000370d8,CONFIRMED,P7H-011; selected compiler-result offsets and derivations in docs/phase7/psb-dri-re/frozen-fragment-exact-output.md; linker and pixel state remain UNKNOWN
frozen-fragment-link-suffix,"For the frozen no-feature key and FG-01 metadata, the retained linker selects suffix words 0x00000000 and 0xf8000140; scene upload ORs 0x00040000 into the last word, producing linked bytes 00 00 00 00 40 01 04 f8. This is separate from the empty compiler stream.",Historical Poulsbo userspace; frozen CPU input,home:lkundrak:poulsbo/xpsb-glx,DRI SHA-256 74ca42991906741ee91be1bc088ae0b142fa71b6a85658c5dad0851ce50dd0d8,references/home:lkundrak:poulsbo/xpsb-glx/extracted/xpsb-glx/dri/psb_dri.so,ELF 0x0002c852;0x0002c610;0x000370d8;0x000264b7;0x000283d8,CONFIRMED,P7H-012; conditional static binary rule with candidate Mesa no-feature key; source-family initial-state correlation is INFERRED; no runtime or hardware observation
frozen-fragment-secondary-fast-path,"With compiler flags 0x2 and zero linked secondary counts and register constants, retained pixel-state emission selects a four-byte 0xaf000000 record and clears three output words.",Historical Poulsbo userspace; frozen CPU input,home:lkundrak:poulsbo/xpsb-glx,DRI SHA-256 74ca42991906741ee91be1bc088ae0b142fa71b6a85658c5dad0851ce50dd0d8,references/home:lkundrak:poulsbo/xpsb-glx/extracted/xpsb-glx/dri/psb_dri.so,ELF 0x00028559;0x00039ea0;0x0003faa3,CONFIRMED,P7H-013; selected CPU branch only; overall pixel state remains UNKNOWN
frozen-fragment-primary-PDS,"For the zero-input linked fragment path the retained primary emitter commits 56 bytes from a 400-byte allocation; selected stores include +0x20=0x20, +0x30=0x07000345 and +0x34=0xaf000000, while three relocations target the linked-program BO. Other committed data dwords are not written by this emitter and their PDS consumption remains UNKNOWN.",Historical Poulsbo userspace; frozen CPU input,home:lkundrak:poulsbo/xpsb-glx,DRI SHA-256 74ca42991906741ee91be1bc088ae0b142fa71b6a85658c5dad0851ce50dd0d8,references/home:lkundrak:poulsbo/xpsb-glx/extracted/xpsb-glx/dri/psb_dri.so,ELF 0x000283d8;0x00025970;0x0003a82c;0x0003773b;0x00037621;0x00038762,CONFIRMED,P7H-014; selected CPU writes and relocation creation only; no claim about unread PDS holes or hardware behavior
historical-PDS-constant-extent,Retained Xpsb_pds_get_num_constants computes an interleaved two-store dword extent from two counts; it does not decode PDS instructions or identify the read set of the frozen DRI program.,Historical Poulsbo Xpsb userspace,home:lkundrak:poulsbo/xpsb-glx,Xpsb SHA-256 da531587b1ec59fe433fa20ddd2e691b2f8b7fb35bb82525d4db99259c5e571f,references/home:lkundrak:poulsbo/xpsb-glx/extracted/xpsb-glx/drivers/Xpsb.so,ELF 0x00007470,CONFIRMED,P7H-015; function arithmetic only; SGX535 PDS instruction read semantics remain UNKNOWN
frozen-PDS-literal-reuse,"The retained DRI ELF stores 0x07000345 at 0x262f0 in frozen primary emission, at 0x39bd2 in the clear emitter, and at 0x39e0c in the texture-replace emitter; the latter also writes additional data and later instruction words. This establishes literal reuse but not the instruction read set.",Historical Poulsbo userspace,home:lkundrak:poulsbo/xpsb-glx,DRI SHA-256 74ca42991906741ee91be1bc088ae0b142fa71b6a85658c5dad0851ce50dd0d8,references/home:lkundrak:poulsbo/xpsb-glx/extracted/xpsb-glx/dri/psb_dri.so,ELF stores 0x000262f0;0x00039bd2;0x00039e0c and emitter entries 0x00025970;0x00039ac4;0x00039c5c,CONFIRMED,P7H-016; independently reproducible with tools/psb-dri-re/pds_literal_survey.py; comparative read-set hypothesis remains INFERRED
Xpsb-PDS-literal-reuse,"Retained Xpsb_emit_pixel_shader stores 0x07000345 after a 12-dword data prefix, including in its zero-texture branch; the named Xpsb function also emits 0xaf000000 and data stores at +0x00/+0x04/+0x20. This corroborates the historical CPU emission shape but not PDS hardware consumption.",Historical Poulsbo Xpsb userspace,home:lkundrak:poulsbo/xpsb-glx,Xpsb SHA-256 da531587b1ec59fe433fa20ddd2e691b2f8b7fb35bb82525d4db99259c5e571f,references/home:lkundrak:poulsbo/xpsb-glx/extracted/xpsb-glx/drivers/Xpsb.so,ELF Xpsb_emit_pixel_shader entry 0x000082c0; relocation call 0x00008930; literal store 0x00008953; terminal store 0x00008a47; data stores 0x00008941 and 0x0000894b,CONFIRMED,P7H-017; second retained binary but likely shared historical source lineage; no instruction read-set or hardware-safety promotion
PDS-outbuf-contents,"Selected outbuf reset calls driBOData with a null source; driBOData may retain a sufficiently large existing BO and copies initial content only when given a non-null source. Mapping does not itself clear contents. Therefore selected userspace calls do not establish zero-filled producer-unwritten PDS dwords.",Historical Poulsbo userspace,home:lkundrak:poulsbo/xpsb-glx,DRI SHA-256 74ca42991906741ee91be1bc088ae0b142fa71b6a85658c5dad0851ce50dd0d8,references/home:lkundrak:poulsbo/xpsb-glx/extracted/xpsb-glx/dri/psb_dri.so,ELF 0x0003865f;0x00044c90;0x00043ffe;0x00038762,CONFIRMED,P7H-018; conditional retained-BO software path only; actual selected BO contents and PDS read set remain UNKNOWN
PDS-index-formula-crosscheck,"Retained DRI and Xpsb pixel builders construct A2/64 words from interleaved DS indices; the formulas reproduce DRI texture-replace literals 0x070418a2 and 0x07042364 for indices 1 and 2/2. This confirms CPU construction arithmetic only.",Historical Poulsbo userspace,home:lkundrak:poulsbo/xpsb-glx,DRI SHA-256 74ca42991906741ee91be1bc088ae0b142fa71b6a85658c5dad0851ce50dd0d8; Xpsb SHA-256 da531587b1ec59fe433fa20ddd2e691b2f8b7fb35bb82525d4db99259c5e571f,references/home:lkundrak:poulsbo/xpsb-glx/extracted/xpsb-glx/dri/psb_dri.so; references/home:lkundrak:poulsbo/xpsb-glx/extracted/xpsb-glx/drivers/Xpsb.so,ELF DRI 0x00025970;0x00039c5c; Xpsb 0x000082c0,CONFIRMED,P7H-019; see docs/phase7/psb-dri-re/pds-comparative-encoding.md and pds-field-constraints.csv; no GPU read-set proof
PDS-45-pair-hypothesis,"0x07000345 and 0x07042345 differ at bits 13 and 18; their builders initialize analogous data triplets at +00/+04/+20 and +08/+0c/+28. The hypothesis that these bits select data-store pair indices is supported but the exact read set and nine selected producer-unwritten dwords remain UNKNOWN.",Historical Poulsbo userspace,home:lkundrak:poulsbo/xpsb-glx,DRI SHA-256 74ca42991906741ee91be1bc088ae0b142fa71b6a85658c5dad0851ce50dd0d8,references/home:lkundrak:poulsbo/xpsb-glx/extracted/xpsb-glx/dri/psb_dri.so,ELF 0x00025970;0x000287ff;0x00029385;0x00039ea0;0x00040355,INFERRED,P7H-020; two-index template fails to explain mixed-program 0x070b0345; no hole proven dead; Gate B unchanged
PDS-45-event-refinement,"The arithmetic decomposition 0x07000345 OR (A << 18) OR (B << 13) OR (C << 16) fits retained 0x45 words for (A,B,C)=(0,0,0),(1,1,0),(2,0,3). The event builder writes a pair at +0x10/+0x14 consistent with A=2 but C and architectural read count are unknown.",Historical Poulsbo userspace,home:lkundrak:poulsbo/xpsb-glx,DRI SHA-256 74ca42991906741ee91be1bc088ae0b142fa71b6a85658c5dad0851ce50dd0d8,references/home:lkundrak:poulsbo/xpsb-glx/extracted/xpsb-glx/dri/psb_dri.so,ELF 0x00025970;0x000287ff;0x00029385;0x000392ab,INFERRED,P7H-021; CPU-word fit only; pds_semantic_constraints.py and pds-hypotheses.md; no GPU read-set promotion
PDS-af-CPU-grammar,"A targeted retained-text immediate survey finds 11 DRI and four Xpsb literal stores of 0xaf000000; inspected builders place it at a subprogram end and DRI 0x3faa3 commits it alone as a four-byte program. This establishes CPU emission structure but not zero GPU data-store or implicit reads.",Historical Poulsbo userspace,home:lkundrak:poulsbo/xpsb-glx,DRI SHA-256 74ca42991906741ee91be1bc088ae0b142fa71b6a85658c5dad0851ce50dd0d8; Xpsb SHA-256 da531587b1ec59fe433fa20ddd2e691b2f8b7fb35bb82525d4db99259c5e571f,references/home:lkundrak:poulsbo/xpsb-glx/extracted/xpsb-glx/dri/psb_dri.so; references/home:lkundrak:poulsbo/xpsb-glx/extracted/xpsb-glx/drivers/Xpsb.so,ELF DRI 0x0003faa3;0x000392ab; Xpsb 0x000082c0,CONFIRMED,P7H-022; targeted immediate-store census and selected decomp only; 0xaf GPU semantics UNKNOWN
PDS-experiment43-retained-negative,"A static verified-memory-immediate survey of retained DRI/Xpsb finds only the already modeled 0x07000345, 0x07042345, 0x070b0345 and 0xaf000000 stores; no 0xad or 0xae direct-immediate neighbor. DRI 0x39719 stores 0x070b0345 as a whole literal, so bits 16-17 are invariant at that producer. This is a CPU-producer negative result, not a PDS read-set proof.",Historical Poulsbo userspace,home:lkundrak:poulsbo/xpsb-glx,DRI SHA-256 74ca42991906741ee91be1bc088ae0b142fa71b6a85658c5dad0851ce50dd0d8; Xpsb SHA-256 da531587b1ec59fe433fa20ddd2e691b2f8b7fb35bb82525d4db99259c5e571f,references/home:lkundrak:poulsbo/xpsb-glx/extracted/xpsb-glx/dri/psb_dri.so; references/home:lkundrak:poulsbo/xpsb-glx/extracted/xpsb-glx/drivers/Xpsb.so,ELF DRI 0x00039719/0x00039723; docs/phase7/psb-dri-re/pds-experiment43-retained-stores.csv,CONFIRMED,P7H-023; bounded static store census only; M1/M2 still observationally indistinguishable and read set UNKNOWN
PDS-experiment43-older-build,"A related older Canonical Poulsbo DRI package yields the same three 0x45 instruction variants and unchanged 0xaf000000 in a static immediate-store check, so it supplies no Experiment #43 variation. Its original-content copyright notice says Intel Confidential; it remains quarantined outside references and is not implementation evidence.",Historical Poulsbo package; older related build,Canonical hardy-dell-mini package index,package SHA-256 14e870f4273e84759630499efeda4948116c29f3ba7d08e2b5f028a5da3ef8a2; ELF SHA-256 427627909b0c528d154d1b247688f16536162a520d43d472e8a4f404c02e2a6e,/tmp/sgx535-exp43-quarantine/ubuntu-0.24-extracted/usr/lib/dri/psb_dri.so,ELF immediate-store locator only; docs/phase7/psb-dri-re/pds-experiment43.md,CONFIRMED,P7H-024; provenance and word-occurrence facts only; unsuitable proprietary content excluded from clean-room semantics
PDS-pool-lifecycle,"The selected primary PDS is a 56-byte suballocation in an outbuf backed by one of 30 fixed-offset slots in a mapped kernel BO. The retained userspace allocator returns slots from a free or fence-pending list and can retain an existing mapped slot; neither reuse path clears the GPU data bytes. The 56-byte commit records descriptor length and advances the cursor, rather than initializing the nine producer-unwritten dwords.",Historical Poulsbo userspace,home:lkundrak:poulsbo/xpsb-glx,DRI SHA-256 74ca42991906741ee91be1bc088ae0b142fa71b6a85658c5dad0851ce50dd0d8,references/home:lkundrak:poulsbo/xpsb-glx/extracted/xpsb-glx/dri/psb_dri.so,ELF 0x00048592;0x0004297b;0x00027a1e;0x00038a9b;0x00044c90;0x00042f93;0x000430c3;0x00042e37;0x00042c98;0x00038762;0x000384ab,CONFIRMED,P7H-025; see docs/phase7/psb-dri-re/pds-buffer-lifecycle.md and pds-allocation-callgraph.csv; no GPU read-set conclusion
PDS-hole-byte-provenance,"All nine selected data-prefix holes have no selected producer store or relocation and can inherit prior slot bytes or an unestablished fresh-backing value. The 400-byte mapped reservation and separate host metadata permit CPU writes throughout the 56-byte committed image, but physical ability to initialize the holes does not establish that any chosen values preserve a potentially live PDS source. Functional equivalence and the instruction read set remain UNKNOWN.",Historical Poulsbo userspace,home:lkundrak:poulsbo/xpsb-glx,DRI SHA-256 74ca42991906741ee91be1bc088ae0b142fa71b6a85658c5dad0851ce50dd0d8,references/home:lkundrak:poulsbo/xpsb-glx/extracted/xpsb-glx/dri/psb_dri.so,ELF 0x00025970;0x00037854;0x0003a82c;0x00038762;0x000384ab; docs/phase7/psb-dri-re/pds-buffer-byte-provenance.csv,CONFIRMED,P7H-026; selected CPU-write and allocator extent facts only; chosen clean-room hole values and PDS semantics UNKNOWN; FG-02 OPEN
PDS-lifecycle-forward-handoff,"Selected primary descriptor data count reaches the pixel state packing formula while its 56-byte CPU length is not used in that branch. Pre-submit pool unmap only changes host mapping state; fence association and wait preserve underlying bytes. The same owner outbuf also accepts vertex and index copies, so recycled contents are not restricted to PDS programs.",Historical Poulsbo userspace,home:lkundrak:poulsbo/xpsb-glx,DRI SHA-256 74ca42991906741ee91be1bc088ae0b142fa71b6a85658c5dad0851ce50dd0d8,references/home:lkundrak:poulsbo/xpsb-glx/extracted/xpsb-glx/dri/psb_dri.so,ELF 0x000283d8;0x00029251;0x00028fff;0x000287ff;0x00027890;0x00042940;0x00042f2d;0x00042ed3;0x00029fbd;0x0003f94c;0x00037409;0x00027fa0,CONFIRMED,P7H-027; CPU propagation and lifecycle only; no GPU bound or live-source proof; see pds-buffer-lifecycle.md
PDS-candidate-fresh-backing,Candidate 4.41.1 PDS memory is non-fixed and TTM-backed; newly allocated TTM pages use __GFP_ZERO. Candidate libdrm transfers the retained null user-buffer creation argument to buffer_start=0. Untouched first-use suballocations therefore have zero holes under this source-family contract; recycled slots do not. Exact retained-ELF pairing and a fresh/no-overlap execution history remain unproven.,Poulsbo candidate historical stack,RPM Fusion psb-kmod 4.41.1 and libdrm-poulsbo 2.3.0,kernel tar SHA-256 12fe32e61b313882bd72a1eeda87afceb5b5b326761392edddf294b404efb5cd; libdrm tar SHA-256 482fa4e4904c7ec5a926627b587288f4c5c16191681e02ad44ee646af0c97c8c,/tmp/sgx535-pairing/psb-kmod-4.41.1-10.fc11.10/psb-kernel-source-4.41.1/drm_ttm.c; drm_bo.c; psb_buffer.c; /tmp/sgx535-libdrm-psb/libdrm-2.3.0/libdrm/xf86drm.c,drm_ttm.c:81-92;217-235;271-289;408; drm_bo.c:136-149;196-213;1833-1841; psb_buffer.c:116-124; xf86drm.c:2596-2625,INFERRED,P7H-028; source behavior CONFIRMED but application to retained binary conditional; no ISA promotion or hardware test; see pds-buffer-lifecycle.md
PDS-generic-ABI-pairing,Candidate libdrm2.3.0 and PSB4.41.1 generic drm.h are byte-identical;115 i386 wire-layout metrics match. Retained DRI BO/fence footprints and creation arguments agree; its DRM4.0 minimum check does not identify a particular allocator.,Historical Poulsbo userspace and candidate stack,retained xpsb-glx; existing RPM Fusion sources,drm.h SHA-256 e4e0c5dce5558d4aa09f33fa236832e354275ccc1612a7c4a1a906758bb51f41,docs/phase7/psb-dri-re/pds-abi-pairing.csv; tools/psb-dri-re/pds_abi_layout_check.py,ELF 0x4297b;0x37b51;0x442bd;0x21c89;0x4be92;0x1ed61; candidate drm.h,CONFIRMED,P7H-029; ABI-EQUIVALENT generic sources; binary/source application compatible-inferred; exact target provider NOT ESTABLISHED
PDS-first-use-no-overlap,Successful new-context first-scene primary PDS starts at slot-relative0x160 without internal clear or0x1c0 with internal clear including its secondary PDS. All predecessor payload ranges are disjoint; no rotation at either slot capacity; every selected hole is untouched.,Historical Poulsbo userspace,retained xpsb-glx,DRI SHA-256 74ca42991906741ee91be1bc088ae0b142fa71b6a85658c5dad0851ce50dd0d8,docs/phase7/psb-dri-re/pds-first-use-timeline.csv; tools/psb-dri-re/pds_first_use_model.py,ELF 0x27060;0x392ab;0x39ac4;0x39c5c;0x3faa3;0x2a57b;0x287ff;0x381a0;0x26dbd;0x2794b;0x26678;0x253f1;0x3f87a,CONFIRMED,P7H-030; successful selected first-use CPU path only; candidate zero application still conditional on target backing contract; no ISA claim
PDS-candidate-page-identity,Candidate non-fixed PDS TTM allocation uses fresh zero pages; CPU faults and PSB MMU binding map the same page array. Non-fixed PDS/local movement preserves TTM payload; no selected hole relocation or metadata write.,Candidate Poulsbo kernel and libdrm,RPM Fusion PSB4.41.1 and libdrm2.3.0,kernel tar12fe32e61b313882bd72a1eeda87afceb5b5b326761392edddf294b404efb5cd,docs/phase7/psb-dri-re/pds-stack-pairing.md,drm_ttm.c:81-92;217-235;271-289;408;drm_vm.c:774-788;psb_buffer.c:282-289;324-364;drm_bo_move.c:50-84;psb_mmu.c:843-900,CONFIRMED,P7H-031; candidate software contract only; actual target provider NOT ESTABLISHED; Gate B BLOCKED and hardware UNVERIFIED
PDS-provider-package-lineage,Retained xpsb-glx spec is byte-identical to OBS revision3 and its archive MD5 matches the OBS inventory. All seven OBS psb revisions name the same original4.41.1 tar; a retrieved copy is SHA-identical to the previously audited RPM Fusion original. Nine distinct packaging patches do not change the selected PDS backing route. Dependencies do not pin a target kernel implementation.,Historical Poulsbo source packaging,public OBS home:lkundrak:poulsbo,xpsb rev3;psb rev1-7; original tar12fe32e61b313882bd72a1eeda87afceb5b5b326761392edddf294b404efb5cd,docs/phase7/psb-dri-re/pds-backing-acquisition.json; pds-backing-provider.md,spec SHA60062e6850f6780e0c9a5d458b380f188188ed3ea2b58a0f5651dcd41b64c895; OBS inventories/history,CONFIRMED,P7H-032; source lineage only; no deployment authentication or references mutation
PDS-provider-bounded-equivalence,Public PSB4.40 snapshot and recovered4.41.1/4.41.6/four4.42 package sources share the selected zero allocator and backing behavior; Ubuntu namespace and AGP compatibility patches preserve that path.4.37 also zero-allocates but its pre2.6.25 cache-flush equivalence remains conditional. This finite source set is not all possible ABI implementations.,Historical Poulsbo kernels,gregkh/psb-kmp; Launchpad gma500 PPA/fix; OBS,pinned98b5307; seven source archive hashes in report,docs/phase7/psb-dri-re/pds-backing-file-comparison.csv; pds-backing-candidates.csv,84 source-file observations; Debian patches/00list and OBS patch audit,CONFIRMED,P7H-033; scoped source contract; not whole-driver build certification or target membership; one already-applied I2C hunk rejected per4.42 patch application
PDS-provider-placement-exclusion,For request0x20000001 the preferred and busy placement loops both admit only PDS type5 by the memory-bit filter. Stolen VRAM and generic TT/APER are not fallbacks. PDS-local eviction preserves the TTM and original placement mask. Historical Linux2.6.32 explicitly clears reused physical page frames when __GFP_ZERO is requested.,Audited historical PSB provider family,public PSB4.41.1-equivalent sources; Linuxv2.6.32,K source tar12fe32e61b313882; Linux page_alloc SHA b85b4102e7d2419ddeb3b3b8f8eefeb63aa06ce0b8d684f8824c52ee1c376c76,docs/phase7/psb-dri-re/pds-backing-paths.csv; tools/psb-dri-re/pds_backing_audit.py,drm_bo.c:819-954;psb_buffer.c:116-196;drm_bo_move.c:50-84;mm/page_alloc.c:340-350;687-704,CONFIRMED,P7H-034; selected successful source route only; negative broadened-mask and altered-allocation-fixture regressions do not constitute historical counterexamples
PDS-provider-target-membership,Available retained package and target provenance does not bind the frozen target BO provider to the audited source family. The reported target driver is modern gma500; its catalogued source has GEM/MODESET and an empty private ioctl table rather than the retained PDS submission interface. The conditional premise is target membership or a concrete equivalent replacement provider contract.,Frozen target versus historical research stack,TVZ-001; existing antiX source audit; public package lineage,installed module build digest absent; existing source catalog retained,docs/phase7/psb-dri-re/pds-backing-provider.md; docs/hardware-evidence/TVZ-001/operator-report.txt,gma500/psb_drv.c:104-105;491-517; package specs,UNKNOWN,P7H-035; provider applicability UNKNOWN; first-use no-overlap stays CONFIRMED; nine target holes CONDITIONAL; ISA UNKNOWN; FG-02 OPEN; Gate B BLOCKED
cleanroom-PDS-CPU-image,Route C is selected as a new implementation policy; historical target membership is not a prerequisite. Explicit host-payload initialization and little-endian serialization define all56 bytes for supplied resolved USE word U; nine historical holes have zero-initialization provenance. Negative tests reject omitted initialization even on zero storage; corruption; malformed lengths; partial copies and wrong table fields.,Restricted frozen first-use CPU construction,project-authored clean-room proof aid,Route C decision 2026-09-27; no historical ELF execution,tools/psb-dri-re/cleanroom_pds_image.py; docs/phase7/psb-dri-re/cleanroom-backing-contract.md,build_image;initialize_payload;verify_image;16 tests,CONFIRMED,P7H-036; CPU serialization only; not a kernel BO provider or GPU visibility proof; U validity external; historical conclusions unchanged
cleanroom-PDS-launch-state-coverage,Existing CPU commit56 and packed data count12 do not establish an architectural read bound or complete initialized PDS launch state. Even granting perfect preservation of all BO bytes the retained implicit-state hypothesis is not excluded. Exact read-set dependence cannot yet be removed under Route C; complete deterministic launch-state coverage is the next premise.,Restricted frozen first-use clean-room route,existing lifecycle and hypothesis evidence; project proof analysis,Route C 2026-09-27; P7H-022;P7H-025 through035 unchanged,docs/phase7/psb-dri-re/cleanroom-backing-contract.md; cleanroom-backing-transitions.csv,C10; ideal-provider countermodel; lifecycle forward descriptor branch,UNKNOWN,P7H-037; no actual outside read asserted; GPU backend conformance separately conditional; FG-02 OPEN; exact ISA semantics UNKNOWN; Gate B BLOCKED
PDS-selected-launch-CPU-record,Selected primary descriptor flows through scene+0x430 and secondary through+0x448 to present-bit0x40 serialization. CPU launch words are R(S);0x00030000;R(P)|0x0c000000 for selected zero resource counts. Count12 maps CPU bits7:2 to packed bits31:26; committed56 is not consumed as a read bound.,Restricted frozen fragment CPU construction,retained xpsb-glx DRI and Xpsb,DRI SHA-256 74ca42991906741ee91be1bc088ae0b142fa71b6a85658c5dad0851ce50dd0d8,docs/phase7/psb-dri-re/pds-launch-state-coverage.md; tools/psb-dri-re/pds_launch_state_check.py,ELF0x283d8;0x28559;0x39ea0;0x3faa3;0x29251;0x28fff;0x288f5-0x28b3e; Xpsb0x7470,CONFIRMED,P7H-038; CPU packing only; resolved addresses are parameters; linked USSE temp_count is not PDS temporary initialization; no hardware entry or preload guarantee
PDS-selected-launch-domain-rule,CPU bank placement and aggregate launch count do not establish the initialized architectural state domain. L12 asks how packed count3 initializes DS state and whether any other state is eligible for selected pre-definition reads. DS/temp/implicit coverage stays UNKNOWN; no actual external read or persistence asserted.,Restricted Route C first-use path,retained launch producers; existing public SGX535 register snapshots; project proof aid,Route C 2026-09-27; prior P7H-036/037 retained,docs/phase7/psb-dri-re/pds-launch-state.csv; pds-launch-state-coverage.md; tools/psb-dri-re/test_pds_launch_state_check.py,24 inventory rows; ten model-integrity regressions; header register observations scoped in report,UNKNOWN,P7H-039; possible input set PARTIALLY BOUNDED; require-closed fails deliberately; backend preservation CONDITIONAL; FG-02 OPEN; Gate B BLOCKED; whitelist []; hardware UNVERIFIED
PDS-middle-count-dependency,Middle-word0x30000 comes from (Q-1)<<16 with Q=4 selected; Q is clamped1..4 from USE temp/attribute resource inputs independently of PDS data size. The primary reference separately packs data_dwords12 into0x0c000000. DRI/Xpsb background serializers force Q bits while packing data sizes separately.,Restricted frozen launch CPU construction,retained DRI/Xpsb; existing permitted public source comparison,DRI74ca42991906741ee91be1bc088ae0b142fa71b6a85658c5dad0851ce50dd0d8; Xpsbda531587b1ec59fe433fa20ddd2e691b2f8b7fb35bb82525d4db99259c5e571f,docs/phase7/psb-dri-re/pds-launch-count.md; pds-launch-count-corpus.csv; tools/psb-dri-re/pds_launch_count_constraints.py,DRI0x28921-0x28ac9;0x2ef11; Xpsb0x731a;0x78e5,CONFIRMED,P7H-040; CPU dependencies only; hardware resource-group interpretation INFERRED and unit UNKNOWN; formula cases not captured execution; L12 remains OPEN; no outside read asserted
PDS-selected-source-availability,Source eligibility is not established by CPU extent or resource control. Public SGX535 user description supports temporary-store class plausibility but supplies no selected reset/access rule. Existing reset/context paths do not certify launch-local store contents. Extended checker separates source questions from control metadata and retains an independent envelope-proof obligation.,Restricted clean-room frozen PDS launch,retained CPU evidence; existing public SGX535 forum and PSB reset source; authorial model,forum333 checked2026-09-27; retained ELF hashes unchanged,docs/phase7/psb-dri-re/pds-selected-source-availability.md; pds-launch-state.csv; tools/psb-dri-re/pds_launch_state_check.py,forum post2;PSB reset35-64 and253-319; Xpsb0x3df0; six negative/model regressions,UNKNOWN,P7H-041; one unresolved selected pre-definition source-domain rule; no outside read or persistent source established; temporary class description INFERRED only; L12 OPEN; FG-02 OPEN; Gate B BLOCKED
frozen-target-CPU-images,cpp4 pitch32 target-data and event/background CPU objects are parameterized; no-depth raster list has52 words with two relocation sites; new surface constructor initializes state+24=0. CPU packing does not certify device target interpretation.,Frozen32x32 triangle,retained DRI; existing Mesa7.4.4 comparator,DRI74ca42991906741ee91be1bc088ae0b142fa71b6a85658c5dad0851ce50dd0d8,docs/phase7/psb-dri-re/frozen-triangle-spec.md;tools/psb-dri-re/frozen_triangle_image.py,ELF0x392ab;0x391e0;0x30422;0x39c5c;0x4b710;0x4b8e8;0x2f317;0x2ee34;0x2ab70,CONFIRMED,P7H-042; conditional CPU producer formulas; target/auxiliary semantic and provider obligations remain; no MMIO or historical execution
frozen-TA-state-order,Frozen software-vertex full-bounds no-query path packs11 bounds-state dwords then14 triangle-state dwords after cache elision; pretermination has2. Scoped TA stream is68 bytes. Mesa fragment inputmask2 remains distinct from zero compiled attribute count.,Frozen32x32 triangle,retained DRI static CPU trace,DRI74ca42991906741ee91be1bc088ae0b142fa71b6a85658c5dad0851ce50dd0d8,docs/phase7/psb-dri-re/frozen-triangle-spec.md;frozen-triangle-objects.csv;tools/psb-dri-re/test_frozen_triangle_image.py,ELF0x2b3d4;0x2daad;0x29f38;0x29fbd;0x28fff;0x287ff;0x27fa0;0x3b73b;0x3b890;0x2a39a,CONFIRMED,P7H-043; corrects older ten-word label to eleven; FT-ORDER scoped closure; L12 frozen OPEN; no hardware validity claim
frozen-independent-closure-map,Partial serializer inventories51 objects/interfaces and38 relocation sites including7 alias sites; normal144-byte command preserves raster alias with zero OOM count. Candidate scene and two TA backing objects are independent of DRI uploads; kernel sizes TA objects from pages rather than reported minimum.,Restricted Route C frozen path,retained DRI/Xpsb and already qualified candidate kernel,retained ELF hashes unchanged; public source hashes in frozen-triangle-source-checks.json,docs/phase7/psb-dri-re/frozen-triangle-spec.md;frozen-triangle-blockers.csv;tools/psb-dri-re/frozen_triangle_image.py,DRI0x37b51;0x276a5;Xpsb0x3d70;0x3df0;kernel psb_scene.c128-267 and430-482,CONFIRMED,P7H-044; CPU model and candidate-source scope only; L12 hypothetical does not remove auxiliary target BO or service blockers; FG02 OPEN; GateB BLOCKED
frozen-auxiliary-CPU-initialization,Route C serializer explicitly zero-initializes committed auxiliary PDS payloads before applying known stores and symbolic relocations; historical producer-unwritten origin remains recorded per word. Complete architectural consumed-state coverage is not established.,Restricted clean-room frozen triangle,implementation policy; retained CPU allocation bounds,DRI SHA256 unchanged; P7H-025-028 allocation contract,tools/psb-dri-re/frozen_triangle_image.py;docs/phase7/psb-dri-re/frozen-triangle-spec.md,ELF0x40355;0x287ff;0x392ab;0x39c5c;0x38762,CONFIRMED,P7H-045; CPU initialization only; FT-AUX OPEN; no historical zeroing or GPU coverage claim
frozen-selected-service-requests,Candidate successful fresh last-pass scene uses XHW op2 for TA and raster with engine0/1 and scene flags4/15; retained selected handlers exclude cookie15. Revision-dependent bootstrap values and ready-state prerequisites remain unresolved for target.,Restricted clean-room reference-family path,qualified public PSB4.41.1 source; retained Xpsb,Xpsb da531587b1ec59fe433fa20ddd2e691b2f8b7fb35bb82525d4db99259c5e571f; source hashes in frozen-triangle-source-checks.json,docs/phase7/psb-dri-re/frozen-triangle-service.csv;frozen-triangle-spec.md,psb_schedule.c145-207;313-465;psb_scene.c274-280;psb_sgx.c1394-1398;Xpsb0x4550/0x4030/0x4af0/0x3820,CONFIRMED,P7H-046; CPU request/control-flow facts only; op0 not selected; no successful hardware execution or bootstrap validity claim
frozen-cleanroom-BO-plan,Ten backing roles and six user validation entries pack49 wire relocations for existing38 sites including7 aliases; dynamic MMU limit and USE reservations are explicit inputs. Nonfixed TTM moves preserve page ownership but device publication remains conditional.,Restricted Route C frozen draw,retained DRI; qualified PSB4.41.1; clean-room model,retained hashes unchanged; frozen-triangle-source-checks.json,docs/phase7/psb-dri-re/frozen-triangle-burn-down.md;tools/psb-dri-re/frozen_triangle_bo.py,DRI0x3f87a;0x27fa0;0x37854;0x3a82c;kernel drm_bo/drm_bo_move/psb_buffer/psb_sgx,CONFIRMED,P7H-047; CPU serialization and policy scope; B3 CONDITIONAL; no device publication proof; no hardware action
frozen-target-layout-contract,Selected cpp4 surface pitch feeds direct linear ARGB8888 CPU spans and target/background encoders. Pitch32 and dimensions32x32 require4096 bytes with128-byte rows. Scoped static FT-TARGET closes.,Selected32x32 color target,retained DRI; public DDX0.32.0 corroboration,DRI74ca42991906741ee91be1bc088ae0b142fa71b6a85658c5dad0851ce50dd0d8,docs/phase7/psb-dri-re/frozen-triangle-burn-down.md;frozen-triangle-target.csv;tools/psb-dri-re/frozen_triangle_contracts.py,ELF0x4c1bc;0x4b8e8;0x4effa;0x4b818;0x4b5b2;0x4c300;0x4e638;0x4e9a4;0x392ab;0x4b710,CONFIRMED,P7H-048; DERIVED selected software layout contract; not generic tiling ISA or hardware success; event input coverage remains B1
frozen-auxiliary-input-obligations,Eleven required auxiliary PDS records have defined committed CPU images with explicit relocations. Vertex widths8/4 and state lengths11/14/2 satisfy selected one-descriptor CPU formulas. Complete architectural input domains remain UNKNOWN.,Restricted frozen draw,retained CPU builders and clean-room checks,retained DRI hash unchanged,docs/phase7/psb-dri-re/frozen-triangle-auxiliary.csv;tools/psb-dri-re/frozen_triangle_contracts.py,ELF0x381a0;0x40355;0x287ff;0x392ab;0x39c5c;0x3faa3,CONFIRMED,P7H-049; CPU inventory/count consistency only; B1 OPEN; no assertion of actual outside reads
frozen-service-branch-model,Pure CPU evaluator preserves Xpsb revision switch fallthrough for107/108/109/111/113 and twelve initialization register values; TA-cookie arithmetic is parameterized but does not produce hardware TA-table contents.,Restricted reference-family service,retained Xpsb CPU static evidence,Xpsbda531587b1ec59fe433fa20ddd2e691b2f8b7fb35bb82525d4db99259c5e571f,docs/phase7/psb-dri-re/frozen-triangle-burn-down.md;tools/psb-dri-re/frozen_triangle_contracts.py,Xpsb0x4af0;0x3820;0x3d70;0x3df0;0x4f10;0x5040,CONFIRMED,P7H-050; branch arithmetic is not target revision identity or ready-state proof; B4 OPEN; PCI revision refused; Gate B unchanged
frozen-publication-discriminator,Retained kick helpers perform three write/poll/clear phases but ignore timeout returns. Existing public SGX535 header names PDS invalidation registers and MADD completion; status0x138 field/domain contract remains unavailable. Clean-room checker aborts incomplete phases.,Selected TA/raster first consumption,retained Xpsb; already cataloged EMGD SGX535 register snapshot,e6884ec2eaaf1afe88d5ff9dd44d70403525be5b; header SHA256634fbb74645d373e0c60ad5e01194fa96e91bb6b26d60dbc35a71a2eda49d12c,docs/phase7/psb-dri-re/frozen-triangle-publication.csv;frozen-triangle-burn-down.md;tools/psb-dri-re/frozen_triangle_contracts.py,Xpsb0x4e10;0x4f10;0x5040;sgx535defs lines135-145 and344-355;psb_mmu.c140-180,CONFIRMED,P7H-051; observed CPU transactions and register correlation only; full target publication postcondition UNKNOWN; B3 CONDITIONAL; no MMIO execution
frozen-TA-ready-countercheck,Selected TA flags0x1f cause four load kicks but retained Xpsb ORs4 for flag8 yielding poll mask7 at status118. Public SGX535 header gives DHOST a distinct bit8. Clear-poll failure does not affect helper return; op9 propagates that return while op4 replies zero after writes without a ready poll.,Restricted first TA setup,retained Xpsb; qualified PSB source and SGX535 register snapshot,Xpsb SHAda531587b1ec59fe433fa20ddd2e691b2f8b7fb35bb82525d4db99259c5e571f,docs/phase7/psb-dri-re/frozen-triangle-burn-down.md;tools/psb-dri-re/frozen_triangle_closure.py,Xpsb0x3f49/0x3f51/0x3f79/0x3fc2;0x4e10;0x30f0;psb_scene.c257-265;psb_xhw.c300-337,CONFIRMED,P7H-052; CPU arithmetic and header correlation only; not hardware bug or proven replacement mask; B4 ready postcondition UNKNOWN
frozen-auxiliary-context-grouping,The eleven enumerated auxiliary CPU records contain five byte-distinct instruction streams. Vertex pair varies data dwords0/1/4/8 and state trio0/1/2 without code changes. Two allocated vertex secondary records have no explicit scoped launch relocation. Background begins with primary word07000345 but has different launch and remaining code.,Restricted frozen auxiliary CPU inventory,retained builders and existing clean-room symbolic image,P7H-042 through049 retained unchanged,docs/phase7/psb-dri-re/frozen-triangle-auxiliary-domains.csv;tools/psb-dri-re/frozen_triangle_closure.py,DRI0x40355;0x3b890;0x287ff;0x392ab;0x39c5c;0x3faa3,CONFIRMED,P7H-053; equality is CPU code equality not architectural source-domain equivalence; B1 and L12 remain OPEN; no new outside or persistent read
frozen-shared-closure-ledger,An ordered clean-room publication policy rejects failed completion or clear polls and consumer-before-publication; retained user validation precedes relocation and scene validation follows. Shared ledger retains publication and ready-state rules plus distinct auxiliary/primary source-domain obligations; successful host checks cannot promote them.,Restricted Route C static package,project proof model; qualified retained/public call paths,No hardware execution or new acquisition,tools/psb-dri-re/frozen_triangle_closure.py;docs/phase7/psb-dri-re/frozen-triangle-closure-obligations.csv,psb_sgx.c1283-1295 and1394;Xpsb0x4e10/0x4f10/0x5040;P7H-051 through053,CONFIRMED,P7H-054; host/model integrity only; B2 CLOSED; B3 CONDITIONAL; B4 B1 L12 OPEN; FG-02 OPEN; complete mode REFUSES; Gate B BLOCKED
frozen-LOAD3-forward-path,Selected flags1f trigger LOAD3 without CPU revision guard. Later fresh TA waits status12c100a40; selected raster flags15/cookie14zero adds no helper wait. Candidate IRQ status2 mask10 excludes LOAD3 bit8. No later explicit bit8 wait is found in this scoped path; internal consumer/dependency remains unknown.,Frozen first TA/raster path,retained Xpsb; existing PSB4.41.1 source,Xpsb SHAda531587b1ec59fe433fa20ddd2e691b2f8b7fb35bb82525d4db99259c5e571f,docs/phase7/psb-dri-re/frozen-triangle-load-paths.csv;frozen-triangle-later-waits.csv;frozen-triangle-burn-down.md,Xpsb0x3df0;0x4030;0x4550;psb_irq.c181-186 and254;psb_scene.c257-267,CONFIRMED,P7H-055; CPU trace and register correlation only; no absence of implicit dependency asserted; B4 OPEN; no actual LOAD3 hardware consumer established
frozen-canonical-source-domain-join,Eleven auxiliary records canonicalize to five streams. Four families use existing corpus literals only; the event adds15 distinct fixed words without an independent selector producer. Prior field/differential/bit-influence results are consumed without regeneration; no architectural read or definition rule is promoted.,Restricted selected PDS contexts,existing semantic corpus and frozen image,P7H-021/022/041/053 scope retained,docs/phase7/psb-dri-re/frozen-triangle-pds-families.csv;tools/psb-dri-re/frozen_triangle_closure.py,canonical_families; inherited hashes; per-instruction UNKNOWN read/definition timelines,CONFIRMED,P7H-056; host inventory join only; B1 and L12 remain OPEN; no new outside read or source-class exclusion
frozen-fresh-completion-and-scope,Clean-room observation guard requires a clear baseline and all required set/clear bits; stale or absent LOAD3 completion is rejected without treating observations as architectural readiness. Scoped CPU wire ledger has49 complete records; whole-path contract remains partial for represented service-generated state and publication.,Restricted Route C model,project-authored checker and existing BO model,No hardware or historical execution,tools/psb-dri-re/frozen_triangle_closure.py;docs/phase7/psb-dri-re/frozen-triangle-rule-discriminators.csv,check_completion_cycle;scope_audit;rule_discriminators,CONFIRMED,P7H-057; policy/model integrity not hardware contract; R1 R2 R3 remain UNKNOWN; FG-02 OPEN; complete REFUSES; Gate B BLOCKED
frozen-external-rule-acquisition,Six new public source reviews and nine hashed downloads do not establish publication completion scope; LOAD3 readiness; or selected PDS pre-definition eligibility. Independent SGX535 header corroborates bit8 only; host DMA contracts and SDK manifest negatives are scoped.,Restricted frozen three-rule search,Official SDK; public patent; AOSP Samsung; Linux documentation,Pinned URLs and hashes in final-rules-external-sources.json,docs/phase7/psb-dri-re/final-rules-external-evidence.md;docs/phase7/psb-dri-re/final-rules-external-search.csv,2026-09-27 bounded search and qualification; raw-access failures distinguished,CONFIRMED,P7H-058; acquisition/search result only; not architecture absence; R1 R2 R3 unresolved; 42 PDS plus108 triangle tests; no hardware or references change
sgx535-pds-document-hunt,Official archived PowerVR SDK pages and public documentation indexes expose historical download and docs paths but do not identify the named SGX535 Eurasia PDF; a public neighboring Series5 guide contains no PDS source-eligibility rule.,SGX535 restricted frozen draw archival research,Imagination Technologies via Wayback; third-party modified SDK tree,Original archived URLs and SHA-256 in source registry,docs/phase7/psb-dri-re/sgx535-pds-document-hunt.md;docs/phase7/psb-dri-re/sgx535-pds-document-hunt.csv;docs/phase7/psb-dri-re/sgx535-pds-document-sources.json,2011 and 2012 official docs indexes; 2008 SDK route; 2012 neighboring public guide,CONFIRMED,P7H-059; hunt level1 only; no target bytes or original URL; no inferred public distribution; R3 B1 L12 remain OPEN; Gate B BLOCKED
cleanroom-strong-contract-boundary,Whole user BOs can be zeroed before object writes and relocations and host guards can reject incomplete publication and bootstrap observations; none of these host policies establishes the SGX535 device-visibility readiness or PDS source-domain implications.,Restricted clean-room frozen triangle,Project-authored host checkers and existing scoped retained/public evidence,No hardware execution or new provider qualification,docs/phase7/psb-dri-re/cleanroom-final-closure.md;docs/phase7/psb-dri-re/cleanroom-final-rules.csv;docs/phase7/psb-dri-re/cleanroom-publication-domains.csv;docs/phase7/psb-dri-re/cleanroom-source-domains.csv,tools/psb-dri-re/frozen_triangle_bo.py;tools/psb-dri-re/frozen_triangle_closure.py; new negative tests,CONFIRMED,P7H-060; ENFORCED_CONTRACT applies to host software policy only; R1 R2 R3 OPEN; B3 CONDITIONAL; B4 B1 L12 OPEN; FG-02 OPEN; complete REFUSES; Gate B BLOCKED
hardware-passive-identity,Key-only SSH passive DMI/CPU/PCI preflight and one audited probe reported Dell Inspiron 1210 board 0X605H BIOS A02 Atom Z520; graphics 0000:00:02.0 8086:8108 PCI revision 0x06 subsystem 1028:02b1; all overlapping TVZ-001 identity fields match. PCI revision does not identify SGX core revision.,Dell Inspiron 1210 target; 2026-09-27,Mini 12 read-only SSH capture,N/A; pinned first-use SSH host key,docs/hardware-evidence/MINI12-20260927-H0/raw/identity-after-fix-stdout.txt;docs/hardware-evidence/MINI12-20260927-H0/raw/passive-probe-stdout.json,exact commands; times; hashes in raw metadata and baseline manifest,HW-OBSERVED,HW-H0-001; one probe execution exit 0 as unprivileged gama; host key continuity is not independent hardware attestation; no MMIO or GPU work
hardware-passive-stack,Read-only target capture reported kernel 5.10.240-antix.1-486-smp i686 with loaded gma500_gfx and gma500/card0; Debian 13.4 and Xorg; installed gma500_gfx.ko SHA-256 7b42a99d157ad00494c358a7663a2daf438ba9fc9a8f2ca5076d28ddeb6adafb. Unprivileged dmesg was denied; journalctl and modinfo unavailable. Gate B and recovery remain blocked.,Dell Inspiron 1210 target; 2026-09-27,Mini 12 read-only SSH capture,N/A; installed module file hash captured,docs/hardware-evidence/MINI12-20260927-H0/raw/baseline-captures.json;docs/hardware-evidence/MINI12-20260927-H0/results.md,17 bounded read-only captures indexed in manifest,HW-OBSERVED,HW-H0-002; observations scoped to one session; no source/binary equivalence or SGX functional claim
hardware-installed-module,"On the identified Dell endpoint, read-only sysfs loaded-module Build ID equals the copied installed gma500_gfx.ko Build ID d8dcb4d38b774ad64799d5e13aaedede069371f3. Static ELF inspection shows the 8086:8108 PCI table entry relocates to psb_chip_ops with sgx_offset 0x40000; compiled probe maps BAR0 plus that offset for 0x8000 bytes. This is a scoped software mapping fact, not a register-safety guarantee.",Dell Inspiron 1210 target; installed 5.10.240 gma500 module,Mini 12 read-only SSH capture; local static ELF analysis,installed module SHA-256 7b42a99d157ad00494c358a7663a2daf438ba9fc9a8f2ca5076d28ddeb6adafb,docs/hardware-evidence/MINI12-20260927-H0/installed-module-static-check.md;docs/hardware-evidence/MINI12-20260927-H0/raw/installed-gma500_gfx.ko;docs/hardware-evidence/MINI12-20260927-H0/raw/loaded-gma500-build-id.note,ELF .rodata pciidlist +0x358 and psb_chip_ops +0x10; psb_pci_probe ioremap sequence,DERIVED_CONFIRMED,HW-H0-003; read-only file/sysfs acquisition; no MMIO; Gate B 02 PASS_SCOPED only; source/binary equivalence and read semantics not inferred
hardware-kernel-log-snapshot,"A user-provided readable target file was captured byte-for-byte over unprivileged SSH; SHA-256 72974ea9c86ebf06b3af1ce392cac2023d56b8335724e1907b35e25e484ce9ec. It contains the matching 5.10.240/Dell boot banner, gma500 initialization, and ACPI PowerButton event setup failure messages. The file generation command and time were not independently observed.",Dell Inspiron 1210 target; operator-provided boot log file,Mini 12 read-only SSH file capture; operator-provided file,N/A; 45575 raw bytes and hash in H0 manifest,docs/hardware-evidence/MINI12-20260927-H0/raw/operator-dmesg-mini12.txt;docs/hardware-evidence/MINI12-20260927-H0/results.md,boot and gma500 lines; ACPI PowerButton lines near boot second 19,HW-OBSERVED,HW-H0-004; observed file bytes only; log provenance USER-REPORTED; direct unprivileged dmesg denied and exact authorized sudo -n attempt refused without password; recovery not tested
gateb-installed-lifetime,Captured installed gma500_gfx.ko maps the selected SGX region before DRM registration; normal PCI remove calls DRM unregister then module unload; module unload iounmaps the SGX pointer before freeing private data. A conditional late-load failure path bypasses module unload.,Dell Mini 12 installed 5.10.240 gma500 module; static software paths only,H0 copied installed module; local offline ELF analysis,gma500_gfx.ko SHA-256 7b42a99d157ad00494c358a7663a2daf438ba9fc9a8f2ca5076d28ddeb6adafb,docs/phase7/7.0-installed-lifetime.md;docs/hardware-evidence/MINI12-20260927-H0/raw/installed-gma500_gfx.ko,".text+0x53d5/0x53d9;0x585f;0x525d/0x5263/0x526b;0x51e4/0x51ef/0x51f3;0x5845-0x5849; archived psb_drv.c:147-207,210-245,385-393,428-472",DERIVED_CONFIRMED,P7B-001; narrow binary/source comparison only; failed path is conditional and external DRM release effects unqualified; row 12 observer lifetime UNKNOWN; Gate B BLOCKED whitelist []; no target contact
gateb-installed-pm-exclusion,Installed gma500 suspend tests display_count under power_mutex while gma_power_begin increments it under distinct power_ctrl_lock; source and ELF leave an interleaving unexcluded. The force-on path tests gma_resume_pci success as zero although that helper returns true on success.,Dell Mini 12 installed 5.10.240 gma500 module; static software paths only,H0 copied installed module; archived antiX source; local offline ELF analysis,gma500_gfx.ko SHA-256 7b42a99d157ad00494c358a7663a2daf438ba9fc9a8f2ca5076d28ddeb6adafb,docs/phase7/7.0-installed-pm-exclusion.md;docs/hardware-evidence/MINI12-20260927-H0/raw/installed-gma500_gfx.ko,".text+0x4d61/0x4d6e/0x4e4c/0x4e58;0x4f67/0x4ff0/0x500b;0x4fa9/0x4fb1/0x4fb3;power.c:154-176,188-206,249-297",DERIVED_CONFIRMED,P7B-002; scoped static control-flow and unexcluded interleaving only; no runtime failure observed or Linux PM core protocol proved; row 14 UNKNOWN; Gate B BLOCKED whitelist []; no target contact
hardware-P1-identity-software,"Pinned-SSH identity recheck matched H0 Dell Inspiron 1210 and 8086:8108 PCI identity. Current sysfs shows the same BAR text, gma500 driver binding and gma500_gfx loaded Build-ID note as H0.",Dell Inspiron 1210 target; 2026-09-28 P1,Three unprivileged read-only SSH executions; identity and selected sysfs/procfs text,H0 installed module SHA-256 7b42a99d157ad00494c358a7663a2daf438ba9fc9a8f2ca5076d28ddeb6adafb,docs/hardware-evidence/MINI12-20260928-GATEB-P1/results.md;docs/hardware-evidence/MINI12-20260928-GATEB-P1/raw/identity.stdout;docs/hardware-evidence/MINI12-20260928-GATEB-P1/raw/snapshot.stdout,P1 manifest and command metadata; PCI BDF 0000:00:02.0; exact H0 resource and note comparison,HW-OBSERVED,"HW-P1-001; OS-visible identity and software state only; rows 01,02,11 PASS_SCOPED; PCI revision not SGX core revision; no SGX MMIO"
hardware-P1-pm-display-recovery,"Current OS interfaces report PCI power/control on and runtime_status active; Xorg present; shared gma500/eth0 IRQ text; unprivileged DRM-fd scan incomplete; pstore not mounted and watchdog class empty. These observations do not establish SGX internal state, PM/concurrency exclusion, or recovery.",Dell Inspiron 1210 target; 2026-09-28 P1,Selected read-only sysfs/procfs and bounded process scan,Raw capture hashes in P1 manifest,docs/hardware-evidence/MINI12-20260928-GATEB-P1/results.md;docs/hardware-evidence/MINI12-20260928-GATEB-P1/raw/snapshot.stdout;docs/hardware-evidence/MINI12-20260928-GATEB-P1/raw/display-processes.stdout,"P1 Gate B rows 06,13,14,16; 147 process fd dirs considered and 126 inaccessible",HW-OBSERVED,HW-P1-002; OS-visible text/process facts only; rows 03-10 and 12-16 remain unresolved; Gate B BLOCKED whitelist []; no SGX MMIO
hardware-first-mmio-preflight,"Pinned-SSH identity and BAR/module state matched H0/P1. The retained unprivileged user could not read BAR0 resource0 or /dev/mem. The operator-authorized one-read experiment stopped before opening either resource; MMIO attempt count zero.",Dell Inspiron 1210 target; 2026-09-28 first-MMIO preflight,One unprivileged read-only SSH preflight; OS-visible sysfs/procfs/stat/access only,Raw capture hashes in first-MMIO session manifest,docs/hardware-evidence/MINI12-20260928-FIRST-MMIO-01/results.md;docs/hardware-evidence/MINI12-20260928-FIRST-MMIO-01/raw/preflight.stdout,First-MMIO manifest and command metadata,OS-OBSERVED,HW-M0-001; OS-visible state and access permissions only; no SGX MMIO transaction or value; Gate B BLOCKED whitelist []; rows 03-10 and 12-16 unresolved
