blob	commit	path
00189aac80147d139872cd9268cd0bc16c772bfe	9b87fdc9af2fbfcdb5c24a64139685ef80f6573f	sound/aoa/soundbus/Kconfig
001d7042bd4696085ef870d213bdf92582deafd9	9b87fdc9af2fbfcdb5c24a64139685ef80f6573f	arch/arm/mm/cache-v4.S
0041300d4f10136d436f887087dc38e3de2a6213	9b87fdc9af2fbfcdb5c24a64139685ef80f6573f	drivers/net/phy/mediatek/mtk-ge-soc.c
005420baecf4d1965cb89d1be388ffcb547930dd	9b87fdc9af2fbfcdb5c24a64139685ef80f6573f	drivers/gpio/gpio-omap.c
00b59d774389cda666d59dface7b969a0cbb3a2a	9b87fdc9af2fbfcdb5c24a64139685ef80f6573f	arch/x86/kernel/paravirt.c
0122a21c50cf02209b0b33fe40769db06447d21f	9b87fdc9af2fbfcdb5c24a64139685ef80f6573f	drivers/gpu/drm/amd/include/asic_reg/gc/gc_9_4_3_sh_mask.h
0141e9bb02e8cdb8dcfe16e19808a483dfd6645a	9b87fdc9af2fbfcdb5c24a64139685ef80f6573f	arch/arm/kernel/sys_arm.c
016eb6b46dc079efa3dcc0dd4ab827240c7d1421	9b87fdc9af2fbfcdb5c24a64139685ef80f6573f	arch/arm64/include/asm/pci.h
0170c9d4dc5e8b04ddf91da5c5f6a1d3cdc89112	9b87fdc9af2fbfcdb5c24a64139685ef80f6573f	Documentation/networking/phy.rst
019bcae81af5cbc9889a51459de4f64a1cb47c22	9b87fdc9af2fbfcdb5c24a64139685ef80f6573f	drivers/char/virtio_console.c
01c65d60887378ec20ac07278d818d559f2fa264	9b87fdc9af2fbfcdb5c24a64139685ef80f6573f	kernel/module/sysfs.c
01f1682a73b7614388ff6d71c35d83c998d7932c	9b87fdc9af2fbfcdb5c24a64139685ef80f6573f	arch/s390/include/asm/kprobes.h
01fcbd1c8d015bb6456c25ebe5a5dc8a52adea8c	9b87fdc9af2fbfcdb5c24a64139685ef80f6573f	drivers/net/ethernet/mellanox/mlxsw/reg.h
01fce7c131f1392a9ca3b0b759f77da5b106faef	9b87fdc9af2fbfcdb5c24a64139685ef80f6573f	Documentation/arch/sh/index.rst
0211b9c5b14d44b1aa46712786caa48fcabc87ea	9b87fdc9af2fbfcdb5c24a64139685ef80f6573f	arch/arm/include/asm/set_memory.h
02424765e9e1cd8659c8886d5c97c191ad0880b7	9b87fdc9af2fbfcdb5c24a64139685ef80f6573f	arch/arm/lib/changebit.S
025e5490e6f12dc4bb1b5a86e895cf161f723c8c	9b87fdc9af2fbfcdb5c24a64139685ef80f6573f	drivers/gpu/drm/amd/include/asic_reg/gc/gc_12_1_0_offset.h
0280d394a32ab493fa49c9c636fd201e84136dae	9b87fdc9af2fbfcdb5c24a64139685ef80f6573f	drivers/mmc/host/dw_mmc-exynos.h
035c996e3ca993fd98d3db05d7d93417f5f84f3a	9b87fdc9af2fbfcdb5c24a64139685ef80f6573f	drivers/parisc/iosapic.c
0451f96c2c3ff17050eb7ae1bafcc074ea88bf17	9b87fdc9af2fbfcdb5c24a64139685ef80f6573f	arch/arm64/kernel/sys_compat.c
046b8f388eb673306ba96c99e645620b949330c0	9b87fdc9af2fbfcdb5c24a64139685ef80f6573f	drivers/input/serio/ambakmi.c
049221262e5c1f6b92e2eaec45a137f33a9ce32f	9b87fdc9af2fbfcdb5c24a64139685ef80f6573f	drivers/gpu/drm/amd/include/asic_reg/gc/gc_9_4_2_sh_mask.h
04c5e26f01ed91faebe84cd744b0c1f207ed1521	9b87fdc9af2fbfcdb5c24a64139685ef80f6573f	drivers/gpu/drm/amd/amdkfd/kfd_flat_memory.c
04d091ade4172b7600ee18b9fcd780092296dc4f	9b87fdc9af2fbfcdb5c24a64139685ef80f6573f	arch/microblaze/kernel/dma.c
04e46c359e75c715e29015377c1da5377cbb5502	9b87fdc9af2fbfcdb5c24a64139685ef80f6573f	arch/arm/mm/tlb-v4wb.S
05444ecf3909f811e9faef819860aed33c85a81a	9b87fdc9af2fbfcdb5c24a64139685ef80f6573f	drivers/mmc/core/mmc.c
0551c24c06f5faa019421d9e154a273e61737e61	9b87fdc9af2fbfcdb5c24a64139685ef80f6573f	drivers/tty/serial/sunzilog.c
05b1e69116fd75a571412c17a833467310ab02aa	9b87fdc9af2fbfcdb5c24a64139685ef80f6573f	drivers/gpu/drm/amd/pm/powerplay/hwmgr/vega10_hwmgr.c
05e963402e25f05f62649d9939bfe8f63ea6dcc6	9b87fdc9af2fbfcdb5c24a64139685ef80f6573f	fs/adfs/dir_f.c
05f26b27d898867823632b4a6cdde50b4b6fce8e	9b87fdc9af2fbfcdb5c24a64139685ef80f6573f	Documentation/devicetree/bindings/w1/w1.txt
0605050d83c2b6f0fc285184a5d7df2f713d322a	9b87fdc9af2fbfcdb5c24a64139685ef80f6573f	arch/m68k/coldfire/dma_timer.c
06242c86e1dc8322c5c6fdf87c9b7e7d1af86ab0	9b87fdc9af2fbfcdb5c24a64139685ef80f6573f	net/netfilter/nf_conntrack_expect.c
062c38d93fbb5a258f40b7245652008f4578da39	9b87fdc9af2fbfcdb5c24a64139685ef80f6573f	Documentation/driver-api/ipmi.rst
063328d66652c63b653a5a10fa4bff89a92eaa30	9b87fdc9af2fbfcdb5c24a64139685ef80f6573f	drivers/gpu/drm/gma500/power.h
067d6a27a3bdf3b7748e843bbec604eb73852290	9b87fdc9af2fbfcdb5c24a64139685ef80f6573f	block/partitions/acorn.c
0680be6c79d35960f96d83a4a2e50e65e4c1d406	9b87fdc9af2fbfcdb5c24a64139685ef80f6573f	arch/arm/include/debug/omap2plus.S
069f08f68bc15e77479ea30ee1903c2c5e8673db	9b87fdc9af2fbfcdb5c24a64139685ef80f6573f	drivers/i2c/i2c-smbus.c
06cadfd7a237aceec28e4a3db693b1ae57db8e8e	9b87fdc9af2fbfcdb5c24a64139685ef80f6573f	arch/riscv/include/asm/mmio.h
06d830d3688229dcc968e37c2f588ae0c0f71a88	9b87fdc9af2fbfcdb5c24a64139685ef80f6573f	drivers/dma/bcm2835-dma.c
06d8a87971ef0da2bd4dc0751e7e4e1884f8cdc0	9b87fdc9af2fbfcdb5c24a64139685ef80f6573f	Documentation/arch/arm64/acpi_object_usage.rst
06f5320036b1f333d0e51da847bad3bdc758a33d	9b87fdc9af2fbfcdb5c24a64139685ef80f6573f	arch/arm/mach-orion5x/pci.c
0716cc02821245e7732d3ab1b6c75e296b9e712d	9b87fdc9af2fbfcdb5c24a64139685ef80f6573f	drivers/media/tuners/tuner-types.c
071ff5111a4fdf8cc604759a87b1859d7dd6b40b	9b87fdc9af2fbfcdb5c24a64139685ef80f6573f	Documentation/scsi/aic79xx.rst
075f28585074fd53fa653f6dac5ab05e02a31a2e	9b87fdc9af2fbfcdb5c24a64139685ef80f6573f	include/linux/moduleparam.h
079774a02be6311de8d408c1d42bedf052c0c9a1	9b87fdc9af2fbfcdb5c24a64139685ef80f6573f	arch/arm/mm/tlb-v4.S
079cb3627eacd8049ced000ef50d8ff71dfd15e2	9b87fdc9af2fbfcdb5c24a64139685ef80f6573f	arch/powerpc/platforms/512x/clock-commonclk.c
07bf2433d64f219d83d48dadecf5353e81f8ca68	9b87fdc9af2fbfcdb5c24a64139685ef80f6573f	Documentation/scsi/ChangeLog.sym53c8xx
07c0bf47d89fb88b0f2c7125f8a3b186bf087fb6	9b87fdc9af2fbfcdb5c24a64139685ef80f6573f	drivers/gpu/drm/etnaviv/common.xml.h
07cdaa10da0d05c7ddec1d4a0ce85b8ebb9c51b8	9b87fdc9af2fbfcdb5c24a64139685ef80f6573f	net/ipv6/netfilter/nf_reject_ipv6.c
086d14678a8ec901cb0bdac5b22d93b2f8c05d56	9b87fdc9af2fbfcdb5c24a64139685ef80f6573f	drivers/gpu/drm/gma500/oaktrail_crtc.c
087ece57741a08abfd88687da753855c365f1b80	9b87fdc9af2fbfcdb5c24a64139685ef80f6573f	drivers/input/touchscreen/wm9712.c
08aca9035fc1a48441bc2ec0ddc08d06e41a7d38	9b87fdc9af2fbfcdb5c24a64139685ef80f6573f	drivers/gpu/drm/etnaviv/etnaviv_drv.c
08c22257b0851ae52ce33621cbb16edf691474e7	9b87fdc9af2fbfcdb5c24a64139685ef80f6573f	drivers/pcmcia/yenta_socket.c
09a2d7bb9eefa0752e8593de2e49813af7c364c4	9b87fdc9af2fbfcdb5c24a64139685ef80f6573f	arch/mips/kernel/kgdb.c
09bf2e6d4ed06b81d7e8ebe40bb0ddf65ed44d85	9b87fdc9af2fbfcdb5c24a64139685ef80f6573f	arch/arm/boot/dts/marvell/armada-388-clearfog.dts
09e2cc8a89501a0f9ace6f81cb2a3256d68cd105	9b87fdc9af2fbfcdb5c24a64139685ef80f6573f	arch/arm/lib/strchr.S
0a09d4ff7718536ee338123bd2a7f19084ea5f93	9b87fdc9af2fbfcdb5c24a64139685ef80f6573f	arch/arm/mm/fault.c
0a133060744679d911b7458461558586dec6d330	9b87fdc9af2fbfcdb5c24a64139685ef80f6573f	drivers/clk/mxs/clk-ssp.c
0a288c998419b3db62a86c45a01568652028e57b	9b87fdc9af2fbfcdb5c24a64139685ef80f6573f	drivers/i2c/busses/i2c-mt7621.c
0a2d319bb1c86e295f2f44040688e51eab058420	9b87fdc9af2fbfcdb5c24a64139685ef80f6573f	arch/alpha/kernel/sys_dp264.c
0b32ae28ec857f93627e10b04be09bca8643ba37	9b87fdc9af2fbfcdb5c24a64139685ef80f6573f	drivers/cpufreq/cpufreq_conservative.c
0b48965a6420c2a2a27928a55a22aee3cc1d57e2	9b87fdc9af2fbfcdb5c24a64139685ef80f6573f	drivers/video/fbdev/nvidia/nv_i2c.c
0b58b550e8dce7fd4819c1dad3586ea4e0669cf0	9b87fdc9af2fbfcdb5c24a64139685ef80f6573f	arch/arm64/include/asm/assembler.h
0b7eaf6b5813be975850441e50215e4826250d8c	9b87fdc9af2fbfcdb5c24a64139685ef80f6573f	arch/arm/mach-pxa/pxa2xx-regs.h
0bb3b8b44e4e21ee955eca6fb8e56cab1e66d5a0	9b87fdc9af2fbfcdb5c24a64139685ef80f6573f	arch/x86/pci/init.c
0bc1367fd64924b2338cf6c1483f8b80119ee421	9b87fdc9af2fbfcdb5c24a64139685ef80f6573f	drivers/net/ethernet/broadcom/bnx2x/bnx2x_cmn.h
0bf4d3054e37471aaa2c9905dd69c88639cbc6df	9b87fdc9af2fbfcdb5c24a64139685ef80f6573f	drivers/platform/x86/sony-laptop.c
0bf541936f6016701090bddc50cb49f5ca418a2c	9b87fdc9af2fbfcdb5c24a64139685ef80f6573f	net/bridge/netfilter/ebtables.c
0bfd66c7ada052f682d12ed11c9f1a10520ee722	9b87fdc9af2fbfcdb5c24a64139685ef80f6573f	arch/arm/kernel/setup.c
0c3428fd9729167c8476d448c03eccaefafe773f	9b87fdc9af2fbfcdb5c24a64139685ef80f6573f	arch/arm/mach-rpc/include/mach/irqs.h
0c89c62c97067f6cff9e45869961bc2d9063448c	9b87fdc9af2fbfcdb5c24a64139685ef80f6573f	include/hyperv/hvhdk.h
0c9d68758533154f406d28b33baaaa854ef794b9	9b87fdc9af2fbfcdb5c24a64139685ef80f6573f	Documentation/gpu/i915.rst
0cb1e293882349edf16b794e7fa5d33bd4eedcfb	9b87fdc9af2fbfcdb5c24a64139685ef80f6573f	Documentation/arch/arm/memory.rst
0cc1bf04686d83d9ef6f1cf36821e957a63f8a9c	9b87fdc9af2fbfcdb5c24a64139685ef80f6573f	arch/arm/mm/init.c
0ce21dd454047af68c48c6d74a27e4b61b193671	9b87fdc9af2fbfcdb5c24a64139685ef80f6573f	kernel/irq/internals.h
0d8331a3909f4dcb9b973205b48a84ae305c9fc0	9b87fdc9af2fbfcdb5c24a64139685ef80f6573f	drivers/gpu/drm/pl111/pl111_versatile.c
0d99b7e8c082f099416b5f638b0870dc52d44899	9b87fdc9af2fbfcdb5c24a64139685ef80f6573f	net/sctp/sm_sideeffect.c
0da105e1ded9395b28605e7abdefa0069be915f5	9b87fdc9af2fbfcdb5c24a64139685ef80f6573f	net/netfilter/nf_conntrack_extend.c
0de436316a1dd147c057ac6b2db56701e357834f	9b87fdc9af2fbfcdb5c24a64139685ef80f6573f	arch/x86/pci/irq.c
0def9388fb1566ebd0b75ed1322c06d4b7542760	9b87fdc9af2fbfcdb5c24a64139685ef80f6573f	arch/arm/lib/io-readsb.S
0df75a4a773961b22041cca5bb3417414bb6d4e2	9b87fdc9af2fbfcdb5c24a64139685ef80f6573f	drivers/gpu/drm/gma500/psb_intel_display.c
0e40d00b37fa424d6617a0259370c670b876abf1	9b87fdc9af2fbfcdb5c24a64139685ef80f6573f	include/uapi/linux/netfilter_ipv6.h
0e6a325df36322930eeb40b524743c9421b1ed77	9b87fdc9af2fbfcdb5c24a64139685ef80f6573f	arch/arm/boot/dts/nxp/imx/imx6q-solidsense.dts
0f75301b3115f8eb198b35e91277ff5adeaede13	9b87fdc9af2fbfcdb5c24a64139685ef80f6573f	block/bfq-iosched.c
0f8299ab123f7cb461a98cea343eb11af2d4eacb	9b87fdc9af2fbfcdb5c24a64139685ef80f6573f	sound/pci/echoaudio/indigodj_dsp.c
0fbd5a03fdc94c4f51d39d8fb15b83d98d9f11f9	9b87fdc9af2fbfcdb5c24a64139685ef80f6573f	Documentation/filesystems/fuse/fuse.rst
0fd5c10e90a7de480c693b4a1b969947d11f017b	9b87fdc9af2fbfcdb5c24a64139685ef80f6573f	arch/arm/lib/csumpartialcopygeneric.S
0fd6e82478fe6ed7bd817f5d13510c345d06e288	9b87fdc9af2fbfcdb5c24a64139685ef80f6573f	Documentation/filesystems/nfs/nfsd-io-modes.rst
0fd9ac76eb742d04e8eb60b7cdd20daf12f75ea7	9b87fdc9af2fbfcdb5c24a64139685ef80f6573f	arch/mips/cavium-octeon/executive/cvmx-helper-board.c
100f8920624bb652eb4e0a9df5eb3528578a9b7b	9b87fdc9af2fbfcdb5c24a64139685ef80f6573f	drivers/usb/usbip/usbip_common.c
102e55af8439af46df02c676cb360b2d32d585a8	9b87fdc9af2fbfcdb5c24a64139685ef80f6573f	Documentation/arch/arm/nwfpe/notes.rst
1053676551aff99e4a019235bca937d4304981ae	9b87fdc9af2fbfcdb5c24a64139685ef80f6573f	arch/arm64/kvm/config.c
10b914a24114cee4f03c665c2ffd6eea36f54ec8	9b87fdc9af2fbfcdb5c24a64139685ef80f6573f	drivers/video/fbdev/i810/i810_main.c
10d54e0ad15a7ff9770ad02c224b4b47aa5040de	9b87fdc9af2fbfcdb5c24a64139685ef80f6573f	arch/arm/boot/dts/ti/omap/am335x-pepper.dts
10da11c212cc2593f1b55028c63c9da7508fa447	9b87fdc9af2fbfcdb5c24a64139685ef80f6573f	arch/arm/kernel/atags_compat.c
10fc8990579b5c2937b77f5b53b983148f87db0c	9b87fdc9af2fbfcdb5c24a64139685ef80f6573f	drivers/tty/serial/pxa.c
11609d593383b797dc85b0c1a53afe53144311af	9b87fdc9af2fbfcdb5c24a64139685ef80f6573f	drivers/platform/x86/intel/pmc/arl.c
11afa9e157aa707fe94b7551a658d0f20c1b4475	9b87fdc9af2fbfcdb5c24a64139685ef80f6573f	fs/adfs/dir.c
11d74dc26d83c407fa7a2c1a9dc16a6d6a15bf6e	9b87fdc9af2fbfcdb5c24a64139685ef80f6573f	drivers/media/usb/dvb-usb/af9005.h
1205c8e9de329bbc5b8e7d382486d2d1e37dd3ae	9b87fdc9af2fbfcdb5c24a64139685ef80f6573f	Documentation/devicetree/bindings/display/bridge/nxp,tda998x.yaml
12070b6a7b110bd83a5605d314c8b7b55d66b973	9b87fdc9af2fbfcdb5c24a64139685ef80f6573f	fs/pstore/blk.c
127ed5021ae3e78ada7a45404635492266930e16	9b87fdc9af2fbfcdb5c24a64139685ef80f6573f	arch/parisc/include/asm/pci.h
12b9a81e5621469ebafefa18484a1f11a2ba8d06	9b87fdc9af2fbfcdb5c24a64139685ef80f6573f	include/linux/mlx5/mlx5_ifc.h
12c8180ca1ba7473f42c5d4cef306657356dae40	9b87fdc9af2fbfcdb5c24a64139685ef80f6573f	arch/x86/mm/ioremap.c
12d451e5475b78f1d85220fc9ced29194748f0b2	9b87fdc9af2fbfcdb5c24a64139685ef80f6573f	drivers/gpu/drm/amd/include/asic_reg/gc/gc_9_0_offset.h
12eec53266c74dbd569fb4a3d673794faa5854c2	9b87fdc9af2fbfcdb5c24a64139685ef80f6573f	arch/arm/lib/io-writesw-armv4.S
1395f76b01dd03e45202b2d6c8d50ff1dbc8d71c	9b87fdc9af2fbfcdb5c24a64139685ef80f6573f	drivers/media/radio/radio-aimslab.c
13d25d9a4610e3f00dfbe892474e21396cf5781a	9b87fdc9af2fbfcdb5c24a64139685ef80f6573f	net/ipv4/netfilter/iptable_mangle.c
13ef311dace83f8199779b7726eddc26fe9f1da1	9b87fdc9af2fbfcdb5c24a64139685ef80f6573f	Documentation/arch/arm64/booting.rst
1419aa84df71e0751b4afd6ae01d192116b66163	9b87fdc9af2fbfcdb5c24a64139685ef80f6573f	arch/sparc/include/asm/pci.h
14a78ac0f8009a41ca02a64c26bbc8ab2955f96a	9b87fdc9af2fbfcdb5c24a64139685ef80f6573f	arch/arm64/include/asm/tlbflush.h
14cf37590fc7e0d849c04a3fa5f21b4ab96eb0ab	9b87fdc9af2fbfcdb5c24a64139685ef80f6573f	Documentation/gpu/todo.rst
15201be0b8114e8030e0614418666decb2054eb0	9b87fdc9af2fbfcdb5c24a64139685ef80f6573f	Documentation/crypto/api-intro.rst
15616ad737f571c870d6ebb0a4fcf31567dcd938	9b87fdc9af2fbfcdb5c24a64139685ef80f6573f	Documentation/devicetree/bindings/net/sff,sfp.yaml
15649a253a579675314dcbaef30703010810a302	9b87fdc9af2fbfcdb5c24a64139685ef80f6573f	arch/arm64/include/uapi/asm/ptrace.h
158e6133abf501a63abfb9fd20f93a073c477c87	9b87fdc9af2fbfcdb5c24a64139685ef80f6573f	drivers/iio/adc/xilinx-ams.c
15a9797b47ac9ccf471c6071da4ff6d4855f952a	9b87fdc9af2fbfcdb5c24a64139685ef80f6573f	drivers/media/i2c/ds90ub960.c
15e14a6fe6dce97ddd5d049b405ed7707fc12dff	9b87fdc9af2fbfcdb5c24a64139685ef80f6573f	drivers/i2c/busses/i2c-s3c2410.c
160128186bf8212175717a1004bc2cb91de3ded7	9b87fdc9af2fbfcdb5c24a64139685ef80f6573f	arch/arm/boot/bootp/bootp.lds
16243ec376cd9775b15ab338f3ed010abc18d072	9b87fdc9af2fbfcdb5c24a64139685ef80f6573f	include/scsi/scsi_host.h
1632d40e1f545ae0665597069b568ea6b6c263e5	9b87fdc9af2fbfcdb5c24a64139685ef80f6573f	arch/x86/boot/string.c
16589e18494b302da57b71bbe2288c4d636183cb	9b87fdc9af2fbfcdb5c24a64139685ef80f6573f	drivers/net/wireless/realtek/rtlwifi/rtl8192ee/trx.c
1661d13174d5b8c457b8471817202be4b7d74539	9b87fdc9af2fbfcdb5c24a64139685ef80f6573f	Documentation/networking/device_drivers/can/ctu/ctucanfd-driver.rst
1661f070c5718aa162622bfa9122c412ab4e32ed	9b87fdc9af2fbfcdb5c24a64139685ef80f6573f	drivers/platform/x86/lenovo/thinkpad_acpi.c
1682345fb9b0a94988a1b289a99d8f52fe1ea74e	9b87fdc9af2fbfcdb5c24a64139685ef80f6573f	drivers/video/fbdev/pxafb.c
168c43012fb1bfe8d6255df9ed27036f76a9622b	9b87fdc9af2fbfcdb5c24a64139685ef80f6573f	Documentation/firmware-guide/acpi/enumeration.rst
1691f1a57f899f587754aeadcfad097fa2318895	9b87fdc9af2fbfcdb5c24a64139685ef80f6573f	drivers/tty/serial/8250/8250_accent.c
16a04202888b4560b891d96553d04bf7d17515a1	9b87fdc9af2fbfcdb5c24a64139685ef80f6573f	include/linux/rcutree.h
175ef2b0c6f418038227b816b3da62f1b755f67a	9b87fdc9af2fbfcdb5c24a64139685ef80f6573f	drivers/media/radio/radio-aztech.c
1799dcae775c012951536f60f5fa8a63f72cf473	9b87fdc9af2fbfcdb5c24a64139685ef80f6573f	drivers/scsi/scsi_proc.c
1801ba56389cdedf144c7a0790b81fc622799899	9b87fdc9af2fbfcdb5c24a64139685ef80f6573f	drivers/sbus/char/bbc_i2c.c
181c438a9b0a8be11d3e14b84c62723b991ffdfc	9b87fdc9af2fbfcdb5c24a64139685ef80f6573f	include/linux/of_platform.h
18228f5b80e832d8ba9e873ab781f6aad66a1068	9b87fdc9af2fbfcdb5c24a64139685ef80f6573f	drivers/i2c/muxes/i2c-mux-ltc4306.c
182b8c88ccc8348d8819e9ab62ae48f10b205584	9b87fdc9af2fbfcdb5c24a64139685ef80f6573f	drivers/staging/rtl8723bs/include/rtw_pwrctrl.h
1836e226a2945d77644f609b6cfaf210a10d60c2	9b87fdc9af2fbfcdb5c24a64139685ef80f6573f	drivers/soc/qcom/socinfo.c
186af29bea6fb80ad86bb6a2321fc9378ebfccad	9b87fdc9af2fbfcdb5c24a64139685ef80f6573f	drivers/gpu/drm/gma500/power.c
18a02959d77b9aaf495c7daa248a6458d53bfcd3	9b87fdc9af2fbfcdb5c24a64139685ef80f6573f	kernel/trace/tracing_map.h
18c4be75e927197c1b6ab0c82a66f7546fdb1cde	9b87fdc9af2fbfcdb5c24a64139685ef80f6573f	tools/arch/x86/include/asm/msr-index.h
1909c2e640b287368233374a4c19d6f41732339e	9b87fdc9af2fbfcdb5c24a64139685ef80f6573f	arch/x86/um/tls_32.c
19175171905e7bd8fd8b0d2157782813a73a97bc	9b87fdc9af2fbfcdb5c24a64139685ef80f6573f	arch/mips/pci/pci-alchemy.c
1998ebfa0fe01ba457f4e1548b40144d5f0c4037	9b87fdc9af2fbfcdb5c24a64139685ef80f6573f	arch/arm/boot/dts/nxp/imx/imx6q-hummingboard2-emmc-som-v15.dts
19a96f43f4bbe71ddb697fb6af760f7ba45df499	9b87fdc9af2fbfcdb5c24a64139685ef80f6573f	arch/arm/lib/setbit.S
1a8a6a350789bf50b992a1f9ea507829e0c34c77	9b87fdc9af2fbfcdb5c24a64139685ef80f6573f	drivers/gpu/drm/amd/include/asic_reg/gc/gc_9_4_2_offset.h
1ab91852d9f71426da35f05b7225c6466a9e075c	9b87fdc9af2fbfcdb5c24a64139685ef80f6573f	arch/alpha/boot/misc.c
1ad5cc7938113a3971fc10ae7e8f4a14ae7402d2	9b87fdc9af2fbfcdb5c24a64139685ef80f6573f	Documentation/RCU/torture.rst
1af5d7ac382c20544c6789213221a87a315b96a5	9b87fdc9af2fbfcdb5c24a64139685ef80f6573f	Documentation/devicetree/bindings/media/samsung,s5c73m3.yaml
1afa7056698510e4806b9f9f4894766028284c31	9b87fdc9af2fbfcdb5c24a64139685ef80f6573f	drivers/gpu/drm/radeon/atombios.h
1b0aad184dd70ea44d8c2362d07e18a934cdc746	9b87fdc9af2fbfcdb5c24a64139685ef80f6573f	Documentation/RCU/Design/Data-Structures/Data-Structures.rst
1b2d253b19c1727661750436db57bb2dcaedbc0e	9b87fdc9af2fbfcdb5c24a64139685ef80f6573f	Documentation/devicetree/bindings/gpio/gpio-mmio.yaml
1b4509d3382c639d2d3279df45232cd82c28f2e5	9b87fdc9af2fbfcdb5c24a64139685ef80f6573f	arch/arm64/include/asm/pgalloc.h
1b8ed33897332efe3ff260607d477defedc3a4dc	9b87fdc9af2fbfcdb5c24a64139685ef80f6573f	drivers/crypto/ccp/platform-access.c
1bb2a1c292aa0678f8117ab4cd03bd9a3c2baa60	9b87fdc9af2fbfcdb5c24a64139685ef80f6573f	Documentation/admin-guide/pstore-blk.rst
1c1542e2ed634d7aec8e1526ce9ec12429ccfef5	9b87fdc9af2fbfcdb5c24a64139685ef80f6573f	arch/arm/include/asm/thread_notify.h
1c78dfff94e8a876cb10c90657a3ca9a2ea6564a	9b87fdc9af2fbfcdb5c24a64139685ef80f6573f	Documentation/dev-tools/kunit/usage.rst
1c7b262e370949da615d7aead5e5ff141da8145f	9b87fdc9af2fbfcdb5c24a64139685ef80f6573f	arch/arm/boot/dts/nxp/imx/imx6q-cubox-i.dts
1ca6aadd649cf7cff8b43390893c3d03b020251c	9b87fdc9af2fbfcdb5c24a64139685ef80f6573f	arch/arm/lib/csumpartialcopy.S
1cb7d674bc812afb1a26aabbf992025f80acef5f	9b87fdc9af2fbfcdb5c24a64139685ef80f6573f	arch/arm/mach-footbridge/ebsa285.c
1ce75a442638797daed80f74497fb43afa0536a5	9b87fdc9af2fbfcdb5c24a64139685ef80f6573f	arch/arm64/include/asm/insn.h
1cf890de35cbdf43cab5443dd0b8e9d047943bbf	9b87fdc9af2fbfcdb5c24a64139685ef80f6573f	drivers/gpu/drm/amd/include/asic_reg/gc/gc_12_1_0_sh_mask.h
1d0e93e4edb1d7e7da7203f84afc87a6c5aa2cef	9b87fdc9af2fbfcdb5c24a64139685ef80f6573f	drivers/mtd/nand/raw/atmel/pmecc.c
1d4ebe0a9678fbf4fefa195d1bc57332147d0cc4	9b87fdc9af2fbfcdb5c24a64139685ef80f6573f	arch/arm/include/asm/hardware/memc.h
1d9f52c71ad0dfcab86c94a427f072e6f6c3ea9c	9b87fdc9af2fbfcdb5c24a64139685ef80f6573f	arch/arm/mm/pv-fixup-asm.S
1eac358380405838d15551e353605cab0a7e5e65	9b87fdc9af2fbfcdb5c24a64139685ef80f6573f	drivers/i2c/busses/i2c-ali1535.c
1ec8cb2898b1c368790d611371cbcf87701dc19b	9b87fdc9af2fbfcdb5c24a64139685ef80f6573f	arch/arm/boot/compressed/ll_char_wr.S
1f1b5a88216a3be6bd3e29d14ee1f8272cdae6d8	9b87fdc9af2fbfcdb5c24a64139685ef80f6573f	tools/perf/pmu-events/arch/x86/arrowlake/pipeline.json
1f8b5a0f69be28afe4e1f37bd9d332a5be2b98f2	9b87fdc9af2fbfcdb5c24a64139685ef80f6573f	arch/powerpc/kernel/dma-iommu.c
1fb10733305ab668bd9ccf9f4f9bf2da18861f5a	9b87fdc9af2fbfcdb5c24a64139685ef80f6573f	arch/arm/mm/copypage-v4wt.c
1fbe7eb956fd20f3e7e6b903ddfabcd978c24983	9b87fdc9af2fbfcdb5c24a64139685ef80f6573f	arch/arm/mach-rpc/include/mach/uncompress.h
200ea53ea6a2c8c6e4ff18e20bc5029a1976c887	9b87fdc9af2fbfcdb5c24a64139685ef80f6573f	block/partitions/msdos.c
205a232c98e23ce754778bfbe62f3224099cf1af	9b87fdc9af2fbfcdb5c24a64139685ef80f6573f	Documentation/translations/it_IT/kernel-hacking/locking.rst
20857c213c726f8170f36fb09ab63debc22aec8a	9b87fdc9af2fbfcdb5c24a64139685ef80f6573f	drivers/scsi/aic7xxx/aic7xxx.h
209e46c02dddfac4d042568c83e35e48c40cf6e5	9b87fdc9af2fbfcdb5c24a64139685ef80f6573f	arch/arm/include/asm/glue-df.h
20a6534ea3efffd6686e3b49c3e76f399c966f9e	9b87fdc9af2fbfcdb5c24a64139685ef80f6573f	fs/namei.c
20dad39b5ab94759c8c41ea6ff2fc534a0a72795	9b87fdc9af2fbfcdb5c24a64139685ef80f6573f	drivers/net/ethernet/seeq/ether3.c
2101938d27fcbccf9f3c3bf149e21ad43fe705cc	9b87fdc9af2fbfcdb5c24a64139685ef80f6573f	arch/arm/kernel/asm-offsets.c
21095df8fdb02920ae3911657930cfc333bff5d9	9b87fdc9af2fbfcdb5c24a64139685ef80f6573f	drivers/video/fbdev/cyber2000fb.h
210f9ec9af4bd4e18c43de72d2a9c332b31445d8	9b87fdc9af2fbfcdb5c24a64139685ef80f6573f	drivers/net/ethernet/cirrus/cs89x0.h
2128ba9033911794029e420f8c412bd0885cb827	9b87fdc9af2fbfcdb5c24a64139685ef80f6573f	arch/mips/include/asm/bootinfo.h
214d68657707d3cb004d79a83f954292985a0646	9b87fdc9af2fbfcdb5c24a64139685ef80f6573f	sound/pci/echoaudio/echoaudio.c
2162c4f2b28a6b118b98e00c02ce44dced2ac034	9b87fdc9af2fbfcdb5c24a64139685ef80f6573f	Documentation/networking/timestamping.rst
2196caf1b939c77a22d7c0f041c21bfac374bfb3	9b87fdc9af2fbfcdb5c24a64139685ef80f6573f	Documentation/admin-guide/dell_rbu.rst
21d2f7d1debcb0dbab86ae066cb9f683a8914521	9b87fdc9af2fbfcdb5c24a64139685ef80f6573f	drivers/gpu/drm/amd/include/asic_reg/gc/gc_10_3_0_default.h
222d2d2682c83f2d371cf0531f90316e3b0f94d9	9b87fdc9af2fbfcdb5c24a64139685ef80f6573f	arch/x86/include/asm/cpuid/leaf_types.h
2268fea4d8072a748d6d9e6af9ca193665b5dac2	9b87fdc9af2fbfcdb5c24a64139685ef80f6573f	drivers/video/fbdev/riva/fbdev.c
228c176a94d1e4b5d5d27e79da6817ba732f15a9	9b87fdc9af2fbfcdb5c24a64139685ef80f6573f	arch/arm/lib/io-readsw-armv4.S
228c4a2f4c1fa268a0369c005705cf82366b37e3	9b87fdc9af2fbfcdb5c24a64139685ef80f6573f	drivers/mfd/mcp-sa11x0.c
22b49b295d1f97e669f3de4dd0a8c8e82e6f8b81	9b87fdc9af2fbfcdb5c24a64139685ef80f6573f	Documentation/filesystems/fsverity.rst
22c7ec3e84cfc901abfe03135478b94e1262c40e	9b87fdc9af2fbfcdb5c24a64139685ef80f6573f	Documentation/admin-guide/laptops/disk-shock-protection.rst
23355f12fbffa4006af3b3c0f65f7b15d290fd5a	9b87fdc9af2fbfcdb5c24a64139685ef80f6573f	drivers/scsi/lpfc/lpfc_init.c
23749817d83c71f4645ad043cd9581dd1ba6f7e9	9b87fdc9af2fbfcdb5c24a64139685ef80f6573f	drivers/char/hw_random/st-rng.c
237b828dd2f10a7d99f910edb262e14e90c3e050	9b87fdc9af2fbfcdb5c24a64139685ef80f6573f	arch/arm/mach-footbridge/isa-rtc.c
23b87b5ef7f1b57ca3a90fc4ff14b3714649224b	9b87fdc9af2fbfcdb5c24a64139685ef80f6573f	arch/arm/mm/mmu.c
23d5cae9685b47ba441055f6a478a4d1fbf6745f	9b87fdc9af2fbfcdb5c24a64139685ef80f6573f	Documentation/translations/zh_TW/process/kernel-driver-statement.rst
23fd393c8193206a87ccdd4f40babbc870884871	9b87fdc9af2fbfcdb5c24a64139685ef80f6573f	Documentation/kernel-hacking/locking.rst
24015c73a67f0cb71fee921c5ddb30e6ba7d8d93	9b87fdc9af2fbfcdb5c24a64139685ef80f6573f	sound/hda/controllers/intel.c
2419459a0b85aae2b210d34c612ae4b10375546f	9b87fdc9af2fbfcdb5c24a64139685ef80f6573f	drivers/net/ethernet/chelsio/cxgb4/t4fw_api.h
2438d1448f382cf929d6385b6d12a0521cd21f9c	9b87fdc9af2fbfcdb5c24a64139685ef80f6573f	block/partitions/atari.c
2445365c823fc80d3b6f046418343fc6c1d4719b	9b87fdc9af2fbfcdb5c24a64139685ef80f6573f	drivers/gpu/drm/armada/armada_debugfs.c
24a36c046d07f1bc7a082d23e51d7942bfadb924	9b87fdc9af2fbfcdb5c24a64139685ef80f6573f	drivers/scsi/dc395x.h
24cac36037f59a1f10a88c408b2dcc5213b8b4f9	9b87fdc9af2fbfcdb5c24a64139685ef80f6573f	Documentation/devicetree/bindings/i2c/i2c-mux.yaml
24ccc4546ab881c0707aef9f4648f4387bc55dd4	9b87fdc9af2fbfcdb5c24a64139685ef80f6573f	drivers/i2c/busses/i2c-mlxbf.c
25214d3da65d1dab05f047cfbb6efd57ad51a51f	9b87fdc9af2fbfcdb5c24a64139685ef80f6573f	sound/aoa/codecs/tas.c
2531959d3d77017a534e329fc911354d4647f97c	9b87fdc9af2fbfcdb5c24a64139685ef80f6573f	drivers/gpu/drm/gma500/oaktrail_device.c
25a74fa51aa00263b06379c1444487b16d1a705d	9b87fdc9af2fbfcdb5c24a64139685ef80f6573f	drivers/i2c/busses/i2c-cgbc.c
25d20e2970ae1bc3db8e9c860065ab6db9e6df74	9b87fdc9af2fbfcdb5c24a64139685ef80f6573f	net/netfilter/nf_nat_ftp.c
26243ff760ec7a6c1516d2ff4257d9e395a2304e	9b87fdc9af2fbfcdb5c24a64139685ef80f6573f	tools/perf/tests/shell/test_intel_pt.sh
266043610c0c19bbafb931292714fbf13f9f709b	9b87fdc9af2fbfcdb5c24a64139685ef80f6573f	arch/arm/lib/io-readsw-armv3.S
269b12ebb673edd9bb93e6ad7bb1a623e6307250	9b87fdc9af2fbfcdb5c24a64139685ef80f6573f	drivers/video/fbdev/aty/radeon_i2c.c
27008e2ea5afc7dd522b31bff55aed12a252cc4d	9b87fdc9af2fbfcdb5c24a64139685ef80f6573f	drivers/pci/probe.c
2708e8c68f4c5bae592292c257de47bdef3e41e9	9b87fdc9af2fbfcdb5c24a64139685ef80f6573f	drivers/gpu/drm/gma500/gem.c
27682cb5e58ab5104296b8c111ceb3d6b012c122	9b87fdc9af2fbfcdb5c24a64139685ef80f6573f	drivers/xen/xenbus/xenbus_client.c
2769b0f3325f206b3037eb5649f75207dae782ab	9b87fdc9af2fbfcdb5c24a64139685ef80f6573f	arch/arm/mm/fault-armv.c
27a1cac6fe7638639145bfc5ff3e49c194cf71d2	9b87fdc9af2fbfcdb5c24a64139685ef80f6573f	tools/perf/Documentation/perf-script-python.txt
27df6ff4ed371bb8c190eccae4677e34e27b79f7	9b87fdc9af2fbfcdb5c24a64139685ef80f6573f	drivers/gpu/drm/gma500/gem.h
27e64f782cb3dc958ff6eef2d12865eef25d5303	9b87fdc9af2fbfcdb5c24a64139685ef80f6573f	arch/arm/mm/ioremap.c
2819875022f67e0c049a73366bf9e35ac6f2e192	9b87fdc9af2fbfcdb5c24a64139685ef80f6573f	drivers/video/fbdev/tdfxfb.c
281c7f2ee6504655e1737fc42d37f9f10ae2dadd	9b87fdc9af2fbfcdb5c24a64139685ef80f6573f	drivers/video/fbdev/nvidia/nv_setup.c
28267985e85f4a42763aeb874ddaed6f7dcd32ba	9b87fdc9af2fbfcdb5c24a64139685ef80f6573f	arch/x86/lib/strstr_32.c
287d209a0ea92bb41cc33672037b274e5a0ca625	9b87fdc9af2fbfcdb5c24a64139685ef80f6573f	arch/arm/boot/dts/ti/omap/am335x-regor.dtsi
2891446901a0dcb77c5416c69f8771d123669af5	9b87fdc9af2fbfcdb5c24a64139685ef80f6573f	drivers/media/radio/radio-rtrack2.c
28b577e29db33232e49130196f472d1b2f922fda	9b87fdc9af2fbfcdb5c24a64139685ef80f6573f	arch/arm/mach-footbridge/include/mach/uncompress.h
28b6da8ac5f64c25387baff0568ed7791ac7810b	9b87fdc9af2fbfcdb5c24a64139685ef80f6573f	arch/arm/tools/Makefile
28b8437f6e4fa2ff4ee1636e8acdfed8b64d5fd9	9b87fdc9af2fbfcdb5c24a64139685ef80f6573f	Documentation/driver-api/libata.rst
28ca856ecc754069abb5c991047c936e561ed0cd	9b87fdc9af2fbfcdb5c24a64139685ef80f6573f	drivers/ata/Kconfig
2908c9ef3c9b01f1c40f6dbd1b3bb0adf740e4af	9b87fdc9af2fbfcdb5c24a64139685ef80f6573f	arch/arm/mach-footbridge/dc21285-timer.c
290ce6aa4b718c538210000533c2a162c9452d89	9b87fdc9af2fbfcdb5c24a64139685ef80f6573f	drivers/gpu/drm/amd/include/asic_reg/gca/gfx_7_2_d.h
293a2716bd2047b8c2f57a3ea5863c5f31ac06f9	9b87fdc9af2fbfcdb5c24a64139685ef80f6573f	arch/arm/lib/backtrace.S
296c210b228c4ffd0696fd33e159fbce06ce1639	9b87fdc9af2fbfcdb5c24a64139685ef80f6573f	drivers/gpio/gpio-reg.c
29c6100f0c50b283cb4beb32d56c4e45894872b2	9b87fdc9af2fbfcdb5c24a64139685ef80f6573f	arch/arm64/kernel/setup.c
29d0394b8154de0ff70bf6cf44c5c12e26c76f29	9b87fdc9af2fbfcdb5c24a64139685ef80f6573f	include/xen/interface/io/xs_wire.h
29d7b786e51eba08b06ba3d998c0c28b87129735	9b87fdc9af2fbfcdb5c24a64139685ef80f6573f	drivers/net/ethernet/chelsio/cxgb4/t4_hw.c
29e80e5f928e953b5f3914b3a9863a4dd89fac74	9b87fdc9af2fbfcdb5c24a64139685ef80f6573f	drivers/mmc/core/core.c
29f56176e2cae4120e9014c5321f001d16c3bee4	9b87fdc9af2fbfcdb5c24a64139685ef80f6573f	arch/arm/boot/dts/aspeed/aspeed-bmc-nvidia-msx4-bmc.dts
29f710f9cb512b5fee0d73a67471be5315bad4b9	9b87fdc9af2fbfcdb5c24a64139685ef80f6573f	drivers/scsi/arm/fas216.h
2a229a0ef36c0d76d9eea29ad75107b5784f4a08	9b87fdc9af2fbfcdb5c24a64139685ef80f6573f	drivers/gpu/drm/gma500/psb_reg.h
2a2705e975e8459e3694711cdb7e6d3a69536633	9b87fdc9af2fbfcdb5c24a64139685ef80f6573f	Documentation/filesystems/xfs/xfs-delayed-logging-design.rst
2a2800d213256340cb729ecc2700aee3dd29fba5	9b87fdc9af2fbfcdb5c24a64139685ef80f6573f	arch/sparc/kernel/auxio_64.c
2a3699adbed00bae5a2ff082cf8a43a855dd2733	9b87fdc9af2fbfcdb5c24a64139685ef80f6573f	arch/arm/boot/dts/nxp/imx/imx6dl-solidsense.dts
2a44bc8e2439f217b83782784b8bb6015207616c	9b87fdc9af2fbfcdb5c24a64139685ef80f6573f	arch/powerpc/kernel/module_64.c
2a5e3acea06b1d2b060f513384b90c1000b3c70f	9b87fdc9af2fbfcdb5c24a64139685ef80f6573f	drivers/spi/spi-tegra20-sflash.c
2a692584dba91aa4a4075df076e4730d4b560a5a	9b87fdc9af2fbfcdb5c24a64139685ef80f6573f	block/partitions/osf.c
2a6bc99177d8a87fb5f6037e88574464aa7209ad	9b87fdc9af2fbfcdb5c24a64139685ef80f6573f	arch/loongarch/include/asm/loongarch.h
2a8770369bebc94caceedb4edf0ef76285277f0f	9b87fdc9af2fbfcdb5c24a64139685ef80f6573f	arch/sparc/kernel/module.c
2ac6ab9030237461c69f85f35a311f796456096e	9b87fdc9af2fbfcdb5c24a64139685ef80f6573f	arch/powerpc/include/asm/smu.h
2ae70dcf82ecacbcfb24a091a52d885bf2c56ec2	9b87fdc9af2fbfcdb5c24a64139685ef80f6573f	drivers/net/phy/bcm84881.c
2b0e7c2da54acde4d48fd91ecece27256c4e04fd	9b87fdc9af2fbfcdb5c24a64139685ef80f6573f	Documentation/filesystems/fuse/fuse-passthrough.rst
2b18a258204d734cf060bd10dd2633caa6f96c78	9b87fdc9af2fbfcdb5c24a64139685ef80f6573f	arch/arm/include/asm/mach/arch.h
2b1b3e193f53cf9ea679e6a8e916093d64946599	9b87fdc9af2fbfcdb5c24a64139685ef80f6573f	arch/arm/boot/dts/nxp/imx/imx6dl-cubox-i.dts
2b2fc360b8653fcf2c01acb6a936564f1ba65452	9b87fdc9af2fbfcdb5c24a64139685ef80f6573f	arch/arm/boot/dts/nxp/imx/imx6dl-cubox-i-emmc-som-v15.dts
2b3375bcccfd7bb7d339d775a7ea963850783585	9b87fdc9af2fbfcdb5c24a64139685ef80f6573f	Documentation/translations/zh_CN/process/kernel-driver-statement.rst
2b8970d8e5a2ff84bffb8fc2302b53d5d08882b9	9b87fdc9af2fbfcdb5c24a64139685ef80f6573f	arch/arm/include/asm/mach/map.h
2becaf797646da2e95c4e6d4aa22edb56cfeec8b	9b87fdc9af2fbfcdb5c24a64139685ef80f6573f	drivers/mfd/cgbc-core.c
2bece4e636872320f19ba17afc2b29ecda01772e	9b87fdc9af2fbfcdb5c24a64139685ef80f6573f	drivers/media/cec/i2c/tda9950.c
2beefeba82d94a18b94621f2862ab287e8bf0fdb	9b87fdc9af2fbfcdb5c24a64139685ef80f6573f	kernel/module/version.c
2bf18ab3d699ffac13149623b4d29cef34b0c022	9b87fdc9af2fbfcdb5c24a64139685ef80f6573f	arch/arm/mach-rpc/include/mach/acornfb.h
2c277eb3795a9f6753378aae1335e7408d13531e	9b87fdc9af2fbfcdb5c24a64139685ef80f6573f	drivers/cpufreq/davinci-cpufreq.c
2c64bc6e5a1704407b9456ce5a69dab890179f70	9b87fdc9af2fbfcdb5c24a64139685ef80f6573f	arch/arm/boot/dts/marvell/armada-38x-solidrun-microsom.dtsi
2c93caea069f0a0a72989f9d0a78ca0f28be427b	9b87fdc9af2fbfcdb5c24a64139685ef80f6573f	Documentation/process/1.Intro.rst
2ce24bfe4c0fab63ab1c315181052f7751811869	9b87fdc9af2fbfcdb5c24a64139685ef80f6573f	fs/xfs/scrub/xfarray.c
2d2ea3ca880cf30e62700ad33a89635c28e23def	9b87fdc9af2fbfcdb5c24a64139685ef80f6573f	arch/arm/kernel/entry-armv.S
2d672b3d2fedead58ef4e845b8a66b2c3f674a5e	9b87fdc9af2fbfcdb5c24a64139685ef80f6573f	drivers/gpu/drm/amd/include/asic_reg/gca/gfx_8_1_d.h
2d916647df03cae64936669f2bda559408f3e336	9b87fdc9af2fbfcdb5c24a64139685ef80f6573f	arch/arm/boot/compressed/vmlinux.lds.S
2df9552746529ca54340b8722e46755c2dbef891	9b87fdc9af2fbfcdb5c24a64139685ef80f6573f	arch/powerpc/platforms/pasemi/pci.c
2dfa0e5b1aa3e70ff9b485408fac84b2f743cfaf	9b87fdc9af2fbfcdb5c24a64139685ef80f6573f	drivers/gpu/drm/amd/include/asic_reg/gc/gc_9_0_sh_mask.h
2ea83fdf8a039a50838a6ec21764f0ca5bf14b63	9b87fdc9af2fbfcdb5c24a64139685ef80f6573f	tools/perf/util/event.h
2ec91466acdf3a4dc7caaaf580377668fda68893	9b87fdc9af2fbfcdb5c24a64139685ef80f6573f	drivers/net/phy/sfp.c
2ee62e4b2b0753a6f898feeb3a55f906a06f5c65	9b87fdc9af2fbfcdb5c24a64139685ef80f6573f	arch/arm/mm/cache-v4wt.S
2ef917957005cb1f9b7fc2dbcf3797a1a665a92b	9b87fdc9af2fbfcdb5c24a64139685ef80f6573f	arch/arm/include/uapi/asm/ptrace.h
2fbba4b48841667de719eee83b20001b479870b1	9b87fdc9af2fbfcdb5c24a64139685ef80f6573f	drivers/gpu/drm/gma500/framebuffer.h
30260b5d146da37aef5d57e26d75ad059672bb3e	9b87fdc9af2fbfcdb5c24a64139685ef80f6573f	arch/powerpc/mm/dma-noncoherent.c
3088a4a13cb50b918dd190711ec2a84532a28200	9b87fdc9af2fbfcdb5c24a64139685ef80f6573f	drivers/gpu/drm/amd/include/asic_reg/gc/gc_11_0_0_sh_mask.h
313c4aac377aa2f60d816f5f36bc0d68848dc7ae	9b87fdc9af2fbfcdb5c24a64139685ef80f6573f	net/ipv6/netfilter/ip6_tables.c
3198be3a6d63fa555b3d6c12e222c7cc2cefd9ef	9b87fdc9af2fbfcdb5c24a64139685ef80f6573f	Documentation/rust/coding-guidelines.rst
320e1ee5df1a915790334ee400bdc917616009f8	9b87fdc9af2fbfcdb5c24a64139685ef80f6573f	drivers/gpu/drm/amd/include/asic_reg/gc/gc_10_1_0_default.h
32148a3a8509a4d75b92942149d5477952e60dd9	9b87fdc9af2fbfcdb5c24a64139685ef80f6573f	net/netfilter/nf_conntrack_proto_icmp.c
3215b9b7afde58edfe0e178a6fcd10674dcddec0	9b87fdc9af2fbfcdb5c24a64139685ef80f6573f	drivers/tty/serial/8250/8250_fourport.c
323422861e8f683590492184ae24c0064c1ca931	9b87fdc9af2fbfcdb5c24a64139685ef80f6573f	drivers/gpu/drm/Kconfig
32b8a757744ee30002cbd659a04c049778aea980	9b87fdc9af2fbfcdb5c24a64139685ef80f6573f	drivers/w1/slaves/Kconfig
3303499ad4c6f80dcaadd2eeed5abfe8544125b8	9b87fdc9af2fbfcdb5c24a64139685ef80f6573f	Documentation/arch/x86/tdx.rst
33080ad889b71a3a376e04565d91d9b7bbc62473	9b87fdc9af2fbfcdb5c24a64139685ef80f6573f	arch/x86/kernel/module.c
33243ecb50336abe845aa44232917134b21280f7	9b87fdc9af2fbfcdb5c24a64139685ef80f6573f	Documentation/userspace-api/media/v4l/diff-v4l.rst
333fb549214e07260826284224eeeabec877795c	9b87fdc9af2fbfcdb5c24a64139685ef80f6573f	drivers/spi/spi-tegra114.c
336ab411d6995b896d6f55a825b7b355b0403af6	9b87fdc9af2fbfcdb5c24a64139685ef80f6573f	drivers/gpu/drm/gma500/cdv_intel_lvds.c
33b08ca1c2422d40896ef5ee260dc11a2e272028	9b87fdc9af2fbfcdb5c24a64139685ef80f6573f	arch/arm/lib/delay-loop.S
33cd30996e47ef3a3646f8ba8eda5caf18dead05	9b87fdc9af2fbfcdb5c24a64139685ef80f6573f	Documentation/admin-guide/kernel-parameters.txt
34041cc8f173a4057a6fb49ab164af2cda53ea25	9b87fdc9af2fbfcdb5c24a64139685ef80f6573f	drivers/mtd/maps/pci.c
340bcb5099e7a426171898c7ec21e3354a13b917	9b87fdc9af2fbfcdb5c24a64139685ef80f6573f	Documentation/trace/histogram.rst
343326c3038027494bb1d33128385fd681e61263	9b87fdc9af2fbfcdb5c24a64139685ef80f6573f	arch/powerpc/boot/dts/akebono.dts
3447fbf0e6954ca3023c1552fdd153c4df33ffd8	9b87fdc9af2fbfcdb5c24a64139685ef80f6573f	Documentation/translations/zh_CN/core-api/cpu_hotplug.rst
344878db88188f5df5f9ee426335bed38a8fac5c	9b87fdc9af2fbfcdb5c24a64139685ef80f6573f	Documentation/devicetree/bindings/memory-controllers/st,stm32mp25-omm.yaml
346c89bd16d6d06ea64a538beb384576a84e5a5b	9b87fdc9af2fbfcdb5c24a64139685ef80f6573f	tools/perf/scripts/python/intel-pt-events.py
34aa3172071bd1f2742c0501729caef257ebcb8b	9b87fdc9af2fbfcdb5c24a64139685ef80f6573f	tools/memory-model/Documentation/explanation.txt
34bbbb8c52f6ac136f8024e0347ac652d1374b4e	9b87fdc9af2fbfcdb5c24a64139685ef80f6573f	drivers/i2c/busses/i2c-acorn.c
34c11b7b44bd764cad6076d4dff0768f0771b842	9b87fdc9af2fbfcdb5c24a64139685ef80f6573f	lib/crypto/arm/poly1305-armv4.pl
34e2c6e31fd1fa6893b6f2d2f86725422f971ba7	9b87fdc9af2fbfcdb5c24a64139685ef80f6573f	arch/arm/boot/install.sh
3559d515144c2243844527bf6e83b616cc25a7b4	9b87fdc9af2fbfcdb5c24a64139685ef80f6573f	arch/arm/lib/csumipv6.S
35ce665edfd824980a73fc34a0693fc2e71240a6	9b87fdc9af2fbfcdb5c24a64139685ef80f6573f	include/linux/cpufreq.h
35daa7fe65713bee6e8bc1debea9d1e5eb515a30	9b87fdc9af2fbfcdb5c24a64139685ef80f6573f	arch/mips/pci/ops-sni.c
36070c6586d138fc9bb088bef52a2def52e87185	9b87fdc9af2fbfcdb5c24a64139685ef80f6573f	drivers/macintosh/mediabay.c
3645266a2bcb4a6591b59e84a9cd8299cd5b4d21	9b87fdc9af2fbfcdb5c24a64139685ef80f6573f	drivers/gpu/drm/amd/include/asic_reg/gc/gc_10_3_0_offset.h
365b04e5ae4d27e7f7b092ce69575d938381570c	9b87fdc9af2fbfcdb5c24a64139685ef80f6573f	drivers/media/pci/bt8xx/bttv-cards.c
36cff176c5e6c976b81222434f439739bd1dd3d1	9b87fdc9af2fbfcdb5c24a64139685ef80f6573f	Documentation/scsi/scsi_eh.rst
36d5c9c9fd11320193f0f9d31b432eff1cfa05f2	9b87fdc9af2fbfcdb5c24a64139685ef80f6573f	Documentation/driver-api/pm/devices.rst
3705c98b07139579b356e9d4b392fd98db249f10	9b87fdc9af2fbfcdb5c24a64139685ef80f6573f	drivers/regulator/ab8500.c
370e5c36863da129d11925e9a0a06ab2dad98167	9b87fdc9af2fbfcdb5c24a64139685ef80f6573f	drivers/clk/ralink/clk-mtmips.c
376c76bc2aca5dcd66d71799239dde4ef7ef3502	9b87fdc9af2fbfcdb5c24a64139685ef80f6573f	drivers/scsi/arm/acornscsi.h
377fd4cfab0160da69ae680e2642fc00c6e89911	9b87fdc9af2fbfcdb5c24a64139685ef80f6573f	arch/arm/include/asm/glue.h
379bc218aa6bb647121c8fc8741f02437bae6aa4	9b87fdc9af2fbfcdb5c24a64139685ef80f6573f	drivers/gpu/drm/gma500/gtt.c
37a9f666c0f22c98e920845377c11f23847c63f3	9b87fdc9af2fbfcdb5c24a64139685ef80f6573f	drivers/gpu/drm/gma500/framebuffer.c
37dea772fd78060d393f59b24e3051469a723622	9b87fdc9af2fbfcdb5c24a64139685ef80f6573f	arch/mips/kernel/module.c
380d3533d64518a773f1f00bcf09d31c689f5a72	9b87fdc9af2fbfcdb5c24a64139685ef80f6573f	drivers/gpu/drm/etnaviv/state_blt.xml.h
382b4ac3734dcfcfcd7e1688ac5717dc55d48f7f	9b87fdc9af2fbfcdb5c24a64139685ef80f6573f	arch/arm64/include/asm/cacheflush.h
3860ab8508a09d853915676f944b58fb153e3e50	9b87fdc9af2fbfcdb5c24a64139685ef80f6573f	arch/arm64/boot/dts/qcom/sm7325-motorola-dubai-common.dtsi
387252337a18517c49d37ee8e16116b87a2d39c9	9b87fdc9af2fbfcdb5c24a64139685ef80f6573f	arch/mips/alchemy/board-gpr.c
38753b088fc1ddf88974257d958a87520c92bed2	9b87fdc9af2fbfcdb5c24a64139685ef80f6573f	sound/soc/sof/sof-priv.h
3880460e67f25a7d8708a734c6f4d9e6c363c726	9b87fdc9af2fbfcdb5c24a64139685ef80f6573f	drivers/parport/procfs.c
38c6e4a2a0b60f49a1dbd8e45ee1026a05ab8817	9b87fdc9af2fbfcdb5c24a64139685ef80f6573f	arch/arm/include/asm/tlbflush.h
38e614d92a4a8285da181c319d286eaf193a4212	9b87fdc9af2fbfcdb5c24a64139685ef80f6573f	Documentation/power/pci.rst
38e6fa204c17b5ac9e69754eb0998f34125848fb	9b87fdc9af2fbfcdb5c24a64139685ef80f6573f	arch/arm64/kernel/signal.c
38fa45e74a37a2a160f029079421b3633a94a368	9b87fdc9af2fbfcdb5c24a64139685ef80f6573f	drivers/tty/serial/8250/8250_port.c
3926e042fe2e372cbfabe3b621bd293d391dbdf7	9b87fdc9af2fbfcdb5c24a64139685ef80f6573f	drivers/net/ethernet/i825xx/ether1.h
393963502b7a6646ce8f72932661f89e891fb4aa	9b87fdc9af2fbfcdb5c24a64139685ef80f6573f	drivers/gpu/drm/amd/include/asic_reg/gc/gc_9_4_3_offset.h
393f11b145408188fe510a77a7102828c1a78c84	9b87fdc9af2fbfcdb5c24a64139685ef80f6573f	Documentation/arch/arm/nwfpe/todo.rst
397705a6b3a2bced5688ab3eba56eb25518d6f2d	9b87fdc9af2fbfcdb5c24a64139685ef80f6573f	drivers/gpu/drm/amd/include/asic_reg/gca/gfx_8_1_sh_mask.h
399099ff0dbc177dfbe6293b66d2abc0690e8332	9b87fdc9af2fbfcdb5c24a64139685ef80f6573f	drivers/gpu/drm/xe/xe_i2c.c
39c74611752b6d9a0d07e5115e5038e3309cc271	9b87fdc9af2fbfcdb5c24a64139685ef80f6573f	Documentation/bpf/standardization/instruction-set.rst
39d93e9c2d157fff28796982001f9f53b17cc88f	9b87fdc9af2fbfcdb5c24a64139685ef80f6573f	drivers/tty/serial/dz.c
39eb6ab5f8058b465df83f212a895c9e4bb52c62	9b87fdc9af2fbfcdb5c24a64139685ef80f6573f	drivers/net/ethernet/broadcom/bnx2x/bnx2x_main.c
39f54bb7b485b7ca657b7bced8e2a9687a323f03	9b87fdc9af2fbfcdb5c24a64139685ef80f6573f	drivers/tty/serial/cpm_uart.c
39fe187eea1fa1495f5068d04bb5d2bbd251c728	9b87fdc9af2fbfcdb5c24a64139685ef80f6573f	drivers/mfd/ucb1x00-ts.c
3a818f07a1013a3207da3f29e3595a2c219dee91	9b87fdc9af2fbfcdb5c24a64139685ef80f6573f	kernel/irq/irqdesc.c
3a8e51a0c9e88cf350bd7f4b4d0a2f8c8f15828d	9b87fdc9af2fbfcdb5c24a64139685ef80f6573f	arch/x86/include/asm/msr-index.h
3ae1a0bab38f0983d197a639c9ea99469bf8dedd	9b87fdc9af2fbfcdb5c24a64139685ef80f6573f	Documentation/devicetree/bindings/iio/adc/xlnx,zynqmp-ams.yaml
3b2eb2a7a89a88c83f1ecf242189544f888c9bd6	9b87fdc9af2fbfcdb5c24a64139685ef80f6573f	MAINTAINERS
3b8e990e30c4789a7b0e2ce4b075ab3959182de2	9b87fdc9af2fbfcdb5c24a64139685ef80f6573f	Documentation/devicetree/bindings/spi/spi-controller.yaml
3bb51dc8d035f9caf80cc95a20deec17faed4acd	9b87fdc9af2fbfcdb5c24a64139685ef80f6573f	drivers/net/wireless/zydas/zd1211rw/zd_chip.c
3c0ff221a43b507947adc7984074958864ab85d4	9b87fdc9af2fbfcdb5c24a64139685ef80f6573f	drivers/gpu/drm/armada/armada_drm.h
3c478582a3c242537c5e0be476e901b574ea72a2	9b87fdc9af2fbfcdb5c24a64139685ef80f6573f	include/uapi/linux/virtio_ring.h
3c849e23e5f32bf4fb77ea207cb9b5e7e30dc4d1	9b87fdc9af2fbfcdb5c24a64139685ef80f6573f	arch/powerpc/boot/dts/redwood.dts
3ca11aad569d99c16bffdf7ae83252a93486fd5b	9b87fdc9af2fbfcdb5c24a64139685ef80f6573f	drivers/gpu/drm/gma500/psb_intel_sdvo.c
3cc15d800be11ddeace785a539f8b3c64343457f	9b87fdc9af2fbfcdb5c24a64139685ef80f6573f	Documentation/admin-guide/mm/hugetlbpage.rst
3d709d02099ca651469fb95cea2d098c5acbb4a4	9b87fdc9af2fbfcdb5c24a64139685ef80f6573f	Documentation/gpu/drm-vm-bind-async.rst
3d9233f403dbb162d8d05e7fde332722c3ba9d01	9b87fdc9af2fbfcdb5c24a64139685ef80f6573f	Documentation/filesystems/xfs/xfs-online-fsck-design.rst
3da0b857ef95a0837ec1e75aa1293cf0bdde4c18	9b87fdc9af2fbfcdb5c24a64139685ef80f6573f	drivers/gpu/drm/armada/armada_overlay.c
3da76fab8ac3a2f2d83c13283627e4af06f73c50	9b87fdc9af2fbfcdb5c24a64139685ef80f6573f	arch/arm/mm/proc-sa110.S
3dbe24df7e02fbe4b0585953ab333dd9cdd6e691	9b87fdc9af2fbfcdb5c24a64139685ef80f6573f	drivers/gpu/drm/amd/include/asic_reg/smu/smu_8_0_sh_mask.h
3df1b16965241265e5f3a49a6c316858eadf70af	9b87fdc9af2fbfcdb5c24a64139685ef80f6573f	Documentation/driver-api/isa.rst
3e59ebbb360864b5d36ae85e609d8af26884b147	9b87fdc9af2fbfcdb5c24a64139685ef80f6573f	arch/arm/boot/dts/nxp/imx/imx6q-cubox-i-emmc-som-v15.dts
3e6dfb99a5ce65b6c602126927b77ec04637b90a	9b87fdc9af2fbfcdb5c24a64139685ef80f6573f	drivers/macintosh/smu.c
3e7735e1dae009040f941b97ab89258465f268a1	9b87fdc9af2fbfcdb5c24a64139685ef80f6573f	drivers/i2c/busses/i2c-xiic.c
3e7d7c4bafdc2dcaa1ad0435255ba1628db42d2e	9b87fdc9af2fbfcdb5c24a64139685ef80f6573f	drivers/net/ethernet/i825xx/ether1.c
3ebcf8c53fb04050488ffc110ff2059028b6772d	9b87fdc9af2fbfcdb5c24a64139685ef80f6573f	arch/arm64/kernel/stacktrace.c
3eeeb488d95527022e4229dc939538ea20b58eeb	9b87fdc9af2fbfcdb5c24a64139685ef80f6573f	Documentation/admin-guide/hw-vuln/l1tf.rst
3f05f17990ade70c1b80c4de1db905ca2daac1c3	9b87fdc9af2fbfcdb5c24a64139685ef80f6573f	Documentation/bpf/btf.rst
3f0d5c3dae11b5a6649aa5faf22cd9e20c3466ec	9b87fdc9af2fbfcdb5c24a64139685ef80f6573f	arch/arm/kernel/reboot.c
3f11179562c92b5174de4446aedb1f66cf16b256	9b87fdc9af2fbfcdb5c24a64139685ef80f6573f	drivers/gpu/drm/gma500/psb_device.h
3f3b5bd9cdc7ada39b0d9f10df18e9a0095a50da	9b87fdc9af2fbfcdb5c24a64139685ef80f6573f	drivers/media/platform/ti/omap3isp/isppreview.c
3f47cd9b2b036be382b0bba148b4d0f4fb91080c	9b87fdc9af2fbfcdb5c24a64139685ef80f6573f	drivers/edac/edac_pci.h
3f7c1d131ec34fef4bcc265d3e2339a65a0168da	9b87fdc9af2fbfcdb5c24a64139685ef80f6573f	drivers/scsi/esas2r/esas2r_ioctl.c
3f8147f3754933dfed2473d1274559a6be244826	9b87fdc9af2fbfcdb5c24a64139685ef80f6573f	net/sched/act_police.c
3fb8fdf8a853aff0a8e72803d4c0300f04c5e40a	9b87fdc9af2fbfcdb5c24a64139685ef80f6573f	drivers/tty/serial/ip22zilog.c
400a5c59815c371db5b7c9dd5f0011168d4a1751	9b87fdc9af2fbfcdb5c24a64139685ef80f6573f	drivers/clk/samsung/clk-exynos5420.c
400d279e0f8d0237d69eddd42ca7d9b12f26fca0	9b87fdc9af2fbfcdb5c24a64139685ef80f6573f	arch/arm64/include/asm/atomic.h
40476b227f8d61d3e4ede247707d987883aa3fa9	9b87fdc9af2fbfcdb5c24a64139685ef80f6573f	tools/perf/Documentation/itrace.txt
4070ca3a68eb9b361a45303d3ee5c44571a7f55c	9b87fdc9af2fbfcdb5c24a64139685ef80f6573f	drivers/gpu/drm/amd/include/asic_reg/gca/gfx_8_0_sh_mask.h
409ec6955733adac2db6ba8054c591c6adb092d3	9b87fdc9af2fbfcdb5c24a64139685ef80f6573f	lib/crypto/x86/poly1305-x86_64-cryptogams.pl
40ea82942e4d4866e1b4a0112f020037008934d0	9b87fdc9af2fbfcdb5c24a64139685ef80f6573f	Documentation/devicetree/bindings/i2c/ibm,i2c-fsi.yaml
4186fbf7341fc239567b387ea2dbac762cce396b	9b87fdc9af2fbfcdb5c24a64139685ef80f6573f	arch/arm/include/asm/glue-cache.h
41a726cd353690451efb9b102e89027b27a663d0	9b87fdc9af2fbfcdb5c24a64139685ef80f6573f	Documentation/trace/histogram-design.rst
425796d8d6c3dc077b9fc8a67d44cb35c98186f2	9b87fdc9af2fbfcdb5c24a64139685ef80f6573f	drivers/gpu/drm/gma500/oaktrail_lvds.c
4262b2bbd6deb49c04afcd0ddf4c57bc020c4621	9b87fdc9af2fbfcdb5c24a64139685ef80f6573f	arch/powerpc/boot/dts/katmai.dts
428aff92a7bb9474c55d748b6afe39e89fec7a2d	9b87fdc9af2fbfcdb5c24a64139685ef80f6573f	drivers/gpu/drm/gma500/mid_bios.c
42cae73fcc19d01647c4c0ae03be7db9234cc767	9b87fdc9af2fbfcdb5c24a64139685ef80f6573f	arch/arm/kernel/head-common.S
42df316fb8baa292fbb9aa7c63f9f7fd484d818f	9b87fdc9af2fbfcdb5c24a64139685ef80f6573f	arch/arm/include/asm/procinfo.h
42df9e175affebffbdcae1b6f48c59acaa157a7c	9b87fdc9af2fbfcdb5c24a64139685ef80f6573f	net/netfilter/xt_connlimit.c
4321c87de86f2801ab33f0a961fed7c3d8603a99	9b87fdc9af2fbfcdb5c24a64139685ef80f6573f	Documentation/devicetree/bindings/net/mdio-mux.yaml
43838723fde902b8df92cee9a1dde9d05a709d3c	9b87fdc9af2fbfcdb5c24a64139685ef80f6573f	Documentation/PCI/pci-error-recovery.rst
439d3c59862b23ee52fb0b38075f50b60d8c620a	9b87fdc9af2fbfcdb5c24a64139685ef80f6573f	include/uapi/linux/netfilter_ipv4.h
447945836c3fe838e498e9a89e2584c2833859be	9b87fdc9af2fbfcdb5c24a64139685ef80f6573f	arch/arm/mm/pgd.c
447a3ea14aa11e984919ffa82f7c860f8519db79	9b87fdc9af2fbfcdb5c24a64139685ef80f6573f	arch/mips/kernel/octeon_switch.S
44aae52c473d7b8f7d47b7e650d24de2848a5b28	9b87fdc9af2fbfcdb5c24a64139685ef80f6573f	arch/arm64/kvm/sys_regs.c
44c07a66edfff2817980f10a0f3864b57750ab7a	9b87fdc9af2fbfcdb5c24a64139685ef80f6573f	include/linux/rcupdate.h
44cac11b68d2a759a4acf0fa91885b539b5e7c69	9b87fdc9af2fbfcdb5c24a64139685ef80f6573f	drivers/vhost/vhost.c
44ec209f37c4721c09cf3e60b4f334c78fefeb30	9b87fdc9af2fbfcdb5c24a64139685ef80f6573f	drivers/tty/serial/8250/8250_early.c
4509c8237db508c5e85d3a63dd38814c1e05238a	9b87fdc9af2fbfcdb5c24a64139685ef80f6573f	drivers/gpu/drm/amd/include/asic_reg/gca/gfx_7_2_sh_mask.h
45139b6c55eaa87279fd75f47725d679e5902ada	9b87fdc9af2fbfcdb5c24a64139685ef80f6573f	lib/raid/xor/arm/xor.c
45570bc21a43ae154c307f1aea021a85040f1627	9b87fdc9af2fbfcdb5c24a64139685ef80f6573f	include/linux/clkdev.h
45a876d3519f3a7dc60b34fb2ec2e59979f9f2c4	9b87fdc9af2fbfcdb5c24a64139685ef80f6573f	tools/arch/x86/kcpuid/cpuid.csv
45ab614068c57b5a872902b5697aa6ce38e3bee2	9b87fdc9af2fbfcdb5c24a64139685ef80f6573f	arch/powerpc/sysdev/ipic.h
45b10f30a2a90b8c594cdda15e0627cd7d00fdaa	9b87fdc9af2fbfcdb5c24a64139685ef80f6573f	drivers/gpu/drm/gma500/psb_intel_modes.c
45c65777236231a11cb1f6f306281d40f4d9c36b	9b87fdc9af2fbfcdb5c24a64139685ef80f6573f	arch/Kconfig
45d026e85168b46b5d739ecd78fc32179747fbef	9b87fdc9af2fbfcdb5c24a64139685ef80f6573f	drivers/usb/host/ohci-pxa27x.c
460a825325dd75fd88d63fe93fcddb6b790e9a53	9b87fdc9af2fbfcdb5c24a64139685ef80f6573f	drivers/pci/controller/pci-v3-semi.c
4646dee8a3394121794ad9988cf737fa5ac99d3c	9b87fdc9af2fbfcdb5c24a64139685ef80f6573f	arch/arm/lib/clearbit.S
4708b6303493372a8af59195805bb4c7be28501b	9b87fdc9af2fbfcdb5c24a64139685ef80f6573f	drivers/media/platform/ti/omap3isp/ispccdc.c
471ffe914a4e217ce5d669fed2388417e2dca824	9b87fdc9af2fbfcdb5c24a64139685ef80f6573f	drivers/power/sequencing/pwrseq-pcie-m2.c
4720523813b976e1890fc88364460f9bb258d54c	9b87fdc9af2fbfcdb5c24a64139685ef80f6573f	drivers/net/ethernet/mellanox/mlx5/core/en/port_buffer.c
476f2042fa6f32eda847a980fb261e4b808d3e4f	9b87fdc9af2fbfcdb5c24a64139685ef80f6573f	drivers/media/platform/nxp/imx-pxp.h
47cc49e4cd9992ce32c7215fdda42762f2caff39	9b87fdc9af2fbfcdb5c24a64139685ef80f6573f	drivers/clk/mvebu/dove-divider.c
4801361366359b15936b6f3f497714e37294c7ba	9b87fdc9af2fbfcdb5c24a64139685ef80f6573f	fs/xfs/xfs_reflink.c
482e733c337582f82707a873873a18cfc84e0871	9b87fdc9af2fbfcdb5c24a64139685ef80f6573f	net/ipv4/netfilter/nf_defrag_ipv4.c
484039671cd1a74b45331ec368571bb0db32999c	9b87fdc9af2fbfcdb5c24a64139685ef80f6573f	Documentation/devicetree/bindings/media/i2c/sony,imx290.yaml
48569035da56e5477b031803a0874239161709b3	9b87fdc9af2fbfcdb5c24a64139685ef80f6573f	drivers/tty/tty_io.c
48c7b3efd555704c26f444eff8fb5ce754536bf0	9b87fdc9af2fbfcdb5c24a64139685ef80f6573f	arch/arm/mach-footbridge/isa-irq.c
48e63943e6f769d98373621b410efb1f68948cb2	9b87fdc9af2fbfcdb5c24a64139685ef80f6573f	arch/mips/kernel/r2300_switch.S
491894511c5441330e61de2e71f475fb1c2d93d0	9b87fdc9af2fbfcdb5c24a64139685ef80f6573f	net/ipv4/netfilter/iptable_security.c
496ba4be875ca780d218eb477671bc01bcdd4c82	9b87fdc9af2fbfcdb5c24a64139685ef80f6573f	tools/perf/util/intel-pt-decoder/intel-pt-pkt-decoder.h
499d37ceae210ac844eef853aeecbfabaaa5e138	9b87fdc9af2fbfcdb5c24a64139685ef80f6573f	drivers/of/address.c
49a7002661a9284c1db66755435802531fd23ecc	9b87fdc9af2fbfcdb5c24a64139685ef80f6573f	arch/arm64/include/asm/io.h
49e7cbc9697a8801d9d36de95808f7650a6fe222	9b87fdc9af2fbfcdb5c24a64139685ef80f6573f	include/linux/vringh.h
4a15924014da27a27a88d67161770647ffa3abf5	9b87fdc9af2fbfcdb5c24a64139685ef80f6573f	fs/adfs/dir_fplus.c
4a1b1b28abf95cf63c04e1750fab035d097d96cd	9b87fdc9af2fbfcdb5c24a64139685ef80f6573f	arch/x86/kernel/mpparse.c
4a2af0f702e1b48da6df277d27a1998f5dcf5a37	9b87fdc9af2fbfcdb5c24a64139685ef80f6573f	drivers/scsi/Kconfig
4a90f8b0e16cb122ac0ebd62c6b8ddfcd9df9783	9b87fdc9af2fbfcdb5c24a64139685ef80f6573f	drivers/gpu/drm/gma500/opregion.h
4aa59b0bf25309cbb71c99360bea31e84d584ae8	9b87fdc9af2fbfcdb5c24a64139685ef80f6573f	Documentation/filesystems/nfs/exporting.rst
4ab409653785aff11f9af294336e67dc03cefcd5	9b87fdc9af2fbfcdb5c24a64139685ef80f6573f	include/video/sa1100fb.h
4ac442d0a8c0449a18ccf79594651efad2871dce	9b87fdc9af2fbfcdb5c24a64139685ef80f6573f	fs/adfs/inode.c
4b30f701225fdb779b1865eca96082f68bc92ab8	9b87fdc9af2fbfcdb5c24a64139685ef80f6573f	Documentation/RCU/checklist.rst
4b3c6a8bc66a9a05a04baba609aeadd6eb125fd8	9b87fdc9af2fbfcdb5c24a64139685ef80f6573f	sound/pci/echoaudio/echoaudio_3g.c
4b3d8bf91cc6fcccdfa616ff555a4fafcb93a189	9b87fdc9af2fbfcdb5c24a64139685ef80f6573f	arch/riscv/boot/install.sh
4b76b997ddc15da15c181bb429bff7c2366063a9	9b87fdc9af2fbfcdb5c24a64139685ef80f6573f	drivers/mmc/host/dw_mmc-exynos.c
4b865ef800b1e3a996a0b0e350d1c37bc6ca58ec	9b87fdc9af2fbfcdb5c24a64139685ef80f6573f	drivers/block/xen-blkback/xenbus.c
4b88407347629455cd0ecfc70de7fdb79cf38559	9b87fdc9af2fbfcdb5c24a64139685ef80f6573f	net/ipv4/netfilter/ipt_REJECT.c
4b96d9fda49a9a144d49003db7f954a9311b4e32	9b87fdc9af2fbfcdb5c24a64139685ef80f6573f	drivers/parisc/dino.c
4ba05a98791c17b55fe72110a1d40b8ebc8e4aba	9b87fdc9af2fbfcdb5c24a64139685ef80f6573f	drivers/tty/serial/8250/8250_parisc.c
4bcc400f556bc89e574f0c57650854438a0ae249	9b87fdc9af2fbfcdb5c24a64139685ef80f6573f	drivers/scsi/arm/msgqueue.h
4bd5d97b8ab65d54c286cdee55cdf2c5782b1f33	9b87fdc9af2fbfcdb5c24a64139685ef80f6573f	net/ipv6/netfilter/ip6table_security.c
4bf37db65b76ccc2d3d8d79dbb4da1df74e48380	9b87fdc9af2fbfcdb5c24a64139685ef80f6573f	drivers/input/serio/altera_ps2.c
4bfd5f8ba66c8f2b4fe5668cede7c9b90b219e9a	9b87fdc9af2fbfcdb5c24a64139685ef80f6573f	drivers/gpu/drm/amd/include/asic_reg/smu/smu_7_1_2_sh_mask.h
4c4a57c1c0940f5a76dc60b6d4d508b4f7c4d35c	9b87fdc9af2fbfcdb5c24a64139685ef80f6573f	Documentation/core-api/kernel-api.rst
4c6cf4f16f9572e0457899647c462390f218d66f	9b87fdc9af2fbfcdb5c24a64139685ef80f6573f	drivers/net/wireless/realtek/rtlwifi/rtl8192ee/trx.h
4c8e7fdb69763d1fe2ef97e5d526a5a91deec2b2	9b87fdc9af2fbfcdb5c24a64139685ef80f6573f	drivers/gpu/drm/amd/include/asic_reg/gc/gc_10_1_0_offset.h
4cabbee7f3b8278ddf165f6ec2ab065f0e26ca2f	9b87fdc9af2fbfcdb5c24a64139685ef80f6573f	arch/arm/lib/io-writesw-armv3.S
4cb7e5fee1374766a3e5560ac00dc307d4ff615a	9b87fdc9af2fbfcdb5c24a64139685ef80f6573f	arch/arm/mach-tegra/iomap.h
4cbcfb1852d51e7aaf37b01a176f4a4280af6dae	9b87fdc9af2fbfcdb5c24a64139685ef80f6573f	arch/alpha/kernel/setup.c
4d2c5ca620ebf6230dff24656a6e281afe8c2483	9b87fdc9af2fbfcdb5c24a64139685ef80f6573f	arch/arm/lib/testclearbit.S
4d31eab9dba2111a858e1010594d6f340159b948	9b87fdc9af2fbfcdb5c24a64139685ef80f6573f	arch/arm/include/asm/timex.h
4d6b57dbab2a249711f33b554b9779531c850955	9b87fdc9af2fbfcdb5c24a64139685ef80f6573f	Documentation/filesystems/nfs/nfsd-maintainer-entry-profile.rst
4d817850ba3b8d0d351c747d9a60107f19b0c314	9b87fdc9af2fbfcdb5c24a64139685ef80f6573f	drivers/input/serio/rpckbd.c
4d845000de154fc662331fa81f05f3b4f7e99a4c	9b87fdc9af2fbfcdb5c24a64139685ef80f6573f	tools/testing/selftests/kvm/lib/sparsebit.c
4dd494508c9b11cc6979c893cb07adefec502a12	9b87fdc9af2fbfcdb5c24a64139685ef80f6573f	sound/pci/echoaudio/echoaudio_dsp.c
4def84ebf14327c22fe74a9f4f8f3c1edd2672b5	9b87fdc9af2fbfcdb5c24a64139685ef80f6573f	drivers/net/ethernet/samsung/sxgbe/sxgbe_reg.h
4e5f8c1736ec14f8baaaa3fae1ccb2b9d493dd9d	9b87fdc9af2fbfcdb5c24a64139685ef80f6573f	arch/x86/kernel/kprobes/core.c
4e6c53d59ebda2eef16b9cbd5dec4c49ae4e85c7	9b87fdc9af2fbfcdb5c24a64139685ef80f6573f	fs/adfs/dir_f.h
4e857dd5df642cd47bf8e56891a0634728c9e92f	9b87fdc9af2fbfcdb5c24a64139685ef80f6573f	drivers/net/mctp/mctp-i3c.c
4e8c1fae7be65b7ab5104bb4739991d75ff52097	9b87fdc9af2fbfcdb5c24a64139685ef80f6573f	drivers/pinctrl/renesas/pfc-sh7724.c
4eadafc43d4fc7a26fe2d3f1235c1e6c7ff257eb	9b87fdc9af2fbfcdb5c24a64139685ef80f6573f	Documentation/devicetree/bindings/net/marvell,pp2.yaml
4ec0e5e3170480849c95337009d3196a4afa2cfa	9b87fdc9af2fbfcdb5c24a64139685ef80f6573f	arch/arm/include/debug/dc21285.S
4ec591bde3dfa1e802165a567de45c136b05afcc	9b87fdc9af2fbfcdb5c24a64139685ef80f6573f	arch/arm/kernel/atags_parse.c
4ef7a5ba43cc44f54ae678262dff804f1cdcd6e6	9b87fdc9af2fbfcdb5c24a64139685ef80f6573f	drivers/video/fbdev/nvidia/nvidia.c
4efe2ca8c4d100f055fb22188cf16a0e922839fd	9b87fdc9af2fbfcdb5c24a64139685ef80f6573f	include/crypto/skcipher.h
4f633f2510336ba6ce9e5e5979898f8717ee4627	9b87fdc9af2fbfcdb5c24a64139685ef80f6573f	Documentation/security/tpm/tpm-security.rst
4fb6657fc826c76c702706fb0a9f5486170cd6f4	9b87fdc9af2fbfcdb5c24a64139685ef80f6573f	tools/perf/bench/sched-messaging.c
4fbc22a59ac7a9e76a373b65cd7fcf97aa1605ba	9b87fdc9af2fbfcdb5c24a64139685ef80f6573f	drivers/gpu/drm/gma500/mmu.c
4fc52c21fe5d4fabc7d3536678910e046eb5f4fa	9b87fdc9af2fbfcdb5c24a64139685ef80f6573f	arch/powerpc/kernel/pci-common.c
4fd7a4fbb4fb78050c8e4d571cb049c1e9e210c2	9b87fdc9af2fbfcdb5c24a64139685ef80f6573f	arch/powerpc/boot/dts/icon.dts
4ff328f3d33977e19653a2bef540088572f79422	9b87fdc9af2fbfcdb5c24a64139685ef80f6573f	include/uapi/linux/netfilter_bridge/ebtables.h
502dfe5628a370d31638fc84c45ef0d7cf956bb8	9b87fdc9af2fbfcdb5c24a64139685ef80f6573f	arch/arm/mm/tlb-v4wbi.S
504d717385cda2fa9ee23d72efc54f4424821692	9b87fdc9af2fbfcdb5c24a64139685ef80f6573f	drivers/gpu/drm/gma500/cdv_device.h
5063361b01208eb59d81a9946a1e58c4dd4615fe	9b87fdc9af2fbfcdb5c24a64139685ef80f6573f	drivers/phy/marvell/phy-armada38x-comphy.c
50966f66e39829cf1282d2df9ddaf9f27123d52e	9b87fdc9af2fbfcdb5c24a64139685ef80f6573f	Documentation/core-api/circular-buffers.rst
509c5592aab04fe453bebf601445e0a02f9108af	9b87fdc9af2fbfcdb5c24a64139685ef80f6573f	include/linux/platform_data/davinci_asp.h
50e0f97afd75ebef90153f5f61a565e87f0bf175	9b87fdc9af2fbfcdb5c24a64139685ef80f6573f	arch/arm/mach-rpc/dma.c
50e48e94ade20c61f5d154957fce6c354db76c9a	9b87fdc9af2fbfcdb5c24a64139685ef80f6573f	include/linux/sonypi.h
517db2f2707f481daf15a90f929f860ec2210436	9b87fdc9af2fbfcdb5c24a64139685ef80f6573f	drivers/mtd/chips/cfi_cmdset_0002.c
5197a3c93c708301644b8b8514f4a5e798710b47	9b87fdc9af2fbfcdb5c24a64139685ef80f6573f	drivers/parisc/lba_pci.c
51c7f7ce88d9acd9d715caf1ef3ac263eef273b9	9b87fdc9af2fbfcdb5c24a64139685ef80f6573f	net/netfilter/xt_nat.c
5249f53dcdbcff2cd77162a77a3672617f7babf5	9b87fdc9af2fbfcdb5c24a64139685ef80f6573f	arch/arm/boot/dts/nxp/imx/imx6q-hummingboard2.dts
52a97dc4c85a882bd17fb0d84e6d79d7809170c2	9b87fdc9af2fbfcdb5c24a64139685ef80f6573f	include/linux/eisa.h
52d96ae8907886de6bcf7920443e5528686a125d	9b87fdc9af2fbfcdb5c24a64139685ef80f6573f	drivers/platform/x86/x86-android-tablets/lenovo.c
52df74aa3c2cb82234ec4543ee99ac39bb6493ac	9b87fdc9af2fbfcdb5c24a64139685ef80f6573f	arch/arm/include/asm/glue-proc.h
53006ba5350f0cd225292eb56479ea129d357f41	9b87fdc9af2fbfcdb5c24a64139685ef80f6573f	arch/arm/include/asm/hardware/iomd.h
5304d2febd63e55a0070b444eb0225410541a3a5	9b87fdc9af2fbfcdb5c24a64139685ef80f6573f	drivers/scsi/BusLogic.c
5373e51ed076f7b76c5cba4d777c9fdde0be1e27	9b87fdc9af2fbfcdb5c24a64139685ef80f6573f	Documentation/sound/cards/hdspm.rst
539ff06daf5e94178354f018f96a0a43b81a7135	9b87fdc9af2fbfcdb5c24a64139685ef80f6573f	Documentation/scsi/st.rst
53c1d1061cf4717cb04222e70ac28bdf1dff1de0	9b87fdc9af2fbfcdb5c24a64139685ef80f6573f	drivers/media/radio/radio-cadet.c
54063d980442e573bed7181c9401cb5b0bc7e8de	9b87fdc9af2fbfcdb5c24a64139685ef80f6573f	scripts/basic/fixdep.c
54b4625b52cf03430f25092c9033f85e75a35be1	9b87fdc9af2fbfcdb5c24a64139685ef80f6573f	drivers/pinctrl/renesas/pfc-sh7722.c
54c30126ea17c39d2eba688f66535c2313440caa	9b87fdc9af2fbfcdb5c24a64139685ef80f6573f	arch/sh/include/asm/pci.h
54e0e4c3f1bc13cc892639ec9ddd8cb42ef28508	9b87fdc9af2fbfcdb5c24a64139685ef80f6573f	drivers/gpu/drm/amd/include/asic_reg/smu/smu_7_0_0_sh_mask.h
55086ac7d1e25a6175b79951dd10a0690c720202	9b87fdc9af2fbfcdb5c24a64139685ef80f6573f	Documentation/devicetree/bindings/rtc/epson,rx6110.yaml
5508cdb1b0bacd5f1259faf79362598877363e11	9b87fdc9af2fbfcdb5c24a64139685ef80f6573f	drivers/comedi/drivers/ni_660x.c
55304037aa814c8acc9918fbcc9d7d04bf302a0f	9b87fdc9af2fbfcdb5c24a64139685ef80f6573f	Documentation/networking/tcp_ao.rst
556937e1790ee9a88181cb2edc3bc7c94e0cda41	9b87fdc9af2fbfcdb5c24a64139685ef80f6573f	arch/arm/include/asm/pgtable-2level-hwdef.h
55acf0ecfa3fddb82d9a31c07de406bad4004795	9b87fdc9af2fbfcdb5c24a64139685ef80f6573f	Documentation/devicetree/bindings/fpga/fpga-region.yaml
55ca3fcd37e860e7b625377794c569945a3ad0c8	9b87fdc9af2fbfcdb5c24a64139685ef80f6573f	arch/arm/kernel/module.c
55d6431c829116e8279cd8d9a9833029e54a515d	9b87fdc9af2fbfcdb5c24a64139685ef80f6573f	sound/pci/echoaudio/indigoio_dsp.c
55ece7fd0d99ae1d712ffb3bcaba1db7e80ebde7	9b87fdc9af2fbfcdb5c24a64139685ef80f6573f	drivers/dma/ti/omap-dma.c
5603f2e7807db562ac1bec2eff0c41bfb4af3727	9b87fdc9af2fbfcdb5c24a64139685ef80f6573f	Documentation/devicetree/bindings/i3c/i3c.yaml
56e00252bff84c3eae15f4cd91e636e431999a9c	9b87fdc9af2fbfcdb5c24a64139685ef80f6573f	drivers/gpu/drm/amd/include/asic_reg/gc/gc_11_0_3_offset.h
56ff3c50cd29f5cece4756eec339c06e8648713e	9b87fdc9af2fbfcdb5c24a64139685ef80f6573f	drivers/video/fbdev/savage/savagefb_driver.c
573813ef5e77a00050a7b4fa5802f276bc0c4958	9b87fdc9af2fbfcdb5c24a64139685ef80f6573f	arch/arm/Makefile
573e39489a2799491039de92b833d46a8e91f69e	9b87fdc9af2fbfcdb5c24a64139685ef80f6573f	drivers/gpu/drm/etnaviv/state.xml.h
5754cd40556281773485c40b5d2b387f455a2815	9b87fdc9af2fbfcdb5c24a64139685ef80f6573f	arch/x86/events/intel/pt.c
578fd0d49f30668e2a2de9c8561fab5f43e7b81a	9b87fdc9af2fbfcdb5c24a64139685ef80f6573f	arch/sparc/kernel/time_32.c
579a1c7df200ee29eed70499a247597ad63f8302	9b87fdc9af2fbfcdb5c24a64139685ef80f6573f	Documentation/i2c/summary.rst
579fc8f1eaed6dfedf2732a02766d15dadab6ad6	9b87fdc9af2fbfcdb5c24a64139685ef80f6573f	arch/mips/alchemy/devboards/db1550.c
57e887ff24bc8c6fd7c3bff6a0f1a17492935ccf	9b87fdc9af2fbfcdb5c24a64139685ef80f6573f	Documentation/core-api/printk-formats.rst
57eff26fa646a4c818a60ed85fe12950eaee0d77	9b87fdc9af2fbfcdb5c24a64139685ef80f6573f	kernel/irq/manage.c
58115831362f917c0029b31a772eb3d0e6822227	9b87fdc9af2fbfcdb5c24a64139685ef80f6573f	drivers/scsi/arm/msgqueue.c
581f80e9b9b730041f5653080b8cc0f7b37e4b75	9b87fdc9af2fbfcdb5c24a64139685ef80f6573f	arch/arm64/kernel/process.c
58200de8a221a6c6a9830b31840d39e8d0f0b418	9b87fdc9af2fbfcdb5c24a64139685ef80f6573f	arch/arm64/include/asm/page.h
58232ae6cfae3e4c26aa96afd09eb3adb378184e	9b87fdc9af2fbfcdb5c24a64139685ef80f6573f	arch/mips/kernel/r4k_switch.S
585dd51be2014626425b4f9108b688574e081d46	9b87fdc9af2fbfcdb5c24a64139685ef80f6573f	drivers/net/ethernet/seeq/ether3.h
58c624513cd430db52ba312e2fff40de1ed3e35f	9b87fdc9af2fbfcdb5c24a64139685ef80f6573f	drivers/iommu/dma-iommu.c
58fed80c7392a02c317011365c9ce3165412bf3d	9b87fdc9af2fbfcdb5c24a64139685ef80f6573f	drivers/gpu/drm/gma500/Makefile
5916b88d4c94140606e71169346e2601f9e16e24	9b87fdc9af2fbfcdb5c24a64139685ef80f6573f	arch/arm/include/asm/pci.h
593297ca2b204106286c36c7a9358188559ee0d2	9b87fdc9af2fbfcdb5c24a64139685ef80f6573f	drivers/video/fbdev/riva/rivafb.h
5933ae04a6aa5459115013aaa712d5e4d71cec86	9b87fdc9af2fbfcdb5c24a64139685ef80f6573f	drivers/gpu/drm/gma500/intel_gmbus.c
5974e37b3d2029eab0eb92a45818cf5f976e0690	9b87fdc9af2fbfcdb5c24a64139685ef80f6573f	Documentation/arch/arm/booting.rst
59a074ed312a5365ff10fa23bea92c871df90047	9b87fdc9af2fbfcdb5c24a64139685ef80f6573f	drivers/net/ethernet/amd/xgbe/xgbe-phy-v2.c
59d9eabc8b6744a439aeed3114164c5203341a6c	9b87fdc9af2fbfcdb5c24a64139685ef80f6573f	drivers/dma/virt-dma.h
59e9321815c883dec0d97c62b70b34e41bca4c70	9b87fdc9af2fbfcdb5c24a64139685ef80f6573f	drivers/scsi/aic7xxx/aic79xx.h
59ec465a9df982313f5ebdebd851cbd058aa39fe	9b87fdc9af2fbfcdb5c24a64139685ef80f6573f	net/ipv4/netfilter/nf_reject_ipv4.c
59f1ba4d49bc10b9aa88ce5aab4ba7537d14601e	9b87fdc9af2fbfcdb5c24a64139685ef80f6573f	drivers/net/phy/swphy.c
5a0ce145c44abacceea3983e99d957d27b4edcae	9b87fdc9af2fbfcdb5c24a64139685ef80f6573f	arch/arm/include/debug/asm9260.S
5a58cc13229ef90a608c447be516bffa13a1f2f0	9b87fdc9af2fbfcdb5c24a64139685ef80f6573f	arch/m68k/Kconfig.cpu
5a61321760861d966858023cb37b36933766460d	9b87fdc9af2fbfcdb5c24a64139685ef80f6573f	drivers/gpu/drm/gma500/oaktrail_hdmi.c
5a8a8f41d566d69dfeab71c7db1345a1723be619	9b87fdc9af2fbfcdb5c24a64139685ef80f6573f	Documentation/translations/pt_BR/process/kernel-driver-statement.rst
5a9742fd3ddfbcb88ee1e56d9cd4725a9735d001	9b87fdc9af2fbfcdb5c24a64139685ef80f6573f	drivers/net/ethernet/broadcom/bnx2x/bnx2x_cmn.c
5ac52dfce73006660710a6fea5c761745b41ca49	9b87fdc9af2fbfcdb5c24a64139685ef80f6573f	lib/find_bit.c
5afb725998ec0ae250c3a5d79c062e7178504563	9b87fdc9af2fbfcdb5c24a64139685ef80f6573f	arch/arm/kernel/vmlinux-xip.lds.S
5b00c1e1eec6c1c451b1ac658d2493d68068b259	9b87fdc9af2fbfcdb5c24a64139685ef80f6573f	drivers/net/wireless/realtek/rtw88/pci.c
5b318d17aa4b4474cd505031eba4a8165604e2d4	9b87fdc9af2fbfcdb5c24a64139685ef80f6573f	Documentation/admin-guide/sysctl/vm.rst
5b37487d9d11fa30e064ea05aae2f080ec7aa483	9b87fdc9af2fbfcdb5c24a64139685ef80f6573f	net/netfilter/nf_nat_redirect.c
5b41d18b62d31cc74133893989cfb04ccf863d64	9b87fdc9af2fbfcdb5c24a64139685ef80f6573f	drivers/i2c/busses/i2c-amd-mp2-pci.c
5b479f5e62ffc63a40d3a652473af27dc063f22d	9b87fdc9af2fbfcdb5c24a64139685ef80f6573f	tools/perf/Documentation/perf-script-perl.txt
5b70ca868bb1907165cc68b364534849a3a37f0c	9b87fdc9af2fbfcdb5c24a64139685ef80f6573f	include/linux/netfilter_ipv4.h
5bf84c6d0ec362b79b22ae75589c20e679692c3d	9b87fdc9af2fbfcdb5c24a64139685ef80f6573f	drivers/gpu/drm/amd/include/asic_reg/gc/gc_9_0_default.h
5c73497221259e8ba7c837c8cfc4af4d3eba54cc	9b87fdc9af2fbfcdb5c24a64139685ef80f6573f	drivers/video/fbdev/cyber2000fb.c
5caaa714f448541b54301d4c76af985e76bd80bc	9b87fdc9af2fbfcdb5c24a64139685ef80f6573f	drivers/rtc/rtc-pl030.c
5ce45b6d890f666c15f78956d78d5551805be99e	9b87fdc9af2fbfcdb5c24a64139685ef80f6573f	include/linux/netfilter_ipv6.h
5cf6fcca602ce9816ca86417d2be94cec91cecec	9b87fdc9af2fbfcdb5c24a64139685ef80f6573f	arch/arm/mach-omap1/ams-delta-fiq-handler.S
5d187e063da864e31f7ded59b806a41cda8a182d	9b87fdc9af2fbfcdb5c24a64139685ef80f6573f	drivers/mmc/core/queue.c
5d20ad93b0c544f3929d0a66e41e475980d36359	9b87fdc9af2fbfcdb5c24a64139685ef80f6573f	arch/arm64/boot/dts/qcom/sm7225-fairphone-fp4.dts
5d367dfca0b8723155ece54a24878d7f0747941f	9b87fdc9af2fbfcdb5c24a64139685ef80f6573f	Documentation/hid/hidintro.rst
5d703888f35110d2a7a15ec1836bffcffae3c8bb	9b87fdc9af2fbfcdb5c24a64139685ef80f6573f	arch/arm64/include/uapi/asm/setup.h
5d7fe3e153c850575fc1344bbe238ed335253d42	9b87fdc9af2fbfcdb5c24a64139685ef80f6573f	arch/arm64/include/asm/thread_info.h
5d9ea142e5dd7b19cf3c4e195786998c922ffa06	9b87fdc9af2fbfcdb5c24a64139685ef80f6573f	drivers/infiniband/ulp/rtrs/README
5db1a8ee3d9fb94416e2dae5e744de507f2659d9	9b87fdc9af2fbfcdb5c24a64139685ef80f6573f	arch/arm/lib/copy_page.S
5db1bff6b23df43ad7d5055ba356aeb5fc03441d	9b87fdc9af2fbfcdb5c24a64139685ef80f6573f	arch/powerpc/boot/dts/canyonlands.dts
5e006212fea0d5d4fd17db82314cefadbb8caeca	9b87fdc9af2fbfcdb5c24a64139685ef80f6573f	drivers/gpu/drm/armada/armada_crtc.c
5e361742a11adba0fe3381e4d52d261b6da6789b	9b87fdc9af2fbfcdb5c24a64139685ef80f6573f	drivers/gpio/gpio-sch.c
5e606730cec633cea4dd3877727e352a25a5fc02	9b87fdc9af2fbfcdb5c24a64139685ef80f6573f	Documentation/trace/kprobes.rst
5e83ffa105e41443a9a6127739c7c8a1079cfe5c	9b87fdc9af2fbfcdb5c24a64139685ef80f6573f	drivers/char/hw_random/virtio-rng.c
5e87247d1e8bf46eabe27015d5921df2a8d0f94b	9b87fdc9af2fbfcdb5c24a64139685ef80f6573f	arch/arm/lib/strrchr.S
5e88fd44812de1a5f4a2d0bdde6b7e54bc95b716	9b87fdc9af2fbfcdb5c24a64139685ef80f6573f	drivers/dma/amba-pl08x.c
5eb02394fcc3a1e58d2c48297060734fad60863f	9b87fdc9af2fbfcdb5c24a64139685ef80f6573f	Documentation/filesystems/autofs.rst
5ebb7233076f75b9ea6395952d3b52ae1cef45d8	9b87fdc9af2fbfcdb5c24a64139685ef80f6573f	drivers/xen/xenbus/xenbus_probe_backend.c
5ec11d7f0d0453ee5d4b548f1a661c2097d193ae	9b87fdc9af2fbfcdb5c24a64139685ef80f6573f	arch/arm/include/asm/mach/dma.h
5ee59be01850b389a2eceef3377512f1f748bc40	9b87fdc9af2fbfcdb5c24a64139685ef80f6573f	drivers/video/fbdev/riva/rivafb-i2c.c
5f0daa25b86da9e3b54415f6e184189e223344c5	9b87fdc9af2fbfcdb5c24a64139685ef80f6573f	drivers/gpu/drm/gma500/opregion.c
5f0e1407917a705b780cd94001838bcb5155e552	9b87fdc9af2fbfcdb5c24a64139685ef80f6573f	include/linux/spi/spi_gpio.h
5f8d65868e0ff558c163421cfea5a6f3bd73a53e	9b87fdc9af2fbfcdb5c24a64139685ef80f6573f	include/linux/phy.h
5f966a874a3c02160054882728050b306bf7f159	9b87fdc9af2fbfcdb5c24a64139685ef80f6573f	Documentation/userspace-api/media/drivers/omap3isp-uapi.rst
5fad41b1ab58d40bd28a0ecff1e75fdd5f515687	9b87fdc9af2fbfcdb5c24a64139685ef80f6573f	drivers/scsi/aic7xxx/aic79xx_pci.c
5ff4922825d913976e33c9215cdd93cdcd82a546	9b87fdc9af2fbfcdb5c24a64139685ef80f6573f	drivers/platform/x86/intel/pmc/lnl.c
600e79744d68cdaaa2e90e2c8fc6dbd6cdebf2b3	9b87fdc9af2fbfcdb5c24a64139685ef80f6573f	drivers/gpu/drm/gma500/psb_intel_sdvo_regs.h
606ac071cb8039f36e668e74228a4a51e7245414	9b87fdc9af2fbfcdb5c24a64139685ef80f6573f	drivers/i2c/busses/i2c-cht-wc.c
609bda730b3a89cb73f1b7e46776f80e4af1dace	9b87fdc9af2fbfcdb5c24a64139685ef80f6573f	drivers/scsi/ibmvscsi/ibmvscsi.c
60d819d7d0435a284c73826889d19c29cb41cd99	9b87fdc9af2fbfcdb5c24a64139685ef80f6573f	Documentation/mm/active_mm.rst
60e446ba8f523e22053b9a5d14a39282f9be6a25	9b87fdc9af2fbfcdb5c24a64139685ef80f6573f	arch/arm/boot/dts/nxp/imx/imx6qdl-solidsense.dtsi
612ab07d4100fe2778d1514112203f76f2d63428	9b87fdc9af2fbfcdb5c24a64139685ef80f6573f	arch/x86/kvm/vmx/vmx.c
613fd767afcf68505e1ef0d2567b3a368791243f	9b87fdc9af2fbfcdb5c24a64139685ef80f6573f	arch/arm/mach-sa1100/ssp.c
61480d096054d32d41dd8f56ec31a4ce62a213a2	9b87fdc9af2fbfcdb5c24a64139685ef80f6573f	arch/arm/include/asm/pgtable-nommu.h
6191d244438abb64cba8e4aada9a1cc876b3f039	9b87fdc9af2fbfcdb5c24a64139685ef80f6573f	arch/arm/mach-omap2/iomap.h
6199fce51e205b4871bfc01e602f7106a23c4439	9b87fdc9af2fbfcdb5c24a64139685ef80f6573f	drivers/gpu/drm/amd/include/asic_reg/gc/gc_9_2_1_sh_mask.h
61a9a84e0c3a18107941131f435373dd912c3ce7	9b87fdc9af2fbfcdb5c24a64139685ef80f6573f	drivers/gpu/drm/amd/include/asic_reg/smu/smu_7_0_1_sh_mask.h
61b7317bcf2ebb11b71ef6b1daddaebfe72bda8c	9b87fdc9af2fbfcdb5c24a64139685ef80f6573f	Documentation/memory-barriers.txt
61db6932a9d201a95121a54db2a96d01699da7c1	9b87fdc9af2fbfcdb5c24a64139685ef80f6573f	drivers/xen/xenbus/xenbus_dev_frontend.c
621cb9575c8f7d8d80a75548927010831434bb50	9b87fdc9af2fbfcdb5c24a64139685ef80f6573f	Documentation/networking/bareudp.rst
62274d377b3aaa5f61b6749dae0f07dd62e408e4	9b87fdc9af2fbfcdb5c24a64139685ef80f6573f	drivers/xen/xenbus/xenbus_xs.c
625604019fb3215350c8b3ecaac8d4b614885f88	9b87fdc9af2fbfcdb5c24a64139685ef80f6573f	arch/arm64/kvm/emulate-nested.c
63004ece94f9333eaacdeb9ed2fb7298743d2e45	9b87fdc9af2fbfcdb5c24a64139685ef80f6573f	sound/aoa/soundbus/i2sbus/pcm.c
630eb32a88549677c723d047737e7204d8ed15fa	9b87fdc9af2fbfcdb5c24a64139685ef80f6573f	Documentation/translations/zh_CN/arch/arm64/booting.txt
63105b29fbf5404f624eaabd3de54834fbff2f2d	9b87fdc9af2fbfcdb5c24a64139685ef80f6573f	arch/x86/pci/common.c
6337da5cab9e7e8b1ae1c504c4e272da15ce1c4e	9b87fdc9af2fbfcdb5c24a64139685ef80f6573f	kernel/kprobes.c
63774ae2bf71d266e1403501ecbff2ec829bb7d9	9b87fdc9af2fbfcdb5c24a64139685ef80f6573f	include/linux/pci_ids.h
63ba6611fdff8a6e39485b824004b5bca4135d50	9b87fdc9af2fbfcdb5c24a64139685ef80f6573f	Documentation/networking/mac80211-injection.rst
63fcb7a7619abd75b8d60e1158ec252b81858dd2	9b87fdc9af2fbfcdb5c24a64139685ef80f6573f	arch/arm/boot/dts/aspeed/aspeed-bmc-ibm-balcones.dts
641d09a6546be8a02fe67324d94f0cb0c62f9825	9b87fdc9af2fbfcdb5c24a64139685ef80f6573f	Documentation/power/suspend-and-cpuhotplug.rst
645d10bfbc79e639f53e344578028d5999069041	9b87fdc9af2fbfcdb5c24a64139685ef80f6573f	drivers/gpu/drm/amd/include/asic_reg/gc/gc_12_0_0_offset.h
649dbab65d8d0e3735a8c395a3bd85edeb0ac81c	9b87fdc9af2fbfcdb5c24a64139685ef80f6573f	arch/arm/lib/testsetbit.S
64b9bac228eae8e805a95fff422cec27818ec1ea	9b87fdc9af2fbfcdb5c24a64139685ef80f6573f	net/netfilter/nf_nat_proto.c
64bd779593003b07b7a6fa94558049a9d7f5e2b4	9b87fdc9af2fbfcdb5c24a64139685ef80f6573f	Documentation/arch/arm/mem_alignment.rst
650e793f41429fee82eea5d64779666be7f8e8a2	9b87fdc9af2fbfcdb5c24a64139685ef80f6573f	arch/arm/include/asm/pgtable-2level-types.h
65255f576f268e29a8ce16bd5922b7e69ac66888	9b87fdc9af2fbfcdb5c24a64139685ef80f6573f	Documentation/devicetree/bindings/media/fsl,imx6-mipi-csi2.yaml
652dfbe64102c349e08dab9fdc045adea772c2e6	9b87fdc9af2fbfcdb5c24a64139685ef80f6573f	Documentation/process/maintainer-pgp-guide.rst
6547c0aee45b7781eb82f13faadfae002fd14161	9b87fdc9af2fbfcdb5c24a64139685ef80f6573f	tools/arch/x86/include/asm/cpufeatures.h
658e88a8e2ac9ad69792815e85dccc2d7c7530f4	9b87fdc9af2fbfcdb5c24a64139685ef80f6573f	drivers/gpu/drm/amd/include/asic_reg/gc/gc_11_0_3_sh_mask.h
65a2d92bb1124c60a7070ebcfddbdd4f62f55e8a	9b87fdc9af2fbfcdb5c24a64139685ef80f6573f	drivers/iio/adc/max1363.c
65b550a6fc32982e03dd54e41b6ea8ec14941cc2	9b87fdc9af2fbfcdb5c24a64139685ef80f6573f	include/linux/mdio/mdio-i2c.h
65d91c3ce3139cf8eacf35b5c8313b5149839283	9b87fdc9af2fbfcdb5c24a64139685ef80f6573f	arch/loongarch/include/asm/kvm_host.h
65ecf48ddf2439436324d95f5e02f3c030561176	9b87fdc9af2fbfcdb5c24a64139685ef80f6573f	Documentation/admin-guide/media/tuner-cardlist.rst
66270904f874a4ff50282f9e70fbece45f00c3ec	9b87fdc9af2fbfcdb5c24a64139685ef80f6573f	arch/arm/mm/flush.c
6698b83050dc2c4f1a1b3b34ec67287f97e2c4c1	9b87fdc9af2fbfcdb5c24a64139685ef80f6573f	arch/arm/mach-rpc/floppydma.S
669b357b73b2d7746e4856afdc8187cbaa4f9a6d	9b87fdc9af2fbfcdb5c24a64139685ef80f6573f	net/core/ieee8021q_helpers.c
66a06cf3cdf3f9751e9baa3ae722cc0376bcdd7c	9b87fdc9af2fbfcdb5c24a64139685ef80f6573f	arch/arm/boot/dts/nxp/imx/imx6dl-hummingboard-som-v15.dts
66d2325bfae8736f8c7f3cfccfc3d7c0f50e074e	9b87fdc9af2fbfcdb5c24a64139685ef80f6573f	drivers/gpio/gpiolib.c
66ecad4667c96efaf8fcea9cdee61796ade0bf7c	9b87fdc9af2fbfcdb5c24a64139685ef80f6573f	include/linux/mfd/ucb1x00.h
6723df9b65d9b7367dda9576d892ea08a89891e0	9b87fdc9af2fbfcdb5c24a64139685ef80f6573f	drivers/net/ethernet/cirrus/mac89x0.c
672d7da1071d316f77e871c41847d8425555ce88	9b87fdc9af2fbfcdb5c24a64139685ef80f6573f	net/ipv4/netfilter/iptable_filter.c
675c385e5aca6bc28a2e54da2faf7fb3383fcdf7	9b87fdc9af2fbfcdb5c24a64139685ef80f6573f	Documentation/userspace-api/media/v4l/vidioc-g-fmt.rst
6774029e0a1a03614f291ee110954750e25647ce	9b87fdc9af2fbfcdb5c24a64139685ef80f6573f	drivers/input/mouse/rpcmouse.c
678202442fd3738b47df11cbd8bc1a967a697277	9b87fdc9af2fbfcdb5c24a64139685ef80f6573f	block/partitions/atari.h
6789773b22fbe38f0d9c04bb211ae026d348cb32	9b87fdc9af2fbfcdb5c24a64139685ef80f6573f	drivers/video/fbdev/clps711x-fb.c
67cb66f6f5ed6db953b4b57eece44e38da5da003	9b87fdc9af2fbfcdb5c24a64139685ef80f6573f	include/linux/ssb/ssb.h
682a8cc63f0b022bbddc6694c10985dbe23fde5f	9b87fdc9af2fbfcdb5c24a64139685ef80f6573f	sound/pci/echoaudio/echoaudio_gml.c
6845c114e472a05cbba13385112fd96945629836	9b87fdc9af2fbfcdb5c24a64139685ef80f6573f	Documentation/i2c/i2c-address-translators.rst
6869f1061528cd072cf1dffed4aae8f4b08792cb	9b87fdc9af2fbfcdb5c24a64139685ef80f6573f	include/asm-generic/pci.h
68a4c34b5987d5d28ab6a4a634646de7e956fad5	9b87fdc9af2fbfcdb5c24a64139685ef80f6573f	drivers/i2c/i2c-mux.c
6941064730dc80e2ec60d8fcd2ab76d3a8a70f94	9b87fdc9af2fbfcdb5c24a64139685ef80f6573f	Documentation/i2c/busses/i2c-ali1535.rst
6971595319c1ecf68f885709b7b5c35baf3407e7	9b87fdc9af2fbfcdb5c24a64139685ef80f6573f	arch/powerpc/boot/dts/bluestone.dts
698f60aa9756533c957b3dccb0af3a68c87810fe	9b87fdc9af2fbfcdb5c24a64139685ef80f6573f	drivers/mfd/ucb1x00-assabet.c
69e5e43532a448aa6273f3df79f53145784ccc05	9b87fdc9af2fbfcdb5c24a64139685ef80f6573f	drivers/mtd/nand/raw/gpio.c
6a3dc167d30ed16210a7b8dc0396c911393d04e4	9b87fdc9af2fbfcdb5c24a64139685ef80f6573f	tools/lib/find_bit.c
6a930d7e6a5cb17c6998fd7ba5b310d65df447a8	9b87fdc9af2fbfcdb5c24a64139685ef80f6573f	drivers/cpufreq/powernow-k7.c
6ae8b9a294feef573183b201b37fd785b6f4d875	9b87fdc9af2fbfcdb5c24a64139685ef80f6573f	drivers/rtc/rtc-ds1742.c
6b005c8fef70664b86d031a6197bc00492c95f4e	9b87fdc9af2fbfcdb5c24a64139685ef80f6573f	arch/arm64/Makefile
6b5392e20f41134866ed0752ffb95c0991bb2b56	9b87fdc9af2fbfcdb5c24a64139685ef80f6573f	arch/arm/include/asm/pgtable-2level.h
6b6b9e6d631f537028b95361b3320999de8985de	9b87fdc9af2fbfcdb5c24a64139685ef80f6573f	arch/alpha/kernel/core_titan.c
6b737360a532a3a0fe61b05ce733645c01d566ee	9b87fdc9af2fbfcdb5c24a64139685ef80f6573f	arch/arm/boot/dts/nxp/imx/imx6qdl-hummingboard.dtsi
6bce5a4798e2fdcd098b4133d5819cfc64885e48	9b87fdc9af2fbfcdb5c24a64139685ef80f6573f	drivers/mmc/core/host.h
6bdfb4a47322066e0e344b97229abd03077571a3	9b87fdc9af2fbfcdb5c24a64139685ef80f6573f	arch/arm/include/asm/fiq.h
6bf11ad5d6ba96f4d5db5450f2fe3528c6b71c11	9b87fdc9af2fbfcdb5c24a64139685ef80f6573f	arch/arm/include/uapi/asm/posix_types.h
6bfdeff5fe222a4b58e278db7135120facefc10b	9b87fdc9af2fbfcdb5c24a64139685ef80f6573f	drivers/tty/serial/8250/8250_pnp.c
6c41b270560e19b3edcb85e1ffef6f226fde3c3b	9b87fdc9af2fbfcdb5c24a64139685ef80f6573f	arch/arm/boot/compressed/misc.c
6c748836754bf4c846393afaafc8f0225c94c28e	9b87fdc9af2fbfcdb5c24a64139685ef80f6573f	drivers/sbus/char/bbc_i2c.h
6cc4ded3cc2398642210cd9689f91571dc886714	9b87fdc9af2fbfcdb5c24a64139685ef80f6573f	Documentation/networking/dsa/configuration.rst
6d29d2e1fa7c30aa4b36882739aee83385455ca2	9b87fdc9af2fbfcdb5c24a64139685ef80f6573f	drivers/net/ethernet/natsemi/jazzsonic.c
6d2f66810cdc57ce2b10054afb72bc2c6ff3471f	9b87fdc9af2fbfcdb5c24a64139685ef80f6573f	drivers/i2c/muxes/Kconfig
6d80d464ab6e7cfbf6509ca4dd739be69e9010ad	9b87fdc9af2fbfcdb5c24a64139685ef80f6573f	Documentation/security/SCTP.rst
6d8ae2a6a8caf28db4e36a24bf24c4914121fb4e	9b87fdc9af2fbfcdb5c24a64139685ef80f6573f	drivers/virtio/virtio_pci_modern.c
6dabb227a73218d7ea3c8ec9804e287d5af508c7	9b87fdc9af2fbfcdb5c24a64139685ef80f6573f	arch/loongarch/kvm/vm.c
6dd0190b4843b42fbafb925381e8c3f6d4e695ae	9b87fdc9af2fbfcdb5c24a64139685ef80f6573f	drivers/tty/serial/8250/8250_pxa.c
6de26d1c6a9ad54367cdcc3e37120776e0d0aa76	9b87fdc9af2fbfcdb5c24a64139685ef80f6573f	Documentation/core-api/cpu_hotplug.rst
6dece8f0e380f7a447d582d6f914caa8d3d3704a	9b87fdc9af2fbfcdb5c24a64139685ef80f6573f	drivers/gpu/drm/gma500/psb_device.c
6dfbcacd9ba09013623fb063e4807261d0147c00	9b87fdc9af2fbfcdb5c24a64139685ef80f6573f	arch/arm64/include/asm/processor.h
6e248855a54900a9938b7d80f5add1397b605e57	9b87fdc9af2fbfcdb5c24a64139685ef80f6573f	drivers/edac/sb_edac.c
6eb311fb2da06fa393f8be7caec8d997637a88b2	9b87fdc9af2fbfcdb5c24a64139685ef80f6573f	arch/arm/include/asm/ptrace.h
6ed2a8351902fe8a7343af526cfadc596bc80338	9b87fdc9af2fbfcdb5c24a64139685ef80f6573f	include/crypto/gf128mul.h
6ed4695cacf7eb59d76d12bec1f3f670f96a0321	9b87fdc9af2fbfcdb5c24a64139685ef80f6573f	Documentation/devicetree/bindings/media/video-interfaces.yaml
6edd27fcd04837776b246153165c7833bd1311d8	9b87fdc9af2fbfcdb5c24a64139685ef80f6573f	arch/arm/include/asm/hardware/ioc.h
6f0354aba38b33190f243c651e60a17c761f6b61	9b87fdc9af2fbfcdb5c24a64139685ef80f6573f	drivers/usb/core/devices.c
6f0c67885392aa34a140b2cbaaaffa9aa31252d9	9b87fdc9af2fbfcdb5c24a64139685ef80f6573f	Documentation/driver-api/usb/gadget.rst
6f13f46ce6e6f8af798d56f1642bf144e0271205	9b87fdc9af2fbfcdb5c24a64139685ef80f6573f	drivers/input/touchscreen/wm9713.c
6f17e2fa1a28ef519476cdfd9a278721e78b5ecd	9b87fdc9af2fbfcdb5c24a64139685ef80f6573f	drivers/power/supply/da9052-battery.c
6f197706f9797a947a9893f9315c1ad72c0d9fc6	9b87fdc9af2fbfcdb5c24a64139685ef80f6573f	arch/arm/mach-rpc/include/mach/hardware.h
6f3b7273cb160e1149b0644a7ec92723e29b1728	9b87fdc9af2fbfcdb5c24a64139685ef80f6573f	net/sched/sch_qfq.c
6f444d0822d8208d7a3078e51c5f1ca407c28f0a	9b87fdc9af2fbfcdb5c24a64139685ef80f6573f	arch/powerpc/kernel/pci-hotplug.c
6f552ae36219a34eabeb748da5def40eccc5704a	9b87fdc9af2fbfcdb5c24a64139685ef80f6573f	drivers/video/fbdev/pm3fb.c
6fb81b42ea6174d7c5519b0f5875ab5d00614ee6	9b87fdc9af2fbfcdb5c24a64139685ef80f6573f	tools/power/cpupower/debug/i386/dump_psb.c
7014ccc638fc7bb1abd7397c67ffbfc6b8c6e5f7	9b87fdc9af2fbfcdb5c24a64139685ef80f6573f	include/linux/timex.h
70533fdcbf02c9a6fce1dedfd80694a5a5e9d837	9b87fdc9af2fbfcdb5c24a64139685ef80f6573f	arch/x86/include/asm/pci_x86.h
70d6d5f06bdca92c6a6d3ca2ae4b92a738ab71fb	9b87fdc9af2fbfcdb5c24a64139685ef80f6573f	scripts/dtc/dt_to_config
70f056e47e6bd3bb35272e84ad833659eb6887cf	9b87fdc9af2fbfcdb5c24a64139685ef80f6573f	drivers/ata/pata_icside.c
710d93ec89b5334a4d95065ec0fee262b3befa3f	9b87fdc9af2fbfcdb5c24a64139685ef80f6573f	drivers/cpufreq/cpufreq_governor.c
714440fa2fc6ea846dbbc571050ccb2f4a5fdb75	9b87fdc9af2fbfcdb5c24a64139685ef80f6573f	arch/arm/include/asm/bitops.h
71714ea390d9ac94a2ff72ee48c44c9095cdc925	9b87fdc9af2fbfcdb5c24a64139685ef80f6573f	drivers/scsi/lpfc/lpfc_nvme.c
71b4b45c350555be89fcb60afe76d024809b39ea	9b87fdc9af2fbfcdb5c24a64139685ef80f6573f	Documentation/mm/hwpoison.rst
71f482581cab4c316ed2ddd2a4eedb6771b11c37	9b87fdc9af2fbfcdb5c24a64139685ef80f6573f	kernel/extable.c
723e3eae995d70cfc80d85a2f44969c295b87b2d	9b87fdc9af2fbfcdb5c24a64139685ef80f6573f	arch/arm/mach-footbridge/isa-timer.c
728231d8f94cab620274f3052c53c7a5813cf62d	9b87fdc9af2fbfcdb5c24a64139685ef80f6573f	drivers/net/dsa/realtek/rtl8365mb_main.c
728a5610d16755f4399abe4b72a55e993ea32f11	9b87fdc9af2fbfcdb5c24a64139685ef80f6573f	arch/powerpc/platforms/powernv/pci-ioda.c
72d176790308454a61b7978c753ca8bd629bb756	9b87fdc9af2fbfcdb5c24a64139685ef80f6573f	arch/arm/include/asm/hardware/ssp.h
72f286e747863bc3e79bec3bbfa29d24214a81ed	9b87fdc9af2fbfcdb5c24a64139685ef80f6573f	arch/powerpc/include/asm/pci.h
73363ceedebe3ade4d0d20ecc34ed4312900db5b	9b87fdc9af2fbfcdb5c24a64139685ef80f6573f	net/netfilter/nf_queue.c
73b8ed7cfaae76f91d1197f536eb67e46b83a76d	9b87fdc9af2fbfcdb5c24a64139685ef80f6573f	drivers/cpufreq/cpufreq_governor.h
7454480d084b2ec63a9ee0547eb94fa1aec56bd7	9b87fdc9af2fbfcdb5c24a64139685ef80f6573f	arch/arm/include/debug/tegra.S
748fc210c13579635698f4d87f4ed4d68bb0d871	9b87fdc9af2fbfcdb5c24a64139685ef80f6573f	drivers/fpga/Kconfig
74a178a87e758193c0bc47b31594078075f05ac7	9b87fdc9af2fbfcdb5c24a64139685ef80f6573f	mm/execmem.c
74b1d018124c3a75c7318929a0a6d102f11acff3	9b87fdc9af2fbfcdb5c24a64139685ef80f6573f	arch/alpha/kernel/core_mcpcia.c
74d31f260dfd889e66a1f55c5bcc47a3657d101f	9b87fdc9af2fbfcdb5c24a64139685ef80f6573f	arch/loongarch/kernel/cpu-probe.c
74d5b7c6431d1a5ef0bdb8d388ec9c02bb5804b6	9b87fdc9af2fbfcdb5c24a64139685ef80f6573f	Documentation/scheduler/sched-util-clamp.rst
751bd57bc3bac59490eecbb45f77202747c49297	9b87fdc9af2fbfcdb5c24a64139685ef80f6573f	arch/arm64/include/asm/tlb.h
752b20b16dc329eb88384fd3303b03ab7d5927b4	9b87fdc9af2fbfcdb5c24a64139685ef80f6573f	include/linux/mfd/da9052/reg.h
75374c64b8cc78bb4d01fa4c64254c7d7cd80e8f	9b87fdc9af2fbfcdb5c24a64139685ef80f6573f	scripts/mod/modpost.c
755064804cb2103590d94fcad52fc36cf0f1f5f1	9b87fdc9af2fbfcdb5c24a64139685ef80f6573f	drivers/i2c/busses/i2c-rcar.c
757ff9408250aca2e40f8f73c1b405784ed4d249	9b87fdc9af2fbfcdb5c24a64139685ef80f6573f	drivers/gpu/drm/gma500/cdv_intel_hdmi.c
75c3e463df2ef29076e1f207211898fbe4c48703	9b87fdc9af2fbfcdb5c24a64139685ef80f6573f	arch/arm64/mm/fault.c
7648f69824a5d4c5b2edf381b30c56524c4cf9c6	9b87fdc9af2fbfcdb5c24a64139685ef80f6573f	drivers/gpu/drm/gma500/psb_irq.h
7677329c42a647c6824307a8eed7b695bd9d9105	9b87fdc9af2fbfcdb5c24a64139685ef80f6573f	tools/power/cpupower/.gitignore
768a8dae83c52338e243de0ab4a9d0fdbcbeac59	9b87fdc9af2fbfcdb5c24a64139685ef80f6573f	include/drm/drm_device.h
7761099dde9e8aac6139b4081a5e33eba10cfb15	9b87fdc9af2fbfcdb5c24a64139685ef80f6573f	arch/arm/mm/dma-mapping.c
77e6f23c5f526034c6fc732547ed814ce12e15de	9b87fdc9af2fbfcdb5c24a64139685ef80f6573f	arch/powerpc/sysdev/ipic.c
78c54c658fa1e3ab3f0892535fcb0c4d41db03d6	9b87fdc9af2fbfcdb5c24a64139685ef80f6573f	Documentation/i2c/i2c-sysfs.rst
78f47b0ca12521a7eb41cdef13ba2de2b72f55d0	9b87fdc9af2fbfcdb5c24a64139685ef80f6573f	drivers/input/serio/pcips2.c
78fb70e748b7766fb9f8b97adc2542e7bafc35eb	9b87fdc9af2fbfcdb5c24a64139685ef80f6573f	Documentation/networking/msg_zerocopy.rst
78fc2d4218c8082fe3855accf0a4f295a574c604	9b87fdc9af2fbfcdb5c24a64139685ef80f6573f	include/linux/mtd/sh_flctl.h
791dfc5ae907c35ab36eff01344bf9b695231395	9b87fdc9af2fbfcdb5c24a64139685ef80f6573f	include/uapi/linux/netfilter_arp.h
791dfc5ae907c35ab36eff01344bf9b695231395	9b87fdc9af2fbfcdb5c24a64139685ef80f6573f	tools/include/uapi/linux/netfilter_arp.h
7961172a780dd0f84893db1e4cd5982ee5a85278	9b87fdc9af2fbfcdb5c24a64139685ef80f6573f	drivers/dma/virt-dma.c
7968ea52df3d5375f8ce414d465b73bebbf2e862	9b87fdc9af2fbfcdb5c24a64139685ef80f6573f	arch/arm/include/debug/sa1100.S
797cf4971f5d0909ddece39f9c878fdac6ec5b28	9b87fdc9af2fbfcdb5c24a64139685ef80f6573f	drivers/scsi/arm/queue.c
7996fd5cbae6ef59e3ac71bbdd7aceb4cb84e311	9b87fdc9af2fbfcdb5c24a64139685ef80f6573f	drivers/irqchip/irq-aspeed-i2c-ic.c
79d7d7336b6ac7c6396deef706264afc73584b7f	9b87fdc9af2fbfcdb5c24a64139685ef80f6573f	drivers/scsi/arm/acornscsi.c
79d90226fd5dc9022e5bbb9eb0b7c26414f07f87	9b87fdc9af2fbfcdb5c24a64139685ef80f6573f	arch/arm64/mm/mmu.c
7a021da0a32a2d3ff09f1a1d3f2865a1599a6f65	9b87fdc9af2fbfcdb5c24a64139685ef80f6573f	drivers/video/fbdev/imxfb.c
7a032b702498da40ad5ae9a3a3799ab0bd30465f	9b87fdc9af2fbfcdb5c24a64139685ef80f6573f	sound/pci/echoaudio/indigo_express_dsp.c
7a5744bf3155a04b9794d6b18ca0bc5c2f6f4115	9b87fdc9af2fbfcdb5c24a64139685ef80f6573f	sound/pci/echoaudio/echoaudio.h
7a89754842d6903f068ea010c98aa760214a3499	9b87fdc9af2fbfcdb5c24a64139685ef80f6573f	arch/powerpc/include/asm/io.h
7aa71a9aa1bbca4f6dbd327e2728bac54661d2f5	9b87fdc9af2fbfcdb5c24a64139685ef80f6573f	arch/arm/boot/dts/marvell/armada-385-clearfog-gtr.dtsi
7ab3744929d87cb8093cd9b716e852dcc06ce013	9b87fdc9af2fbfcdb5c24a64139685ef80f6573f	tools/memory-model/Documentation/ordering.txt
7ab5e577cd42283b80aac1e7a1962c056564364f	9b87fdc9af2fbfcdb5c24a64139685ef80f6573f	arch/arm/include/debug/s3c24xx.S
7af74b203e399c49e63db6356416cf91fc07167d	9b87fdc9af2fbfcdb5c24a64139685ef80f6573f	arch/arm/boot/dts/nxp/imx/imx6qdl-sr-som.dtsi
7b41b89dd9bd0b0093a13cd09286ab382dd29727	9b87fdc9af2fbfcdb5c24a64139685ef80f6573f	Documentation/arch/arm/arm.rst
7b60a57e9b70507f186c69521e2de59ee24552e0	9b87fdc9af2fbfcdb5c24a64139685ef80f6573f	arch/m68k/include/asm/m528xsim.h
7be9068f6191f557e0b19b11c75b6d24a8262d41	9b87fdc9af2fbfcdb5c24a64139685ef80f6573f	drivers/pcmcia/max1600.c
7be9188d83d988a58980fd2184fb4e06db97af0f	9b87fdc9af2fbfcdb5c24a64139685ef80f6573f	arch/arm/kernel/signal.c
7bfaaad1d0fae4b39f00809f400b73809da08021	9b87fdc9af2fbfcdb5c24a64139685ef80f6573f	drivers/video/fbdev/i810/i810_main.h
7c2fa7dcec6d4bf4002a07558ae59a5c2985df45	9b87fdc9af2fbfcdb5c24a64139685ef80f6573f	arch/arm/include/asm/memory.h
7c496195e44020c1b49793a91bc442d33f9d95dd	9b87fdc9af2fbfcdb5c24a64139685ef80f6573f	arch/arm/mm/proc-sa1100.S
7c70e8bda24e3d26ad5ca571ebd846a9ec4e9daa	9b87fdc9af2fbfcdb5c24a64139685ef80f6573f	drivers/i2c/busses/i2c-ibm_iic.c
7c7c52d9e8e72b478cc290aeae412ea11dbefe44	9b87fdc9af2fbfcdb5c24a64139685ef80f6573f	drivers/mmc/host/mxs-mmc.c
7cbf0b2b778eab80630f0ca399929a22c8a6e2a6	9b87fdc9af2fbfcdb5c24a64139685ef80f6573f	Documentation/filesystems/ext4/blockgroup.rst
7d2a44af52c9328f7ed4a3b845b9757107eeef7a	9b87fdc9af2fbfcdb5c24a64139685ef80f6573f	Documentation/admin-guide/cgroup-v1/memory.rst
7d7175d01228884f669f7cf3d2890a7eea817695	9b87fdc9af2fbfcdb5c24a64139685ef80f6573f	arch/x86/kernel/apic/io_apic.c
7db17d0d8a8cf197994eed1070fdc246e593c9d4	9b87fdc9af2fbfcdb5c24a64139685ef80f6573f	drivers/video/fbdev/i810/i810-i2c.c
7df2407817b35199997fd145b42d5a2096ac8f3c	9b87fdc9af2fbfcdb5c24a64139685ef80f6573f	Documentation/driver-api/media/tx-rx.rst
7e0ebf11af163c90184231686b1e0d9920755d76	9b87fdc9af2fbfcdb5c24a64139685ef80f6573f	drivers/pinctrl/aspeed/pinctrl-aspeed.c
7e14c0d328f1f3f27aa7cb6bf4159fce0df423a4	9b87fdc9af2fbfcdb5c24a64139685ef80f6573f	arch/mips/include/asm/octeon/cvmx-pko-defs.h
7e28c26f5aa451f4aeba1a64069ea7a9e9406f08	9b87fdc9af2fbfcdb5c24a64139685ef80f6573f	arch/arm/mm/copypage-fa.c
7e4257e4b71d1f234e990528665a0a0db76a8fea	9b87fdc9af2fbfcdb5c24a64139685ef80f6573f	drivers/media/radio/radio-gemtek.c
7f59dff43eb549194323a8d490595e5ed24adf9f	9b87fdc9af2fbfcdb5c24a64139685ef80f6573f	Documentation/scsi/scsi_mid_low_api.rst
7fc5156825e49c384b8c480b858337aa61a2402d	9b87fdc9af2fbfcdb5c24a64139685ef80f6573f	net/netfilter/xt_mac.c
7fd5dedf3ac038d6c11cdc9cde196e7df828ed97	9b87fdc9af2fbfcdb5c24a64139685ef80f6573f	drivers/mmc/core/sdio_uart.c
7fe087310c82288fd0b9c2928e5742077757fa66	9b87fdc9af2fbfcdb5c24a64139685ef80f6573f	Documentation/fb/framebuffer.rst
7fe6cffe7d0df8b3c336a17528ff041812ee9d26	9b87fdc9af2fbfcdb5c24a64139685ef80f6573f	kernel/irq/dummychip.c
8020149f5658dcdb22dbcb6057bf968363fabe3a	9b87fdc9af2fbfcdb5c24a64139685ef80f6573f	drivers/usb/serial/garmin_gps.c
80313c13bcdbfb6127ae43eedde460a2703f9e45	9b87fdc9af2fbfcdb5c24a64139685ef80f6573f	arch/arm/boot/dts/nxp/imx/imx6dl-hummingboard2-emmc-som-v15.dts
803b687581527572d4b6762b563c7b4580401f6a	9b87fdc9af2fbfcdb5c24a64139685ef80f6573f	arch/arm64/include/asm/mmu_context.h
809441cedcedc70a5794b519e9dadcf8a26a6058	9b87fdc9af2fbfcdb5c24a64139685ef80f6573f	net/ipv4/netfilter/ip_tables.c
80fa87e2ae2ff52eb188e2312c4fed2507df9425	9b87fdc9af2fbfcdb5c24a64139685ef80f6573f	drivers/video/fbdev/savage/savagefb-i2c.c
8101fe6229d579c6557dbf581e425efad8f40ca0	9b87fdc9af2fbfcdb5c24a64139685ef80f6573f	Documentation/RCU/Design/Requirements/Requirements.rst
812380f30ae36a3264542a8bd3f55ea64a7fbd73	9b87fdc9af2fbfcdb5c24a64139685ef80f6573f	arch/arm/mm/alignment.c
817448e58e7f17d34bb950fcd502e18289c076ed	9b87fdc9af2fbfcdb5c24a64139685ef80f6573f	drivers/net/wireless/broadcom/b43/main.c
8192344d529462b7ee0a926e8650cdb316457961	9b87fdc9af2fbfcdb5c24a64139685ef80f6573f	arch/arm/boot/dts/nxp/imx/imx6qdl-sr-som-ti.dtsi
8214f8ef2da87da4177da0e7febec1c9800a4723	9b87fdc9af2fbfcdb5c24a64139685ef80f6573f	drivers/media/platform/ti/omap3isp/isp.c
823c65ff6c12bc25809b0a8f39ffda95e14d9cc1	9b87fdc9af2fbfcdb5c24a64139685ef80f6573f	drivers/scsi/arm/powertec.c
825356ee3492ec62375f85255009bb51a04317ce	9b87fdc9af2fbfcdb5c24a64139685ef80f6573f	drivers/net/ethernet/natsemi/sonic.c
8256a67ac6542fdbea036bb19c4399b46312b245	9b87fdc9af2fbfcdb5c24a64139685ef80f6573f	arch/arm/mm/tlb-v6.S
82df2da1b880b899f7ac75b13eda7bb23040fcd8	9b87fdc9af2fbfcdb5c24a64139685ef80f6573f	drivers/xen/xenbus/xenbus_comms.c
82e96ac836849cf1be8d200ce7bf1d3b009173ca	9b87fdc9af2fbfcdb5c24a64139685ef80f6573f	arch/arm/kernel/armksyms.c
83085e76486aa802b082685618287d2d23a8c9f2	9b87fdc9af2fbfcdb5c24a64139685ef80f6573f	drivers/mmc/core/sdio.c
8325046a14eb95cf1b1a168fa08821b0fa996bd7	9b87fdc9af2fbfcdb5c24a64139685ef80f6573f	block/partitions/amiga.c
83331ceb6bc323f6816b822e782affd159651d55	9b87fdc9af2fbfcdb5c24a64139685ef80f6573f	drivers/cpufreq/powernow-k8.h
83e48670c2fcfb2ab5f95cb9a2f78a6a8832c39f	9b87fdc9af2fbfcdb5c24a64139685ef80f6573f	scripts/genksyms/genksyms.c
8438af53c5c3d2147adf110ef0d697315ab5feb7	9b87fdc9af2fbfcdb5c24a64139685ef80f6573f	Documentation/devicetree/bindings/net/mctp-i2c-controller.yaml
843a2151f470702796af78caad46f61db1f3015b	9b87fdc9af2fbfcdb5c24a64139685ef80f6573f	Documentation/userspace-api/media/v4l/dev-radio.rst
844a2743ca94cbb35ac1d1caac00f0d7063b53f9	9b87fdc9af2fbfcdb5c24a64139685ef80f6573f	include/linux/pxa2xx_ssp.h
846909d7e831f90364bdac548dc1f9e1b2072e6a	9b87fdc9af2fbfcdb5c24a64139685ef80f6573f	arch/loongarch/include/asm/pci.h
84c15a44df6a826a6b3d1b58001cbb1e1f61cb57	9b87fdc9af2fbfcdb5c24a64139685ef80f6573f	arch/arm/boot/dts/ti/omap/am335x-phycore-som.dtsi
84caccddce44ef04eed40456ef3e625b84e9a5fb	9b87fdc9af2fbfcdb5c24a64139685ef80f6573f	arch/arm/mach-footbridge/isa.c
84eb454ed443cacfedc328ef97fdd15c05074e6d	9b87fdc9af2fbfcdb5c24a64139685ef80f6573f	drivers/spi/spi-butterfly.c
85040dc3e45e0ef82382112be4102e4ed7c383d3	9b87fdc9af2fbfcdb5c24a64139685ef80f6573f	arch/m68k/configs/m5282evb_defconfig
850b86fe03ccb14153af2bee23f5ca065a87686b	9b87fdc9af2fbfcdb5c24a64139685ef80f6573f	Documentation/devicetree/bindings/display/dsi-controller.yaml
85a6fe766b21f2c4981e04203d57f298221f9729	9b87fdc9af2fbfcdb5c24a64139685ef80f6573f	arch/arm/mm/tlb-fa.S
85c598708c10efc8bd65b46b6a350cf18db1fc8d	9b87fdc9af2fbfcdb5c24a64139685ef80f6573f	arch/arm/mach-footbridge/common.c
86b1e9ab1a38b397cec0b5784374c6c97bb571ff	9b87fdc9af2fbfcdb5c24a64139685ef80f6573f	drivers/video/fbdev/pxafb.h
86b6ebb0438d584e6c9a5b6a0fbd051b22012fcb	9b87fdc9af2fbfcdb5c24a64139685ef80f6573f	drivers/media/platform/ti/omap3isp/ispreg.h
873dd3d9f274683ca7c27b82cd5e7ddc6b507c09	9b87fdc9af2fbfcdb5c24a64139685ef80f6573f	arch/arm/mach-rpc/ecard.h
874fe5310f9a01a4585175ee7ba443d03b55f833	9b87fdc9af2fbfcdb5c24a64139685ef80f6573f	arch/arm/mm/cache-v4wb.S
8759df49be2873a8f62df7e11849e27d8170acd5	9b87fdc9af2fbfcdb5c24a64139685ef80f6573f	drivers/usb/misc/usbtest.c
87a822e5c4ca83c279c733a54c79e64bb41870db	9b87fdc9af2fbfcdb5c24a64139685ef80f6573f	arch/arm64/kernel/head.S
87c9471be8b65aa527c5805369430b2e49cee961	9b87fdc9af2fbfcdb5c24a64139685ef80f6573f	arch/arm/lib/csumpartial.S
87dd874fffcf254d37d75b3c4578f544236a9246	9b87fdc9af2fbfcdb5c24a64139685ef80f6573f	Documentation/admin-guide/reporting-issues.rst
880a9f624566785ef012935b24bf917007803304	9b87fdc9af2fbfcdb5c24a64139685ef80f6573f	Documentation/devicetree/bindings/spi/spi-peripheral-props.yaml
88336a1292bb79107e66b49a2b722fedaca32eea	9b87fdc9af2fbfcdb5c24a64139685ef80f6573f	arch/arm/kernel/entry-common.S
888aa81a6b39611b0c822684905b9928494fa853	9b87fdc9af2fbfcdb5c24a64139685ef80f6573f	fs/adfs/super.c
888b06731e546bbf94469c3f74a03a4af612d2ba	9b87fdc9af2fbfcdb5c24a64139685ef80f6573f	drivers/clocksource/timer-atmel-pit.c
88a125b92bdd57f1834eb72a7c6a6c01dccafbd3	9b87fdc9af2fbfcdb5c24a64139685ef80f6573f	arch/s390/include/asm/pci.h
88d17fce02dcbfdad9e00bdcd5638e80321ca10c	9b87fdc9af2fbfcdb5c24a64139685ef80f6573f	include/linux/spi/spi.h
88f122451776347fd1408be69f2c3e52234809c5	9b87fdc9af2fbfcdb5c24a64139685ef80f6573f	include/uapi/linux/sonypi.h
894f2a635cbbd1285e8cfe122bb8cd212496dff0	9b87fdc9af2fbfcdb5c24a64139685ef80f6573f	arch/arm/include/asm/hardware/dec21285.h
897fa2b61346f63fc5bfe4b8078bc80a5a94555e	9b87fdc9af2fbfcdb5c24a64139685ef80f6573f	mm/shmem.c
89b31fe932bac0c74fad73263723b112f2444359	9b87fdc9af2fbfcdb5c24a64139685ef80f6573f	net/netfilter/nf_nat_irc.c
89d2ba2723590d7908e01f27c2ffe1022d638b14	9b87fdc9af2fbfcdb5c24a64139685ef80f6573f	arch/arm64/include/asm/atomic_ll_sc.h
89ef7be61421918f8c6cc74769ba7c22ca2e3382	9b87fdc9af2fbfcdb5c24a64139685ef80f6573f	arch/arm/lib/io-writesl.S
8a19408abb6355352adf756320dbe54c32a497bb	9b87fdc9af2fbfcdb5c24a64139685ef80f6573f	drivers/mtd/nand/raw/atmel/nand-controller.c
8a795c65e3c3e825c27f3fe4ac850a8e1c4ba88a	9b87fdc9af2fbfcdb5c24a64139685ef80f6573f	drivers/scsi/lpfc/lpfc_scsi.c
8a8f284066913ed4a93859bccd9c8e8071a33529	9b87fdc9af2fbfcdb5c24a64139685ef80f6573f	arch/arm/mach-rpc/include/mach/io.h
8ac326e1eb5ba9c942473f26fba856fddf6cc70b	9b87fdc9af2fbfcdb5c24a64139685ef80f6573f	net/netfilter/nf_nat_core.c
8b1e7640778253492c080085b4015e1423389d83	9b87fdc9af2fbfcdb5c24a64139685ef80f6573f	drivers/of/platform.c
8b25133fed242d2562e8dd9968b3f8a1bd3b2884	9b87fdc9af2fbfcdb5c24a64139685ef80f6573f	kernel/params.c
8b3da5624a736afbbc4709133dff87cc07a40020	9b87fdc9af2fbfcdb5c24a64139685ef80f6573f	arch/m68k/include/asm/m520xsim.h
8b69624fa46ebb7415c092bf1bb498a444434e0e	9b87fdc9af2fbfcdb5c24a64139685ef80f6573f	drivers/mmc/core/bus.h
8bbae94804f8b776f934f71b6ec6c50936a92fab	9b87fdc9af2fbfcdb5c24a64139685ef80f6573f	drivers/gpu/drm/armada/armada_fbdev.c
8be3ea336bb8a34c90d9a64519acb2d326449f9c	9b87fdc9af2fbfcdb5c24a64139685ef80f6573f	tools/perf/pmu-events/arch/x86/lunarlake/pipeline.json
8c4df33679a12dc41f57c06e99830cfac2eeaa13	9b87fdc9af2fbfcdb5c24a64139685ef80f6573f	arch/sparc/kernel/of_device_64.c
8c52a9207bcb5f10bb409db8ee3ec4b6410634d5	9b87fdc9af2fbfcdb5c24a64139685ef80f6573f	Documentation/hwmon/via686a.rst
8c9e94e648a7b2966695e57d389d366c5d0d6197	9b87fdc9af2fbfcdb5c24a64139685ef80f6573f	arch/arm/boot/dts/nxp/imx/imx6q-hummingboard.dts
8ca15743af7f32a4765ee99a3f96bcc916f93050	9b87fdc9af2fbfcdb5c24a64139685ef80f6573f	include/xen/xenbus.h
8cd01de27bafe2669ee65bcfb94d2715957b4113	9b87fdc9af2fbfcdb5c24a64139685ef80f6573f	drivers/virtio/virtio_pci_common.h
8cf1474d0361c3375d999d919caeb88db1712004	9b87fdc9af2fbfcdb5c24a64139685ef80f6573f	drivers/media/cec/core/cec-notifier.c
8d0626ddf1c3a0ebc690c81d1e5a9d0943a7f647	9b87fdc9af2fbfcdb5c24a64139685ef80f6573f	drivers/gpu/drm/gma500/cdv_intel_dp.c
8d11fe6a085431826a7933b0dfb97df7825fc47a	9b87fdc9af2fbfcdb5c24a64139685ef80f6573f	Documentation/mm/unevictable-lru.rst
8d20fa2ee2863f8753126289715d23e731a9bf96	9b87fdc9af2fbfcdb5c24a64139685ef80f6573f	drivers/gpu/drm/gma500/oaktrail.h
8d36c74dec2d55840de60b3f8ec22b646d16ff8b	9b87fdc9af2fbfcdb5c24a64139685ef80f6573f	scripts/mod/file2alias.c
8d47712dea9f7502797c96db975d2b1394eae89b	9b87fdc9af2fbfcdb5c24a64139685ef80f6573f	Documentation/userspace-api/media/drivers/imx-uapi.rst
8d4e8de4c460e6c26258cc36d33e52bfa138ae47	9b87fdc9af2fbfcdb5c24a64139685ef80f6573f	Documentation/RCU/RTFP.txt
8dabf2511dd9d921984e0ee6188254d0a8822b08	9b87fdc9af2fbfcdb5c24a64139685ef80f6573f	drivers/platform/x86/intel/pmc/nvl.c
8dd26e1a9bd69051a1548d99c157cad2e65ba81b	9b87fdc9af2fbfcdb5c24a64139685ef80f6573f	arch/arm/kernel/fiqasm.S
8e028be3f0a97b0e9a1ac06959061ba787d1d6e5	9b87fdc9af2fbfcdb5c24a64139685ef80f6573f	arch/loongarch/kvm/vcpu.c
8e3eab34dff48f862a351118c22b5843ce3d1441	9b87fdc9af2fbfcdb5c24a64139685ef80f6573f	arch/x86/boot/boot.h
8e41a3b63fa54e26d503c1618ad45bffe0809cef	9b87fdc9af2fbfcdb5c24a64139685ef80f6573f	Documentation/virt/kvm/s390/s390-pv.rst
8e433e981bbe867491a61529d9a57c96b51532f2	9b87fdc9af2fbfcdb5c24a64139685ef80f6573f	arch/arm/include/debug/renesas-scif.S
8e50e034fec73ad23da29514d185a2ec150fda92	9b87fdc9af2fbfcdb5c24a64139685ef80f6573f	arch/arm/include/uapi/asm/setup.h
8e66a1fa9c786758c065c54b38ff1d69829f3c51	9b87fdc9af2fbfcdb5c24a64139685ef80f6573f	include/crypto/aead.h
8e8a5f59b319b3a0b24d38b37040adc3331fe6a2	9b87fdc9af2fbfcdb5c24a64139685ef80f6573f	drivers/usb/core/hcd.c
8ed8b9a24efeb9f2118b38abcf75df0359081225	9b87fdc9af2fbfcdb5c24a64139685ef80f6573f	arch/arm/include/asm/cacheflush.h
8ede864c3d3c268c1fadae8ccc7c9e0da37c719a	9b87fdc9af2fbfcdb5c24a64139685ef80f6573f	drivers/spi/spi-tegra210-quad.c
8f2c4dbfc5f21009d6336c16f514140a226fe3eb	9b87fdc9af2fbfcdb5c24a64139685ef80f6573f	arch/arm/lib/clear_user.S
8f3bdd50186e39346fadbafa4b49314eaa4c4d50	9b87fdc9af2fbfcdb5c24a64139685ef80f6573f	drivers/i2c/i2c-core-acpi.c
8f9cbe54e23166a52e5fe5747493c18571bc9292	9b87fdc9af2fbfcdb5c24a64139685ef80f6573f	drivers/leds/trigger/ledtrig-pattern.c
8fca709ed279b1cdc1541896bcfc9b39b630a140	9b87fdc9af2fbfcdb5c24a64139685ef80f6573f	drivers/i2c/muxes/i2c-mux-pca954x.c
8fd438529fbc09da121c1208703bf7eca4355931	9b87fdc9af2fbfcdb5c24a64139685ef80f6573f	kernel/module/strict_rwx.c
8ffdea11378f0189b3f85d0254c954e049d4b360	9b87fdc9af2fbfcdb5c24a64139685ef80f6573f	drivers/net/wireless/realtek/rtw88/pci.h
9019b66f6a5ba3611a0afbc2c0a836db55b24dbb	9b87fdc9af2fbfcdb5c24a64139685ef80f6573f	Documentation/scheduler/sched-deadline.rst
90ab26e805a9a616cb070be7f5230c2212d647e9	9b87fdc9af2fbfcdb5c24a64139685ef80f6573f	Documentation/admin-guide/mm/numa_memory_policy.rst
90edf0352d053960a49c8af6c2ff624dbb675066	9b87fdc9af2fbfcdb5c24a64139685ef80f6573f	drivers/mfd/ucb1x00-core.c
90ff7c8a6011e84a6d1d67258cb1a941ecac8d42	9b87fdc9af2fbfcdb5c24a64139685ef80f6573f	drivers/gpu/drm/amd/include/asic_reg/gca/gfx_8_0_d.h
9112949b993cbd2aa5641c0f6aa555260ce89dd4	9b87fdc9af2fbfcdb5c24a64139685ef80f6573f	Documentation/translations/zh_CN/kernel-hacking/hacking.rst
91428201606989de7d9cc5eec538bd82144a1194	9b87fdc9af2fbfcdb5c24a64139685ef80f6573f	arch/arm64/kernel/traps.c
91d81b5762313ee258b088659c91d6e288227d89	9b87fdc9af2fbfcdb5c24a64139685ef80f6573f	drivers/video/fbdev/aty/radeonfb.h
91f1f71c266a45b53edadbda59867ad52dc66a46	9b87fdc9af2fbfcdb5c24a64139685ef80f6573f	arch/microblaze/include/asm/pci.h
91fc88681b1ef330e0f27d3cbf9885a9587411c9	9b87fdc9af2fbfcdb5c24a64139685ef80f6573f	Documentation/process/adding-syscalls.rst
923f404a44c03334eaa25d89d95d3b0e8908ed6d	9b87fdc9af2fbfcdb5c24a64139685ef80f6573f	drivers/nvmem/ee1004.c
925d0bd68aa5ba80f2616bb427f077931c0b9fc1	9b87fdc9af2fbfcdb5c24a64139685ef80f6573f	drivers/scsi/arm/arxescsi.c
9295055cdfc92bf86b69ad8ab767858b7685a893	9b87fdc9af2fbfcdb5c24a64139685ef80f6573f	arch/arm/lib/Makefile
92b58ba8f97bdc9ae96167425e24e6a55f002333	9b87fdc9af2fbfcdb5c24a64139685ef80f6573f	drivers/platform/mellanox/nvsw-sn2201.c
92c645fcd2e09bfd82a51fdfa81e4ee61f42051d	9b87fdc9af2fbfcdb5c24a64139685ef80f6573f	block/partitions/sun.c
92d5f831f3495a9555c2f9a7566390c39911c4cd	9b87fdc9af2fbfcdb5c24a64139685ef80f6573f	arch/riscv/include/asm/io.h
92e3312e786ed28c01156725d38d0f137ccd6ce4	9b87fdc9af2fbfcdb5c24a64139685ef80f6573f	arch/alpha/kernel/core_marvel.c
9337fec9394edfccabd3f9d9422904bfa5c610a8	9b87fdc9af2fbfcdb5c24a64139685ef80f6573f	drivers/tty/serial/8250/8250.h
933811ebfaacbb515dad0576730a95baab4a5d7e	9b87fdc9af2fbfcdb5c24a64139685ef80f6573f	drivers/tty/serial/8250/8250_exar_st16c554.c
9356e87dd64beba5b2a058d4b0ac429a1bb20bef	9b87fdc9af2fbfcdb5c24a64139685ef80f6573f	arch/mips/include/asm/jazz.h
937f5376d5e7749b96c1c61813b00d02284dda1f	9b87fdc9af2fbfcdb5c24a64139685ef80f6573f	arch/arm/mach-footbridge/dma-isa.c
9386b752dea2dea56c78573db3c8ba4bd206f526	9b87fdc9af2fbfcdb5c24a64139685ef80f6573f	drivers/iommu/ipmmu-vmsa.c
93bbfc2c1d5401b6bbfdd6d5a9381749e87663fd	9b87fdc9af2fbfcdb5c24a64139685ef80f6573f	include/linux/mfd/da8xx-cfgchip.h
93cd7e1a08abf4aee6fc99c2c3524cb25f3bb4af	9b87fdc9af2fbfcdb5c24a64139685ef80f6573f	drivers/gpu/drm/armada/armada_510.c
9438e03d6f503f9a9660cd79a0ef62010769b69e	9b87fdc9af2fbfcdb5c24a64139685ef80f6573f	Documentation/process/howto.rst
943ffcf069d29cf4a035964d20d56f7ebdd6d602	9b87fdc9af2fbfcdb5c24a64139685ef80f6573f	arch/arm/include/asm/thread_info.h
946518355a2c2aa2a27cbe22f537d03719c0d23d	9b87fdc9af2fbfcdb5c24a64139685ef80f6573f	Documentation/admin-guide/reporting-regressions.rst
9495c4441a46ba7172cd368c4276740fb1368dfc	9b87fdc9af2fbfcdb5c24a64139685ef80f6573f	arch/arm64/include/asm/barrier.h
94d3e7883e027497f5d38531e3aaca1fc11af32c	9b87fdc9af2fbfcdb5c24a64139685ef80f6573f	arch/arm/mach-omap1/i2c.c
94e20b18c59a8072863be20403074962b5f4c7d9	9b87fdc9af2fbfcdb5c24a64139685ef80f6573f	Documentation/i2c/busses/i2c-piix4.rst
94ee67a6b212c1f2ad6e582b1a5ac91c84e1eca9	9b87fdc9af2fbfcdb5c24a64139685ef80f6573f	arch/arm64/lib/strchr.S
94fb16cf9e0c0614d1372f161d1e3d69a3911372	9b87fdc9af2fbfcdb5c24a64139685ef80f6573f	tools/perf/util/intel-pt-decoder/intel-pt-pkt-decoder.c
9516877667d75ade4fc34dbcae0a9a6aa22db80b	9b87fdc9af2fbfcdb5c24a64139685ef80f6573f	arch/arm/mach-footbridge/include/mach/memory.h
9549dabde941c604962267f21af04de6f03ff5f2	9b87fdc9af2fbfcdb5c24a64139685ef80f6573f	drivers/gpu/drm/bridge/synopsys/dw-hdmi-cec.c
954f3a275d81b4b0146d709f4d2f45cafc677f29	9b87fdc9af2fbfcdb5c24a64139685ef80f6573f	drivers/gpu/drm/gma500/gma_device.c
95572d2a94ce0e64cdebe45dc5b8f91e9d896d11	9b87fdc9af2fbfcdb5c24a64139685ef80f6573f	Documentation/driver-api/gpio/drivers-on-gpio.rst
957707158ff610af63443ef37250183cdd3d1a4c	9b87fdc9af2fbfcdb5c24a64139685ef80f6573f	kernel/dma/map_benchmark.c
95bedafd0330561f405a0d6af80bd156e6fa2c09	9b87fdc9af2fbfcdb5c24a64139685ef80f6573f	arch/arm/lib/memchr.S
96484aae030c89b4ac1c41adc77fc0aa5ae9c180	9b87fdc9af2fbfcdb5c24a64139685ef80f6573f	drivers/input/touchscreen/wm9705.c
96515880b4ac1c921f0e9edbd8cabfaf568aea7c	9b87fdc9af2fbfcdb5c24a64139685ef80f6573f	drivers/cpufreq/cpufreq.c
96843aab4d1e2bf1ca6da06e3e352643f026034d	9b87fdc9af2fbfcdb5c24a64139685ef80f6573f	include/linux/platform_data/i2c-mux-gpio.h
96848fc1f02b8f24cb874a6ddfba91718b81b77f	9b87fdc9af2fbfcdb5c24a64139685ef80f6573f	kernel/rcu/tree.c
96a917ecc93f2a4872784b6d8e3f98bcb9f5f737	9b87fdc9af2fbfcdb5c24a64139685ef80f6573f	Documentation/translations/zh_CN/core-api/printk-formats.rst
96cc98568eea54cfed5f9be63aa31f12153c30dd	9b87fdc9af2fbfcdb5c24a64139685ef80f6573f	include/linux/module.h
970997759ec2fbf807e58d763a1f48eb1fdab245	9b87fdc9af2fbfcdb5c24a64139685ef80f6573f	tools/perf/arch/x86/tests/intel-pt-test.c
9724658405489d444a568695edd4ae1fc94eb663	9b87fdc9af2fbfcdb5c24a64139685ef80f6573f	arch/arm/mach-rpc/ecard.c
972e2221841858c20b971e608976b1553a0fc4e9	9b87fdc9af2fbfcdb5c24a64139685ef80f6573f	drivers/net/dsa/realtek/realtek-smi.c
979ea8ecf0d59254f187cf9d22df033213c7eb4a	9b87fdc9af2fbfcdb5c24a64139685ef80f6573f	drivers/gpu/drm/gma500/psb_intel_drv.h
97e6eead6cb4bc2177892ff64fd7c975933ad14b	9b87fdc9af2fbfcdb5c24a64139685ef80f6573f	drivers/message/fusion/lsi/mpi_targ.h
97f733e481ffc2a081cec0bb7d7e7197ae673fc1	9b87fdc9af2fbfcdb5c24a64139685ef80f6573f	drivers/mtd/nand/raw/sh_flctl.c
980187a8305369734de3f4a961eb13301eb82151	9b87fdc9af2fbfcdb5c24a64139685ef80f6573f	arch/mips/include/asm/io.h
982795cf45637e9c21f453989b4f366d86b8cb34	9b87fdc9af2fbfcdb5c24a64139685ef80f6573f	arch/arm/include/asm/pgtable.h
985ad3a9567125edb13dab650efb51aca2cab2dd	9b87fdc9af2fbfcdb5c24a64139685ef80f6573f	arch/arm/mach-footbridge/include/mach/hardware.h
986fc8786fac38d601db4017436f2f55a22a5ced	9b87fdc9af2fbfcdb5c24a64139685ef80f6573f	drivers/net/can/sja1000/ems_pci.c
9899871d3d9a955ad9035d15124675d9a82a2ee7	9b87fdc9af2fbfcdb5c24a64139685ef80f6573f	Documentation/locking/seqlock.rst
9942dbb38dae4157bb212d607ffbd8199007fb08	9b87fdc9af2fbfcdb5c24a64139685ef80f6573f	drivers/cpufreq/cpufreq_ondemand.c
99a5b36cfb4494390224c5f2947d970356b9d9b7	9b87fdc9af2fbfcdb5c24a64139685ef80f6573f	Documentation/translations/it_IT/i2c/summary.rst
99be9da8757f46d14e370941b1537986f79b0003	9b87fdc9af2fbfcdb5c24a64139685ef80f6573f	drivers/scsi/arm/eesox.c
99c6f7eefd85adbdd6817b734126287d3c9c8ee7	9b87fdc9af2fbfcdb5c24a64139685ef80f6573f	drivers/net/wireless/realtek/rtlwifi/rtl8192se/fw.h
9a134ae65803ffe7dc90cda9f616e5856b2b5350	9b87fdc9af2fbfcdb5c24a64139685ef80f6573f	Documentation/admin-guide/pm/cpufreq_drivers.rst
9a37930d4e26f0c6cb8fe78f76bb1a4f32cbea16	9b87fdc9af2fbfcdb5c24a64139685ef80f6573f	tools/perf/arch/arm64/entry/syscalls/syscall_32.tbl
9a88d287fa09682ca424566fe594e1991b6412ed	9b87fdc9af2fbfcdb5c24a64139685ef80f6573f	drivers/char/sonypi.c
9a8c83326f91a6e514c3fdff24a48a2671cac29c	9b87fdc9af2fbfcdb5c24a64139685ef80f6573f	drivers/xen/xenbus/xenbus_probe.c
9abeabd3dbe276876dc32e6de1ffe4abb89b06e0	9b87fdc9af2fbfcdb5c24a64139685ef80f6573f	drivers/platform/x86/intel/pmc/mtl.c
9ae9975d3255bdada6f85f7b53f74ea7d36f832f	9b87fdc9af2fbfcdb5c24a64139685ef80f6573f	drivers/phy/renesas/phy-rcar-gen3-usb2.c
9b58d0aa38d22556a8f0d7becf3570b95de951c5	9b87fdc9af2fbfcdb5c24a64139685ef80f6573f	arch/arm64/kernel/compat_alignment.c
9b7d219e7954f2bab5a69a8d7eecb67d1f0a547b	9b87fdc9af2fbfcdb5c24a64139685ef80f6573f	drivers/gpu/drm/amd/include/asic_reg/gc/gc_10_1_0_sh_mask.h
9b7e9494dd1239b56093df5e5f82a6768649312f	9b87fdc9af2fbfcdb5c24a64139685ef80f6573f	drivers/i2c/busses/i2c-amd-mp2.h
9c166703626b99c78f1e2a8bc9af27536dabc157	9b87fdc9af2fbfcdb5c24a64139685ef80f6573f	drivers/comedi/drivers/ni_tiocmd.c
9c281b4905ebda50bf9be7d1ec7ec94bf8abd96e	9b87fdc9af2fbfcdb5c24a64139685ef80f6573f	drivers/i2c/busses/i2c-tegra.c
9c853ed3ceab86d00052ac76df070e4b8b88867b	9b87fdc9af2fbfcdb5c24a64139685ef80f6573f	arch/arm64/kernel/asm-offsets.c
9c88b38a400390faa96af0e6beb17af2dad9d248	9b87fdc9af2fbfcdb5c24a64139685ef80f6573f	drivers/gpu/drm/armada/armada_hw.h
9cbcf15527b6b6d6958e5943401014bfd091fd31	9b87fdc9af2fbfcdb5c24a64139685ef80f6573f	drivers/parisc/Kconfig
9cc133ccdeeceba8a4586026d263b7e8e8dd4c2d	9b87fdc9af2fbfcdb5c24a64139685ef80f6573f	Documentation/PCI/pciebus-howto.rst
9cf3872e37ae1472419124f945a6acc6278f836d	9b87fdc9af2fbfcdb5c24a64139685ef80f6573f	drivers/mtd/mtdpstore.c
9d1f8a50f5a4799edb232bddf482664eeb137624	9b87fdc9af2fbfcdb5c24a64139685ef80f6573f	arch/s390/kernel/module.c
9d535a2ca2d1d2051d5ff9487eef8ae4cbd1db61	9b87fdc9af2fbfcdb5c24a64139685ef80f6573f	fs/adfs/map.c
9d5d2531a33bd2cd5bbb1395ba889e87e38cf8ac	9b87fdc9af2fbfcdb5c24a64139685ef80f6573f	drivers/tty/serial/8250/8250_pcilib.c
9d6628169fd95772dd8b72d9183be6ef859dc0d5	9b87fdc9af2fbfcdb5c24a64139685ef80f6573f	tools/perf/util/intel-pt.c
9de449469568a6edb733bd0d69fe031aefa8bcd3	9b87fdc9af2fbfcdb5c24a64139685ef80f6573f	tools/power/cpupower/README
9f117c82df1b28bead1c90ea2a9bcf8ae87d7a32	9b87fdc9af2fbfcdb5c24a64139685ef80f6573f	Documentation/userspace-api/media/v4l/dv-timings.rst
9f406e9c0ea6f74bc2d8fd71a7625977de891691	9b87fdc9af2fbfcdb5c24a64139685ef80f6573f	arch/arm/boot/compressed/head.S
9f8edcfe9357f70bfc7c59951d15cdee278da013	9b87fdc9af2fbfcdb5c24a64139685ef80f6573f	arch/arm/mach-rpc/time.c
9fafd826002b730c4de8c6ee662bec19c9a98e58	9b87fdc9af2fbfcdb5c24a64139685ef80f6573f	arch/arm64/kernel/irq.c
9fb00973c6084e32a9941ee0a224e4cbe9fb8a1f	9b87fdc9af2fbfcdb5c24a64139685ef80f6573f	arch/arm/include/asm/unistd.h
9fdd6a5fb8b65cf23ac65aa8c7b69983a2c1f56b	9b87fdc9af2fbfcdb5c24a64139685ef80f6573f	drivers/i2c/busses/i2c-amd-mp2-plat.c
a028b48be1644793a885aad02e3d739dd2417ee8	9b87fdc9af2fbfcdb5c24a64139685ef80f6573f	drivers/mmc/core/core.h
a033929fad3aa66c2cbccd52033fc98a7f7e37b8	9b87fdc9af2fbfcdb5c24a64139685ef80f6573f	arch/arm/include/asm/glue-pf.h
a05229838cb4591174e4d7168f9ff289d8512aa9	9b87fdc9af2fbfcdb5c24a64139685ef80f6573f	drivers/net/mdio/Kconfig
a05e751363a02c40c88d6ee278c87d73204c62da	9b87fdc9af2fbfcdb5c24a64139685ef80f6573f	Documentation/admin-guide/aoe/aoe.rst
a061f54b606dd0ea27b533bb688189c8f21dd4fb	9b87fdc9af2fbfcdb5c24a64139685ef80f6573f	kernel/futex/core.c
a0658f69d78fbbaaa8832640526d959eb0bcee04	9b87fdc9af2fbfcdb5c24a64139685ef80f6573f	net/netfilter/nf_conntrack_sane.c
a09407d72973686c24327c1d46291a4128f9b851	9b87fdc9af2fbfcdb5c24a64139685ef80f6573f	Documentation/mm/physical_memory.rst
a0983b4213eaa4c66a90482d6108ed8ef67a1e6b	9b87fdc9af2fbfcdb5c24a64139685ef80f6573f	Documentation/firmware-guide/acpi/gpio-properties.rst
a0b439c90488fcc1c7cc2e7d9cdb5113301fe5a9	9b87fdc9af2fbfcdb5c24a64139685ef80f6573f	arch/mips/dec/int-handler.S
a0bd941ca5dd262301c29362d0b4bc5a1675fb5e	9b87fdc9af2fbfcdb5c24a64139685ef80f6573f	CREDITS
a0df72554025144e93d0ddc99da77507a2af46a4	9b87fdc9af2fbfcdb5c24a64139685ef80f6573f	net/ipv4/netfilter/iptable_nat.c
a1149911464c3b5005714e19b2d743961005c5fb	9b87fdc9af2fbfcdb5c24a64139685ef80f6573f	arch/arm/include/uapi/asm/unistd.h
a1458da8111b6c250a0b7b095f74022b8c73ca25	9b87fdc9af2fbfcdb5c24a64139685ef80f6573f	drivers/net/phy/phylink.c
a16325ce21c40afc7349e97fabe95a8ea87b4b54	9b87fdc9af2fbfcdb5c24a64139685ef80f6573f	arch/alpha/kernel/pci_impl.h
a175a32a222bab4cc7400f6ab6071f5630db2cb8	9b87fdc9af2fbfcdb5c24a64139685ef80f6573f	arch/powerpc/platforms/powermac/low_i2c.c
a17f01235c29c0dc619c0929aa761df861a5dd2d	9b87fdc9af2fbfcdb5c24a64139685ef80f6573f	arch/arm/include/asm/pgalloc.h
a1ab6ef6f0716df70e47514bc661eb5b3b854728	9b87fdc9af2fbfcdb5c24a64139685ef80f6573f	drivers/i2c/busses/i2c-versatile.c
a2acaa699dd58a0741c08e1f4d6ce73789c35558	9b87fdc9af2fbfcdb5c24a64139685ef80f6573f	drivers/gpu/drm/gma500/Kconfig
a2b7a33966ff1dfae2ff8f30d821b7e3142d0341	9b87fdc9af2fbfcdb5c24a64139685ef80f6573f	arch/arm64/include/asm/memory.h
a3082411abeefaf4b0b77b4d1ad6437129f10d2c	9b87fdc9af2fbfcdb5c24a64139685ef80f6573f	arch/m68k/include/asm/m523xsim.h
a32ca23c21b0e3525ab67761ed3f199e12c02954	9b87fdc9af2fbfcdb5c24a64139685ef80f6573f	Documentation/security/self-protection.rst
a336599f6c0314d1deae0b27360bf317475cc3f1	9b87fdc9af2fbfcdb5c24a64139685ef80f6573f	Documentation/devicetree/bindings/display/mipi-dsi-bus.txt
a345aa513d12b38d86adb266fb6d581a3cdcd617	9b87fdc9af2fbfcdb5c24a64139685ef80f6573f	Documentation/gpu/drm-vm-bind-locking.rst
a37399ff3cea2b28beb9e49dd8e02baf9ad8b8e4	9b87fdc9af2fbfcdb5c24a64139685ef80f6573f	arch/arm/boot/dts/aspeed/aspeed-bmc-ibm-bonnell.dts
a38f7229b8f4d067787d37967adc6408f76f72e0	9b87fdc9af2fbfcdb5c24a64139685ef80f6573f	include/linux/device/bus.h
a39a2a2f67aa517755e07aedbc7e60b18489b686	9b87fdc9af2fbfcdb5c24a64139685ef80f6573f	Documentation/security/credentials.rst
a3bcdf632066c7d45e968992351fa0c7c0285598	9b87fdc9af2fbfcdb5c24a64139685ef80f6573f	drivers/gpu/drm/amd/include/asic_reg/gc/gc_11_0_0_offset.h
a3f95c90456bd4c475bbf4cd9390f18435fd5980	9b87fdc9af2fbfcdb5c24a64139685ef80f6573f	kernel/kthread.c
a48586bb8edbae8f075cc062189a4c8c27839429	9b87fdc9af2fbfcdb5c24a64139685ef80f6573f	drivers/gpio/Kconfig
a49115db18c763eac21792f61a8d10c6e042aa16	9b87fdc9af2fbfcdb5c24a64139685ef80f6573f	Documentation/mm/hugetlbfs_reserv.rst
a50ff6943d800e3ddfda880dd7c5f23a05169d93	9b87fdc9af2fbfcdb5c24a64139685ef80f6573f	arch/powerpc/platforms/pseries/plpks-secvar.c
a5123cf0ce125aa3b9842ba638eb9a3bc3987b92	9b87fdc9af2fbfcdb5c24a64139685ef80f6573f	arch/arm64/lib/strrchr.S
a533114c0048cb7e1df28879e1bcdf487670112e	9b87fdc9af2fbfcdb5c24a64139685ef80f6573f	tools/perf/arch/x86/util/intel-pt.c
a5375f262de2ae93c07e17999861ce0196cc71d8	9b87fdc9af2fbfcdb5c24a64139685ef80f6573f	Documentation/translations/zh_TW/arch/arm/Booting
a57c026fb58a9e5d31dc42018981b326533504ad	9b87fdc9af2fbfcdb5c24a64139685ef80f6573f	arch/x86/kernel/apm_32.c
a586eb31b18df7b920cf06f9b094ea4bc3c99b60	9b87fdc9af2fbfcdb5c24a64139685ef80f6573f	arch/arm/mach-rpc/include/mach/memory.h
a59331aa58e55e3ef514fc06b5a36472c901dcd3	9b87fdc9af2fbfcdb5c24a64139685ef80f6573f	arch/arm/boot/dts/ti/omap/am335x-moxa-uc-2100-common.dtsi
a5a6ed97a6ce0d6c1cb8936655cd15c5f3d326af	9b87fdc9af2fbfcdb5c24a64139685ef80f6573f	arch/alpha/kernel/smc37c669.c
a5b803eb8c8a2306234de46a60c8630b3f5aaf92	9b87fdc9af2fbfcdb5c24a64139685ef80f6573f	drivers/net/ethernet/natsemi/sonic.h
a5f41846ab9cadf9b2017aa13f3b5e078bb07094	9b87fdc9af2fbfcdb5c24a64139685ef80f6573f	arch/arm/mach-footbridge/include/mach/irqs.h
a63f742f20d9918dd566ec1d65cb34a865c71489	9b87fdc9af2fbfcdb5c24a64139685ef80f6573f	arch/arm/boot/dts/nxp/imx/imx6dl-hummingboard-emmc-som-v15.dts
a6858e111764c3aff6ccfb3e41fced5d159149f2	9b87fdc9af2fbfcdb5c24a64139685ef80f6573f	arch/arc/include/asm/pci.h
a69073c018d5651681b4dbf5f99f50644d4d21c4	9b87fdc9af2fbfcdb5c24a64139685ef80f6573f	Documentation/arch/x86/suspend.svg
a6fa431530e3d7d5cf1934bf19222ab66b282cdb	9b87fdc9af2fbfcdb5c24a64139685ef80f6573f	drivers/dma/sa11x0-dma.c
a7025ec870359b22888c5904e971447c6a88314a	9b87fdc9af2fbfcdb5c24a64139685ef80f6573f	net/ipv6/netfilter.c
a740e24a9759670a504a8ef7a5c27ef39a0614e7	9b87fdc9af2fbfcdb5c24a64139685ef80f6573f	drivers/net/ethernet/natsemi/macsonic.c
a780643f25aa46f7a42aa1d784478ea19ff10123	9b87fdc9af2fbfcdb5c24a64139685ef80f6573f	drivers/gpu/drm/gma500/oaktrail_hdmi_i2c.c
a7d5d4f77934f079f757fa46df0e2f6064429d31	9b87fdc9af2fbfcdb5c24a64139685ef80f6573f	drivers/platform/x86/intel/pmc/ptl.c
a7edfefd6fd14beeab867489a9798aace06f8f0e	9b87fdc9af2fbfcdb5c24a64139685ef80f6573f	net/netfilter/nf_conntrack_proto_udp.c
a849790a68bc1f2c302beb86601e83b6774bc531	9b87fdc9af2fbfcdb5c24a64139685ef80f6573f	Documentation/process/kernel-driver-statement.rst
a86bd839d08e9e7a5c7ef55a695da895e5892951	9b87fdc9af2fbfcdb5c24a64139685ef80f6573f	drivers/scsi/mac_scsi.c
a86d38f2d03df132647928bb45da4252cb4970b3	9b87fdc9af2fbfcdb5c24a64139685ef80f6573f	drivers/gpu/drm/amd/include/asic_reg/gc/gc_11_0_0_default.h
a88096bc74e423673d833f43c323f692f9055607	9b87fdc9af2fbfcdb5c24a64139685ef80f6573f	include/linux/platform_data/sa11x0-serial.h
a901721ea73a0fc38ce8213cd2f1bd8197eb8f7f	9b87fdc9af2fbfcdb5c24a64139685ef80f6573f	drivers/gpu/drm/gma500/cdv_intel_display.c
a95763438c4821fbd00d171f509255012d9be2be	9b87fdc9af2fbfcdb5c24a64139685ef80f6573f	Documentation/trace/rv/monitor_wip.rst
a96597a27ae204a54cfc75cd3df58b36c42e1272	9b87fdc9af2fbfcdb5c24a64139685ef80f6573f	drivers/gpu/drm/etnaviv/cmdstream.xml.h
a9b97c0346531bbb9c3880199333c858c7612f71	9b87fdc9af2fbfcdb5c24a64139685ef80f6573f	drivers/tty/serial/8250/8250_boca.c
aa9bf0d771c0a4e0d66921401345910676c523d3	9b87fdc9af2fbfcdb5c24a64139685ef80f6573f	arch/arm/mach-rpc/io-acorn.S
ab18de8d1355ba6864b0dd404e1ac2fe8eb162a1	9b87fdc9af2fbfcdb5c24a64139685ef80f6573f	drivers/tty/serial/8250/8250_pcilib.h
ab3e3d887e00f3f9c0a15c6827d5cc4f6ae2d926	9b87fdc9af2fbfcdb5c24a64139685ef80f6573f	drivers/virtio/virtio_balloon.c
ab78a78821a2df82816b11a4cf41486af61dd183	9b87fdc9af2fbfcdb5c24a64139685ef80f6573f	arch/arm64/include/asm/proc-fns.h
ab82177968177c4fd542e2095958fa3dc9d65188	9b87fdc9af2fbfcdb5c24a64139685ef80f6573f	drivers/gpu/drm/gma500/intel_i2c.c
ab97a177ea9718a61f1057038fcb62c97858f5bc	9b87fdc9af2fbfcdb5c24a64139685ef80f6573f	drivers/gpu/drm/nouveau/nvkm/subdev/devinit/nv04.c
abaa0f9e00831b000a439735539f0654e2519389	9b87fdc9af2fbfcdb5c24a64139685ef80f6573f	drivers/clk/clkdev.c
ac22fa31873439702526eaad6dfb4eabcb4f546e	9b87fdc9af2fbfcdb5c24a64139685ef80f6573f	drivers/usb/storage/unusual_devs.h
aca0338a298372a704add10d76b6414a02abfb0b	9b87fdc9af2fbfcdb5c24a64139685ef80f6573f	drivers/usb/host/ohci-sa1111.c
acac527328a1f092dc8aea877444020394153caa	9b87fdc9af2fbfcdb5c24a64139685ef80f6573f	tools/memory-model/Documentation/litmus-tests.txt
acd4e5456cebff1fa0367658ea0a0ebc2c958801	9b87fdc9af2fbfcdb5c24a64139685ef80f6573f	drivers/comedi/drivers/jr3_pci.h
ad0127f5b5cbda7b1e25e2a45c6644b117054dae	9b87fdc9af2fbfcdb5c24a64139685ef80f6573f	drivers/media/platform/ti/omap3isp/ispresizer.c
ad5d1391e1fa8283d95e58aff1ef9873d69e66e9	9b87fdc9af2fbfcdb5c24a64139685ef80f6573f	arch/alpha/include/asm/pci.h
ad6f1986d52a6a26bcb4014cb61fc47e7ef93250	9b87fdc9af2fbfcdb5c24a64139685ef80f6573f	net/netfilter/nf_conntrack_proto_tcp.c
ad8839f762bfeefcddcee2a1fc07e96a4d34704a	9b87fdc9af2fbfcdb5c24a64139685ef80f6573f	Documentation/arch/x86/resume.svg
ad8ca08ceb5f26ff95785c18f97ec34cbdd624e9	9b87fdc9af2fbfcdb5c24a64139685ef80f6573f	tools/perf/builtin-script.c
adf123dd79a2b28269fc5ff37824d89be5bc6116	9b87fdc9af2fbfcdb5c24a64139685ef80f6573f	sound/aoa/soundbus/i2sbus/core.c
ae1906bfe8a57a7de7ded37de6d19e2a314743e6	9b87fdc9af2fbfcdb5c24a64139685ef80f6573f	arch/powerpc/kernel/legacy_serial.c
ae4791a8ec4a8d01763c7d115f440adcd2bdf5c5	9b87fdc9af2fbfcdb5c24a64139685ef80f6573f	drivers/crypto/cavium/cpt/cpt_hw_types.h
aea8af810106dda96c73e10bd257308b02518f6b	9b87fdc9af2fbfcdb5c24a64139685ef80f6573f	arch/powerpc/boot/dts/currituck.dts
aec2f06858afdbdcea53a1ba52e35b11b911b143	9b87fdc9af2fbfcdb5c24a64139685ef80f6573f	kernel/kallsyms.c
af0a709100994c1c39a83ac6fcabefebf2783459	9b87fdc9af2fbfcdb5c24a64139685ef80f6573f	drivers/media/radio/si470x/radio-si470x-common.c
af1c14c837c5af256ea89e1086d25861cf46970e	9b87fdc9af2fbfcdb5c24a64139685ef80f6573f	include/uapi/drm/armada_drm.h
af1d720209764f4ff9ffb9de6eb8fbddfc510c7d	9b87fdc9af2fbfcdb5c24a64139685ef80f6573f	arch/arm64/kernel/vmlinux.lds.S
afad1849c4cf5b1db1064c236d6c1d38525b00c1	9b87fdc9af2fbfcdb5c24a64139685ef80f6573f	arch/arm64/include/asm/atomic_lse.h
afb4eccab13190d7959618e3bd3366eec79e57ac	9b87fdc9af2fbfcdb5c24a64139685ef80f6573f	Documentation/devicetree/bindings/fsi/fsi.txt
afbd2ebe5c39dca42e5cfac1d46213f0d5b63d5c	9b87fdc9af2fbfcdb5c24a64139685ef80f6573f	arch/arm/kernel/traps.c
afd52a1cd7f83157c2569182011de720e9e0bcc3	9b87fdc9af2fbfcdb5c24a64139685ef80f6573f	drivers/net/mdio/mdio-realtek-rtl9300.c
afdeb32052b72d87061c1ef1d1a64a3a45018f71	9b87fdc9af2fbfcdb5c24a64139685ef80f6573f	arch/arm/mach-tegra/io.c
afe3e007f08887c61b4f50bc72767c1ef5537001	9b87fdc9af2fbfcdb5c24a64139685ef80f6573f	drivers/gpu/nova-core/gsp/fw/r570_144/bindings.rs
b0006fd30b08595a7e63b701bfcc48530c94a09f	9b87fdc9af2fbfcdb5c24a64139685ef80f6573f	rust/syn/lib.rs
b02476d338bbfe7a20fba4db3ba5837f8754efa4	9b87fdc9af2fbfcdb5c24a64139685ef80f6573f	drivers/net/mctp/mctp-i2c.c
b0310fddcaa3230198ecf7be5ac65ba9d3dd7f0f	9b87fdc9af2fbfcdb5c24a64139685ef80f6573f	drivers/mtd/maps/pismo.c
b0559303c40f824c232c37dc6353d98c0edfe98f	9b87fdc9af2fbfcdb5c24a64139685ef80f6573f	drivers/media/platform/chips-media/coda/coda-bit.c
b074fc4776764ccfa2556cb56f60d138b19a132d	9b87fdc9af2fbfcdb5c24a64139685ef80f6573f	net/ipv6/netfilter/ip6table_filter.c
b080c7c6cc463228a195fda7dcdf115ff19db869	9b87fdc9af2fbfcdb5c24a64139685ef80f6573f	arch/mips/pci/pcie-octeon.c
b0d0094ec8e2c8dd9f7ce19af77f9379a421e1d4	9b87fdc9af2fbfcdb5c24a64139685ef80f6573f	net/9p/trans_virtio.c
b10731a1f66a8b47c59d4d5e9a9a7d9c52cbd65d	9b87fdc9af2fbfcdb5c24a64139685ef80f6573f	arch/arm/mach-footbridge/include/mach/isa-dma.h
b1219cc4d9a2a044cccdf0c5ae27002a20614d15	9b87fdc9af2fbfcdb5c24a64139685ef80f6573f	drivers/input/mouse/atarimouse.c
b12cd87f3f9483ecb0ecb8269bc2286cca6d074d	9b87fdc9af2fbfcdb5c24a64139685ef80f6573f	arch/arm/boot/dts/nxp/imx/imx6dl-hummingboard2.dts
b16d751d4b98fd1b750d62676da31d58f22c1ce9	9b87fdc9af2fbfcdb5c24a64139685ef80f6573f	Documentation/core-api/genericirq.rst
b1c54ab4b15bb58cdac1f024d6c8e1c713c2657e	9b87fdc9af2fbfcdb5c24a64139685ef80f6573f	arch/sparc/kernel/time_64.c
b1c8397341249e594b7800e9c31c789b0ba1fccc	9b87fdc9af2fbfcdb5c24a64139685ef80f6573f	include/media/cec-notifier.h
b1d7cefb4bd198c47cf006b268f73710ee36624c	9b87fdc9af2fbfcdb5c24a64139685ef80f6573f	drivers/gpu/drm/amd/include/asic_reg/gca/gfx_7_0_d.h
b21267d1745f1469d4e3bdc81f18b4b655fe6dc4	9b87fdc9af2fbfcdb5c24a64139685ef80f6573f	drivers/gpu/drm/armada/armada_crtc.h
b29c99ed38839371669811720ccf361c2db4cdad	9b87fdc9af2fbfcdb5c24a64139685ef80f6573f	drivers/i2c/busses/i2c-i801.c
b2e7a300494a8cc3161900ea3be7e18eb4070e2c	9b87fdc9af2fbfcdb5c24a64139685ef80f6573f	Documentation/admin-guide/media/cec.rst
b2f65c4655251db905face4b569a704480ac786f	9b87fdc9af2fbfcdb5c24a64139685ef80f6573f	drivers/ufs/host/ufs-exynos.c
b344acefc60668e783f742a055e482b2005174cc	9b87fdc9af2fbfcdb5c24a64139685ef80f6573f	drivers/gpu/drm/amd/include/atombios.h
b349b7bc041238ef98602415a81a374417886fb9	9b87fdc9af2fbfcdb5c24a64139685ef80f6573f	Documentation/devicetree/bindings/gnss/u-blox,neo-6m.yaml
b3836c94dc74895fb9efc207fe0f5c4fbf1b3338	9b87fdc9af2fbfcdb5c24a64139685ef80f6573f	arch/arm/kernel/time.c
b3a26a36ee173c9b6625515fd21bed337daf0ae8	9b87fdc9af2fbfcdb5c24a64139685ef80f6573f	Documentation/kbuild/modules.rst
b3ab80a03365cf1de1b5332e76494644e98eb938	9b87fdc9af2fbfcdb5c24a64139685ef80f6573f	arch/x86/include/asm/pci.h
b3c8553d7bd6ca5ae6a20ae07c23d2220422caab	9b87fdc9af2fbfcdb5c24a64139685ef80f6573f	kernel/cpu.c
b3f771039b17ae7abc395dfbfcc6e17b1c7ac0f3	9b87fdc9af2fbfcdb5c24a64139685ef80f6573f	tools/power/cpupower/debug/i386/Makefile
b4363444fa5dd35b2453a212f80e069d2f04cc02	9b87fdc9af2fbfcdb5c24a64139685ef80f6573f	drivers/video/fbdev/sa1100fb.h
b4986a23d8528a5048e76d72dc05b2c2143a5553	9b87fdc9af2fbfcdb5c24a64139685ef80f6573f	arch/arm/include/asm/proc-fns.h
b4b9ddc57a5d6f8cf94aa5d34c043d362a558f76	9b87fdc9af2fbfcdb5c24a64139685ef80f6573f	block/partitions/ultrix.c
b562da2f704088339e033946e22858d807cc40c4	9b87fdc9af2fbfcdb5c24a64139685ef80f6573f	arch/arm/boot/bootp/init.S
b56de9635b6cc91a7e32724e41a38ac9f615e96e	9b87fdc9af2fbfcdb5c24a64139685ef80f6573f	arch/xtensa/include/asm/pci.h
b5855eb7435d8020e26e28878c3a0fc58e7e60f7	9b87fdc9af2fbfcdb5c24a64139685ef80f6573f	arch/arm64/kernel/time.c
b589e61bbc2ed162b52358ac7c967e0f6b1687fa	9b87fdc9af2fbfcdb5c24a64139685ef80f6573f	include/linux/platform_data/mfd-mcp-sa11x0.h
b5adea2a20c3894bc086d889c637c8f5fe8f01d3	9b87fdc9af2fbfcdb5c24a64139685ef80f6573f	drivers/gpu/drm/gma500/intel_bios.h
b5b9d6de6d9e16e543ea0ee3df453fcfcbc149a6	9b87fdc9af2fbfcdb5c24a64139685ef80f6573f	drivers/media/common/tveeprom.c
b5c59b79ca7cbb28d4d93478ee1c80908f76ee9f	9b87fdc9af2fbfcdb5c24a64139685ef80f6573f	block/partitions/core.c
b6027d83e6ab574aab7dd0894ae60626bfae90ee	9b87fdc9af2fbfcdb5c24a64139685ef80f6573f	drivers/net/wireless/broadcom/brcm80211/brcmfmac/common.c
b6075021e74f59665d83b2a5164659f73dd447b9	9b87fdc9af2fbfcdb5c24a64139685ef80f6573f	drivers/gpu/drm/nouveau/nvkm/subdev/gsp/rm/r570/nvrm/gsp.h
b62735a6788423380638979eb0b6f5174faddb5c	9b87fdc9af2fbfcdb5c24a64139685ef80f6573f	kernel/rcu/update.c
b6683a5bf870ced610fb54fab9f9e6342e9cd5f0	9b87fdc9af2fbfcdb5c24a64139685ef80f6573f	drivers/gpu/drm/nouveau/nvkm/subdev/gsp/rm/r535/nvrm/gsp.h
b6767633c966cc98677e38801d7fac7081270dd9	9b87fdc9af2fbfcdb5c24a64139685ef80f6573f	drivers/tty/serial/8250/8250_hub6.c
b6b058cee75169fc92c7c7b53143b85f2a442d0d	9b87fdc9af2fbfcdb5c24a64139685ef80f6573f	drivers/video/fbdev/aty/radeon_base.c
b6b8cc208293cc30fc18ff9b168c020e6d0e65ac	9b87fdc9af2fbfcdb5c24a64139685ef80f6573f	drivers/video/fbdev/savage/savagefb.h
b70f3fedf0282baba1395ce1116272ec5f961ea8	9b87fdc9af2fbfcdb5c24a64139685ef80f6573f	drivers/perf/arm_spe_pmu.c
b729407348f765ba9581ba1a7e6ef6945e942f3a	9b87fdc9af2fbfcdb5c24a64139685ef80f6573f	drivers/scsi/scsi_error.c
b748b9fb1965afd1f845ca037a50ada6ce71d1e0	9b87fdc9af2fbfcdb5c24a64139685ef80f6573f	Documentation/driver-api/usb/writing_musb_glue_layer.rst
b7ac2d3c0748652c1094a2b648323f971c5042e0	9b87fdc9af2fbfcdb5c24a64139685ef80f6573f	arch/arm/lib/findbit.S
b7ce3137d4529dd443d79ea00ab727fe6aa8354a	9b87fdc9af2fbfcdb5c24a64139685ef80f6573f	drivers/mmc/core/host.c
b7ce67094626005391c974366db47bb74aa79a3a	9b87fdc9af2fbfcdb5c24a64139685ef80f6573f	fs/smb/server/smb2pdu.c
b7d52821837bc364ea688383249f0b92e5319ce2	9b87fdc9af2fbfcdb5c24a64139685ef80f6573f	kernel/irq/handle.c
b828bba419bfb3ece73733f99d2ecc74dd734ae0	9b87fdc9af2fbfcdb5c24a64139685ef80f6573f	drivers/gpu/drm/armada/armada_fb.c
b84bd0fa3015050c80cb665566915e8b7680f04a	9b87fdc9af2fbfcdb5c24a64139685ef80f6573f	drivers/gpu/drm/amd/include/asic_reg/gc/gc_9_1_sh_mask.h
b875d394796ffa041086e2be6ef3c85f821d01af	9b87fdc9af2fbfcdb5c24a64139685ef80f6573f	drivers/tty/serial/8250/8250_core.c
b8fec56896482af66863d3ba3aa863e005be9217	9b87fdc9af2fbfcdb5c24a64139685ef80f6573f	Documentation/hwmon/lm87.rst
b90c174450b20abaaaf463bd7e0fc4d866e4027c	9b87fdc9af2fbfcdb5c24a64139685ef80f6573f	drivers/virtio/virtio_pci_common.c
b97a4e9b9bd38344b4a121c0c84ecc127c6e989f	9b87fdc9af2fbfcdb5c24a64139685ef80f6573f	Documentation/cdrom/cdrom-standard.rst
b9d6818f1ee164e1c872ab2984fd6d26efa9175a	9b87fdc9af2fbfcdb5c24a64139685ef80f6573f	arch/arm/kernel/head-nommu.S
ba01a9e919b7840a0e625a39de0d473f222b3b64	9b87fdc9af2fbfcdb5c24a64139685ef80f6573f	arch/x86/kernel/smpboot.c
ba0957798bad06e93ba127a0f841fcc96de98496	9b87fdc9af2fbfcdb5c24a64139685ef80f6573f	net/netfilter/ipvs/ip_vs_core.c
ba15b86664984bf4f7eb76f3c736143acb44b57d	9b87fdc9af2fbfcdb5c24a64139685ef80f6573f	arch/arm/kernel/dma.c
ba490174a417d91daddef23d197d0fa75093cecc	9b87fdc9af2fbfcdb5c24a64139685ef80f6573f	drivers/scsi/dc395x.c
ba4c398f861123558e3caea004d3e3ac2002e453	9b87fdc9af2fbfcdb5c24a64139685ef80f6573f	sound/pci/echoaudio/gina20_dsp.c
ba9b9a802469fed8e88d7739a00a341a27d68d04	9b87fdc9af2fbfcdb5c24a64139685ef80f6573f	arch/arm/boot/Makefile
bad0e5567b21f3aa4b9986b6f573003706eaf73e	9b87fdc9af2fbfcdb5c24a64139685ef80f6573f	Documentation/scsi/aic7xxx.rst
baeb24c102c8b26156617bf4e6488b576db22092	9b87fdc9af2fbfcdb5c24a64139685ef80f6573f	arch/powerpc/kernel/module.c
bb0062c165fe90d8bd7747a2cb8af622f2ec83aa	9b87fdc9af2fbfcdb5c24a64139685ef80f6573f	drivers/soc/pxa/ssp.c
bb076d8f5dd5891a6a0cf2a219746a4eceae33dc	9b87fdc9af2fbfcdb5c24a64139685ef80f6573f	drivers/iio/adc/ad799x.c
bb0de6db6391bc2a262d8673c6aa65143a5d411c	9b87fdc9af2fbfcdb5c24a64139685ef80f6573f	drivers/i2c/busses/i2c-tegra-bpmp.c
bb3b526ff43f7179ce0f32a46761fc63c4188920	9b87fdc9af2fbfcdb5c24a64139685ef80f6573f	arch/arm64/kernel/signal32.c
bb4218fa796e5e574a0592b728776a74b5600f36	9b87fdc9af2fbfcdb5c24a64139685ef80f6573f	arch/powerpc/platforms/powernv/opal-kmsg.c
bb68100d8acba7f25cbc71c23221eebfeb363ea1	9b87fdc9af2fbfcdb5c24a64139685ef80f6573f	Documentation/admin-guide/media/imx.rst
bb7b9550580c4857a884a8f6c77ac71fd747bd30	9b87fdc9af2fbfcdb5c24a64139685ef80f6573f	arch/arm/include/debug/imx.S
bb7f591a8b05677a18cabfea177d86635daa98b9	9b87fdc9af2fbfcdb5c24a64139685ef80f6573f	drivers/cpufreq/sa1110-cpufreq.c
bb836f02101cf13379969a0c06348239ae811445	9b87fdc9af2fbfcdb5c24a64139685ef80f6573f	arch/powerpc/kernel/eeh.c
bba83228bc229c96a6e898dbac0109d5afea7e04	9b87fdc9af2fbfcdb5c24a64139685ef80f6573f	arch/arm/include/asm/processor.h
bbbdd054ba64fef16262267bd02767216c4159c2	9b87fdc9af2fbfcdb5c24a64139685ef80f6573f	drivers/media/radio/Kconfig
bbe07b1be9a3627f798b03aad1fdbedde3a765f9	9b87fdc9af2fbfcdb5c24a64139685ef80f6573f	net/netfilter/xt_state.c
bbfbe893d1c42c9d681383ab9aa2784acad19adb	9b87fdc9af2fbfcdb5c24a64139685ef80f6573f	drivers/gpu/drm/gma500/oaktrail_lvds_i2c.c
bc4c46235421567d48ea70d471068d0a6337101f	9b87fdc9af2fbfcdb5c24a64139685ef80f6573f	arch/arm/boot/dts/aspeed/aspeed-bmc-ibm-blueridge.dts
bccfe75fe6e5378720f9f8cff43d9e2e21eb96f4	9b87fdc9af2fbfcdb5c24a64139685ef80f6573f	drivers/parport/parport_pc.c
bcff34665192460fd6c8bcb6e133627fbd7c9be4	9b87fdc9af2fbfcdb5c24a64139685ef80f6573f	Documentation/ABI/testing/sysfs-kernel-fscaps
bd256e99feed3587bfd90faec8044e73f731d0f7	9b87fdc9af2fbfcdb5c24a64139685ef80f6573f	drivers/gpu/drm/nouveau/nvkm/subdev/i2c/base.c
bd627c368d0969f230c750885de8bc766daf6ff4	9b87fdc9af2fbfcdb5c24a64139685ef80f6573f	include/uapi/linux/timex.h
bda5160641746fae9774bb4f6da14d7acc7dfe79	9b87fdc9af2fbfcdb5c24a64139685ef80f6573f	include/uapi/linux/sysctl.h
bdd8836dc5c25ecfcb51efbacf4bde858daac5f8	9b87fdc9af2fbfcdb5c24a64139685ef80f6573f	arch/arm/lib/putuser.S
bdf1e489369e6ef67ccf9dfa2ef45516c6062129	9b87fdc9af2fbfcdb5c24a64139685ef80f6573f	drivers/gpu/drm/amd/pm/powerplay/hwmgr/smu7_hwmgr.c
bdf555e63c2e341ab809b2f609f9ab98e262ee00	9b87fdc9af2fbfcdb5c24a64139685ef80f6573f	drivers/pinctrl/renesas/pfc-sh7723.c
be08eaee0a905a6ff7a0cfa540a3599ea2de1962	9b87fdc9af2fbfcdb5c24a64139685ef80f6573f	drivers/mfd/mcp-core.c
be35e9a1ee75f7038539a5f162f621086cc3f495	9b87fdc9af2fbfcdb5c24a64139685ef80f6573f	Documentation/PCI/pci.rst
be4c1120e3f0b6d2e6db0111687c2217103f5530	9b87fdc9af2fbfcdb5c24a64139685ef80f6573f	Documentation/admin-guide/pm/cpuidle.rst
be5cf338bdeb98dfda659080c8e4dfa9f2925a67	9b87fdc9af2fbfcdb5c24a64139685ef80f6573f	drivers/mmc/core/bus.c
be7817fbc024d096072b11108834ed4d13070f43	9b87fdc9af2fbfcdb5c24a64139685ef80f6573f	net/ipv6/netfilter/nf_defrag_ipv6_hooks.c
be85fd7f66320df69c2b063d051ba0ca21d876ae	9b87fdc9af2fbfcdb5c24a64139685ef80f6573f	tools/perf/scripts/python/parallel-perf.py
bfbfbf4f102d60764c666db473da14430fb9a2e7	9b87fdc9af2fbfcdb5c24a64139685ef80f6573f	Documentation/gpu/kms-properties.csv
bfd0cd1689edafbc17c370ba74e02e4c9a7be2e7	9b87fdc9af2fbfcdb5c24a64139685ef80f6573f	drivers/edac/skx_common.c
bff5f53a9befb7ae331c57e0a0bd7974bd2496c7	9b87fdc9af2fbfcdb5c24a64139685ef80f6573f	net/netfilter/xt_multiport.c
c01a4cb5dc0f6cd0750ea395a85e415f671ddaf4	9b87fdc9af2fbfcdb5c24a64139685ef80f6573f	drivers/net/ethernet/natsemi/xtsonic.c
c024eefd49784b8f8018581a0c475db87618211f	9b87fdc9af2fbfcdb5c24a64139685ef80f6573f	arch/arm/mach-footbridge/netwinder-hw.c
c07843c3c53d3b9450c4f3924c3a918dd908c940	9b87fdc9af2fbfcdb5c24a64139685ef80f6573f	arch/arm/kernel/vmlinux.lds.S
c09074f447083d9ed5eacf239cc05f5dc8213605	9b87fdc9af2fbfcdb5c24a64139685ef80f6573f	drivers/hwmon/lm87.c
c09fc22819d0cf92e32a474162ab13c03f47b6f1	9b87fdc9af2fbfcdb5c24a64139685ef80f6573f	include/linux/rtc.h
c0d9f12cb4416c8b4837815d65de982b258ac1d2	9b87fdc9af2fbfcdb5c24a64139685ef80f6573f	arch/powerpc/kernel/kprobes.c
c16ca163b55e3c8a1caab1b6136ae37df3bbf72d	9b87fdc9af2fbfcdb5c24a64139685ef80f6573f	Documentation/core-api/pin_user_pages.rst
c181b2a0b9d3956ae2c5c7faa9ca67b08b9179ca	9b87fdc9af2fbfcdb5c24a64139685ef80f6573f	drivers/usb/renesas_usbhs/rcar3.c
c1e6ea52c9e59a6ac5c596a9ee0b761a2e1f4bb7	9b87fdc9af2fbfcdb5c24a64139685ef80f6573f	Documentation/networking/bridge.rst
c20b51df7138a213111749c066c523477516b829	9b87fdc9af2fbfcdb5c24a64139685ef80f6573f	Documentation/devicetree/bindings/interrupt-controller/msi.txt
c20c7c72e2d6693ac187da7cca5c637d183b9809	9b87fdc9af2fbfcdb5c24a64139685ef80f6573f	Documentation/security/lsm.rst
c224c7ff353ce35ba36b3c2b0a4cff4bff478578	9b87fdc9af2fbfcdb5c24a64139685ef80f6573f	drivers/gpu/drm/gma500/psb_irq.c
c232054fddd6fdee01296694a462caa65298e3cb	9b87fdc9af2fbfcdb5c24a64139685ef80f6573f	drivers/i2c/Kconfig
c2394e2c94b562bc490f5d6ddcccb8b4c5643607	9b87fdc9af2fbfcdb5c24a64139685ef80f6573f	net/ipv6/netfilter/ip6table_nat.c
c23b9e48ce4935db4a867c3b1d1daf561aa9000b	9b87fdc9af2fbfcdb5c24a64139685ef80f6573f	Documentation/process/4.Coding.rst
c24a59896982621068869e1bc43c6c064698086e	9b87fdc9af2fbfcdb5c24a64139685ef80f6573f	drivers/tty/serial/8250/8250_pci.c
c24e8ff6b3afeb8f99063a03ab9f83d6887e408f	9b87fdc9af2fbfcdb5c24a64139685ef80f6573f	drivers/gpu/drm/amd/include/asic_reg/gc/gc_12_0_0_sh_mask.h
c266a01d697ce1cfbdffbf1688cfe75f512df617	9b87fdc9af2fbfcdb5c24a64139685ef80f6573f	drivers/gpu/drm/armada/armada_ioctlP.h
c289bde0474349c3158df92b57eacce9fd040407	9b87fdc9af2fbfcdb5c24a64139685ef80f6573f	arch/arm/lib/csumpartialcopyuser.S
c30720277912d3503ae2d553a60cb3033c80010d	9b87fdc9af2fbfcdb5c24a64139685ef80f6573f	drivers/gpu/drm/amd/include/asic_reg/gc/gc_9_2_1_offset.h
c30ae3f203beeaa26420e03e8c8f2952e751f2b7	9b87fdc9af2fbfcdb5c24a64139685ef80f6573f	net/netfilter/nf_conntrack_helper.c
c3581b2264597b9723519445aa53d1ffa6cf9e35	9b87fdc9af2fbfcdb5c24a64139685ef80f6573f	arch/arm/mm/copypage-v4wb.c
c3a909abcfa71b2be7ae49b816f9a0695f333515	9b87fdc9af2fbfcdb5c24a64139685ef80f6573f	drivers/comedi/drivers/ni_tio.c
c3f056d28b01b9855a4fcfa008188a903aa3e4bd	9b87fdc9af2fbfcdb5c24a64139685ef80f6573f	drivers/greybus/Kconfig
c3fd398ffcd774c18c2aab7acb9bae2b25b0f9c3	9b87fdc9af2fbfcdb5c24a64139685ef80f6573f	net/netfilter/nf_log_syslog.c
c405cfb8b269bc104d3ebeeb324b87ffe82b7cf1	9b87fdc9af2fbfcdb5c24a64139685ef80f6573f	drivers/mmc/host/mxcmmc.c
c42c55e1e25e7292420d0a13d2da2de977528392	9b87fdc9af2fbfcdb5c24a64139685ef80f6573f	Documentation/scsi/scsi-parameters.rst
c4cf311e09b96cae9afbea96330f84ed6b214c31	9b87fdc9af2fbfcdb5c24a64139685ef80f6573f	Documentation/translations/it_IT/process/5.Posting.rst
c504cf7e9492a339658e60cff18ea7d86f3fbc4d	9b87fdc9af2fbfcdb5c24a64139685ef80f6573f	arch/arm/boot/dts/nxp/imx/imx6qdl-cubox-i.dtsi
c51822563f3f1cfee91a2ee6a3e7f34a201490f9	9b87fdc9af2fbfcdb5c24a64139685ef80f6573f	drivers/input/touchscreen/wm97xx-core.c
c51b4e4fd71e05f9dc7d640a0ba0c4653e3ed2d2	9b87fdc9af2fbfcdb5c24a64139685ef80f6573f	arch/arm/boot/dts/nxp/imx/imx6q-hummingboard-emmc-som-v15.dts
c53643279cdd073a343a48de1a9cff5320737c0d	9b87fdc9af2fbfcdb5c24a64139685ef80f6573f	sound/pci/echoaudio/indigo_dsp.c
c5913cf59c9884211d39cce7930bcf798389fbbd	9b87fdc9af2fbfcdb5c24a64139685ef80f6573f	tools/perf/Documentation/perf-bench.txt
c5e420750c48d70374b216a70d3078add0fc0eb5	9b87fdc9af2fbfcdb5c24a64139685ef80f6573f	arch/arm/lib/getuser.S
c6042586b2ae4daa845043ce303cdac6c71ee15b	9b87fdc9af2fbfcdb5c24a64139685ef80f6573f	Documentation/iio/bno055.rst
c6146c96ac56f8036f0748edcf98c355e50ce6f2	9b87fdc9af2fbfcdb5c24a64139685ef80f6573f	Documentation/devicetree/usage-model.rst
c6a70686507b36420f280ff219bed1c0efdd9df2	9b87fdc9af2fbfcdb5c24a64139685ef80f6573f	arch/arm/mm/dma-mapping-nommu.c
c6a945358e3ec352857bc7164f045a7f4c053a6a	9b87fdc9af2fbfcdb5c24a64139685ef80f6573f	drivers/gpu/drm/gma500/intel_bios.c
c6b04937cee3a2e4cc79d48b5ae5c44fa1becad9	9b87fdc9af2fbfcdb5c24a64139685ef80f6573f	Documentation/arch/arm/vfp/release-notes.rst
c701cff6ea67ccbc51057381ce6a6526a6a50c77	9b87fdc9af2fbfcdb5c24a64139685ef80f6573f	net/sctp/sm_statefuns.c
c71b5d403f0c9cef9211780dcde4ce1f8f6fb1c8	9b87fdc9af2fbfcdb5c24a64139685ef80f6573f	Documentation/process/handling-regressions.rst
c763efb10f6496a72742045497b6bc13794be8e3	9b87fdc9af2fbfcdb5c24a64139685ef80f6573f	drivers/mmc/core/sd.c
c773028df80e1777c194045e00498c255cdf3d52	9b87fdc9af2fbfcdb5c24a64139685ef80f6573f	tools/perf/util/intel-pt-decoder/intel-pt-decoder.h
c796e9bc98b6cb528d24ebb4664ce8c53226f82a	9b87fdc9af2fbfcdb5c24a64139685ef80f6573f	arch/x86/include/asm/intel_pt.h
c7b30d430a70796a1895fec74df0a3b56bb49ab7	9b87fdc9af2fbfcdb5c24a64139685ef80f6573f	drivers/media/radio/radio-trust.c
c7e02d0628bf39d9a5509d0a2c3dd48908c6567a	9b87fdc9af2fbfcdb5c24a64139685ef80f6573f	arch/arm/include/debug/pl01x.S
c8f1716a12d52cc16117998a468833f00ef8404c	9b87fdc9af2fbfcdb5c24a64139685ef80f6573f	drivers/gpu/drm/gma500/backlight.c
c91b6ace199d7d0174e8f8981e89858fc2c08aeb	9b87fdc9af2fbfcdb5c24a64139685ef80f6573f	arch/s390/include/asm/ap.h
c9bcc6f0ab7b711845f646e593a2ba2589d1617a	9b87fdc9af2fbfcdb5c24a64139685ef80f6573f	drivers/cpufreq/powernow-k8.c
c9cbfdefc938cee1893682ef40eb7fd2364b4b64	9b87fdc9af2fbfcdb5c24a64139685ef80f6573f	arch/arm/include/asm/mach/flash.h
ca9cd691cc324ddc3ee49430843934e7580b9c92	9b87fdc9af2fbfcdb5c24a64139685ef80f6573f	drivers/scsi/sun3_scsi.c
cae25ad66c749dbd36dfa040755b6f970b16da96	9b87fdc9af2fbfcdb5c24a64139685ef80f6573f	drivers/gpu/drm/armada/armada_drv.c
cb260eb3d012c375c1af1192753752c3463f2ba7	9b87fdc9af2fbfcdb5c24a64139685ef80f6573f	net/netfilter/nf_conntrack_proto_generic.c
cb51379dce942627216888bb1d5860738182c9b4	9b87fdc9af2fbfcdb5c24a64139685ef80f6573f	drivers/scsi/arm/queue.h
cbb320960fc44022bfac0e15569110569f30734a	9b87fdc9af2fbfcdb5c24a64139685ef80f6573f	Documentation/arch/arm/nwfpe/netwinder-fpe.rst
cbd02eb486e164cc6efd30d99dfcca87d8e356e9	9b87fdc9af2fbfcdb5c24a64139685ef80f6573f	arch/arm/boot/dts/nxp/imx/imx6dl-hummingboard.dts
cc0c5af1f4f1ab4890be9e6ff6d066e7ddbc83c7	9b87fdc9af2fbfcdb5c24a64139685ef80f6573f	drivers/mtd/nand/raw/atmel/pmecc.h
cc0f37f0fa5ad8ae004f5e08d79345c62bc24882	9b87fdc9af2fbfcdb5c24a64139685ef80f6573f	tools/perf/Documentation/perf-intel-pt.txt
cc106f946c6911ff8785a8ffa65bc5ad19c1f2b3	9b87fdc9af2fbfcdb5c24a64139685ef80f6573f	arch/arm/include/asm/setup.h
cc2f4ccca6c03c5630568efc4f99a95559c5fcd6	9b87fdc9af2fbfcdb5c24a64139685ef80f6573f	arch/arm64/boot/install.sh
cc674b21588c47de6d6fcffebe150e1fc5a470bc	9b87fdc9af2fbfcdb5c24a64139685ef80f6573f	Documentation/devicetree/bindings/net/mdio-mux-gpio.yaml
cc6e05f9b96faa2f473c4dbb2784f4e8043fc910	9b87fdc9af2fbfcdb5c24a64139685ef80f6573f	drivers/mmc/host/au1xmmc.c
ccb22e9a86a35a4123fca489bbc2db1c1de7b8df	9b87fdc9af2fbfcdb5c24a64139685ef80f6573f	arch/arm/include/debug/vexpress.S
ccdfa0dc8413cfa9b543100e25fa65892928f88d	9b87fdc9af2fbfcdb5c24a64139685ef80f6573f	arch/m68k/include/asm/pci.h
ccf13718ce705481630200057e52b55040c19fce	9b87fdc9af2fbfcdb5c24a64139685ef80f6573f	Documentation/i2c/index.rst
cd0b5c11ca9c2b681f8119a82f15912925a28089	9b87fdc9af2fbfcdb5c24a64139685ef80f6573f	arch/loongarch/include/uapi/asm/kvm.h
cd5689e383b003270bf68213275f762e4cc165e3	9b87fdc9af2fbfcdb5c24a64139685ef80f6573f	kernel/irq/cpuhotplug.c
cd7893065a4b3c25b7c503de089c21b381a1a946	9b87fdc9af2fbfcdb5c24a64139685ef80f6573f	drivers/gpu/drm/amd/include/asic_reg/smu/smu_7_1_0_sh_mask.h
cd882786d9461689ca92ba354ff84d131e751e4a	9b87fdc9af2fbfcdb5c24a64139685ef80f6573f	drivers/gpu/drm/gma500/psb_intel_lvds.c
cdc11e9a0f3293af9f192df23bc7eda15f88069c	9b87fdc9af2fbfcdb5c24a64139685ef80f6573f	Documentation/userspace-api/media/v4l/hist-v4l2.rst
cdd8cfb424f53ba2728f4a687e2590ac1400a268	9b87fdc9af2fbfcdb5c24a64139685ef80f6573f	include/linux/platform_data/gpio-omap.h
cdfa2bc8425feb1dcd393b89208dbb2dcd77352a	9b87fdc9af2fbfcdb5c24a64139685ef80f6573f	Documentation/arch/powerpc/bootwrapper.rst
ce9e1bfa4259faca21f2f3d3ea858a182f0baaa7	9b87fdc9af2fbfcdb5c24a64139685ef80f6573f	net/ipv4/netfilter.c
cea39e0199048efef004bf7136d982ce0d79187d	9b87fdc9af2fbfcdb5c24a64139685ef80f6573f	lib/raid/xor/arm/xor-neon-glue.c
cea488cec544589c06d4b9ae62a37158aac23839	9b87fdc9af2fbfcdb5c24a64139685ef80f6573f	net/netfilter/xt_MASQUERADE.c
cecc110a3399f6144239be89cb5ab7c4be3ae80c	9b87fdc9af2fbfcdb5c24a64139685ef80f6573f	Documentation/dev-tools/kunit/run_wrapper.rst
ced7b433befbbfe5dfcf2af9c6533dc17a10e638	9b87fdc9af2fbfcdb5c24a64139685ef80f6573f	drivers/gpu/drm/gma500/psb_intel_reg.h
cf1f66b7b192c94f2f1abe22767837e638aeef4e	9b87fdc9af2fbfcdb5c24a64139685ef80f6573f	drivers/gpu/drm/bridge/synopsys/dw-hdmi-ahb-audio.c
cf32ba9b4e8e69abf1cc2b4e2766fa3529a415b6	9b87fdc9af2fbfcdb5c24a64139685ef80f6573f	arch/arm/boot/dts/marvell/armada-388-clearfog-base.dts
cfe9c256a918ad6ca5da19cb09914308881398c5	9b87fdc9af2fbfcdb5c24a64139685ef80f6573f	arch/mips/include/asm/octeon/cvmx-helper-board.h
cff990c319cb6158fd2415235ba1de073bcbb8e8	9b87fdc9af2fbfcdb5c24a64139685ef80f6573f	arch/m68k/Kconfig.machine
d056d48c637cf78fbaa784625ba7cc766cd25bad	9b87fdc9af2fbfcdb5c24a64139685ef80f6573f	fs/adfs/file.c
d069165f9b86063185799d8457e7915e512676a3	9b87fdc9af2fbfcdb5c24a64139685ef80f6573f	drivers/mfd/lpc_sch.c
d07f16c3c7b82a414a816d063853cd5c8d51c95e	9b87fdc9af2fbfcdb5c24a64139685ef80f6573f	Documentation/process/embargoed-hardware-issues.rst
d085ba1f4b44e0d6f902dd4acccf6c0d0b4719d8	9b87fdc9af2fbfcdb5c24a64139685ef80f6573f	kernel/stop_machine.c
d0c290d7d0626259695e12aa21acd5b3fce71279	9b87fdc9af2fbfcdb5c24a64139685ef80f6573f	arch/arm/boot/dts/ti/omap/am335x-wega.dtsi
d0d9e5ea84a095beca02690c8063db3350003758	9b87fdc9af2fbfcdb5c24a64139685ef80f6573f	net/netfilter/nf_conntrack_core.c
d0e1e0bd2ad06b18ca81b6de189e31cd9eca776b	9b87fdc9af2fbfcdb5c24a64139685ef80f6573f	kernel/module/main.c
d16c178d103440dc9ec712e721e2db066f2f46c4	9b87fdc9af2fbfcdb5c24a64139685ef80f6573f	drivers/net/ethernet/smsc/smc91x.c
d17bd91490ee4e7022b46cd889f0c1cefce49a02	9b87fdc9af2fbfcdb5c24a64139685ef80f6573f	drivers/base/bus.c
d17cb5b4a4bf2d80e8fa0e83dd09cabff5b20fe1	9b87fdc9af2fbfcdb5c24a64139685ef80f6573f	drivers/gpu/drm/gma500/psb_drv.c
d17d1e622e4ff349fa3b21255100475342d7b248	9b87fdc9af2fbfcdb5c24a64139685ef80f6573f	drivers/gpu/drm/amd/include/asic_reg/gc/gc_9_1_offset.h
d18f548bbc204167c3d2815e1e57700fdc812108	9b87fdc9af2fbfcdb5c24a64139685ef80f6573f	arch/sparc/kernel/of_device_32.c
d1a2a22ffe8c7daf890699ac8193a2808e13e7e3	9b87fdc9af2fbfcdb5c24a64139685ef80f6573f	drivers/scsi/arm/cumana_1.c
d1e93588234f5778a978d62c3488f8ff0216b096	9b87fdc9af2fbfcdb5c24a64139685ef80f6573f	drivers/gpu/drm/gma500/fbdev.c
d1e953712cc2939746fd431800a46bcd676231ad	9b87fdc9af2fbfcdb5c24a64139685ef80f6573f	Documentation/gpu/vgaarbiter.rst
d203c2a6c438bfd090aa80ed528aa43be71fc4cf	9b87fdc9af2fbfcdb5c24a64139685ef80f6573f	drivers/input/mouse/amimouse.c
d2231deb90fa501f41938a47da297d9fcf684a78	9b87fdc9af2fbfcdb5c24a64139685ef80f6573f	arch/arm/include/asm/delay.h
d237a834b85ee5c6a880d61368eae83467efd7e2	9b87fdc9af2fbfcdb5c24a64139685ef80f6573f	arch/mips/boot/compressed/head.S
d27de18de46fe194d3d3d506bf1deb997ffdd81e	9b87fdc9af2fbfcdb5c24a64139685ef80f6573f	drivers/i2c/Makefile
d2c1bd94bb9709b2a3e96b33ceb8846cae16fb59	9b87fdc9af2fbfcdb5c24a64139685ef80f6573f	Documentation/translations/zh_CN/core-api/genericirq.rst
d2c8e53135397e3fdebd1cd3ed6a0a58bb198c1d	9b87fdc9af2fbfcdb5c24a64139685ef80f6573f	arch/arm/kernel/fiq.c
d33c1e24e00b3d317a697c1412e9b8c5f11a1e43	9b87fdc9af2fbfcdb5c24a64139685ef80f6573f	arch/arm/include/asm/assembler.h
d34ac916907dc3c511832e8ede3ed75dc8be5e7f	9b87fdc9af2fbfcdb5c24a64139685ef80f6573f	drivers/platform/x86/intel/pmc/wcl.c
d357ed7efd99bdb70502070ddb5b4361cca4a450	9b87fdc9af2fbfcdb5c24a64139685ef80f6573f	fs/btrfs/delalloc-space.c
d3ad7329cd6da02164b2ae56800771eb2e8b78b3	9b87fdc9af2fbfcdb5c24a64139685ef80f6573f	arch/arm/boot/dts/nxp/imx/imx6q-hummingboard2-som-v15.dts
d402e08442ee24685582b49a01bdbc61d2b6da5e	9b87fdc9af2fbfcdb5c24a64139685ef80f6573f	arch/arm64/include/asm/page-def.h
d48859fdf32c501220c9bc48f961f73b946eb3fb	9b87fdc9af2fbfcdb5c24a64139685ef80f6573f	arch/arm/include/asm/domain.h
d593e52e66359e9974ad62d57fbcba14a47a25f8	9b87fdc9af2fbfcdb5c24a64139685ef80f6573f	arch/x86/include/asm/mpspec.h
d5a5fd4466c1dac1e46c2079c68788c62d925daa	9b87fdc9af2fbfcdb5c24a64139685ef80f6573f	drivers/gpu/drm/gma500/gtt.h
d5dd54c53ace618fa37a167ec69da1dba2f0763c	9b87fdc9af2fbfcdb5c24a64139685ef80f6573f	include/linux/kallsyms.h
d5e65da8a6874398973e9074e8a393fed24cc7b7	9b87fdc9af2fbfcdb5c24a64139685ef80f6573f	arch/arm/include/debug/icedcc.S
d60548ccd13ec464c2980cdc0130eb5ca0fc0e66	9b87fdc9af2fbfcdb5c24a64139685ef80f6573f	arch/arm/include/asm/pgtable-hwdef.h
d6194346e3664d1490d063a4bc694135cbc5a463	9b87fdc9af2fbfcdb5c24a64139685ef80f6573f	Documentation/crypto/userspace-if.rst
d6853ce089541d06d13036e4a9f39ca45155e342	9b87fdc9af2fbfcdb5c24a64139685ef80f6573f	mm/kmsan/report.c
d692450070967be690b16bbdfedd556d4cb796eb	9b87fdc9af2fbfcdb5c24a64139685ef80f6573f	drivers/scsi/arm/oak.c
d6c02cf815be0ba3d7c4056307d3fc0f27b232c1	9b87fdc9af2fbfcdb5c24a64139685ef80f6573f	drivers/gpu/drm/amd/include/asic_reg/gc/gc_11_5_0_offset.h
d71359b5331c3b661ccbf5909d9339695192bde6	9b87fdc9af2fbfcdb5c24a64139685ef80f6573f	arch/powerpc/platforms/powermac/pci.c
d729b1591e5e9e2062de5daf95ce8cf98ed2307a	9b87fdc9af2fbfcdb5c24a64139685ef80f6573f	fs/adfs/dir_fplus.h
d738d31995f9cdf04c054422e8c8b93d19ea02d1	9b87fdc9af2fbfcdb5c24a64139685ef80f6573f	drivers/cpufreq/cpufreq_userspace.c
d7924141c544a88d275b95229b6d218d0da56ba9	9b87fdc9af2fbfcdb5c24a64139685ef80f6573f	Documentation/driver-api/media/drivers/tuners.rst
d7aa95225c70bd93d990656d56553113917f6f56	9b87fdc9af2fbfcdb5c24a64139685ef80f6573f	arch/arm/kernel/process.c
d7b89508311ffc6cbe1ccd302a6e84dfa83bf6fe	9b87fdc9af2fbfcdb5c24a64139685ef80f6573f	drivers/i2c/busses/Kconfig
d7c8eff6331740a6f19d4acb48244ec2cab8c0bc	9b87fdc9af2fbfcdb5c24a64139685ef80f6573f	Documentation/RCU/stallwarn.rst
d7d4d56981ca2345d180749ee909f6cb03a54ab3	9b87fdc9af2fbfcdb5c24a64139685ef80f6573f	Documentation/scsi/BusLogic.rst
d82df5b4e2db3a18b46063ad2c255e227e4c4b83	9b87fdc9af2fbfcdb5c24a64139685ef80f6573f	drivers/s390/crypto/ap_bus.c
d83c387821ea1cf2cefeb706726727415d441c0b	9b87fdc9af2fbfcdb5c24a64139685ef80f6573f	drivers/platform/x86/touchscreen_dmi.c
d8610daa10cd8cb4795d6b5d0342c49d0b5502e9	9b87fdc9af2fbfcdb5c24a64139685ef80f6573f	Documentation/devicetree/bindings/i2c/i2c-mux-gpmux.yaml
d8a13959bff0c2bdd7e182446325cd8fb61ac4e2	9b87fdc9af2fbfcdb5c24a64139685ef80f6573f	arch/arm/include/asm/checksum.h
d90d940ad3f44566728d529348b23cfbb619f97e	9b87fdc9af2fbfcdb5c24a64139685ef80f6573f	drivers/gpu/drm/vmwgfx/device_include/svga3d_cmd.h
d92814bf991530bc1ae2be3f5bf7f8ed56c3955c	9b87fdc9af2fbfcdb5c24a64139685ef80f6573f	arch/m68k/include/asm/m527xsim.h
d92f44bdf4380c6adf85008e2ebbcce00d71b0b1	9b87fdc9af2fbfcdb5c24a64139685ef80f6573f	arch/arm/kernel/debug.S
d94571c05a59a89724c5222aea7228f7f68929a7	9b87fdc9af2fbfcdb5c24a64139685ef80f6573f	arch/arm64/boot/dts/qcom/sm7325-motorola-dubai.dts
d993df6302dcf432e1c989efa334c1f392616c79	9b87fdc9af2fbfcdb5c24a64139685ef80f6573f	arch/mips/include/asm/pci.h
d99ed58b7043d82a7a98d205020fda024993b228	9b87fdc9af2fbfcdb5c24a64139685ef80f6573f	arch/mips/kernel/head.S
d9c3af1ef718f670cd6ddacdde6bd6d7754b5257	9b87fdc9af2fbfcdb5c24a64139685ef80f6573f	arch/arm/mach-rpc/include/mach/isa-dma.h
d9cb26fb3e65709ddf3b25b441d8464e51858c7e	9b87fdc9af2fbfcdb5c24a64139685ef80f6573f	arch/m68k/include/asm/coldfire.h
d9cbb02b35a112e0940fa45999dd98261ba5e690	9b87fdc9af2fbfcdb5c24a64139685ef80f6573f	drivers/virtio/virtio_pci_legacy.c
d9f6b372b0586e4b123ac149e08d5c322481cedd	9b87fdc9af2fbfcdb5c24a64139685ef80f6573f	arch/arm/lib/io-readsl.S
da7335cbe82dfcfbbe54e1711736354c1a77d2c5	9b87fdc9af2fbfcdb5c24a64139685ef80f6573f	drivers/gpu/drm/armada/armada_gem.c
daaa5eee0f0df7c2806dd834941d6d2c3b7c7416	9b87fdc9af2fbfcdb5c24a64139685ef80f6573f	arch/arm/boot/dts/ti/omap/am335x-moxa-uc-8100-common.dtsi
daac197d33151277a77fc9af4b524b0c222ed030	9b87fdc9af2fbfcdb5c24a64139685ef80f6573f	arch/loongarch/boot/install.sh
dab70d1230a294ab7b2e7eb4cfe13ac6ae26d270	9b87fdc9af2fbfcdb5c24a64139685ef80f6573f	arch/arm/boot/dts/nxp/imx/imx6q-cubox-i-som-v15.dts
daba7f5e05c4e1109ce8f7aeface25482493b7cc	9b87fdc9af2fbfcdb5c24a64139685ef80f6573f	drivers/xen/xenbus/xenbus.h
db197b865b90a020ac0975c4cc6a5bd00627a29a	9b87fdc9af2fbfcdb5c24a64139685ef80f6573f	drivers/gpu/drm/gma500/psb_drv.h
db2cb06aa8cf5e9d5253a33b84d31b1a8a6ab828	9b87fdc9af2fbfcdb5c24a64139685ef80f6573f	arch/arm/include/asm/mmu_context.h
db2cc30a42a47e0e93f51cb82b54d8b1d3418281	9b87fdc9af2fbfcdb5c24a64139685ef80f6573f	drivers/peci/request.c
db37678dcb05c83c5d876c1a6a8fc8dd8ab12471	9b87fdc9af2fbfcdb5c24a64139685ef80f6573f	arch/arm64/kvm/handle_exit.c
db3c9522a8a26f77731f9252be031df9a31c3d2c	9b87fdc9af2fbfcdb5c24a64139685ef80f6573f	drivers/w1/w1_io.c
db678f5a80e03a445d476fc8a27d4034240c9160	9b87fdc9af2fbfcdb5c24a64139685ef80f6573f	drivers/virtio/virtio_ring.c
dc31f505e6c835bf590998a88676e9fa48d4c0f9	9b87fdc9af2fbfcdb5c24a64139685ef80f6573f	Documentation/filesystems/ext4/ifork.rst
dc71544532cee864431c495d7041c2712d5c6b37	9b87fdc9af2fbfcdb5c24a64139685ef80f6573f	Documentation/userspace-api/perf_ring_buffer.rst
dcb8e2b3f73baa0554a02e8022e62e3d4b099504	9b87fdc9af2fbfcdb5c24a64139685ef80f6573f	drivers/pci/setup-cardbus.c
dd050947257b781f8b74e47db179f50be97d9b40	9b87fdc9af2fbfcdb5c24a64139685ef80f6573f	net/netfilter/xt_REDIRECT.c
dd06bfc1a050461837b9ed48541721f205c9eb3f	9b87fdc9af2fbfcdb5c24a64139685ef80f6573f	Documentation/translations/it_IT/kernel-hacking/hacking.rst
dd3437412ffcfda94534c501f0c020c15e8125ba	9b87fdc9af2fbfcdb5c24a64139685ef80f6573f	drivers/scsi/esas2r/atioctl.h
dd9aa0635fa5616975b7c30d326ce54b11bf149f	9b87fdc9af2fbfcdb5c24a64139685ef80f6573f	lib/bitmap-str.c
ddaacf876dada92c1ffafd2d5d1e4b83c8f0101f	9b87fdc9af2fbfcdb5c24a64139685ef80f6573f	drivers/i2c/i2c-core-base.c
ddca24414d262f47b75cf016456b8b0b76fe5f26	9b87fdc9af2fbfcdb5c24a64139685ef80f6573f	arch/arm/boot/dts/nxp/imx/imx6qdl-sr-som-emmc.dtsi
dde32271fb860dd76dd4a8b69880680aac757cef	9b87fdc9af2fbfcdb5c24a64139685ef80f6573f	drivers/gpu/drm/amd/include/asic_reg/gc/gc_10_3_0_sh_mask.h
ddfd0a32c653007e53330a1fb2a29be9bfa96fdb	9b87fdc9af2fbfcdb5c24a64139685ef80f6573f	drivers/media/platform/chips-media/coda/coda.h
de17d1611290cf5cf99d1044c4fe81343208e600	9b87fdc9af2fbfcdb5c24a64139685ef80f6573f	drivers/mmc/core/sd_uhs2.c
de3f176792a071205823aa71a5076e651b7b4cf2	9b87fdc9af2fbfcdb5c24a64139685ef80f6573f	net/netfilter/xt_LOG.c
de754db414d1d2a0c19c7c44381be2ffc8c03b2b	9b87fdc9af2fbfcdb5c24a64139685ef80f6573f	kernel/irq/chip.c
de75ae4d5ab41c86e69c4993506080be24305cf9	9b87fdc9af2fbfcdb5c24a64139685ef80f6573f	arch/arm/lib/memset.S
dea05aeb53a18d231c34d6c45aba9e7129236b31	9b87fdc9af2fbfcdb5c24a64139685ef80f6573f	fs/smb/client/smb2pdu.c
df03ca428e1574da344455c3851cb8d66325cd8f	9b87fdc9af2fbfcdb5c24a64139685ef80f6573f	block/partitions/mac.c
df2d1d82fb3ccfe2e388f3fb02ee7923a99bff28	9b87fdc9af2fbfcdb5c24a64139685ef80f6573f	arch/arm64/tools/syscall_32.tbl
df5e20cbc26cbf4dfc249a240605450b71f6f2d5	9b87fdc9af2fbfcdb5c24a64139685ef80f6573f	drivers/rtc/rtc-pcf8583.c
dfc2ec0df380c412788ffe1a68eb89551bc61ae3	9b87fdc9af2fbfcdb5c24a64139685ef80f6573f	Documentation/networking/xfrm/xfrm_sync.rst
dfe2e5ad3b216c311d29e1d0c1b80efc9b14331d	9b87fdc9af2fbfcdb5c24a64139685ef80f6573f	arch/powerpc/include/asm/kprobes.h
dffef52a807bc83f8bdcfce090fda04939a2e436	9b87fdc9af2fbfcdb5c24a64139685ef80f6573f	kernel/tracepoint.c
e020f44ac2c7177f07ca3b44f5fb5b368dc5c7fc	9b87fdc9af2fbfcdb5c24a64139685ef80f6573f	drivers/net/xen-netback/xenbus.c
e0349a3c20e4c7d96395a7ead7b8d3512c369daf	9b87fdc9af2fbfcdb5c24a64139685ef80f6573f	sound/pci/echoaudio/layla20_dsp.c
e09c565d1d1febd4efc1a69f4dba677e9784a545	9b87fdc9af2fbfcdb5c24a64139685ef80f6573f	arch/arm/boot/dts/nxp/imx/imx6dl-cubox-i-som-v15.dts
e0b2e7268ef68cb6ece2f2ab75484c58be4dd65a	9b87fdc9af2fbfcdb5c24a64139685ef80f6573f	tools/perf/scripts/python/exported-sql-viewer.py
e100ab0a24cc4ac9aed5578b4d657ee579df47b1	9b87fdc9af2fbfcdb5c24a64139685ef80f6573f	Documentation/driver-api/surface_aggregator/client.rst
e1641799569bc07924dc892b882591fc2f7c5124	9b87fdc9af2fbfcdb5c24a64139685ef80f6573f	arch/arm/mm/cache-fa.S
e16af68d709fd085b82c4d7c542c3b80d8a36be9	9b87fdc9af2fbfcdb5c24a64139685ef80f6573f	arch/arm/mm/copypage-xscale.c
e1993e28a9ecfd80b55b2677253ac582467e6c14	9b87fdc9af2fbfcdb5c24a64139685ef80f6573f	arch/arm/kernel/irq.c
e1a4db8e252c3342839d5814af6cb5b0ea220047	9b87fdc9af2fbfcdb5c24a64139685ef80f6573f	lib/dhry.h
e1b33662488301bbc38b258c3a7d9b5be96c57f4	9b87fdc9af2fbfcdb5c24a64139685ef80f6573f	arch/arm/mach-footbridge/dc21285.c
e1cc2b2bd628f35e2e50111047c8475cdba73c9c	9b87fdc9af2fbfcdb5c24a64139685ef80f6573f	drivers/i2c/busses/i2c-pnx.c
e21249548e9fbd320b9b77c4cb33f153a9808ac2	9b87fdc9af2fbfcdb5c24a64139685ef80f6573f	arch/arm/mm/proc-syms.c
e27342ef128b899c9d4380c4f415d71292233a08	9b87fdc9af2fbfcdb5c24a64139685ef80f6573f	arch/powerpc/kernel/pci_64.c
e29d9c7a523883457939c57a8238b872d015a492	9b87fdc9af2fbfcdb5c24a64139685ef80f6573f	arch/arm/include/asm/fpstate.h
e2adbc4efbe01051e74bdc6bedbabb691aebe287	9b87fdc9af2fbfcdb5c24a64139685ef80f6573f	drivers/video/fbdev/via/viafbdev.h
e2ae312f0b69101469a11a918db55e56554a9438	9b87fdc9af2fbfcdb5c24a64139685ef80f6573f	arch/arm/lib/io-writesb.S
e2d37ee221b84a03c4c2afe468603a6f2b133e3d	9b87fdc9af2fbfcdb5c24a64139685ef80f6573f	arch/arm64/tools/sysreg
e306e85d7cedcf76427df42e1b2419f83e13ca56	9b87fdc9af2fbfcdb5c24a64139685ef80f6573f	crypto/lrw.c
e332d261c1dbdb5061cc6b7179298d7be0ccd834	9b87fdc9af2fbfcdb5c24a64139685ef80f6573f	arch/arm/mach-tegra/sleep.h
e34c52d059d398a7716a4df41901d6a4a4bee5e5	9b87fdc9af2fbfcdb5c24a64139685ef80f6573f	drivers/net/virtio_net.c
e3692a37cede3c51328e4b2f617a3108e5d4722e	9b87fdc9af2fbfcdb5c24a64139685ef80f6573f	arch/arm/include/debug/8250.S
e38a220401f51cffd4069f279245aba99b90c809	9b87fdc9af2fbfcdb5c24a64139685ef80f6573f	Documentation/driver-api/80211/mac80211.rst
e3a463c157d1f6306cd7dc5811cf8825f070cb05	9b87fdc9af2fbfcdb5c24a64139685ef80f6573f	drivers/input/serio/sa1111ps2.c
e4132d62ffa2f29acf9629321000c6e11a7bbb61	9b87fdc9af2fbfcdb5c24a64139685ef80f6573f	arch/arm/boot/dts/nxp/imx/imx6q-hummingboard-som-v15.dts
e41437fa17ad0ec1b7902d35123d8fa7b488d3d7	9b87fdc9af2fbfcdb5c24a64139685ef80f6573f	include/uapi/linux/vfio.h
e454b48fa9dbf74925bbe25e31ff9b09e20a62db	9b87fdc9af2fbfcdb5c24a64139685ef80f6573f	arch/powerpc/platforms/44x/pci.c
e460068f6834b9955ebc53ae54e6472ea974ba1b	9b87fdc9af2fbfcdb5c24a64139685ef80f6573f	drivers/scsi/arm/cumana_2.c
e474f8461ea1990ee2f5357b33c4d67bd6551a7a	9b87fdc9af2fbfcdb5c24a64139685ef80f6573f	include/crypto/hash.h
e491f5c9d455162b40390862f66241c2a2d7cf1e	9b87fdc9af2fbfcdb5c24a64139685ef80f6573f	arch/arm/boot/dts/nxp/imx/imx6qdl-sr-som-brcm.dtsi
e4fd4572472f9805c6cfb11e00c599714e754114	9b87fdc9af2fbfcdb5c24a64139685ef80f6573f	drivers/mfd/Kconfig
e51a965ddeb8656457efc1633663a82fe3567597	9b87fdc9af2fbfcdb5c24a64139685ef80f6573f	drivers/gpu/drm/gma500/cdv_intel_crt.c
e5527020ff337943036d3b76fd5a98a1125e67e8	9b87fdc9af2fbfcdb5c24a64139685ef80f6573f	drivers/memory/Kconfig
e579f77162e9ebb2460be4a2ca03f58c1d49b6d7	9b87fdc9af2fbfcdb5c24a64139685ef80f6573f	arch/arm/include/asm/floppy.h
e6143663778fbeaf456a67044ad7a369c3a656cc	9b87fdc9af2fbfcdb5c24a64139685ef80f6573f	drivers/usb/core/notify.c
e61ef1156f8b55ea659057e65c9bf7b52328f8f1	9b87fdc9af2fbfcdb5c24a64139685ef80f6573f	arch/arm/boot/dts/nxp/imx/imx6dl-hummingboard2-som-v15.dts
e623e24d3f8edfc34faf33ef21b66e07eb24ec11	9b87fdc9af2fbfcdb5c24a64139685ef80f6573f	drivers/usb/host/ohci-s3c2410.c
e635fcffd3790954bc2f2dd52566621d086239de	9b87fdc9af2fbfcdb5c24a64139685ef80f6573f	drivers/gpu/drm/Makefile
e64116bf2637860016418cdc705b26096ea24961	9b87fdc9af2fbfcdb5c24a64139685ef80f6573f	net/netfilter/x_tables.c
e6a0f5b40d0a56e3b31ffb2a3cf1b4ce50a48e44	9b87fdc9af2fbfcdb5c24a64139685ef80f6573f	drivers/tty/n_tty.c
e6bd9e79737cc212daf47b55dbd2748235765abb	9b87fdc9af2fbfcdb5c24a64139685ef80f6573f	arch/arm/include/asm/io.h
e6d39703718c49a7c6345f8787593acd049e0130	9b87fdc9af2fbfcdb5c24a64139685ef80f6573f	drivers/gpu/drm/gma500/mmu.h
e6de7ae55bda0aa3e66217ace1accce3fd505404	9b87fdc9af2fbfcdb5c24a64139685ef80f6573f	include/linux/kprobes.h
e6f6ac4bed77b10bd03b6452ae7a7f0e280cca3b	9b87fdc9af2fbfcdb5c24a64139685ef80f6573f	Documentation/userspace-api/media/v4l/func-read.rst
e715147d091cafe15e5366d42a7d31136703b3d2	9b87fdc9af2fbfcdb5c24a64139685ef80f6573f	drivers/gpu/drm/vc4/vc4_hvs.c
e733f6b1f7ac5816a1f3322d4ae308c9cbc21fe4	9b87fdc9af2fbfcdb5c24a64139685ef80f6573f	tools/perf/util/intel-pt-decoder/intel-pt-decoder.c
e74c8ab7142980935d873f4af5fd116a1b35df31	9b87fdc9af2fbfcdb5c24a64139685ef80f6573f	Documentation/arch/arm64/arm-acpi.rst
e760d13ee325e7a565335b6df8927e92f8266ffd	9b87fdc9af2fbfcdb5c24a64139685ef80f6573f	drivers/mmc/core/block.c
e84ff1afb58ca90c527ea56aa080d82ae73b808a	9b87fdc9af2fbfcdb5c24a64139685ef80f6573f	arch/powerpc/boot/dts/glacier.dts
e876fe52399a0a0b853724b60e3dd0416a3f5320	9b87fdc9af2fbfcdb5c24a64139685ef80f6573f	drivers/net/ethernet/8390/etherh.c
e881a945c1888eaf2abb950ed6fe2721772613fe	9b87fdc9af2fbfcdb5c24a64139685ef80f6573f	Documentation/scheduler/sched-bwc.rst
e90421bf7e3af7ac03302c0dfd91fb189975b215	9b87fdc9af2fbfcdb5c24a64139685ef80f6573f	arch/arm/boot/dts/aspeed/aspeed-bmc-ibm-rainier.dts
e966e7c4cc5dea37ab570f939b94d17db8fe3a83	9b87fdc9af2fbfcdb5c24a64139685ef80f6573f	drivers/net/dsa/mv88e6xxx/chip.h
e97743ab0f26125e852d56c29397cdcb9b0c57a4	9b87fdc9af2fbfcdb5c24a64139685ef80f6573f	Documentation/core-api/dma-api-howto.rst
ea4fbe7b17f6ffbc16eebde4259c977b08d65fe4	9b87fdc9af2fbfcdb5c24a64139685ef80f6573f	arch/arm/include/asm/tlb.h
ea9bd08895b7f5bb8f6a65a30eaddfcdfeac9f65	9b87fdc9af2fbfcdb5c24a64139685ef80f6573f	arch/arm/include/asm/mach/pci.h
ea9fcd92c6de20d96096aa402a048cbe7b5315ba	9b87fdc9af2fbfcdb5c24a64139685ef80f6573f	drivers/scsi/arm/arm_scsi.h
eadcb4aa813be2432b112b9e4f3d29766f322a97	9b87fdc9af2fbfcdb5c24a64139685ef80f6573f	Documentation/userspace-api/media/v4l/dev-output.rst
eb4171a1940e479d595ab984c94aa586b838d7c7	9b87fdc9af2fbfcdb5c24a64139685ef80f6573f	Documentation/devicetree/bindings/net/mdio-gpio.yaml
eb8ac0412da6186011b05e074dd3c1cb37e71de3	9b87fdc9af2fbfcdb5c24a64139685ef80f6573f	arch/arm/mach-rpc/ecard-loader.S
eb9fb2f2a72014bbd967854af1e5cd4893649587	9b87fdc9af2fbfcdb5c24a64139685ef80f6573f	arch/mips/jazz/jazzdma.c
ecfbd72d5d1a41d60e2276e9d78160c063fa347c	9b87fdc9af2fbfcdb5c24a64139685ef80f6573f	net/core/dev.c
ed1fcf57dd30d0ad0cd70f1cece940c842b2a86b	9b87fdc9af2fbfcdb5c24a64139685ef80f6573f	drivers/spi/spi-tegra20-slink.c
ed20352a589a3dd20255561280e208aa11996a83	9b87fdc9af2fbfcdb5c24a64139685ef80f6573f	drivers/net/mdio/mdio-i2c.c
ed7a2a87a670751d17dd5744b8817cf36c25ebcc	9b87fdc9af2fbfcdb5c24a64139685ef80f6573f	arch/arm/kernel/ptrace.c
ed843bb22020b3b7bb1bff392aa2989df3109cbb	9b87fdc9af2fbfcdb5c24a64139685ef80f6573f	arch/arm/mm/copypage-v4mc.c
edf8107a7beba608333724f780b953a254579cc0	9b87fdc9af2fbfcdb5c24a64139685ef80f6573f	Documentation/bpf/bpf_devel_QA.rst
ee34796cfbb64e1ed1d91344fc7b737a97a1aefc	9b87fdc9af2fbfcdb5c24a64139685ef80f6573f	Documentation/spi/spi-summary.rst
eeb868e93e15eaa72999c7b3415dd4feec8070c0	9b87fdc9af2fbfcdb5c24a64139685ef80f6573f	include/linux/serial_8250.h
ef0aa6890bc065df815caea77182c8e2f7de7803	9b87fdc9af2fbfcdb5c24a64139685ef80f6573f	drivers/mtd/chips/cfi_util.c
ef527bdc5f8daa2ba89895ad5a637f68db2e32f0	9b87fdc9af2fbfcdb5c24a64139685ef80f6573f	Documentation/kernel-hacking/hacking.rst
ef9ea4ff891b3d5b6e57d15d0e4acdb3759daa95	9b87fdc9af2fbfcdb5c24a64139685ef80f6573f	drivers/net/wireless/ath/wcn36xx/hal.h
f016a75a9d6e1e8fa7f31c258444df6a01347839	9b87fdc9af2fbfcdb5c24a64139685ef80f6573f	Documentation/translations/it_IT/process/kernel-driver-statement.rst
f0288889c70f8362696043c318c047d3b2fb6e8a	9b87fdc9af2fbfcdb5c24a64139685ef80f6573f	drivers/i2c/busses/i2c-ibm_iic.h
f040a09f3191e35d006513a47b2e650613684c73	9b87fdc9af2fbfcdb5c24a64139685ef80f6573f	sound/pci/echoaudio/mia_dsp.c
f04397b8e381c1780ad001dfcc2a81e7c4bacb60	9b87fdc9af2fbfcdb5c24a64139685ef80f6573f	drivers/block/floppy.c
f0600f6ca2548e2113b2c2081b8d30d250478a8a	9b87fdc9af2fbfcdb5c24a64139685ef80f6573f	drivers/video/fbdev/acornfb.c
f0e3b01afa746d0206fbbb3d5d6102e8c6a337c8	9b87fdc9af2fbfcdb5c24a64139685ef80f6573f	arch/arm/include/asm/atomic.h
f10e5d1f592b32f5254bc0ed8299c1505560652c	9b87fdc9af2fbfcdb5c24a64139685ef80f6573f	drivers/gpu/drm/amd/include/asic_reg/gc/gc_11_5_0_sh_mask.h
f13fe9bc2399ad81bee58d0bfd933c007326ed04	9b87fdc9af2fbfcdb5c24a64139685ef80f6573f	arch/arm/lib/testchangebit.S
f1573dcc63ac98180e828c6a4ea0d8f795370295	9b87fdc9af2fbfcdb5c24a64139685ef80f6573f	Documentation/kbuild/gendwarfksyms.rst
f18585156b6771c184da9069b750b3649c06a6d3	9b87fdc9af2fbfcdb5c24a64139685ef80f6573f	Documentation/translations/zh_CN/arch/arm/Booting
f1930c6b55cee5d47cb685353f2d4fac78444539	9b87fdc9af2fbfcdb5c24a64139685ef80f6573f	lib/crypto/arm64/poly1305-armv8.pl
f1aa0764a2ccc160e89ac074197a5e73dfb340a0	9b87fdc9af2fbfcdb5c24a64139685ef80f6573f	arch/arm/mm/tlb-v7.S
f1ac96370ace7c81913fbcc3ec45ea1d4510fbbe	9b87fdc9af2fbfcdb5c24a64139685ef80f6573f	Documentation/translations/zh_TW/arch/arm64/booting.txt
f1ddb64fe62abe8e37153db410f1b19118457d8f	9b87fdc9af2fbfcdb5c24a64139685ef80f6573f	lib/raid/xor/arm/xor_arch.h
f22c50d4bd4173892345f9bc3c206fbd85b38eb7	9b87fdc9af2fbfcdb5c24a64139685ef80f6573f	arch/arm/kernel/head.S
f23126d804b25a50612f1327583fe7632453e549	9b87fdc9af2fbfcdb5c24a64139685ef80f6573f	kernel/module/kallsyms.c
f245e66cd13d009566949e464fcfabd0ab923893	9b87fdc9af2fbfcdb5c24a64139685ef80f6573f	drivers/usb/dwc3/gadget.c
f2b990f055a24cf977944cdf4273018103cb2710	9b87fdc9af2fbfcdb5c24a64139685ef80f6573f	drivers/gpu/drm/armada/armada_fb.h
f358d2c807540e79fdd72a7e9a5328bccd88476d	9b87fdc9af2fbfcdb5c24a64139685ef80f6573f	drivers/of/fdt_address.c
f39c9eca8888596cb3c5ca4228deea3906e378bd	9b87fdc9af2fbfcdb5c24a64139685ef80f6573f	lib/nmi_backtrace.c
f3b0e90e0135a309e6626f3b426799282e393559	9b87fdc9af2fbfcdb5c24a64139685ef80f6573f	arch/mips/sgi-ip22/ip22-eisa.c
f41ad446a39e2308abaea68a6b31a7e387881bf2	9b87fdc9af2fbfcdb5c24a64139685ef80f6573f	arch/arm64/boot/dts/qcom/qcm6490-fairphone-fp5.dts
f4483243578d719b91480c0139add418b558bc0e	9b87fdc9af2fbfcdb5c24a64139685ef80f6573f	arch/nios2/kernel/module.c
f44e6e708404ccf4276c7af6d835bd9ed42d19e9	9b87fdc9af2fbfcdb5c24a64139685ef80f6573f	drivers/hid/hid-debug.c
f4a19ffbb641c07b82291091e4f67f8524378e82	9b87fdc9af2fbfcdb5c24a64139685ef80f6573f	drivers/net/ethernet/mellanox/mlx5/core/en/port_buffer.h
f4a41e6652625375bc2fffe3d84f8d7469f0637e	9b87fdc9af2fbfcdb5c24a64139685ef80f6573f	arch/arm/mach-sa1100/include/mach/irqs.h
f4fe13fd0e702a60fee51a4390edf90b2aa86a58	9b87fdc9af2fbfcdb5c24a64139685ef80f6573f	net/netfilter/nf_conntrack_ftp.c
f51288602ee3ddcfe0bfb99e634b50006e12a1dd	9b87fdc9af2fbfcdb5c24a64139685ef80f6573f	Documentation/translations/it_IT/process/howto.rst
f64fe0fbcb32ad728dce5ee51c9a3d6feb85df31	9b87fdc9af2fbfcdb5c24a64139685ef80f6573f	drivers/gpu/drm/amd/include/asic_reg/smu/smu_7_1_3_sh_mask.h
f65e90d890f44287204c366b053d8c264208d185	9b87fdc9af2fbfcdb5c24a64139685ef80f6573f	drivers/gpu/drm/gma500/gma_display.c
f70ee74b5f9217078fd5c98c5db2fd11f7bc3faa	9b87fdc9af2fbfcdb5c24a64139685ef80f6573f	arch/x86/include/asm/cpufeatures.h
f70fb9c4b0cbbd070653b1feff4c389aa36d6366	9b87fdc9af2fbfcdb5c24a64139685ef80f6573f	arch/arm/mach-rpc/riscpc.c
f743cbec1c3ad3a6ddfe712dd75c6bb137212f0e	9b87fdc9af2fbfcdb5c24a64139685ef80f6573f	arch/arm64/kernel/ptrace.c
f7a8218f9cc0f09c5c7daf1d40df49b06276f337	9b87fdc9af2fbfcdb5c24a64139685ef80f6573f	include/linux/edac.h
f7bc5f6e20ff277e32fc22f21244eaabac2ae0cf	9b87fdc9af2fbfcdb5c24a64139685ef80f6573f	drivers/gpu/drm/etnaviv/state_hi.xml.h
f7dc5fb9427d63d08867b289795f00b23a70848d	9b87fdc9af2fbfcdb5c24a64139685ef80f6573f	arch/arm64/include/asm/ptrace.h
f816f5d77f1a5464802ebaac58480249a7bf8096	9b87fdc9af2fbfcdb5c24a64139685ef80f6573f	arch/arm64/include/asm/esr.h
f8427f071c009d2859e98306b20305f3e1701b57	9b87fdc9af2fbfcdb5c24a64139685ef80f6573f	drivers/mmc/host/pxamci.c
f8904391c1259fef2b4cefa3bdf4a816d9719e75	9b87fdc9af2fbfcdb5c24a64139685ef80f6573f	arch/arm64/kvm/hyp/nvhe/debug-sr.c
f8a06ae4a3c91613cfb37370e62b6f1336fa0664	9b87fdc9af2fbfcdb5c24a64139685ef80f6573f	arch/arm/boot/dts/marvell/armada-388-clearfog.dtsi
f8a3bd8cfae422e52ef69ff3041dfa9f9e96c2fc	9b87fdc9af2fbfcdb5c24a64139685ef80f6573f	arch/powerpc/kernel/pci_32.c
f8aedafdfdc5f06be69f617cc4dfc1510bb75aa1	9b87fdc9af2fbfcdb5c24a64139685ef80f6573f	drivers/crypto/marvell/octeontx/otx_cpt_hw_types.h
f8df4ecb4fd7b2071bda06d8af2264a43148b376	9b87fdc9af2fbfcdb5c24a64139685ef80f6573f	drivers/video/fbdev/acornfb.h
f8df7b3af8f51cd326f0d702bdf56a9d52eb56c2	9b87fdc9af2fbfcdb5c24a64139685ef80f6573f	Documentation/driver-api/80211/mac80211-advanced.rst
f8e8c126705cbdf652bb43d38c6b2666d161ccc9	9b87fdc9af2fbfcdb5c24a64139685ef80f6573f	kernel/module/tree_lookup.c
f930e3395a7f27098f51f08b06fe3462ad58a29a	9b87fdc9af2fbfcdb5c24a64139685ef80f6573f	arch/powerpc/kernel/module_32.c
f9a8862cb3d42035a5e5a2e0d4162a89a1ac2949	9b87fdc9af2fbfcdb5c24a64139685ef80f6573f	fs/smb/common/smb2pdu.h
f9ef97c593cf1ad13babeeab6ee4a9db0b614ba0	9b87fdc9af2fbfcdb5c24a64139685ef80f6573f	arch/x86/pci/mmconfig_32.c
fa04ece151b8bb41f4fbdbb5519418990fb77407	9b87fdc9af2fbfcdb5c24a64139685ef80f6573f	drivers/rtc/rtc-cmos.c
fa4c1225dde57f10ef855494a68623573b16ed73	9b87fdc9af2fbfcdb5c24a64139685ef80f6573f	arch/arm/include/asm/page.h
fa8028b1e1cf3a6f7dbfa2af346e3b1897a9033b	9b87fdc9af2fbfcdb5c24a64139685ef80f6573f	arch/arm/nwfpe/ChangeLog
fb06f2e2f6e66318d8d6bb07ee5aa446e0d65f75	9b87fdc9af2fbfcdb5c24a64139685ef80f6573f	drivers/gpu/drm/amd/include/asic_reg/smu/smu_7_1_1_sh_mask.h
fb184d9ef284a6a130b74c6dbfc934c063d5c749	9b87fdc9af2fbfcdb5c24a64139685ef80f6573f	sound/isa/wavefront/wavefront_midi.c
fb53db78fe7850bac6eaa83819102ccca115f43b	9b87fdc9af2fbfcdb5c24a64139685ef80f6573f	arch/arm/kernel/phys2virt.S
fb596262b9c7131c98c73e4865fe855384bcf674	9b87fdc9af2fbfcdb5c24a64139685ef80f6573f	drivers/tty/serial/8250/8250_acorn.c
fb9c5ebf2958296ab513691841b9a16d1f648fd7	9b87fdc9af2fbfcdb5c24a64139685ef80f6573f	drivers/video/fbdev/nvidia/nv_proto.h
fb9fbf0d1796e46327efa0943818d334ba099328	9b87fdc9af2fbfcdb5c24a64139685ef80f6573f	arch/powerpc/kernel/pci_of_scan.c
fbd590b6a0d653837623d228a8c3f939acfd6963	9b87fdc9af2fbfcdb5c24a64139685ef80f6573f	Documentation/networking/device_drivers/ethernet/intel/igb.rst
fbf08b543c3fd0a9c133ba0a0fd55d3b08c99f0d	9b87fdc9af2fbfcdb5c24a64139685ef80f6573f	arch/arm64/mm/flush.c
fbf215ecc7d061b399321e82dea9de67ae0b4b27	9b87fdc9af2fbfcdb5c24a64139685ef80f6573f	arch/arm64/mm/init.c
fc1ab73f23ded12f73fea93c16dff3f99780abc7	9b87fdc9af2fbfcdb5c24a64139685ef80f6573f	arch/alpha/kernel/core_tsunami.c
fc8b1cb950a168fc51befb03d57e472a73327fe8	9b87fdc9af2fbfcdb5c24a64139685ef80f6573f	drivers/net/ethernet/cirrus/cs89x0.c
fcac4ccd332d211f4b6d04d441fff993a238a140	9b87fdc9af2fbfcdb5c24a64139685ef80f6573f	arch/m68k/configs/m5235evb_defconfig
fccfacaaf1d52e5a834410d20598cb0447b726b3	9b87fdc9af2fbfcdb5c24a64139685ef80f6573f	drivers/scsi/arm/fas216.c
fd533552a062ce0e1219c9225fadf93bc7aacabf	9b87fdc9af2fbfcdb5c24a64139685ef80f6573f	include/linux/netfilter_bridge/ebtables.h
fd5cafc77e8ac00e9a6e7651247826f48c21156b	9b87fdc9af2fbfcdb5c24a64139685ef80f6573f	include/linux/mfd/mcp.h
fd6ea8998dbe82f9a2d35aa86161f3d86324646c	9b87fdc9af2fbfcdb5c24a64139685ef80f6573f	drivers/gpu/drm/gma500/cdv_device.c
fdcd8388977d82c06198276ec6281a63e7f623e1	9b87fdc9af2fbfcdb5c24a64139685ef80f6573f	arch/arm/include/asm/mach/irq.h
fdeb8af417d7ca5f644918e745e2a5be7371e445	9b87fdc9af2fbfcdb5c24a64139685ef80f6573f	Documentation/devicetree/bindings/soundwire/soundwire-controller.yaml
fdff19fce13ea34be85de87e4ea9e32c4b5419ce	9b87fdc9af2fbfcdb5c24a64139685ef80f6573f	Documentation/userspace-api/dma-buf-alloc-exchange.rst
fe093e7760d5ef6fcc2852de70f5afb1ca79c477	9b87fdc9af2fbfcdb5c24a64139685ef80f6573f	drivers/usb/misc/usbio.c
fe385551edeca4af00f8673e803dcc3f1f2d38e7	9b87fdc9af2fbfcdb5c24a64139685ef80f6573f	arch/arm/include/asm/bugs.h
fe46a8e4508a2c22eac6c87cac85e9af95df194d	9b87fdc9af2fbfcdb5c24a64139685ef80f6573f	drivers/gpu/drm/armada/armada_plane.c
fe58fd450e2fcaab2861a6e1333cfa6eb762f366	9b87fdc9af2fbfcdb5c24a64139685ef80f6573f	Documentation/userspace-api/media/v4l/dev-capture.rst
fea0172c45b5b78a7076727a87d7ce01e5d3d472	9b87fdc9af2fbfcdb5c24a64139685ef80f6573f	drivers/video/fbdev/sa1100fb.c
fead8fae08ab95dca07830254d0d7b14e6918089	9b87fdc9af2fbfcdb5c24a64139685ef80f6573f	arch/powerpc/include/asm/pmac_low_i2c.h
ff890c09c3ede1f0b50583eb1833d348325ecd23	9b87fdc9af2fbfcdb5c24a64139685ef80f6573f	arch/arm/boot/dts/marvell/armada-388-clearfog-pro.dts
ffcc7e8dd351a3f563cffd15419390c04ff0a08d	9b87fdc9af2fbfcdb5c24a64139685ef80f6573f	drivers/gpu/drm/armada/armada_gem.h
